vote_id,member_id,position,country_code,group_code
169362,37312,FOR,DNK,SD
169362,96709,DID_NOT_VOTE,DNK,RENEW
169362,101585,FOR,DNK,SD
169362,111412,FOR,DNK,GREEN_EFA
169362,124875,ABSTENTION,DNK,PFE
169362,197558,FOR,DNK,RENEW
169362,197573,FOR,DNK,GREEN_EFA
169362,199941,FOR,DNK,SD
169362,257020,FOR,DNK,RENEW
169362,257023,FOR,DNK,GUE_NGL
169362,257025,FOR,DNK,ECR
169362,257028,FOR,DNK,EPP
169362,257033,FOR,DNK,EPP
169362,257038,FOR,DNK,RENEW
169362,257044,FOR,DNK,GREEN_EFA
169401,37312,FOR,DNK,SD
169401,96709,FOR,DNK,RENEW
169401,101585,FOR,DNK,SD
169401,111412,FOR,DNK,GREEN_EFA
169401,124875,FOR,DNK,PFE
169401,197558,FOR,DNK,RENEW
169401,197573,FOR,DNK,GREEN_EFA
169401,199941,FOR,DNK,SD
169401,257020,FOR,DNK,RENEW
169401,257023,FOR,DNK,GUE_NGL
169401,257025,DID_NOT_VOTE,DNK,ECR
169401,257028,FOR,DNK,EPP
169401,257033,FOR,DNK,EPP
169401,257038,FOR,DNK,RENEW
169401,257044,FOR,DNK,GREEN_EFA
169418,37312,FOR,DNK,SD
169418,96709,FOR,DNK,RENEW
169418,101585,FOR,DNK,SD
169418,111412,FOR,DNK,GREEN_EFA
169418,124875,FOR,DNK,PFE
169418,197558,FOR,DNK,RENEW
169418,197573,FOR,DNK,GREEN_EFA
169418,199941,FOR,DNK,SD
169418,257020,FOR,DNK,RENEW
169418,257023,FOR,DNK,GUE_NGL
169418,257025,DID_NOT_VOTE,DNK,ECR
169418,257028,AGAINST,DNK,EPP
169418,257033,AGAINST,DNK,EPP
169418,257038,FOR,DNK,RENEW
169418,257044,FOR,DNK,GREEN_EFA
169419,37312,FOR,DNK,SD
169419,96709,FOR,DNK,RENEW
169419,101585,FOR,DNK,SD
169419,111412,FOR,DNK,GREEN_EFA
169419,124875,FOR,DNK,PFE
169419,197558,FOR,DNK,RENEW
169419,197573,FOR,DNK,GREEN_EFA
169419,199941,FOR,DNK,SD
169419,257020,FOR,DNK,RENEW
169419,257023,FOR,DNK,GUE_NGL
169419,257025,DID_NOT_VOTE,DNK,ECR
169419,257028,AGAINST,DNK,EPP
169419,257033,FOR,DNK,EPP
169419,257038,FOR,DNK,RENEW
169419,257044,FOR,DNK,GREEN_EFA
169541,37312,FOR,DNK,SD
169541,96709,FOR,DNK,RENEW
169541,101585,FOR,DNK,SD
169541,111412,AGAINST,DNK,GREEN_EFA
169541,124875,ABSTENTION,DNK,PFE
169541,197558,FOR,DNK,RENEW
169541,197573,AGAINST,DNK,GREEN_EFA
169541,199941,FOR,DNK,SD
169541,257020,FOR,DNK,RENEW
169541,257023,AGAINST,DNK,GUE_NGL
169541,257025,DID_NOT_VOTE,DNK,ECR
169541,257028,FOR,DNK,EPP
169541,257033,FOR,DNK,EPP
169541,257038,FOR,DNK,RENEW
169541,257044,AGAINST,DNK,GREEN_EFA
169544,37312,FOR,DNK,SD
169544,96709,FOR,DNK,RENEW
169544,101585,FOR,DNK,SD
169544,111412,FOR,DNK,GREEN_EFA
169544,124875,ABSTENTION,DNK,PFE
169544,197558,FOR,DNK,RENEW
169544,197573,FOR,DNK,GREEN_EFA
169544,199941,FOR,DNK,SD
169544,257020,FOR,DNK,RENEW
169544,257023,FOR,DNK,GUE_NGL
169544,257025,DID_NOT_VOTE,DNK,ECR
169544,257028,FOR,DNK,EPP
169544,257033,FOR,DNK,EPP
169544,257038,FOR,DNK,RENEW
169544,257044,FOR,DNK,GREEN_EFA
169565,37312,FOR,DNK,SD
169565,96709,FOR,DNK,RENEW
169565,101585,FOR,DNK,SD
169565,111412,FOR,DNK,GREEN_EFA
169565,124875,ABSTENTION,DNK,PFE
169565,197558,FOR,DNK,RENEW
169565,197573,FOR,DNK,GREEN_EFA
169565,199941,FOR,DNK,SD
169565,257020,FOR,DNK,RENEW
169565,257023,FOR,DNK,GUE_NGL
169565,257025,DID_NOT_VOTE,DNK,ECR
169565,257028,FOR,DNK,EPP
169565,257033,FOR,DNK,EPP
169565,257038,FOR,DNK,RENEW
169565,257044,FOR,DNK,GREEN_EFA
169623,37312,ABSTENTION,DNK,SD
169623,96709,DID_NOT_VOTE,DNK,RENEW
169623,101585,ABSTENTION,DNK,SD
169623,111412,AGAINST,DNK,GREEN_EFA
169623,124875,ABSTENTION,DNK,PFE
169623,197558,DID_NOT_VOTE,DNK,RENEW
169623,197573,AGAINST,DNK,GREEN_EFA
169623,199941,ABSTENTION,DNK,SD
169623,257020,DID_NOT_VOTE,DNK,RENEW
169623,257023,AGAINST,DNK,GUE_NGL
169623,257025,DID_NOT_VOTE,DNK,ECR
169623,257028,FOR,DNK,EPP
169623,257033,FOR,DNK,EPP
169623,257038,DID_NOT_VOTE,DNK,RENEW
169623,257044,AGAINST,DNK,GREEN_EFA
169676,37312,FOR,DNK,SD
169676,96709,FOR,DNK,RENEW
169676,101585,FOR,DNK,SD
169676,111412,FOR,DNK,GREEN_EFA
169676,124875,ABSTENTION,DNK,PFE
169676,197558,FOR,DNK,RENEW
169676,197573,FOR,DNK,GREEN_EFA
169676,199941,FOR,DNK,SD
169676,257020,FOR,DNK,RENEW
169676,257023,FOR,DNK,GUE_NGL
169676,257025,DID_NOT_VOTE,DNK,ECR
169676,257028,FOR,DNK,EPP
169676,257033,FOR,DNK,EPP
169676,257038,FOR,DNK,RENEW
169676,257044,FOR,DNK,GREEN_EFA
169701,37312,FOR,DNK,SD
169701,96709,FOR,DNK,RENEW
169701,101585,FOR,DNK,SD
169701,111412,FOR,DNK,GREEN_EFA
169701,124875,AGAINST,DNK,PFE
169701,197558,FOR,DNK,RENEW
169701,197573,FOR,DNK,GREEN_EFA
169701,199941,DID_NOT_VOTE,DNK,SD
169701,257020,FOR,DNK,RENEW
169701,257023,FOR,DNK,GUE_NGL
169701,257025,AGAINST,DNK,ECR
169701,257028,FOR,DNK,EPP
169701,257033,FOR,DNK,EPP
169701,257038,FOR,DNK,RENEW
169701,257044,FOR,DNK,GREEN_EFA
169770,37312,FOR,DNK,SD
169770,96709,FOR,DNK,RENEW
169770,101585,FOR,DNK,SD
169770,111412,FOR,DNK,GREEN_EFA
169770,124875,ABSTENTION,DNK,PFE
169770,197558,FOR,DNK,RENEW
169770,197573,FOR,DNK,GREEN_EFA
169770,199941,DID_NOT_VOTE,DNK,SD
169770,257020,FOR,DNK,RENEW
169770,257023,FOR,DNK,GUE_NGL
169770,257025,FOR,DNK,ECR
169770,257028,FOR,DNK,EPP
169770,257033,FOR,DNK,EPP
169770,257038,FOR,DNK,RENEW
169770,257044,FOR,DNK,GREEN_EFA
169808,37312,FOR,DNK,SD
169808,96709,FOR,DNK,RENEW
169808,101585,FOR,DNK,SD
169808,111412,FOR,DNK,GREEN_EFA
169808,124875,ABSTENTION,DNK,PFE
169808,197558,FOR,DNK,RENEW
169808,197573,FOR,DNK,GREEN_EFA
169808,199941,DID_NOT_VOTE,DNK,SD
169808,257020,FOR,DNK,RENEW
169808,257023,FOR,DNK,GUE_NGL
169808,257025,FOR,DNK,ECR
169808,257028,FOR,DNK,EPP
169808,257033,FOR,DNK,EPP
169808,257038,FOR,DNK,RENEW
169808,257044,FOR,DNK,GREEN_EFA
169857,37312,FOR,DNK,SD
169857,96709,FOR,DNK,RENEW
169857,101585,FOR,DNK,SD
169857,111412,FOR,DNK,GREEN_EFA
169857,124875,ABSTENTION,DNK,PFE
169857,197558,FOR,DNK,RENEW
169857,197573,FOR,DNK,GREEN_EFA
169857,199941,DID_NOT_VOTE,DNK,SD
169857,257020,FOR,DNK,RENEW
169857,257023,FOR,DNK,GUE_NGL
169857,257025,FOR,DNK,ECR
169857,257028,FOR,DNK,EPP
169857,257033,FOR,DNK,EPP
169857,257038,FOR,DNK,RENEW
169857,257044,FOR,DNK,GREEN_EFA
169885,37312,FOR,DNK,SD
169885,96709,FOR,DNK,RENEW
169885,101585,FOR,DNK,SD
169885,111412,FOR,DNK,GREEN_EFA
169885,124875,AGAINST,DNK,PFE
169885,197558,FOR,DNK,RENEW
169885,197573,FOR,DNK,GREEN_EFA
169885,199941,DID_NOT_VOTE,DNK,SD
169885,257020,FOR,DNK,RENEW
169885,257023,FOR,DNK,GUE_NGL
169885,257025,AGAINST,DNK,ECR
169885,257028,FOR,DNK,EPP
169885,257033,FOR,DNK,EPP
169885,257038,FOR,DNK,RENEW
169885,257044,FOR,DNK,GREEN_EFA
169887,37312,FOR,DNK,SD
169887,96709,FOR,DNK,RENEW
169887,101585,FOR,DNK,SD
169887,111412,FOR,DNK,GREEN_EFA
169887,124875,AGAINST,DNK,PFE
169887,197558,FOR,DNK,RENEW
169887,197573,FOR,DNK,GREEN_EFA
169887,199941,DID_NOT_VOTE,DNK,SD
169887,257020,FOR,DNK,RENEW
169887,257023,FOR,DNK,GUE_NGL
169887,257025,ABSTENTION,DNK,ECR
169887,257028,FOR,DNK,EPP
169887,257033,FOR,DNK,EPP
169887,257038,FOR,DNK,RENEW
169887,257044,FOR,DNK,GREEN_EFA
169889,37312,FOR,DNK,SD
169889,96709,FOR,DNK,RENEW
169889,101585,FOR,DNK,SD
169889,111412,FOR,DNK,GREEN_EFA
169889,124875,AGAINST,DNK,PFE
169889,197558,FOR,DNK,RENEW
169889,197573,FOR,DNK,GREEN_EFA
169889,199941,DID_NOT_VOTE,DNK,SD
169889,257020,FOR,DNK,RENEW
169889,257023,FOR,DNK,GUE_NGL
169889,257025,FOR,DNK,ECR
169889,257028,FOR,DNK,EPP
169889,257033,FOR,DNK,EPP
169889,257038,FOR,DNK,RENEW
169889,257044,FOR,DNK,GREEN_EFA
169890,37312,FOR,DNK,SD
169890,96709,FOR,DNK,RENEW
169890,101585,FOR,DNK,SD
169890,111412,FOR,DNK,GREEN_EFA
169890,124875,AGAINST,DNK,PFE
169890,197558,FOR,DNK,RENEW
169890,197573,FOR,DNK,GREEN_EFA
169890,199941,DID_NOT_VOTE,DNK,SD
169890,257020,FOR,DNK,RENEW
169890,257023,FOR,DNK,GUE_NGL
169890,257025,ABSTENTION,DNK,ECR
169890,257028,FOR,DNK,EPP
169890,257033,FOR,DNK,EPP
169890,257038,FOR,DNK,RENEW
169890,257044,FOR,DNK,GREEN_EFA
169894,37312,FOR,DNK,SD
169894,96709,FOR,DNK,RENEW
169894,101585,FOR,DNK,SD
169894,111412,DID_NOT_VOTE,DNK,GREEN_EFA
169894,124875,AGAINST,DNK,PFE
169894,197558,FOR,DNK,RENEW
169894,197573,FOR,DNK,GREEN_EFA
169894,199941,DID_NOT_VOTE,DNK,SD
169894,257020,FOR,DNK,RENEW
169894,257023,FOR,DNK,GUE_NGL
169894,257025,AGAINST,DNK,ECR
169894,257028,FOR,DNK,EPP
169894,257033,FOR,DNK,EPP
169894,257038,FOR,DNK,RENEW
169894,257044,FOR,DNK,GREEN_EFA
169898,37312,FOR,DNK,SD
169898,96709,DID_NOT_VOTE,DNK,RENEW
169898,101585,FOR,DNK,SD
169898,111412,FOR,DNK,GREEN_EFA
169898,124875,DID_NOT_VOTE,DNK,PFE
169898,197558,ABSTENTION,DNK,RENEW
169898,197573,FOR,DNK,GREEN_EFA
169898,199941,DID_NOT_VOTE,DNK,SD
169898,257020,FOR,DNK,RENEW
169898,257023,FOR,DNK,GUE_NGL
169898,257025,AGAINST,DNK,ECR
169898,257028,AGAINST,DNK,EPP
169898,257033,AGAINST,DNK,EPP
169898,257038,FOR,DNK,RENEW
169898,257044,FOR,DNK,GREEN_EFA
169987,37312,ABSTENTION,DNK,SD
169987,96709,DID_NOT_VOTE,DNK,RENEW
169987,101585,ABSTENTION,DNK,SD
169987,111412,AGAINST,DNK,GREEN_EFA
169987,124875,DID_NOT_VOTE,DNK,PFE
169987,197558,AGAINST,DNK,RENEW
169987,197573,AGAINST,DNK,GREEN_EFA
169987,199941,DID_NOT_VOTE,DNK,SD
169987,257020,AGAINST,DNK,RENEW
169987,257023,AGAINST,DNK,GUE_NGL
169987,257025,AGAINST,DNK,ECR
169987,257028,FOR,DNK,EPP
169987,257033,FOR,DNK,EPP
169987,257038,AGAINST,DNK,RENEW
169987,257044,AGAINST,DNK,GREEN_EFA
170351,37312,FOR,DNK,SD
170351,96709,DID_NOT_VOTE,DNK,RENEW
170351,101585,FOR,DNK,SD
170351,111412,DID_NOT_VOTE,DNK,GREEN_EFA
170351,124875,DID_NOT_VOTE,DNK,PFE
170351,197558,DID_NOT_VOTE,DNK,RENEW
170351,197573,FOR,DNK,GREEN_EFA
170351,199941,DID_NOT_VOTE,DNK,SD
170351,257020,FOR,DNK,RENEW
170351,257023,FOR,DNK,GUE_NGL
170351,257025,FOR,DNK,ECR
170351,257028,FOR,DNK,EPP
170351,257033,FOR,DNK,EPP
170351,257038,FOR,DNK,RENEW
170351,257044,FOR,DNK,GREEN_EFA
170366,37312,FOR,DNK,SD
170366,96709,DID_NOT_VOTE,DNK,RENEW
170366,101585,FOR,DNK,SD
170366,111412,DID_NOT_VOTE,DNK,GREEN_EFA
170366,124875,DID_NOT_VOTE,DNK,PFE
170366,197558,FOR,DNK,RENEW
170366,197573,FOR,DNK,GREEN_EFA
170366,199941,DID_NOT_VOTE,DNK,SD
170366,257020,FOR,DNK,RENEW
170366,257023,FOR,DNK,GUE_NGL
170366,257025,FOR,DNK,ECR
170366,257028,FOR,DNK,EPP
170366,257033,FOR,DNK,EPP
170366,257038,FOR,DNK,RENEW
170366,257044,FOR,DNK,GREEN_EFA
170381,37312,FOR,DNK,SD
170381,96709,FOR,DNK,RENEW
170381,101585,FOR,DNK,SD
170381,111412,FOR,DNK,GREEN_EFA
170381,124875,ABSTENTION,DNK,PFE
170381,197558,FOR,DNK,RENEW
170381,197573,FOR,DNK,GREEN_EFA
170381,199941,FOR,DNK,SD
170381,257020,FOR,DNK,RENEW
170381,257023,AGAINST,DNK,GUE_NGL
170381,257025,FOR,DNK,ECR
170381,257028,FOR,DNK,EPP
170381,257033,FOR,DNK,EPP
170381,257038,FOR,DNK,RENEW
170381,257044,FOR,DNK,GREEN_EFA
170382,37312,FOR,DNK,SD
170382,96709,FOR,DNK,RENEW
170382,101585,FOR,DNK,SD
170382,111412,FOR,DNK,GREEN_EFA
170382,124875,ABSTENTION,DNK,PFE
170382,197558,FOR,DNK,RENEW
170382,197573,FOR,DNK,GREEN_EFA
170382,199941,FOR,DNK,SD
170382,257020,FOR,DNK,RENEW
170382,257023,FOR,DNK,GUE_NGL
170382,257025,FOR,DNK,ECR
170382,257028,FOR,DNK,EPP
170382,257033,FOR,DNK,EPP
170382,257038,FOR,DNK,RENEW
170382,257044,FOR,DNK,GREEN_EFA
170398,37312,AGAINST,DNK,SD
170398,96709,FOR,DNK,RENEW
170398,101585,AGAINST,DNK,SD
170398,111412,AGAINST,DNK,GREEN_EFA
170398,124875,FOR,DNK,PFE
170398,197558,FOR,DNK,RENEW
170398,197573,AGAINST,DNK,GREEN_EFA
170398,199941,AGAINST,DNK,SD
170398,257020,AGAINST,DNK,RENEW
170398,257023,AGAINST,DNK,GUE_NGL
170398,257025,FOR,DNK,ECR
170398,257028,FOR,DNK,EPP
170398,257033,FOR,DNK,EPP
170398,257038,AGAINST,DNK,RENEW
170398,257044,AGAINST,DNK,GREEN_EFA
170401,37312,FOR,DNK,SD
170401,96709,FOR,DNK,RENEW
170401,101585,FOR,DNK,SD
170401,111412,FOR,DNK,GREEN_EFA
170401,124875,AGAINST,DNK,PFE
170401,197558,FOR,DNK,RENEW
170401,197573,FOR,DNK,GREEN_EFA
170401,199941,FOR,DNK,SD
170401,257020,FOR,DNK,RENEW
170401,257023,FOR,DNK,GUE_NGL
170401,257025,FOR,DNK,ECR
170401,257028,FOR,DNK,EPP
170401,257033,FOR,DNK,EPP
170401,257038,FOR,DNK,RENEW
170401,257044,FOR,DNK,GREEN_EFA
170528,37312,FOR,DNK,SD
170528,96709,FOR,DNK,RENEW
170528,101585,FOR,DNK,SD
170528,111412,FOR,DNK,GREEN_EFA
170528,124875,AGAINST,DNK,PFE
170528,197558,FOR,DNK,RENEW
170528,197573,FOR,DNK,GREEN_EFA
170528,199941,FOR,DNK,SD
170528,257020,FOR,DNK,RENEW
170528,257023,FOR,DNK,GUE_NGL
170528,257025,AGAINST,DNK,ECR
170528,257028,FOR,DNK,EPP
170528,257033,FOR,DNK,EPP
170528,257038,FOR,DNK,RENEW
170528,257044,FOR,DNK,GREEN_EFA
170611,37312,FOR,DNK,SD
170611,96709,FOR,DNK,RENEW
170611,101585,FOR,DNK,SD
170611,111412,FOR,DNK,GREEN_EFA
170611,124875,AGAINST,DNK,PFE
170611,197558,FOR,DNK,RENEW
170611,197573,FOR,DNK,GREEN_EFA
170611,199941,FOR,DNK,SD
170611,257020,FOR,DNK,RENEW
170611,257023,AGAINST,DNK,GUE_NGL
170611,257025,ABSTENTION,DNK,ECR
170611,257028,FOR,DNK,EPP
170611,257033,FOR,DNK,EPP
170611,257038,FOR,DNK,RENEW
170611,257044,FOR,DNK,GREEN_EFA
170621,37312,ABSTENTION,DNK,SD
170621,96709,FOR,DNK,RENEW
170621,101585,ABSTENTION,DNK,SD
170621,111412,FOR,DNK,GREEN_EFA
170621,124875,AGAINST,DNK,PFE
170621,197558,FOR,DNK,RENEW
170621,197573,FOR,DNK,GREEN_EFA
170621,199941,ABSTENTION,DNK,SD
170621,257020,FOR,DNK,RENEW
170621,257023,AGAINST,DNK,GUE_NGL
170621,257025,AGAINST,DNK,ECR
170621,257028,ABSTENTION,DNK,EPP
170621,257033,ABSTENTION,DNK,EPP
170621,257038,FOR,DNK,RENEW
170621,257044,FOR,DNK,GREEN_EFA
170624,37312,FOR,DNK,SD
170624,96709,AGAINST,DNK,RENEW
170624,101585,FOR,DNK,SD
170624,111412,FOR,DNK,GREEN_EFA
170624,124875,FOR,DNK,PFE
170624,197558,AGAINST,DNK,RENEW
170624,197573,FOR,DNK,GREEN_EFA
170624,199941,FOR,DNK,SD
170624,257020,AGAINST,DNK,RENEW
170624,257023,FOR,DNK,GUE_NGL
170624,257025,AGAINST,DNK,ECR
170624,257028,AGAINST,DNK,EPP
170624,257033,AGAINST,DNK,EPP
170624,257038,FOR,DNK,RENEW
170624,257044,FOR,DNK,GREEN_EFA
170627,37312,FOR,DNK,SD
170627,96709,AGAINST,DNK,RENEW
170627,101585,FOR,DNK,SD
170627,111412,FOR,DNK,GREEN_EFA
170627,124875,FOR,DNK,PFE
170627,197558,AGAINST,DNK,RENEW
170627,197573,FOR,DNK,GREEN_EFA
170627,199941,FOR,DNK,SD
170627,257020,AGAINST,DNK,RENEW
170627,257023,FOR,DNK,GUE_NGL
170627,257025,AGAINST,DNK,ECR
170627,257028,AGAINST,DNK,EPP
170627,257033,AGAINST,DNK,EPP
170627,257038,FOR,DNK,RENEW
170627,257044,FOR,DNK,GREEN_EFA
170628,37312,FOR,DNK,SD
170628,96709,FOR,DNK,RENEW
170628,101585,FOR,DNK,SD
170628,111412,FOR,DNK,GREEN_EFA
170628,124875,FOR,DNK,PFE
170628,197558,FOR,DNK,RENEW
170628,197573,FOR,DNK,GREEN_EFA
170628,199941,FOR,DNK,SD
170628,257020,AGAINST,DNK,RENEW
170628,257023,FOR,DNK,GUE_NGL
170628,257025,AGAINST,DNK,ECR
170628,257028,AGAINST,DNK,EPP
170628,257033,AGAINST,DNK,EPP
170628,257038,FOR,DNK,RENEW
170628,257044,FOR,DNK,GREEN_EFA
170631,37312,FOR,DNK,SD
170631,96709,AGAINST,DNK,RENEW
170631,101585,FOR,DNK,SD
170631,111412,FOR,DNK,GREEN_EFA
170631,124875,FOR,DNK,PFE
170631,197558,AGAINST,DNK,RENEW
170631,197573,FOR,DNK,GREEN_EFA
170631,199941,FOR,DNK,SD
170631,257020,AGAINST,DNK,RENEW
170631,257023,FOR,DNK,GUE_NGL
170631,257025,AGAINST,DNK,ECR
170631,257028,AGAINST,DNK,EPP
170631,257033,AGAINST,DNK,EPP
170631,257038,FOR,DNK,RENEW
170631,257044,FOR,DNK,GREEN_EFA
170632,37312,FOR,DNK,SD
170632,96709,FOR,DNK,RENEW
170632,101585,FOR,DNK,SD
170632,111412,FOR,DNK,GREEN_EFA
170632,124875,AGAINST,DNK,PFE
170632,197558,FOR,DNK,RENEW
170632,197573,FOR,DNK,GREEN_EFA
170632,199941,FOR,DNK,SD
170632,257020,FOR,DNK,RENEW
170632,257023,FOR,DNK,GUE_NGL
170632,257025,AGAINST,DNK,ECR
170632,257028,FOR,DNK,EPP
170632,257033,FOR,DNK,EPP
170632,257038,FOR,DNK,RENEW
170632,257044,FOR,DNK,GREEN_EFA
170636,37312,FOR,DNK,SD
170636,96709,AGAINST,DNK,RENEW
170636,101585,FOR,DNK,SD
170636,111412,FOR,DNK,GREEN_EFA
170636,124875,FOR,DNK,PFE
170636,197558,AGAINST,DNK,RENEW
170636,197573,FOR,DNK,GREEN_EFA
170636,199941,FOR,DNK,SD
170636,257020,AGAINST,DNK,RENEW
170636,257023,FOR,DNK,GUE_NGL
170636,257025,AGAINST,DNK,ECR
170636,257028,AGAINST,DNK,EPP
170636,257033,AGAINST,DNK,EPP
170636,257038,FOR,DNK,RENEW
170636,257044,FOR,DNK,GREEN_EFA
170637,37312,FOR,DNK,SD
170637,96709,AGAINST,DNK,RENEW
170637,101585,FOR,DNK,SD
170637,111412,FOR,DNK,GREEN_EFA
170637,124875,FOR,DNK,PFE
170637,197558,AGAINST,DNK,RENEW
170637,197573,FOR,DNK,GREEN_EFA
170637,199941,FOR,DNK,SD
170637,257020,AGAINST,DNK,RENEW
170637,257023,FOR,DNK,GUE_NGL
170637,257025,AGAINST,DNK,ECR
170637,257028,AGAINST,DNK,EPP
170637,257033,AGAINST,DNK,EPP
170637,257038,FOR,DNK,RENEW
170637,257044,FOR,DNK,GREEN_EFA
170638,37312,FOR,DNK,SD
170638,96709,AGAINST,DNK,RENEW
170638,101585,FOR,DNK,SD
170638,111412,FOR,DNK,GREEN_EFA
170638,124875,FOR,DNK,PFE
170638,197558,AGAINST,DNK,RENEW
170638,197573,FOR,DNK,GREEN_EFA
170638,199941,FOR,DNK,SD
170638,257020,AGAINST,DNK,RENEW
170638,257023,FOR,DNK,GUE_NGL
170638,257025,AGAINST,DNK,ECR
170638,257028,AGAINST,DNK,EPP
170638,257033,AGAINST,DNK,EPP
170638,257038,FOR,DNK,RENEW
170638,257044,FOR,DNK,GREEN_EFA
170641,37312,FOR,DNK,SD
170641,96709,AGAINST,DNK,RENEW
170641,101585,FOR,DNK,SD
170641,111412,FOR,DNK,GREEN_EFA
170641,124875,FOR,DNK,PFE
170641,197558,AGAINST,DNK,RENEW
170641,197573,FOR,DNK,GREEN_EFA
170641,199941,FOR,DNK,SD
170641,257020,AGAINST,DNK,RENEW
170641,257023,FOR,DNK,GUE_NGL
170641,257025,AGAINST,DNK,ECR
170641,257028,AGAINST,DNK,EPP
170641,257033,AGAINST,DNK,EPP
170641,257038,FOR,DNK,RENEW
170641,257044,FOR,DNK,GREEN_EFA
170670,37312,FOR,DNK,SD
170670,96709,FOR,DNK,RENEW
170670,101585,FOR,DNK,SD
170670,111412,FOR,DNK,GREEN_EFA
170670,124875,AGAINST,DNK,PFE
170670,197558,FOR,DNK,RENEW
170670,197573,FOR,DNK,GREEN_EFA
170670,199941,FOR,DNK,SD
170670,257020,FOR,DNK,RENEW
170670,257023,FOR,DNK,GUE_NGL
170670,257025,AGAINST,DNK,ECR
170670,257028,FOR,DNK,EPP
170670,257033,FOR,DNK,EPP
170670,257038,FOR,DNK,RENEW
170670,257044,FOR,DNK,GREEN_EFA
170671,37312,FOR,DNK,SD
170671,96709,FOR,DNK,RENEW
170671,101585,FOR,DNK,SD
170671,111412,FOR,DNK,GREEN_EFA
170671,124875,FOR,DNK,PFE
170671,197558,FOR,DNK,RENEW
170671,197573,FOR,DNK,GREEN_EFA
170671,199941,FOR,DNK,SD
170671,257020,FOR,DNK,RENEW
170671,257023,FOR,DNK,GUE_NGL
170671,257025,FOR,DNK,ECR
170671,257028,FOR,DNK,EPP
170671,257033,FOR,DNK,EPP
170671,257038,FOR,DNK,RENEW
170671,257044,FOR,DNK,GREEN_EFA
170721,37312,AGAINST,DNK,SD
170721,96709,AGAINST,DNK,RENEW
170721,101585,AGAINST,DNK,SD
170721,111412,AGAINST,DNK,GREEN_EFA
170721,124875,AGAINST,DNK,PFE
170721,197558,AGAINST,DNK,RENEW
170721,197573,AGAINST,DNK,GREEN_EFA
170721,199941,AGAINST,DNK,SD
170721,257020,AGAINST,DNK,RENEW
170721,257023,AGAINST,DNK,GUE_NGL
170721,257025,ABSTENTION,DNK,ECR
170721,257028,AGAINST,DNK,EPP
170721,257033,AGAINST,DNK,EPP
170721,257038,AGAINST,DNK,RENEW
170721,257044,AGAINST,DNK,GREEN_EFA
170722,37312,AGAINST,DNK,SD
170722,96709,AGAINST,DNK,RENEW
170722,101585,AGAINST,DNK,SD
170722,111412,AGAINST,DNK,GREEN_EFA
170722,124875,AGAINST,DNK,PFE
170722,197558,AGAINST,DNK,RENEW
170722,197573,AGAINST,DNK,GREEN_EFA
170722,199941,FOR,DNK,SD
170722,257020,AGAINST,DNK,RENEW
170722,257023,FOR,DNK,GUE_NGL
170722,257025,AGAINST,DNK,ECR
170722,257028,AGAINST,DNK,EPP
170722,257033,AGAINST,DNK,EPP
170722,257038,AGAINST,DNK,RENEW
170722,257044,AGAINST,DNK,GREEN_EFA
170726,37312,AGAINST,DNK,SD
170726,96709,AGAINST,DNK,RENEW
170726,101585,AGAINST,DNK,SD
170726,111412,AGAINST,DNK,GREEN_EFA
170726,124875,FOR,DNK,PFE
170726,197558,AGAINST,DNK,RENEW
170726,197573,AGAINST,DNK,GREEN_EFA
170726,199941,FOR,DNK,SD
170726,257020,AGAINST,DNK,RENEW
170726,257023,AGAINST,DNK,GUE_NGL
170726,257025,FOR,DNK,ECR
170726,257028,AGAINST,DNK,EPP
170726,257033,AGAINST,DNK,EPP
170726,257038,AGAINST,DNK,RENEW
170726,257044,AGAINST,DNK,GREEN_EFA
170765,37312,DID_NOT_VOTE,DNK,SD
170765,96709,DID_NOT_VOTE,DNK,RENEW
170765,101585,AGAINST,DNK,SD
170765,111412,AGAINST,DNK,GREEN_EFA
170765,124875,AGAINST,DNK,PFE
170765,197558,DID_NOT_VOTE,DNK,RENEW
170765,197573,AGAINST,DNK,GREEN_EFA
170765,199941,AGAINST,DNK,SD
170765,257020,AGAINST,DNK,RENEW
170765,257023,FOR,DNK,GUE_NGL
170765,257025,AGAINST,DNK,ECR
170765,257028,FOR,DNK,EPP
170765,257033,FOR,DNK,EPP
170765,257038,AGAINST,DNK,RENEW
170765,257044,AGAINST,DNK,GREEN_EFA
170866,37312,DID_NOT_VOTE,DNK,SD
170866,96709,DID_NOT_VOTE,DNK,RENEW
170866,101585,FOR,DNK,SD
170866,111412,FOR,DNK,GREEN_EFA
170866,124875,ABSTENTION,DNK,PFE
170866,197558,DID_NOT_VOTE,DNK,RENEW
170866,197573,FOR,DNK,GREEN_EFA
170866,199941,FOR,DNK,SD
170866,257020,FOR,DNK,RENEW
170866,257023,ABSTENTION,DNK,GUE_NGL
170866,257025,DID_NOT_VOTE,DNK,ECR
170866,257028,FOR,DNK,EPP
170866,257033,FOR,DNK,EPP
170866,257038,FOR,DNK,RENEW
170866,257044,FOR,DNK,GREEN_EFA
170871,37312,DID_NOT_VOTE,DNK,SD
170871,96709,DID_NOT_VOTE,DNK,RENEW
170871,101585,FOR,DNK,SD
170871,111412,FOR,DNK,GREEN_EFA
170871,124875,ABSTENTION,DNK,PFE
170871,197558,DID_NOT_VOTE,DNK,RENEW
170871,197573,FOR,DNK,GREEN_EFA
170871,199941,FOR,DNK,SD
170871,257020,FOR,DNK,RENEW
170871,257023,FOR,DNK,GUE_NGL
170871,257025,FOR,DNK,ECR
170871,257028,FOR,DNK,EPP
170871,257033,FOR,DNK,EPP
170871,257038,FOR,DNK,RENEW
170871,257044,FOR,DNK,GREEN_EFA
170875,37312,DID_NOT_VOTE,DNK,SD
170875,96709,DID_NOT_VOTE,DNK,RENEW
170875,101585,FOR,DNK,SD
170875,111412,FOR,DNK,GREEN_EFA
170875,124875,FOR,DNK,PFE
170875,197558,DID_NOT_VOTE,DNK,RENEW
170875,197573,FOR,DNK,GREEN_EFA
170875,199941,FOR,DNK,SD
170875,257020,FOR,DNK,RENEW
170875,257023,FOR,DNK,GUE_NGL
170875,257025,FOR,DNK,ECR
170875,257028,FOR,DNK,EPP
170875,257033,FOR,DNK,EPP
170875,257038,FOR,DNK,RENEW
170875,257044,FOR,DNK,GREEN_EFA
170880,37312,DID_NOT_VOTE,DNK,SD
170880,96709,DID_NOT_VOTE,DNK,RENEW
170880,101585,FOR,DNK,SD
170880,111412,FOR,DNK,GREEN_EFA
170880,124875,ABSTENTION,DNK,PFE
170880,197558,DID_NOT_VOTE,DNK,RENEW
170880,197573,FOR,DNK,GREEN_EFA
170880,199941,FOR,DNK,SD
170880,257020,FOR,DNK,RENEW
170880,257023,FOR,DNK,GUE_NGL
170880,257025,FOR,DNK,ECR
170880,257028,FOR,DNK,EPP
170880,257033,FOR,DNK,EPP
170880,257038,FOR,DNK,RENEW
170880,257044,FOR,DNK,GREEN_EFA
170917,37312,DID_NOT_VOTE,DNK,SD
170917,96709,DID_NOT_VOTE,DNK,RENEW
170917,101585,FOR,DNK,SD
170917,111412,FOR,DNK,GREEN_EFA
170917,124875,ABSTENTION,DNK,PFE
170917,197558,DID_NOT_VOTE,DNK,RENEW
170917,197573,FOR,DNK,GREEN_EFA
170917,199941,FOR,DNK,SD
170917,257020,FOR,DNK,RENEW
170917,257023,FOR,DNK,GUE_NGL
170917,257025,FOR,DNK,ECR
170917,257028,FOR,DNK,EPP
170917,257033,FOR,DNK,EPP
170917,257038,FOR,DNK,RENEW
170917,257044,FOR,DNK,GREEN_EFA
171124,37312,FOR,DNK,SD
171124,96709,FOR,DNK,RENEW
171124,101585,FOR,DNK,SD
171124,111412,FOR,DNK,GREEN_EFA
171124,124875,AGAINST,DNK,PFE
171124,197558,FOR,DNK,RENEW
171124,197573,FOR,DNK,GREEN_EFA
171124,199941,FOR,DNK,SD
171124,257020,FOR,DNK,RENEW
171124,257023,FOR,DNK,GUE_NGL
171124,257025,DID_NOT_VOTE,DNK,ECR
171124,257028,FOR,DNK,EPP
171124,257033,FOR,DNK,EPP
171124,257038,FOR,DNK,RENEW
171124,257044,FOR,DNK,GREEN_EFA
171125,37312,FOR,DNK,SD
171125,96709,FOR,DNK,RENEW
171125,101585,FOR,DNK,SD
171125,111412,FOR,DNK,GREEN_EFA
171125,124875,AGAINST,DNK,PFE
171125,197558,FOR,DNK,RENEW
171125,197573,FOR,DNK,GREEN_EFA
171125,199941,FOR,DNK,SD
171125,257020,FOR,DNK,RENEW
171125,257023,FOR,DNK,GUE_NGL
171125,257025,DID_NOT_VOTE,DNK,ECR
171125,257028,FOR,DNK,EPP
171125,257033,FOR,DNK,EPP
171125,257038,FOR,DNK,RENEW
171125,257044,FOR,DNK,GREEN_EFA
171133,37312,FOR,DNK,SD
171133,96709,FOR,DNK,RENEW
171133,101585,FOR,DNK,SD
171133,111412,FOR,DNK,GREEN_EFA
171133,124875,ABSTENTION,DNK,PFE
171133,197558,FOR,DNK,RENEW
171133,197573,FOR,DNK,GREEN_EFA
171133,199941,FOR,DNK,SD
171133,257020,FOR,DNK,RENEW
171133,257023,ABSTENTION,DNK,GUE_NGL
171133,257025,DID_NOT_VOTE,DNK,ECR
171133,257028,FOR,DNK,EPP
171133,257033,FOR,DNK,EPP
171133,257038,FOR,DNK,RENEW
171133,257044,FOR,DNK,GREEN_EFA
171138,37312,FOR,DNK,SD
171138,96709,FOR,DNK,RENEW
171138,101585,FOR,DNK,SD
171138,111412,AGAINST,DNK,GREEN_EFA
171138,124875,FOR,DNK,PFE
171138,197558,FOR,DNK,RENEW
171138,197573,AGAINST,DNK,GREEN_EFA
171138,199941,FOR,DNK,SD
171138,257020,FOR,DNK,RENEW
171138,257023,AGAINST,DNK,GUE_NGL
171138,257025,DID_NOT_VOTE,DNK,ECR
171138,257028,FOR,DNK,EPP
171138,257033,FOR,DNK,EPP
171138,257038,FOR,DNK,RENEW
171138,257044,AGAINST,DNK,GREEN_EFA
171157,37312,FOR,DNK,SD
171157,96709,DID_NOT_VOTE,DNK,RENEW
171157,101585,FOR,DNK,SD
171157,111412,DID_NOT_VOTE,DNK,GREEN_EFA
171157,124875,AGAINST,DNK,PFE
171157,197558,DID_NOT_VOTE,DNK,RENEW
171157,197573,FOR,DNK,GREEN_EFA
171157,199941,FOR,DNK,SD
171157,257020,DID_NOT_VOTE,DNK,RENEW
171157,257023,DID_NOT_VOTE,DNK,GUE_NGL
171157,257025,AGAINST,DNK,ECR
171157,257028,FOR,DNK,EPP
171157,257033,DID_NOT_VOTE,DNK,EPP
171157,257038,FOR,DNK,RENEW
171157,257044,FOR,DNK,GREEN_EFA
171158,37312,FOR,DNK,SD
171158,96709,FOR,DNK,RENEW
171158,101585,FOR,DNK,SD
171158,111412,FOR,DNK,GREEN_EFA
171158,124875,FOR,DNK,PFE
171158,197558,FOR,DNK,RENEW
171158,197573,FOR,DNK,GREEN_EFA
171158,199941,FOR,DNK,SD
171158,257020,FOR,DNK,RENEW
171158,257023,AGAINST,DNK,GUE_NGL
171158,257025,DID_NOT_VOTE,DNK,ECR
171158,257028,FOR,DNK,EPP
171158,257033,FOR,DNK,EPP
171158,257038,FOR,DNK,RENEW
171158,257044,FOR,DNK,GREEN_EFA
171159,37312,FOR,DNK,SD
171159,96709,FOR,DNK,RENEW
171159,101585,FOR,DNK,SD
171159,111412,FOR,DNK,GREEN_EFA
171159,124875,ABSTENTION,DNK,PFE
171159,197558,FOR,DNK,RENEW
171159,197573,FOR,DNK,GREEN_EFA
171159,199941,FOR,DNK,SD
171159,257020,FOR,DNK,RENEW
171159,257023,FOR,DNK,GUE_NGL
171159,257025,FOR,DNK,ECR
171159,257028,FOR,DNK,EPP
171159,257033,FOR,DNK,EPP
171159,257038,FOR,DNK,RENEW
171159,257044,FOR,DNK,GREEN_EFA
171160,37312,FOR,DNK,SD
171160,96709,FOR,DNK,RENEW
171160,101585,FOR,DNK,SD
171160,111412,FOR,DNK,GREEN_EFA
171160,124875,FOR,DNK,PFE
171160,197558,FOR,DNK,RENEW
171160,197573,FOR,DNK,GREEN_EFA
171160,199941,FOR,DNK,SD
171160,257020,FOR,DNK,RENEW
171160,257023,AGAINST,DNK,GUE_NGL
171160,257025,FOR,DNK,ECR
171160,257028,FOR,DNK,EPP
171160,257033,FOR,DNK,EPP
171160,257038,FOR,DNK,RENEW
171160,257044,FOR,DNK,GREEN_EFA
171161,37312,FOR,DNK,SD
171161,96709,FOR,DNK,RENEW
171161,101585,FOR,DNK,SD
171161,111412,FOR,DNK,GREEN_EFA
171161,124875,FOR,DNK,PFE
171161,197558,FOR,DNK,RENEW
171161,197573,FOR,DNK,GREEN_EFA
171161,199941,FOR,DNK,SD
171161,257020,FOR,DNK,RENEW
171161,257023,AGAINST,DNK,GUE_NGL
171161,257025,FOR,DNK,ECR
171161,257028,FOR,DNK,EPP
171161,257033,FOR,DNK,EPP
171161,257038,FOR,DNK,RENEW
171161,257044,FOR,DNK,GREEN_EFA
171166,37312,FOR,DNK,SD
171166,96709,FOR,DNK,RENEW
171166,101585,FOR,DNK,SD
171166,111412,FOR,DNK,GREEN_EFA
171166,124875,AGAINST,DNK,PFE
171166,197558,FOR,DNK,RENEW
171166,197573,FOR,DNK,GREEN_EFA
171166,199941,FOR,DNK,SD
171166,257020,FOR,DNK,RENEW
171166,257023,FOR,DNK,GUE_NGL
171166,257025,DID_NOT_VOTE,DNK,ECR
171166,257028,FOR,DNK,EPP
171166,257033,FOR,DNK,EPP
171166,257038,FOR,DNK,RENEW
171166,257044,FOR,DNK,GREEN_EFA
171271,37312,FOR,DNK,SD
171271,96709,FOR,DNK,RENEW
171271,101585,FOR,DNK,SD
171271,111412,FOR,DNK,GREEN_EFA
171271,124875,AGAINST,DNK,PFE
171271,197558,FOR,DNK,RENEW
171271,197573,FOR,DNK,GREEN_EFA
171271,199941,FOR,DNK,SD
171271,257020,FOR,DNK,RENEW
171271,257023,FOR,DNK,GUE_NGL
171271,257025,AGAINST,DNK,ECR
171271,257028,FOR,DNK,EPP
171271,257033,FOR,DNK,EPP
171271,257038,FOR,DNK,RENEW
171271,257044,FOR,DNK,GREEN_EFA
171280,37312,FOR,DNK,SD
171280,96709,FOR,DNK,RENEW
171280,101585,FOR,DNK,SD
171280,111412,FOR,DNK,GREEN_EFA
171280,124875,AGAINST,DNK,PFE
171280,197558,FOR,DNK,RENEW
171280,197573,FOR,DNK,GREEN_EFA
171280,199941,FOR,DNK,SD
171280,257020,FOR,DNK,RENEW
171280,257023,AGAINST,DNK,GUE_NGL
171280,257025,AGAINST,DNK,ECR
171280,257028,FOR,DNK,EPP
171280,257033,FOR,DNK,EPP
171280,257038,FOR,DNK,RENEW
171280,257044,FOR,DNK,GREEN_EFA
171297,37312,FOR,DNK,SD
171297,96709,FOR,DNK,RENEW
171297,101585,FOR,DNK,SD
171297,111412,FOR,DNK,GREEN_EFA
171297,124875,AGAINST,DNK,PFE
171297,197558,FOR,DNK,RENEW
171297,197573,FOR,DNK,GREEN_EFA
171297,199941,FOR,DNK,SD
171297,257020,FOR,DNK,RENEW
171297,257023,AGAINST,DNK,GUE_NGL
171297,257025,AGAINST,DNK,ECR
171297,257028,FOR,DNK,EPP
171297,257033,FOR,DNK,EPP
171297,257038,FOR,DNK,RENEW
171297,257044,FOR,DNK,GREEN_EFA
171364,37312,FOR,DNK,SD
171364,96709,DID_NOT_VOTE,DNK,RENEW
171364,101585,FOR,DNK,SD
171364,111412,FOR,DNK,GREEN_EFA
171364,124875,AGAINST,DNK,PFE
171364,197558,DID_NOT_VOTE,DNK,RENEW
171364,197573,FOR,DNK,GREEN_EFA
171364,199941,FOR,DNK,SD
171364,257020,DID_NOT_VOTE,DNK,RENEW
171364,257023,DID_NOT_VOTE,DNK,GUE_NGL
171364,257025,AGAINST,DNK,ECR
171364,257028,AGAINST,DNK,EPP
171364,257033,AGAINST,DNK,EPP
171364,257038,AGAINST,DNK,RENEW
171364,257044,FOR,DNK,GREEN_EFA
171396,37312,FOR,DNK,SD
171396,96709,DID_NOT_VOTE,DNK,RENEW
171396,101585,FOR,DNK,SD
171396,111412,FOR,DNK,GREEN_EFA
171396,124875,ABSTENTION,DNK,PFE
171396,197558,DID_NOT_VOTE,DNK,RENEW
171396,197573,FOR,DNK,GREEN_EFA
171396,199941,FOR,DNK,SD
171396,257020,DID_NOT_VOTE,DNK,RENEW
171396,257023,DID_NOT_VOTE,DNK,GUE_NGL
171396,257025,FOR,DNK,ECR
171396,257028,FOR,DNK,EPP
171396,257033,FOR,DNK,EPP
171396,257038,FOR,DNK,RENEW
171396,257044,FOR,DNK,GREEN_EFA
171397,37312,FOR,DNK,SD
171397,96709,DID_NOT_VOTE,DNK,RENEW
171397,101585,FOR,DNK,SD
171397,111412,FOR,DNK,GREEN_EFA
171397,124875,ABSTENTION,DNK,PFE
171397,197558,DID_NOT_VOTE,DNK,RENEW
171397,197573,FOR,DNK,GREEN_EFA
171397,199941,DID_NOT_VOTE,DNK,SD
171397,257020,DID_NOT_VOTE,DNK,RENEW
171397,257023,DID_NOT_VOTE,DNK,GUE_NGL
171397,257025,FOR,DNK,ECR
171397,257028,FOR,DNK,EPP
171397,257033,FOR,DNK,EPP
171397,257038,FOR,DNK,RENEW
171397,257044,FOR,DNK,GREEN_EFA
171398,37312,FOR,DNK,SD
171398,96709,DID_NOT_VOTE,DNK,RENEW
171398,101585,FOR,DNK,SD
171398,111412,FOR,DNK,GREEN_EFA
171398,124875,ABSTENTION,DNK,PFE
171398,197558,DID_NOT_VOTE,DNK,RENEW
171398,197573,FOR,DNK,GREEN_EFA
171398,199941,DID_NOT_VOTE,DNK,SD
171398,257020,DID_NOT_VOTE,DNK,RENEW
171398,257023,DID_NOT_VOTE,DNK,GUE_NGL
171398,257025,FOR,DNK,ECR
171398,257028,FOR,DNK,EPP
171398,257033,FOR,DNK,EPP
171398,257038,FOR,DNK,RENEW
171398,257044,FOR,DNK,GREEN_EFA
171425,37312,FOR,DNK,SD
171425,96709,DID_NOT_VOTE,DNK,RENEW
171425,101585,FOR,DNK,SD
171425,111412,AGAINST,DNK,GREEN_EFA
171425,124875,FOR,DNK,PFE
171425,197558,FOR,DNK,RENEW
171425,197573,AGAINST,DNK,GREEN_EFA
171425,199941,FOR,DNK,SD
171425,257020,FOR,DNK,RENEW
171425,257023,AGAINST,DNK,GUE_NGL
171425,257025,FOR,DNK,ECR
171425,257028,FOR,DNK,EPP
171425,257033,DID_NOT_VOTE,DNK,EPP
171425,257038,FOR,DNK,RENEW
171425,257044,AGAINST,DNK,GREEN_EFA
171462,37312,FOR,DNK,SD
171462,96709,FOR,DNK,RENEW
171462,101585,FOR,DNK,SD
171462,111412,FOR,DNK,GREEN_EFA
171462,124875,ABSTENTION,DNK,PFE
171462,197558,FOR,DNK,RENEW
171462,197573,FOR,DNK,GREEN_EFA
171462,199941,FOR,DNK,SD
171462,257020,FOR,DNK,RENEW
171462,257023,FOR,DNK,GUE_NGL
171462,257025,FOR,DNK,ECR
171462,257028,FOR,DNK,EPP
171462,257033,DID_NOT_VOTE,DNK,EPP
171462,257038,FOR,DNK,RENEW
171462,257044,FOR,DNK,GREEN_EFA
171587,37312,FOR,DNK,SD
171587,96709,FOR,DNK,RENEW
171587,101585,FOR,DNK,SD
171587,111412,ABSTENTION,DNK,GREEN_EFA
171587,124875,ABSTENTION,DNK,PFE
171587,197558,FOR,DNK,RENEW
171587,197573,DID_NOT_VOTE,DNK,GREEN_EFA
171587,199941,FOR,DNK,SD
171587,257020,FOR,DNK,RENEW
171587,257023,ABSTENTION,DNK,GUE_NGL
171587,257025,DID_NOT_VOTE,DNK,ECR
171587,257028,DID_NOT_VOTE,DNK,EPP
171587,257033,DID_NOT_VOTE,DNK,EPP
171587,257038,DID_NOT_VOTE,DNK,RENEW
171587,257044,ABSTENTION,DNK,GREEN_EFA
171594,37312,FOR,DNK,SD
171594,96709,FOR,DNK,RENEW
171594,101585,FOR,DNK,SD
171594,111412,FOR,DNK,GREEN_EFA
171594,124875,ABSTENTION,DNK,PFE
171594,197558,FOR,DNK,RENEW
171594,197573,DID_NOT_VOTE,DNK,GREEN_EFA
171594,199941,FOR,DNK,SD
171594,257020,FOR,DNK,RENEW
171594,257023,FOR,DNK,GUE_NGL
171594,257025,DID_NOT_VOTE,DNK,ECR
171594,257028,DID_NOT_VOTE,DNK,EPP
171594,257033,DID_NOT_VOTE,DNK,EPP
171594,257038,DID_NOT_VOTE,DNK,RENEW
171594,257044,FOR,DNK,GREEN_EFA
171607,37312,FOR,DNK,SD
171607,96709,FOR,DNK,RENEW
171607,101585,AGAINST,DNK,SD
171607,111412,FOR,DNK,GREEN_EFA
171607,124875,ABSTENTION,DNK,PFE
171607,197558,DID_NOT_VOTE,DNK,RENEW
171607,197573,DID_NOT_VOTE,DNK,GREEN_EFA
171607,199941,FOR,DNK,SD
171607,257020,FOR,DNK,RENEW
171607,257023,FOR,DNK,GUE_NGL
171607,257025,DID_NOT_VOTE,DNK,ECR
171607,257028,DID_NOT_VOTE,DNK,EPP
171607,257033,DID_NOT_VOTE,DNK,EPP
171607,257038,DID_NOT_VOTE,DNK,RENEW
171607,257044,FOR,DNK,GREEN_EFA
171628,37312,FOR,DNK,SD
171628,96709,FOR,DNK,RENEW
171628,101585,FOR,DNK,SD
171628,111412,FOR,DNK,GREEN_EFA
171628,124875,ABSTENTION,DNK,PFE
171628,197558,FOR,DNK,RENEW
171628,197573,DID_NOT_VOTE,DNK,GREEN_EFA
171628,199941,FOR,DNK,SD
171628,257020,FOR,DNK,RENEW
171628,257023,FOR,DNK,GUE_NGL
171628,257025,DID_NOT_VOTE,DNK,ECR
171628,257028,DID_NOT_VOTE,DNK,EPP
171628,257033,DID_NOT_VOTE,DNK,EPP
171628,257038,DID_NOT_VOTE,DNK,RENEW
171628,257044,FOR,DNK,GREEN_EFA
171702,37312,FOR,DNK,SD
171702,96709,FOR,DNK,RENEW
171702,101585,DID_NOT_VOTE,DNK,SD
171702,111412,AGAINST,DNK,GREEN_EFA
171702,124875,AGAINST,DNK,PFE
171702,197558,DID_NOT_VOTE,DNK,RENEW
171702,197573,AGAINST,DNK,GREEN_EFA
171702,199941,FOR,DNK,SD
171702,257020,FOR,DNK,RENEW
171702,257023,AGAINST,DNK,GUE_NGL
171702,257025,AGAINST,DNK,ECR
171702,257028,ABSTENTION,DNK,EPP
171702,257033,FOR,DNK,EPP
171702,257038,FOR,DNK,RENEW
171702,257044,AGAINST,DNK,GREEN_EFA
171703,37312,FOR,DNK,SD
171703,96709,FOR,DNK,RENEW
171703,101585,DID_NOT_VOTE,DNK,SD
171703,111412,FOR,DNK,GREEN_EFA
171703,124875,FOR,DNK,PFE
171703,197558,DID_NOT_VOTE,DNK,RENEW
171703,197573,DID_NOT_VOTE,DNK,GREEN_EFA
171703,199941,FOR,DNK,SD
171703,257020,FOR,DNK,RENEW
171703,257023,FOR,DNK,GUE_NGL
171703,257025,FOR,DNK,ECR
171703,257028,FOR,DNK,EPP
171703,257033,FOR,DNK,EPP
171703,257038,FOR,DNK,RENEW
171703,257044,FOR,DNK,GREEN_EFA
171704,37312,FOR,DNK,SD
171704,96709,FOR,DNK,RENEW
171704,101585,DID_NOT_VOTE,DNK,SD
171704,111412,FOR,DNK,GREEN_EFA
171704,124875,FOR,DNK,PFE
171704,197558,DID_NOT_VOTE,DNK,RENEW
171704,197573,FOR,DNK,GREEN_EFA
171704,199941,FOR,DNK,SD
171704,257020,FOR,DNK,RENEW
171704,257023,AGAINST,DNK,GUE_NGL
171704,257025,FOR,DNK,ECR
171704,257028,FOR,DNK,EPP
171704,257033,FOR,DNK,EPP
171704,257038,FOR,DNK,RENEW
171704,257044,FOR,DNK,GREEN_EFA
171705,37312,FOR,DNK,SD
171705,96709,FOR,DNK,RENEW
171705,101585,DID_NOT_VOTE,DNK,SD
171705,111412,FOR,DNK,GREEN_EFA
171705,124875,FOR,DNK,PFE
171705,197558,DID_NOT_VOTE,DNK,RENEW
171705,197573,FOR,DNK,GREEN_EFA
171705,199941,FOR,DNK,SD
171705,257020,FOR,DNK,RENEW
171705,257023,FOR,DNK,GUE_NGL
171705,257025,FOR,DNK,ECR
171705,257028,FOR,DNK,EPP
171705,257033,FOR,DNK,EPP
171705,257038,FOR,DNK,RENEW
171705,257044,FOR,DNK,GREEN_EFA
171706,37312,FOR,DNK,SD
171706,96709,FOR,DNK,RENEW
171706,101585,DID_NOT_VOTE,DNK,SD
171706,111412,FOR,DNK,GREEN_EFA
171706,124875,FOR,DNK,PFE
171706,197558,DID_NOT_VOTE,DNK,RENEW
171706,197573,FOR,DNK,GREEN_EFA
171706,199941,FOR,DNK,SD
171706,257020,FOR,DNK,RENEW
171706,257023,FOR,DNK,GUE_NGL
171706,257025,DID_NOT_VOTE,DNK,ECR
171706,257028,FOR,DNK,EPP
171706,257033,FOR,DNK,EPP
171706,257038,FOR,DNK,RENEW
171706,257044,FOR,DNK,GREEN_EFA
171707,37312,FOR,DNK,SD
171707,96709,FOR,DNK,RENEW
171707,101585,DID_NOT_VOTE,DNK,SD
171707,111412,FOR,DNK,GREEN_EFA
171707,124875,FOR,DNK,PFE
171707,197558,DID_NOT_VOTE,DNK,RENEW
171707,197573,FOR,DNK,GREEN_EFA
171707,199941,FOR,DNK,SD
171707,257020,FOR,DNK,RENEW
171707,257023,FOR,DNK,GUE_NGL
171707,257025,DID_NOT_VOTE,DNK,ECR
171707,257028,FOR,DNK,EPP
171707,257033,FOR,DNK,EPP
171707,257038,FOR,DNK,RENEW
171707,257044,FOR,DNK,GREEN_EFA
171790,37312,FOR,DNK,SD
171790,96709,AGAINST,DNK,RENEW
171790,101585,DID_NOT_VOTE,DNK,SD
171790,111412,FOR,DNK,GREEN_EFA
171790,124875,AGAINST,DNK,PFE
171790,197558,DID_NOT_VOTE,DNK,RENEW
171790,197573,FOR,DNK,GREEN_EFA
171790,199941,FOR,DNK,SD
171790,257020,AGAINST,DNK,RENEW
171790,257023,FOR,DNK,GUE_NGL
171790,257025,DID_NOT_VOTE,DNK,ECR
171790,257028,AGAINST,DNK,EPP
171790,257033,AGAINST,DNK,EPP
171790,257038,FOR,DNK,RENEW
171790,257044,FOR,DNK,GREEN_EFA
171793,37312,FOR,DNK,SD
171793,96709,AGAINST,DNK,RENEW
171793,101585,DID_NOT_VOTE,DNK,SD
171793,111412,FOR,DNK,GREEN_EFA
171793,124875,AGAINST,DNK,PFE
171793,197558,DID_NOT_VOTE,DNK,RENEW
171793,197573,FOR,DNK,GREEN_EFA
171793,199941,FOR,DNK,SD
171793,257020,AGAINST,DNK,RENEW
171793,257023,FOR,DNK,GUE_NGL
171793,257025,DID_NOT_VOTE,DNK,ECR
171793,257028,AGAINST,DNK,EPP
171793,257033,AGAINST,DNK,EPP
171793,257038,FOR,DNK,RENEW
171793,257044,FOR,DNK,GREEN_EFA
171859,37312,FOR,DNK,SD
171859,96709,FOR,DNK,RENEW
171859,101585,DID_NOT_VOTE,DNK,SD
171859,111412,DID_NOT_VOTE,DNK,GREEN_EFA
171859,124875,ABSTENTION,DNK,PFE
171859,197558,DID_NOT_VOTE,DNK,RENEW
171859,197573,FOR,DNK,GREEN_EFA
171859,199941,DID_NOT_VOTE,DNK,SD
171859,257020,DID_NOT_VOTE,DNK,RENEW
171859,257023,DID_NOT_VOTE,DNK,GUE_NGL
171859,257025,DID_NOT_VOTE,DNK,ECR
171859,257028,FOR,DNK,EPP
171859,257033,FOR,DNK,EPP
171859,257038,FOR,DNK,RENEW
171859,257044,FOR,DNK,GREEN_EFA
171911,37312,FOR,DNK,SD
171911,96709,FOR,DNK,RENEW
171911,101585,DID_NOT_VOTE,DNK,SD
171911,111412,DID_NOT_VOTE,DNK,GREEN_EFA
171911,124875,ABSTENTION,DNK,PFE
171911,197558,DID_NOT_VOTE,DNK,RENEW
171911,197573,FOR,DNK,GREEN_EFA
171911,199941,DID_NOT_VOTE,DNK,SD
171911,257020,FOR,DNK,RENEW
171911,257023,FOR,DNK,GUE_NGL
171911,257025,DID_NOT_VOTE,DNK,ECR
171911,257028,FOR,DNK,EPP
171911,257033,FOR,DNK,EPP
171911,257038,FOR,DNK,RENEW
171911,257044,FOR,DNK,GREEN_EFA
172102,37312,FOR,DNK,SD
172102,96709,FOR,DNK,RENEW
172102,101585,FOR,DNK,SD
172102,111412,FOR,DNK,GREEN_EFA
172102,124875,AGAINST,DNK,PFE
172102,197558,FOR,DNK,RENEW
172102,197573,FOR,DNK,GREEN_EFA
172102,199941,FOR,DNK,SD
172102,257020,DID_NOT_VOTE,DNK,RENEW
172102,257023,FOR,DNK,GUE_NGL
172102,257025,ABSTENTION,DNK,ECR
172102,257028,FOR,DNK,EPP
172102,257033,FOR,DNK,EPP
172102,257038,FOR,DNK,RENEW
172102,257044,ABSTENTION,DNK,GREEN_EFA
172110,37312,FOR,DNK,SD
172110,96709,FOR,DNK,RENEW
172110,101585,FOR,DNK,SD
172110,111412,FOR,DNK,GREEN_EFA
172110,124875,FOR,DNK,PFE
172110,197558,FOR,DNK,RENEW
172110,197573,FOR,DNK,GREEN_EFA
172110,199941,FOR,DNK,SD
172110,257020,DID_NOT_VOTE,DNK,RENEW
172110,257023,FOR,DNK,GUE_NGL
172110,257025,FOR,DNK,ECR
172110,257028,FOR,DNK,EPP
172110,257033,FOR,DNK,EPP
172110,257038,FOR,DNK,RENEW
172110,257044,FOR,DNK,GREEN_EFA
172114,37312,FOR,DNK,SD
172114,96709,FOR,DNK,RENEW
172114,101585,FOR,DNK,SD
172114,111412,AGAINST,DNK,GREEN_EFA
172114,124875,FOR,DNK,PFE
172114,197558,FOR,DNK,RENEW
172114,197573,AGAINST,DNK,GREEN_EFA
172114,199941,FOR,DNK,SD
172114,257020,FOR,DNK,RENEW
172114,257023,AGAINST,DNK,GUE_NGL
172114,257025,FOR,DNK,ECR
172114,257028,FOR,DNK,EPP
172114,257033,FOR,DNK,EPP
172114,257038,FOR,DNK,RENEW
172114,257044,AGAINST,DNK,GREEN_EFA
172115,37312,FOR,DNK,SD
172115,96709,FOR,DNK,RENEW
172115,101585,FOR,DNK,SD
172115,111412,DID_NOT_VOTE,DNK,GREEN_EFA
172115,124875,FOR,DNK,PFE
172115,197558,FOR,DNK,RENEW
172115,197573,DID_NOT_VOTE,DNK,GREEN_EFA
172115,199941,FOR,DNK,SD
172115,257020,FOR,DNK,RENEW
172115,257023,ABSTENTION,DNK,GUE_NGL
172115,257025,FOR,DNK,ECR
172115,257028,FOR,DNK,EPP
172115,257033,FOR,DNK,EPP
172115,257038,FOR,DNK,RENEW
172115,257044,DID_NOT_VOTE,DNK,GREEN_EFA
172136,37312,FOR,DNK,SD
172136,96709,FOR,DNK,RENEW
172136,101585,FOR,DNK,SD
172136,111412,FOR,DNK,GREEN_EFA
172136,124875,AGAINST,DNK,PFE
172136,197558,FOR,DNK,RENEW
172136,197573,FOR,DNK,GREEN_EFA
172136,199941,FOR,DNK,SD
172136,257020,DID_NOT_VOTE,DNK,RENEW
172136,257023,AGAINST,DNK,GUE_NGL
172136,257025,AGAINST,DNK,ECR
172136,257028,FOR,DNK,EPP
172136,257033,FOR,DNK,EPP
172136,257038,FOR,DNK,RENEW
172136,257044,DID_NOT_VOTE,DNK,GREEN_EFA
172158,37312,FOR,DNK,SD
172158,96709,AGAINST,DNK,RENEW
172158,101585,FOR,DNK,SD
172158,111412,FOR,DNK,GREEN_EFA
172158,124875,AGAINST,DNK,PFE
172158,197558,AGAINST,DNK,RENEW
172158,197573,FOR,DNK,GREEN_EFA
172158,199941,FOR,DNK,SD
172158,257020,DID_NOT_VOTE,DNK,RENEW
172158,257023,FOR,DNK,GUE_NGL
172158,257025,AGAINST,DNK,ECR
172158,257028,AGAINST,DNK,EPP
172158,257033,AGAINST,DNK,EPP
172158,257038,FOR,DNK,RENEW
172158,257044,FOR,DNK,GREEN_EFA
172211,37312,FOR,DNK,SD
172211,96709,FOR,DNK,RENEW
172211,101585,FOR,DNK,SD
172211,111412,FOR,DNK,GREEN_EFA
172211,124875,AGAINST,DNK,PFE
172211,197558,FOR,DNK,RENEW
172211,197573,FOR,DNK,GREEN_EFA
172211,199941,FOR,DNK,SD
172211,257020,FOR,DNK,RENEW
172211,257023,AGAINST,DNK,GUE_NGL
172211,257025,AGAINST,DNK,ECR
172211,257028,FOR,DNK,EPP
172211,257033,FOR,DNK,EPP
172211,257038,FOR,DNK,RENEW
172211,257044,FOR,DNK,GREEN_EFA
172315,37312,FOR,DNK,SD
172315,96709,AGAINST,DNK,RENEW
172315,101585,FOR,DNK,SD
172315,111412,FOR,DNK,GREEN_EFA
172315,124875,AGAINST,DNK,PFE
172315,197558,AGAINST,DNK,RENEW
172315,197573,FOR,DNK,GREEN_EFA
172315,199941,FOR,DNK,SD
172315,257020,FOR,DNK,RENEW
172315,257023,AGAINST,DNK,GUE_NGL
172315,257025,AGAINST,DNK,ECR
172315,257028,ABSTENTION,DNK,EPP
172315,257033,ABSTENTION,DNK,EPP
172315,257038,FOR,DNK,RENEW
172315,257044,FOR,DNK,GREEN_EFA
172585,37312,FOR,DNK,SD
172585,96709,FOR,DNK,RENEW
172585,101585,FOR,DNK,SD
172585,111412,FOR,DNK,GREEN_EFA
172585,124875,ABSTENTION,DNK,PFE
172585,197558,FOR,DNK,RENEW
172585,197573,FOR,DNK,GREEN_EFA
172585,199941,FOR,DNK,SD
172585,257020,FOR,DNK,RENEW
172585,257023,FOR,DNK,GUE_NGL
172585,257025,ABSTENTION,DNK,ECR
172585,257028,FOR,DNK,EPP
172585,257033,DID_NOT_VOTE,DNK,EPP
172585,257038,FOR,DNK,RENEW
172585,257044,FOR,DNK,GREEN_EFA
172663,37312,FOR,DNK,SD
172663,96709,FOR,DNK,RENEW
172663,101585,FOR,DNK,SD
172663,111412,FOR,DNK,GREEN_EFA
172663,124875,ABSTENTION,DNK,PFE
172663,197558,FOR,DNK,RENEW
172663,197573,FOR,DNK,GREEN_EFA
172663,199941,FOR,DNK,SD
172663,257020,FOR,DNK,RENEW
172663,257023,FOR,DNK,GUE_NGL
172663,257025,FOR,DNK,ECR
172663,257028,FOR,DNK,EPP
172663,257033,FOR,DNK,EPP
172663,257038,FOR,DNK,RENEW
172663,257044,FOR,DNK,GREEN_EFA
172867,37312,FOR,DNK,SD
172867,96709,FOR,DNK,RENEW
172867,101585,FOR,DNK,SD
172867,111412,FOR,DNK,GREEN_EFA
172867,124875,AGAINST,DNK,PFE
172867,197558,FOR,DNK,RENEW
172867,197573,FOR,DNK,GREEN_EFA
172867,199941,FOR,DNK,SD
172867,257020,FOR,DNK,RENEW
172867,257023,AGAINST,DNK,GUE_NGL
172867,257025,FOR,DNK,ECR
172867,257028,FOR,DNK,EPP
172867,257033,FOR,DNK,EPP
172867,257038,FOR,DNK,RENEW
172867,257044,FOR,DNK,GREEN_EFA
172995,37312,FOR,DNK,SD
172995,96709,FOR,DNK,RENEW
172995,101585,FOR,DNK,SD
172995,111412,FOR,DNK,GREEN_EFA
172995,124875,ABSTENTION,DNK,PFE
172995,197558,FOR,DNK,RENEW
172995,197573,FOR,DNK,GREEN_EFA
172995,199941,FOR,DNK,SD
172995,257020,FOR,DNK,RENEW
172995,257023,FOR,DNK,GUE_NGL
172995,257025,ABSTENTION,DNK,ECR
172995,257028,FOR,DNK,EPP
172995,257033,FOR,DNK,EPP
172995,257038,FOR,DNK,RENEW
172995,257044,FOR,DNK,GREEN_EFA
173001,37312,FOR,DNK,SD
173001,96709,FOR,DNK,RENEW
173001,101585,FOR,DNK,SD
173001,111412,FOR,DNK,GREEN_EFA
173001,124875,ABSTENTION,DNK,PFE
173001,197558,FOR,DNK,RENEW
173001,197573,FOR,DNK,GREEN_EFA
173001,199941,FOR,DNK,SD
173001,257020,FOR,DNK,RENEW
173001,257023,FOR,DNK,GUE_NGL
173001,257025,ABSTENTION,DNK,ECR
173001,257028,FOR,DNK,EPP
173001,257033,FOR,DNK,EPP
173001,257038,FOR,DNK,RENEW
173001,257044,FOR,DNK,GREEN_EFA
173008,37312,FOR,DNK,SD
173008,96709,FOR,DNK,RENEW
173008,101585,FOR,DNK,SD
173008,111412,FOR,DNK,GREEN_EFA
173008,124875,ABSTENTION,DNK,PFE
173008,197558,FOR,DNK,RENEW
173008,197573,FOR,DNK,GREEN_EFA
173008,199941,FOR,DNK,SD
173008,257020,FOR,DNK,RENEW
173008,257023,FOR,DNK,GUE_NGL
173008,257025,FOR,DNK,ECR
173008,257028,FOR,DNK,EPP
173008,257033,FOR,DNK,EPP
173008,257038,FOR,DNK,RENEW
173008,257044,FOR,DNK,GREEN_EFA
173686,37312,FOR,DNK,SD
173686,96709,FOR,DNK,RENEW
173686,101585,FOR,DNK,SD
173686,111412,FOR,DNK,GREEN_EFA
173686,124875,FOR,DNK,PFE
173686,197558,FOR,DNK,RENEW
173686,197573,FOR,DNK,GREEN_EFA
173686,199941,FOR,DNK,SD
173686,257020,FOR,DNK,RENEW
173686,257023,ABSTENTION,DNK,GUE_NGL
173686,257025,FOR,DNK,ECR
173686,257028,FOR,DNK,EPP
173686,257033,FOR,DNK,EPP
173686,257038,FOR,DNK,RENEW
173686,257044,FOR,DNK,GREEN_EFA
173687,37312,FOR,DNK,SD
173687,96709,FOR,DNK,RENEW
173687,101585,FOR,DNK,SD
173687,111412,ABSTENTION,DNK,GREEN_EFA
173687,124875,FOR,DNK,PFE
173687,197558,FOR,DNK,RENEW
173687,197573,ABSTENTION,DNK,GREEN_EFA
173687,199941,FOR,DNK,SD
173687,257020,FOR,DNK,RENEW
173687,257023,AGAINST,DNK,GUE_NGL
173687,257025,ABSTENTION,DNK,ECR
173687,257028,FOR,DNK,EPP
173687,257033,FOR,DNK,EPP
173687,257038,FOR,DNK,RENEW
173687,257044,ABSTENTION,DNK,GREEN_EFA
173688,37312,FOR,DNK,SD
173688,96709,FOR,DNK,RENEW
173688,101585,FOR,DNK,SD
173688,111412,FOR,DNK,GREEN_EFA
173688,124875,AGAINST,DNK,PFE
173688,197558,FOR,DNK,RENEW
173688,197573,FOR,DNK,GREEN_EFA
173688,199941,FOR,DNK,SD
173688,257020,FOR,DNK,RENEW
173688,257023,AGAINST,DNK,GUE_NGL
173688,257025,FOR,DNK,ECR
173688,257028,FOR,DNK,EPP
173688,257033,FOR,DNK,EPP
173688,257038,FOR,DNK,RENEW
173688,257044,FOR,DNK,GREEN_EFA
173690,37312,FOR,DNK,SD
173690,96709,DID_NOT_VOTE,DNK,RENEW
173690,101585,FOR,DNK,SD
173690,111412,FOR,DNK,GREEN_EFA
173690,124875,AGAINST,DNK,PFE
173690,197558,FOR,DNK,RENEW
173690,197573,FOR,DNK,GREEN_EFA
173690,199941,FOR,DNK,SD
173690,257020,FOR,DNK,RENEW
173690,257023,FOR,DNK,GUE_NGL
173690,257025,AGAINST,DNK,ECR
173690,257028,FOR,DNK,EPP
173690,257033,FOR,DNK,EPP
173690,257038,FOR,DNK,RENEW
173690,257044,FOR,DNK,GREEN_EFA
173691,37312,FOR,DNK,SD
173691,96709,DID_NOT_VOTE,DNK,RENEW
173691,101585,FOR,DNK,SD
173691,111412,FOR,DNK,GREEN_EFA
173691,124875,AGAINST,DNK,PFE
173691,197558,FOR,DNK,RENEW
173691,197573,FOR,DNK,GREEN_EFA
173691,199941,FOR,DNK,SD
173691,257020,FOR,DNK,RENEW
173691,257023,FOR,DNK,GUE_NGL
173691,257025,ABSTENTION,DNK,ECR
173691,257028,FOR,DNK,EPP
173691,257033,FOR,DNK,EPP
173691,257038,FOR,DNK,RENEW
173691,257044,FOR,DNK,GREEN_EFA
173693,37312,FOR,DNK,SD
173693,96709,DID_NOT_VOTE,DNK,RENEW
173693,101585,FOR,DNK,SD
173693,111412,FOR,DNK,GREEN_EFA
173693,124875,AGAINST,DNK,PFE
173693,197558,FOR,DNK,RENEW
173693,197573,FOR,DNK,GREEN_EFA
173693,199941,FOR,DNK,SD
173693,257020,FOR,DNK,RENEW
173693,257023,FOR,DNK,GUE_NGL
173693,257025,AGAINST,DNK,ECR
173693,257028,FOR,DNK,EPP
173693,257033,FOR,DNK,EPP
173693,257038,FOR,DNK,RENEW
173693,257044,FOR,DNK,GREEN_EFA
173695,37312,FOR,DNK,SD
173695,96709,DID_NOT_VOTE,DNK,RENEW
173695,101585,FOR,DNK,SD
173695,111412,FOR,DNK,GREEN_EFA
173695,124875,AGAINST,DNK,PFE
173695,197558,FOR,DNK,RENEW
173695,197573,FOR,DNK,GREEN_EFA
173695,199941,FOR,DNK,SD
173695,257020,FOR,DNK,RENEW
173695,257023,FOR,DNK,GUE_NGL
173695,257025,AGAINST,DNK,ECR
173695,257028,FOR,DNK,EPP
173695,257033,FOR,DNK,EPP
173695,257038,FOR,DNK,RENEW
173695,257044,FOR,DNK,GREEN_EFA
173708,37312,FOR,DNK,SD
173708,96709,FOR,DNK,RENEW
173708,101585,FOR,DNK,SD
173708,111412,AGAINST,DNK,GREEN_EFA
173708,124875,AGAINST,DNK,PFE
173708,197558,FOR,DNK,RENEW
173708,197573,DID_NOT_VOTE,DNK,GREEN_EFA
173708,199941,FOR,DNK,SD
173708,257020,FOR,DNK,RENEW
173708,257023,AGAINST,DNK,GUE_NGL
173708,257025,AGAINST,DNK,ECR
173708,257028,FOR,DNK,EPP
173708,257033,FOR,DNK,EPP
173708,257038,FOR,DNK,RENEW
173708,257044,AGAINST,DNK,GREEN_EFA
173801,37312,FOR,DNK,SD
173801,96709,FOR,DNK,RENEW
173801,101585,FOR,DNK,SD
173801,111412,FOR,DNK,GREEN_EFA
173801,124875,AGAINST,DNK,PFE
173801,197558,FOR,DNK,RENEW
173801,197573,FOR,DNK,GREEN_EFA
173801,199941,FOR,DNK,SD
173801,257020,FOR,DNK,RENEW
173801,257023,AGAINST,DNK,GUE_NGL
173801,257025,AGAINST,DNK,ECR
173801,257028,FOR,DNK,EPP
173801,257033,FOR,DNK,EPP
173801,257038,FOR,DNK,RENEW
173801,257044,FOR,DNK,GREEN_EFA
173897,37312,FOR,DNK,SD
173897,96709,FOR,DNK,RENEW
173897,101585,FOR,DNK,SD
173897,111412,FOR,DNK,GREEN_EFA
173897,124875,AGAINST,DNK,PFE
173897,197558,FOR,DNK,RENEW
173897,197573,FOR,DNK,GREEN_EFA
173897,199941,FOR,DNK,SD
173897,257020,FOR,DNK,RENEW
173897,257023,ABSTENTION,DNK,GUE_NGL
173897,257025,DID_NOT_VOTE,DNK,ECR
173897,257028,FOR,DNK,EPP
173897,257033,FOR,DNK,EPP
173897,257038,FOR,DNK,RENEW
173897,257044,FOR,DNK,GREEN_EFA
173903,37312,FOR,DNK,SD
173903,96709,FOR,DNK,RENEW
173903,101585,FOR,DNK,SD
173903,111412,FOR,DNK,GREEN_EFA
173903,124875,FOR,DNK,PFE
173903,197558,FOR,DNK,RENEW
173903,197573,FOR,DNK,GREEN_EFA
173903,199941,FOR,DNK,SD
173903,257020,FOR,DNK,RENEW
173903,257023,FOR,DNK,GUE_NGL
173903,257025,ABSTENTION,DNK,ECR
173903,257028,FOR,DNK,EPP
173903,257033,FOR,DNK,EPP
173903,257038,FOR,DNK,RENEW
173903,257044,FOR,DNK,GREEN_EFA
174053,37312,FOR,DNK,SD
174053,96709,FOR,DNK,RENEW
174053,101585,FOR,DNK,SD
174053,111412,FOR,DNK,GREEN_EFA
174053,124875,AGAINST,DNK,PFE
174053,197558,FOR,DNK,RENEW
174053,197573,FOR,DNK,GREEN_EFA
174053,199941,FOR,DNK,SD
174053,257020,FOR,DNK,RENEW
174053,257023,AGAINST,DNK,GUE_NGL
174053,257025,ABSTENTION,DNK,ECR
174053,257028,ABSTENTION,DNK,EPP
174053,257033,FOR,DNK,EPP
174053,257038,FOR,DNK,RENEW
174053,257044,FOR,DNK,GREEN_EFA
174055,37312,FOR,DNK,SD
174055,96709,DID_NOT_VOTE,DNK,RENEW
174055,101585,FOR,DNK,SD
174055,111412,FOR,DNK,GREEN_EFA
174055,124875,FOR,DNK,PFE
174055,197558,FOR,DNK,RENEW
174055,197573,FOR,DNK,GREEN_EFA
174055,199941,FOR,DNK,SD
174055,257020,FOR,DNK,RENEW
174055,257023,FOR,DNK,GUE_NGL
174055,257025,FOR,DNK,ECR
174055,257028,FOR,DNK,EPP
174055,257033,FOR,DNK,EPP
174055,257038,FOR,DNK,RENEW
174055,257044,FOR,DNK,GREEN_EFA
174220,37312,FOR,DNK,SD
174220,96709,FOR,DNK,RENEW
174220,101585,FOR,DNK,SD
174220,111412,FOR,DNK,GREEN_EFA
174220,124875,AGAINST,DNK,PFE
174220,197558,FOR,DNK,RENEW
174220,197573,FOR,DNK,GREEN_EFA
174220,199941,FOR,DNK,SD
174220,257020,FOR,DNK,RENEW
174220,257023,AGAINST,DNK,GUE_NGL
174220,257025,AGAINST,DNK,ECR
174220,257028,FOR,DNK,EPP
174220,257033,FOR,DNK,EPP
174220,257038,FOR,DNK,RENEW
174220,257044,FOR,DNK,GREEN_EFA
174273,37312,AGAINST,DNK,SD
174273,96709,DID_NOT_VOTE,DNK,RENEW
174273,101585,FOR,DNK,SD
174273,111412,ABSTENTION,DNK,GREEN_EFA
174273,124875,AGAINST,DNK,PFE
174273,197558,FOR,DNK,RENEW
174273,197573,ABSTENTION,DNK,GREEN_EFA
174273,199941,FOR,DNK,SD
174273,257020,FOR,DNK,RENEW
174273,257023,AGAINST,DNK,GUE_NGL
174273,257025,AGAINST,DNK,ECR
174273,257028,FOR,DNK,EPP
174273,257033,FOR,DNK,EPP
174273,257038,FOR,DNK,RENEW
174273,257044,ABSTENTION,DNK,GREEN_EFA
174288,37312,AGAINST,DNK,SD
174288,96709,DID_NOT_VOTE,DNK,RENEW
174288,101585,AGAINST,DNK,SD
174288,111412,AGAINST,DNK,GREEN_EFA
174288,124875,FOR,DNK,PFE
174288,197558,FOR,DNK,RENEW
174288,197573,AGAINST,DNK,GREEN_EFA
174288,199941,AGAINST,DNK,SD
174288,257020,FOR,DNK,RENEW
174288,257023,AGAINST,DNK,GUE_NGL
174288,257025,FOR,DNK,ECR
174288,257028,FOR,DNK,EPP
174288,257033,FOR,DNK,EPP
174288,257038,FOR,DNK,RENEW
174288,257044,AGAINST,DNK,GREEN_EFA
174875,37312,DID_NOT_VOTE,DNK,SD
174875,96709,FOR,DNK,RENEW
174875,101585,ABSTENTION,DNK,SD
174875,111412,FOR,DNK,GREEN_EFA
174875,124875,AGAINST,DNK,PFE
174875,197558,FOR,DNK,RENEW
174875,197573,FOR,DNK,GREEN_EFA
174875,199941,AGAINST,DNK,SD
174875,257020,FOR,DNK,RENEW
174875,257023,ABSTENTION,DNK,GUE_NGL
174875,257025,AGAINST,DNK,ECR
174875,257028,FOR,DNK,EPP
174875,257033,FOR,DNK,EPP
174875,257038,FOR,DNK,RENEW
174875,257044,FOR,DNK,GREEN_EFA
174880,37312,DID_NOT_VOTE,DNK,SD
174880,96709,FOR,DNK,RENEW
174880,101585,FOR,DNK,SD
174880,111412,FOR,DNK,GREEN_EFA
174880,124875,ABSTENTION,DNK,PFE
174880,197558,FOR,DNK,RENEW
174880,197573,FOR,DNK,GREEN_EFA
174880,199941,FOR,DNK,SD
174880,257020,FOR,DNK,RENEW
174880,257023,FOR,DNK,GUE_NGL
174880,257025,ABSTENTION,DNK,ECR
174880,257028,FOR,DNK,EPP
174880,257033,FOR,DNK,EPP
174880,257038,FOR,DNK,RENEW
174880,257044,FOR,DNK,GREEN_EFA
174881,37312,AGAINST,DNK,SD
174881,96709,DID_NOT_VOTE,DNK,RENEW
174881,101585,AGAINST,DNK,SD
174881,111412,AGAINST,DNK,GREEN_EFA
174881,124875,AGAINST,DNK,PFE
174881,197558,FOR,DNK,RENEW
174881,197573,AGAINST,DNK,GREEN_EFA
174881,199941,AGAINST,DNK,SD
174881,257020,FOR,DNK,RENEW
174881,257023,AGAINST,DNK,GUE_NGL
174881,257025,AGAINST,DNK,ECR
174881,257028,FOR,DNK,EPP
174881,257033,FOR,DNK,EPP
174881,257038,FOR,DNK,RENEW
174881,257044,AGAINST,DNK,GREEN_EFA
174971,37312,FOR,DNK,SD
174971,96709,FOR,DNK,RENEW
174971,101585,FOR,DNK,SD
174971,111412,FOR,DNK,GREEN_EFA
174971,124875,FOR,DNK,PFE
174971,197558,FOR,DNK,RENEW
174971,197573,FOR,DNK,GREEN_EFA
174971,199941,AGAINST,DNK,SD
174971,257020,FOR,DNK,RENEW
174971,257023,AGAINST,DNK,GUE_NGL
174971,257025,FOR,DNK,ECR
174971,257028,FOR,DNK,EPP
174971,257033,FOR,DNK,EPP
174971,257038,FOR,DNK,RENEW
174971,257044,FOR,DNK,GREEN_EFA
174988,37312,DID_NOT_VOTE,DNK,SD
174988,96709,FOR,DNK,RENEW
174988,101585,FOR,DNK,SD
174988,111412,FOR,DNK,GREEN_EFA
174988,124875,ABSTENTION,DNK,PFE
174988,197558,FOR,DNK,RENEW
174988,197573,FOR,DNK,GREEN_EFA
174988,199941,FOR,DNK,SD
174988,257020,FOR,DNK,RENEW
174988,257023,FOR,DNK,GUE_NGL
174988,257025,FOR,DNK,ECR
174988,257028,FOR,DNK,EPP
174988,257033,FOR,DNK,EPP
174988,257038,FOR,DNK,RENEW
174988,257044,FOR,DNK,GREEN_EFA
175031,37312,FOR,DNK,SD
175031,96709,FOR,DNK,RENEW
175031,101585,FOR,DNK,SD
175031,111412,FOR,DNK,GREEN_EFA
175031,124875,AGAINST,DNK,PFE
175031,197558,FOR,DNK,RENEW
175031,197573,FOR,DNK,GREEN_EFA
175031,199941,FOR,DNK,SD
175031,257020,FOR,DNK,RENEW
175031,257023,FOR,DNK,GUE_NGL
175031,257025,AGAINST,DNK,ECR
175031,257028,FOR,DNK,EPP
175031,257033,FOR,DNK,EPP
175031,257038,DID_NOT_VOTE,DNK,RENEW
175031,257044,FOR,DNK,GREEN_EFA
175044,37312,FOR,DNK,SD
175044,96709,ABSTENTION,DNK,RENEW
175044,101585,FOR,DNK,SD
175044,111412,ABSTENTION,DNK,GREEN_EFA
175044,124875,FOR,DNK,PFE
175044,197558,ABSTENTION,DNK,RENEW
175044,197573,ABSTENTION,DNK,GREEN_EFA
175044,199941,FOR,DNK,SD
175044,257020,ABSTENTION,DNK,RENEW
175044,257023,FOR,DNK,GUE_NGL
175044,257025,ABSTENTION,DNK,ECR
175044,257028,FOR,DNK,EPP
175044,257033,FOR,DNK,EPP
175044,257038,DID_NOT_VOTE,DNK,RENEW
175044,257044,ABSTENTION,DNK,GREEN_EFA
175067,37312,FOR,DNK,SD
175067,96709,FOR,DNK,RENEW
175067,101585,FOR,DNK,SD
175067,111412,FOR,DNK,GREEN_EFA
175067,124875,ABSTENTION,DNK,PFE
175067,197558,FOR,DNK,RENEW
175067,197573,FOR,DNK,GREEN_EFA
175067,199941,FOR,DNK,SD
175067,257020,FOR,DNK,RENEW
175067,257023,FOR,DNK,GUE_NGL
175067,257025,ABSTENTION,DNK,ECR
175067,257028,FOR,DNK,EPP
175067,257033,FOR,DNK,EPP
175067,257038,DID_NOT_VOTE,DNK,RENEW
175067,257044,FOR,DNK,GREEN_EFA
175085,37312,FOR,DNK,SD
175085,96709,FOR,DNK,RENEW
175085,101585,FOR,DNK,SD
175085,111412,FOR,DNK,GREEN_EFA
175085,124875,AGAINST,DNK,PFE
175085,197558,FOR,DNK,RENEW
175085,197573,FOR,DNK,GREEN_EFA
175085,199941,FOR,DNK,SD
175085,257020,FOR,DNK,RENEW
175085,257023,ABSTENTION,DNK,GUE_NGL
175085,257025,ABSTENTION,DNK,ECR
175085,257028,FOR,DNK,EPP
175085,257033,FOR,DNK,EPP
175085,257038,DID_NOT_VOTE,DNK,RENEW
175085,257044,FOR,DNK,GREEN_EFA
175093,37312,FOR,DNK,SD
175093,96709,FOR,DNK,RENEW
175093,101585,FOR,DNK,SD
175093,111412,FOR,DNK,GREEN_EFA
175093,124875,AGAINST,DNK,PFE
175093,197558,FOR,DNK,RENEW
175093,197573,FOR,DNK,GREEN_EFA
175093,199941,FOR,DNK,SD
175093,257020,FOR,DNK,RENEW
175093,257023,FOR,DNK,GUE_NGL
175093,257025,AGAINST,DNK,ECR
175093,257028,FOR,DNK,EPP
175093,257033,FOR,DNK,EPP
175093,257038,DID_NOT_VOTE,DNK,RENEW
175093,257044,FOR,DNK,GREEN_EFA
175099,37312,FOR,DNK,SD
175099,96709,FOR,DNK,RENEW
175099,101585,FOR,DNK,SD
175099,111412,FOR,DNK,GREEN_EFA
175099,124875,FOR,DNK,PFE
175099,197558,FOR,DNK,RENEW
175099,197573,FOR,DNK,GREEN_EFA
175099,199941,FOR,DNK,SD
175099,257020,FOR,DNK,RENEW
175099,257023,FOR,DNK,GUE_NGL
175099,257025,ABSTENTION,DNK,ECR
175099,257028,FOR,DNK,EPP
175099,257033,FOR,DNK,EPP
175099,257038,DID_NOT_VOTE,DNK,RENEW
175099,257044,FOR,DNK,GREEN_EFA
175107,37312,FOR,DNK,SD
175107,96709,FOR,DNK,RENEW
175107,101585,FOR,DNK,SD
175107,111412,FOR,DNK,GREEN_EFA
175107,124875,AGAINST,DNK,PFE
175107,197558,FOR,DNK,RENEW
175107,197573,FOR,DNK,GREEN_EFA
175107,199941,FOR,DNK,SD
175107,257020,FOR,DNK,RENEW
175107,257023,FOR,DNK,GUE_NGL
175107,257025,AGAINST,DNK,ECR
175107,257028,FOR,DNK,EPP
175107,257033,FOR,DNK,EPP
175107,257038,DID_NOT_VOTE,DNK,RENEW
175107,257044,FOR,DNK,GREEN_EFA
175114,37312,FOR,DNK,SD
175114,96709,FOR,DNK,RENEW
175114,101585,FOR,DNK,SD
175114,111412,FOR,DNK,GREEN_EFA
175114,124875,AGAINST,DNK,PFE
175114,197558,FOR,DNK,RENEW
175114,197573,FOR,DNK,GREEN_EFA
175114,199941,FOR,DNK,SD
175114,257020,FOR,DNK,RENEW
175114,257023,FOR,DNK,GUE_NGL
175114,257025,AGAINST,DNK,ECR
175114,257028,FOR,DNK,EPP
175114,257033,FOR,DNK,EPP
175114,257038,DID_NOT_VOTE,DNK,RENEW
175114,257044,FOR,DNK,GREEN_EFA
175116,37312,FOR,DNK,SD
175116,96709,FOR,DNK,RENEW
175116,101585,FOR,DNK,SD
175116,111412,FOR,DNK,GREEN_EFA
175116,124875,AGAINST,DNK,PFE
175116,197558,FOR,DNK,RENEW
175116,197573,FOR,DNK,GREEN_EFA
175116,199941,FOR,DNK,SD
175116,257020,FOR,DNK,RENEW
175116,257023,FOR,DNK,GUE_NGL
175116,257025,AGAINST,DNK,ECR
175116,257028,FOR,DNK,EPP
175116,257033,FOR,DNK,EPP
175116,257038,DID_NOT_VOTE,DNK,RENEW
175116,257044,FOR,DNK,GREEN_EFA
175123,37312,FOR,DNK,SD
175123,96709,FOR,DNK,RENEW
175123,101585,FOR,DNK,SD
175123,111412,FOR,DNK,GREEN_EFA
175123,124875,AGAINST,DNK,PFE
175123,197558,FOR,DNK,RENEW
175123,197573,FOR,DNK,GREEN_EFA
175123,199941,FOR,DNK,SD
175123,257020,DID_NOT_VOTE,DNK,RENEW
175123,257023,FOR,DNK,GUE_NGL
175123,257025,AGAINST,DNK,ECR
175123,257028,FOR,DNK,EPP
175123,257033,FOR,DNK,EPP
175123,257038,DID_NOT_VOTE,DNK,RENEW
175123,257044,FOR,DNK,GREEN_EFA
175136,37312,FOR,DNK,SD
175136,96709,FOR,DNK,RENEW
175136,101585,DID_NOT_VOTE,DNK,SD
175136,111412,FOR,DNK,GREEN_EFA
175136,124875,AGAINST,DNK,PFE
175136,197558,FOR,DNK,RENEW
175136,197573,FOR,DNK,GREEN_EFA
175136,199941,FOR,DNK,SD
175136,257020,FOR,DNK,RENEW
175136,257023,FOR,DNK,GUE_NGL
175136,257025,ABSTENTION,DNK,ECR
175136,257028,FOR,DNK,EPP
175136,257033,FOR,DNK,EPP
175136,257038,DID_NOT_VOTE,DNK,RENEW
175136,257044,FOR,DNK,GREEN_EFA
175144,37312,FOR,DNK,SD
175144,96709,FOR,DNK,RENEW
175144,101585,FOR,DNK,SD
175144,111412,FOR,DNK,GREEN_EFA
175144,124875,FOR,DNK,PFE
175144,197558,FOR,DNK,RENEW
175144,197573,FOR,DNK,GREEN_EFA
175144,199941,FOR,DNK,SD
175144,257020,FOR,DNK,RENEW
175144,257023,FOR,DNK,GUE_NGL
175144,257025,FOR,DNK,ECR
175144,257028,FOR,DNK,EPP
175144,257033,FOR,DNK,EPP
175144,257038,DID_NOT_VOTE,DNK,RENEW
175144,257044,FOR,DNK,GREEN_EFA
175160,37312,FOR,DNK,SD
175160,96709,FOR,DNK,RENEW
175160,101585,FOR,DNK,SD
175160,111412,FOR,DNK,GREEN_EFA
175160,124875,AGAINST,DNK,PFE
175160,197558,FOR,DNK,RENEW
175160,197573,FOR,DNK,GREEN_EFA
175160,199941,FOR,DNK,SD
175160,257020,FOR,DNK,RENEW
175160,257023,FOR,DNK,GUE_NGL
175160,257025,ABSTENTION,DNK,ECR
175160,257028,FOR,DNK,EPP
175160,257033,FOR,DNK,EPP
175160,257038,DID_NOT_VOTE,DNK,RENEW
175160,257044,FOR,DNK,GREEN_EFA
175211,37312,FOR,DNK,SD
175211,96709,FOR,DNK,RENEW
175211,101585,FOR,DNK,SD
175211,111412,DID_NOT_VOTE,DNK,GREEN_EFA
175211,124875,AGAINST,DNK,PFE
175211,197558,FOR,DNK,RENEW
175211,197573,FOR,DNK,GREEN_EFA
175211,199941,FOR,DNK,SD
175211,257020,FOR,DNK,RENEW
175211,257023,FOR,DNK,GUE_NGL
175211,257025,AGAINST,DNK,ECR
175211,257028,FOR,DNK,EPP
175211,257033,FOR,DNK,EPP
175211,257038,DID_NOT_VOTE,DNK,RENEW
175211,257044,FOR,DNK,GREEN_EFA
175231,37312,ABSTENTION,DNK,SD
175231,96709,ABSTENTION,DNK,RENEW
175231,101585,DID_NOT_VOTE,DNK,SD
175231,111412,ABSTENTION,DNK,GREEN_EFA
175231,124875,AGAINST,DNK,PFE
175231,197558,ABSTENTION,DNK,RENEW
175231,197573,ABSTENTION,DNK,GREEN_EFA
175231,199941,ABSTENTION,DNK,SD
175231,257020,FOR,DNK,RENEW
175231,257023,AGAINST,DNK,GUE_NGL
175231,257025,AGAINST,DNK,ECR
175231,257028,AGAINST,DNK,EPP
175231,257033,AGAINST,DNK,EPP
175231,257038,DID_NOT_VOTE,DNK,RENEW
175231,257044,ABSTENTION,DNK,GREEN_EFA
175252,37312,FOR,DNK,SD
175252,96709,FOR,DNK,RENEW
175252,101585,DID_NOT_VOTE,DNK,SD
175252,111412,FOR,DNK,GREEN_EFA
175252,124875,AGAINST,DNK,PFE
175252,197558,FOR,DNK,RENEW
175252,197573,DID_NOT_VOTE,DNK,GREEN_EFA
175252,199941,FOR,DNK,SD
175252,257020,FOR,DNK,RENEW
175252,257023,FOR,DNK,GUE_NGL
175252,257025,AGAINST,DNK,ECR
175252,257028,FOR,DNK,EPP
175252,257033,FOR,DNK,EPP
175252,257038,DID_NOT_VOTE,DNK,RENEW
175252,257044,FOR,DNK,GREEN_EFA
175349,37312,FOR,DNK,SD
175349,96709,FOR,DNK,RENEW
175349,101585,FOR,DNK,SD
175349,111412,FOR,DNK,GREEN_EFA
175349,124875,AGAINST,DNK,PFE
175349,197558,FOR,DNK,RENEW
175349,197573,FOR,DNK,GREEN_EFA
175349,199941,FOR,DNK,SD
175349,257020,FOR,DNK,RENEW
175349,257023,FOR,DNK,GUE_NGL
175349,257025,ABSTENTION,DNK,ECR
175349,257028,DID_NOT_VOTE,DNK,EPP
175349,257033,ABSTENTION,DNK,EPP
175349,257038,DID_NOT_VOTE,DNK,RENEW
175349,257044,FOR,DNK,GREEN_EFA
175396,37312,FOR,DNK,SD
175396,96709,FOR,DNK,RENEW
175396,101585,DID_NOT_VOTE,DNK,SD
175396,111412,FOR,DNK,GREEN_EFA
175396,124875,AGAINST,DNK,PFE
175396,197558,FOR,DNK,RENEW
175396,197573,FOR,DNK,GREEN_EFA
175396,199941,FOR,DNK,SD
175396,257020,FOR,DNK,RENEW
175396,257023,ABSTENTION,DNK,GUE_NGL
175396,257025,ABSTENTION,DNK,ECR
175396,257028,FOR,DNK,EPP
175396,257033,FOR,DNK,EPP
175396,257038,DID_NOT_VOTE,DNK,RENEW
175396,257044,FOR,DNK,GREEN_EFA
175398,37312,FOR,DNK,SD
175398,96709,FOR,DNK,RENEW
175398,101585,FOR,DNK,SD
175398,111412,FOR,DNK,GREEN_EFA
175398,124875,FOR,DNK,PFE
175398,197558,FOR,DNK,RENEW
175398,197573,FOR,DNK,GREEN_EFA
175398,199941,DID_NOT_VOTE,DNK,SD
175398,257020,FOR,DNK,RENEW
175398,257023,DID_NOT_VOTE,DNK,GUE_NGL
175398,257025,FOR,DNK,ECR
175398,257028,FOR,DNK,EPP
175398,257033,FOR,DNK,EPP
175398,257038,DID_NOT_VOTE,DNK,RENEW
175398,257044,FOR,DNK,GREEN_EFA
175399,37312,FOR,DNK,SD
175399,96709,FOR,DNK,RENEW
175399,101585,FOR,DNK,SD
175399,111412,FOR,DNK,GREEN_EFA
175399,124875,AGAINST,DNK,PFE
175399,197558,FOR,DNK,RENEW
175399,197573,FOR,DNK,GREEN_EFA
175399,199941,DID_NOT_VOTE,DNK,SD
175399,257020,FOR,DNK,RENEW
175399,257023,AGAINST,DNK,GUE_NGL
175399,257025,AGAINST,DNK,ECR
175399,257028,AGAINST,DNK,EPP
175399,257033,AGAINST,DNK,EPP
175399,257038,DID_NOT_VOTE,DNK,RENEW
175399,257044,FOR,DNK,GREEN_EFA
175513,37312,FOR,DNK,SD
175513,96709,FOR,DNK,RENEW
175513,101585,FOR,DNK,SD
175513,111412,FOR,DNK,GREEN_EFA
175513,124875,AGAINST,DNK,PFE
175513,197558,FOR,DNK,RENEW
175513,197573,FOR,DNK,GREEN_EFA
175513,199941,FOR,DNK,SD
175513,257020,FOR,DNK,RENEW
175513,257023,FOR,DNK,GUE_NGL
175513,257025,AGAINST,DNK,ECR
175513,257028,FOR,DNK,EPP
175513,257033,FOR,DNK,EPP
175513,257038,DID_NOT_VOTE,DNK,RENEW
175513,257044,FOR,DNK,GREEN_EFA
175535,37312,FOR,DNK,SD
175535,96709,FOR,DNK,RENEW
175535,101585,FOR,DNK,SD
175535,111412,ABSTENTION,DNK,GREEN_EFA
175535,124875,AGAINST,DNK,PFE
175535,197558,FOR,DNK,RENEW
175535,197573,ABSTENTION,DNK,GREEN_EFA
175535,199941,FOR,DNK,SD
175535,257020,FOR,DNK,RENEW
175535,257023,FOR,DNK,GUE_NGL
175535,257025,ABSTENTION,DNK,ECR
175535,257028,FOR,DNK,EPP
175535,257033,FOR,DNK,EPP
175535,257038,DID_NOT_VOTE,DNK,RENEW
175535,257044,ABSTENTION,DNK,GREEN_EFA
175563,37312,FOR,DNK,SD
175563,96709,FOR,DNK,RENEW
175563,101585,DID_NOT_VOTE,DNK,SD
175563,111412,FOR,DNK,GREEN_EFA
175563,124875,AGAINST,DNK,PFE
175563,197558,FOR,DNK,RENEW
175563,197573,FOR,DNK,GREEN_EFA
175563,199941,FOR,DNK,SD
175563,257020,FOR,DNK,RENEW
175563,257023,FOR,DNK,GUE_NGL
175563,257025,ABSTENTION,DNK,ECR
175563,257028,FOR,DNK,EPP
175563,257033,FOR,DNK,EPP
175563,257038,DID_NOT_VOTE,DNK,RENEW
175563,257044,FOR,DNK,GREEN_EFA
175579,37312,DID_NOT_VOTE,DNK,SD
175579,96709,FOR,DNK,RENEW
175579,101585,FOR,DNK,SD
175579,111412,FOR,DNK,GREEN_EFA
175579,124875,AGAINST,DNK,PFE
175579,197558,DID_NOT_VOTE,DNK,RENEW
175579,197573,FOR,DNK,GREEN_EFA
175579,199941,DID_NOT_VOTE,DNK,SD
175579,257020,FOR,DNK,RENEW
175579,257023,DID_NOT_VOTE,DNK,GUE_NGL
175579,257025,AGAINST,DNK,ECR
175579,257028,FOR,DNK,EPP
175579,257033,FOR,DNK,EPP
175579,257038,DID_NOT_VOTE,DNK,RENEW
175579,257044,FOR,DNK,GREEN_EFA
175594,37312,FOR,DNK,SD
175594,96709,FOR,DNK,RENEW
175594,101585,FOR,DNK,SD
175594,111412,FOR,DNK,GREEN_EFA
175594,124875,AGAINST,DNK,PFE
175594,197558,FOR,DNK,RENEW
175594,197573,FOR,DNK,GREEN_EFA
175594,199941,DID_NOT_VOTE,DNK,SD
175594,257020,FOR,DNK,RENEW
175594,257023,DID_NOT_VOTE,DNK,GUE_NGL
175594,257025,AGAINST,DNK,ECR
175594,257028,FOR,DNK,EPP
175594,257033,FOR,DNK,EPP
175594,257038,DID_NOT_VOTE,DNK,RENEW
175594,257044,FOR,DNK,GREEN_EFA
175610,37312,FOR,DNK,SD
175610,96709,FOR,DNK,RENEW
175610,101585,FOR,DNK,SD
175610,111412,FOR,DNK,GREEN_EFA
175610,124875,ABSTENTION,DNK,PFE
175610,197558,FOR,DNK,RENEW
175610,197573,FOR,DNK,GREEN_EFA
175610,199941,DID_NOT_VOTE,DNK,SD
175610,257020,FOR,DNK,RENEW
175610,257023,AGAINST,DNK,GUE_NGL
175610,257025,FOR,DNK,ECR
175610,257028,FOR,DNK,EPP
175610,257033,FOR,DNK,EPP
175610,257038,DID_NOT_VOTE,DNK,RENEW
175610,257044,FOR,DNK,GREEN_EFA
175667,37312,FOR,DNK,SD
175667,96709,FOR,DNK,RENEW
175667,101585,FOR,DNK,SD
175667,111412,FOR,DNK,GREEN_EFA
175667,124875,AGAINST,DNK,PFE
175667,197558,FOR,DNK,RENEW
175667,197573,FOR,DNK,GREEN_EFA
175667,199941,DID_NOT_VOTE,DNK,SD
175667,257020,FOR,DNK,RENEW
175667,257023,FOR,DNK,GUE_NGL
175667,257025,AGAINST,DNK,ECR
175667,257028,FOR,DNK,EPP
175667,257033,FOR,DNK,EPP
175667,257038,DID_NOT_VOTE,DNK,RENEW
175667,257044,FOR,DNK,GREEN_EFA
175675,37312,FOR,DNK,SD
175675,96709,FOR,DNK,RENEW
175675,101585,FOR,DNK,SD
175675,111412,FOR,DNK,GREEN_EFA
175675,124875,AGAINST,DNK,PFE
175675,197558,FOR,DNK,RENEW
175675,197573,FOR,DNK,GREEN_EFA
175675,199941,FOR,DNK,SD
175675,257020,FOR,DNK,RENEW
175675,257023,FOR,DNK,GUE_NGL
175675,257025,ABSTENTION,DNK,ECR
175675,257028,FOR,DNK,EPP
175675,257033,FOR,DNK,EPP
175675,257038,DID_NOT_VOTE,DNK,RENEW
175675,257044,FOR,DNK,GREEN_EFA
175683,37312,FOR,DNK,SD
175683,96709,FOR,DNK,RENEW
175683,101585,FOR,DNK,SD
175683,111412,FOR,DNK,GREEN_EFA
175683,124875,AGAINST,DNK,PFE
175683,197558,FOR,DNK,RENEW
175683,197573,FOR,DNK,GREEN_EFA
175683,199941,FOR,DNK,SD
175683,257020,FOR,DNK,RENEW
175683,257023,FOR,DNK,GUE_NGL
175683,257025,AGAINST,DNK,ECR
175683,257028,FOR,DNK,EPP
175683,257033,FOR,DNK,EPP
175683,257038,DID_NOT_VOTE,DNK,RENEW
175683,257044,FOR,DNK,GREEN_EFA
175687,37312,FOR,DNK,SD
175687,96709,FOR,DNK,RENEW
175687,101585,FOR,DNK,SD
175687,111412,FOR,DNK,GREEN_EFA
175687,124875,AGAINST,DNK,PFE
175687,197558,FOR,DNK,RENEW
175687,197573,FOR,DNK,GREEN_EFA
175687,199941,FOR,DNK,SD
175687,257020,FOR,DNK,RENEW
175687,257023,FOR,DNK,GUE_NGL
175687,257025,AGAINST,DNK,ECR
175687,257028,FOR,DNK,EPP
175687,257033,FOR,DNK,EPP
175687,257038,DID_NOT_VOTE,DNK,RENEW
175687,257044,FOR,DNK,GREEN_EFA
175707,37312,FOR,DNK,SD
175707,96709,FOR,DNK,RENEW
175707,101585,FOR,DNK,SD
175707,111412,FOR,DNK,GREEN_EFA
175707,124875,AGAINST,DNK,PFE
175707,197558,FOR,DNK,RENEW
175707,197573,FOR,DNK,GREEN_EFA
175707,199941,FOR,DNK,SD
175707,257020,FOR,DNK,RENEW
175707,257023,FOR,DNK,GUE_NGL
175707,257025,ABSTENTION,DNK,ECR
175707,257028,FOR,DNK,EPP
175707,257033,FOR,DNK,EPP
175707,257038,DID_NOT_VOTE,DNK,RENEW
175707,257044,FOR,DNK,GREEN_EFA
175709,37312,FOR,DNK,SD
175709,96709,FOR,DNK,RENEW
175709,101585,FOR,DNK,SD
175709,111412,FOR,DNK,GREEN_EFA
175709,124875,AGAINST,DNK,PFE
175709,197558,FOR,DNK,RENEW
175709,197573,FOR,DNK,GREEN_EFA
175709,199941,FOR,DNK,SD
175709,257020,FOR,DNK,RENEW
175709,257023,FOR,DNK,GUE_NGL
175709,257025,AGAINST,DNK,ECR
175709,257028,FOR,DNK,EPP
175709,257033,FOR,DNK,EPP
175709,257038,DID_NOT_VOTE,DNK,RENEW
175709,257044,FOR,DNK,GREEN_EFA
175712,37312,FOR,DNK,SD
175712,96709,FOR,DNK,RENEW
175712,101585,FOR,DNK,SD
175712,111412,FOR,DNK,GREEN_EFA
175712,124875,AGAINST,DNK,PFE
175712,197558,FOR,DNK,RENEW
175712,197573,FOR,DNK,GREEN_EFA
175712,199941,FOR,DNK,SD
175712,257020,FOR,DNK,RENEW
175712,257023,FOR,DNK,GUE_NGL
175712,257025,ABSTENTION,DNK,ECR
175712,257028,FOR,DNK,EPP
175712,257033,FOR,DNK,EPP
175712,257038,DID_NOT_VOTE,DNK,RENEW
175712,257044,FOR,DNK,GREEN_EFA
175736,37312,FOR,DNK,SD
175736,96709,FOR,DNK,RENEW
175736,101585,FOR,DNK,SD
175736,111412,FOR,DNK,GREEN_EFA
175736,124875,AGAINST,DNK,PFE
175736,197558,FOR,DNK,RENEW
175736,197573,FOR,DNK,GREEN_EFA
175736,199941,FOR,DNK,SD
175736,257020,FOR,DNK,RENEW
175736,257023,FOR,DNK,GUE_NGL
175736,257025,AGAINST,DNK,ECR
175736,257028,FOR,DNK,EPP
175736,257033,FOR,DNK,EPP
175736,257038,DID_NOT_VOTE,DNK,RENEW
175736,257044,FOR,DNK,GREEN_EFA
175761,37312,FOR,DNK,SD
175761,96709,FOR,DNK,RENEW
175761,101585,FOR,DNK,SD
175761,111412,FOR,DNK,GREEN_EFA
175761,124875,AGAINST,DNK,PFE
175761,197558,FOR,DNK,RENEW
175761,197573,FOR,DNK,GREEN_EFA
175761,199941,FOR,DNK,SD
175761,257020,FOR,DNK,RENEW
175761,257023,AGAINST,DNK,GUE_NGL
175761,257025,AGAINST,DNK,ECR
175761,257028,FOR,DNK,EPP
175761,257033,FOR,DNK,EPP
175761,257038,DID_NOT_VOTE,DNK,RENEW
175761,257044,FOR,DNK,GREEN_EFA
175913,37312,FOR,DNK,SD
175913,96709,FOR,DNK,RENEW
175913,101585,FOR,DNK,SD
175913,111412,FOR,DNK,GREEN_EFA
175913,124875,FOR,DNK,PFE
175913,197558,FOR,DNK,RENEW
175913,197573,AGAINST,DNK,GREEN_EFA
175913,199941,FOR,DNK,SD
175913,257020,FOR,DNK,RENEW
175913,257023,FOR,DNK,GUE_NGL
175913,257025,FOR,DNK,ECR
175913,257028,FOR,DNK,EPP
175913,257033,FOR,DNK,EPP
175913,257038,DID_NOT_VOTE,DNK,RENEW
175913,257044,FOR,DNK,GREEN_EFA
175931,37312,FOR,DNK,SD
175931,96709,FOR,DNK,RENEW
175931,101585,FOR,DNK,SD
175931,111412,FOR,DNK,GREEN_EFA
175931,124875,AGAINST,DNK,PFE
175931,197558,FOR,DNK,RENEW
175931,197573,FOR,DNK,GREEN_EFA
175931,199941,FOR,DNK,SD
175931,257020,FOR,DNK,RENEW
175931,257023,FOR,DNK,GUE_NGL
175931,257025,ABSTENTION,DNK,ECR
175931,257028,FOR,DNK,EPP
175931,257033,FOR,DNK,EPP
175931,257038,DID_NOT_VOTE,DNK,RENEW
175931,257044,FOR,DNK,GREEN_EFA
176089,37312,FOR,DNK,SD
176089,96709,AGAINST,DNK,RENEW
176089,101585,FOR,DNK,SD
176089,111412,FOR,DNK,GREEN_EFA
176089,124875,FOR,DNK,PFE
176089,197558,DID_NOT_VOTE,DNK,RENEW
176089,197573,FOR,DNK,GREEN_EFA
176089,199941,DID_NOT_VOTE,DNK,SD
176089,257020,AGAINST,DNK,RENEW
176089,257023,DID_NOT_VOTE,DNK,GUE_NGL
176089,257025,AGAINST,DNK,ECR
176089,257028,AGAINST,DNK,EPP
176089,257033,AGAINST,DNK,EPP
176089,257038,DID_NOT_VOTE,DNK,RENEW
176089,257044,FOR,DNK,GREEN_EFA
176090,37312,AGAINST,DNK,SD
176090,96709,AGAINST,DNK,RENEW
176090,101585,AGAINST,DNK,SD
176090,111412,AGAINST,DNK,GREEN_EFA
176090,124875,FOR,DNK,PFE
176090,197558,AGAINST,DNK,RENEW
176090,197573,AGAINST,DNK,GREEN_EFA
176090,199941,DID_NOT_VOTE,DNK,SD
176090,257020,AGAINST,DNK,RENEW
176090,257023,AGAINST,DNK,GUE_NGL
176090,257025,ABSTENTION,DNK,ECR
176090,257028,FOR,DNK,EPP
176090,257033,FOR,DNK,EPP
176090,257038,DID_NOT_VOTE,DNK,RENEW
176090,257044,AGAINST,DNK,GREEN_EFA
176091,37312,AGAINST,DNK,SD
176091,96709,FOR,DNK,RENEW
176091,101585,AGAINST,DNK,SD
176091,111412,AGAINST,DNK,GREEN_EFA
176091,124875,FOR,DNK,PFE
176091,197558,FOR,DNK,RENEW
176091,197573,AGAINST,DNK,GREEN_EFA
176091,199941,AGAINST,DNK,SD
176091,257020,FOR,DNK,RENEW
176091,257023,AGAINST,DNK,GUE_NGL
176091,257025,FOR,DNK,ECR
176091,257028,FOR,DNK,EPP
176091,257033,FOR,DNK,EPP
176091,257038,DID_NOT_VOTE,DNK,RENEW
176091,257044,AGAINST,DNK,GREEN_EFA
176241,37312,FOR,DNK,SD
176241,96709,FOR,DNK,RENEW
176241,101585,FOR,DNK,SD
176241,111412,AGAINST,DNK,GREEN_EFA
176241,124875,FOR,DNK,PFE
176241,197558,FOR,DNK,RENEW
176241,197573,AGAINST,DNK,GREEN_EFA
176241,199941,DID_NOT_VOTE,DNK,SD
176241,257020,FOR,DNK,RENEW
176241,257023,AGAINST,DNK,GUE_NGL
176241,257025,FOR,DNK,ECR
176241,257028,FOR,DNK,EPP
176241,257033,FOR,DNK,EPP
176241,257038,DID_NOT_VOTE,DNK,RENEW
176241,257044,AGAINST,DNK,GREEN_EFA
176281,37312,DID_NOT_VOTE,DNK,SD
176281,96709,DID_NOT_VOTE,DNK,RENEW
176281,101585,DID_NOT_VOTE,DNK,SD
176281,111412,DID_NOT_VOTE,DNK,GREEN_EFA
176281,124875,ABSTENTION,DNK,PFE
176281,197558,DID_NOT_VOTE,DNK,RENEW
176281,197573,DID_NOT_VOTE,DNK,GREEN_EFA
176281,199941,DID_NOT_VOTE,DNK,SD
176281,257020,DID_NOT_VOTE,DNK,RENEW
176281,257023,DID_NOT_VOTE,DNK,GUE_NGL
176281,257025,FOR,DNK,ECR
176281,257028,FOR,DNK,EPP
176281,257033,DID_NOT_VOTE,DNK,EPP
176281,257038,DID_NOT_VOTE,DNK,RENEW
176281,257044,FOR,DNK,GREEN_EFA
176302,37312,FOR,DNK,SD
176302,96709,FOR,DNK,RENEW
176302,101585,FOR,DNK,SD
176302,111412,AGAINST,DNK,GREEN_EFA
176302,124875,FOR,DNK,PFE
176302,197558,FOR,DNK,RENEW
176302,197573,AGAINST,DNK,GREEN_EFA
176302,199941,DID_NOT_VOTE,DNK,SD
176302,257020,ABSTENTION,DNK,RENEW
176302,257023,AGAINST,DNK,GUE_NGL
176302,257025,FOR,DNK,ECR
176302,257028,FOR,DNK,EPP
176302,257033,FOR,DNK,EPP
176302,257038,DID_NOT_VOTE,DNK,RENEW
176302,257044,AGAINST,DNK,GREEN_EFA
176309,37312,FOR,DNK,SD
176309,96709,FOR,DNK,RENEW
176309,101585,FOR,DNK,SD
176309,111412,FOR,DNK,GREEN_EFA
176309,124875,ABSTENTION,DNK,PFE
176309,197558,FOR,DNK,RENEW
176309,197573,FOR,DNK,GREEN_EFA
176309,199941,DID_NOT_VOTE,DNK,SD
176309,257020,FOR,DNK,RENEW
176309,257023,FOR,DNK,GUE_NGL
176309,257025,FOR,DNK,ECR
176309,257028,FOR,DNK,EPP
176309,257033,FOR,DNK,EPP
176309,257038,DID_NOT_VOTE,DNK,RENEW
176309,257044,FOR,DNK,GREEN_EFA
176343,37312,FOR,DNK,SD
176343,96709,FOR,DNK,RENEW
176343,101585,FOR,DNK,SD
176343,111412,FOR,DNK,GREEN_EFA
176343,124875,ABSTENTION,DNK,PFE
176343,197558,FOR,DNK,RENEW
176343,197573,FOR,DNK,GREEN_EFA
176343,199941,DID_NOT_VOTE,DNK,SD
176343,257020,FOR,DNK,RENEW
176343,257023,FOR,DNK,GUE_NGL
176343,257025,FOR,DNK,ECR
176343,257028,FOR,DNK,EPP
176343,257033,FOR,DNK,EPP
176343,257038,DID_NOT_VOTE,DNK,RENEW
176343,257044,FOR,DNK,GREEN_EFA
176681,37312,FOR,DNK,SD
176681,96709,FOR,DNK,RENEW
176681,101585,FOR,DNK,SD
176681,111412,DID_NOT_VOTE,DNK,GREEN_EFA
176681,124875,AGAINST,DNK,PFE
176681,197558,FOR,DNK,RENEW
176681,197573,AGAINST,DNK,GREEN_EFA
176681,199941,DID_NOT_VOTE,DNK,SD
176681,257020,FOR,DNK,RENEW
176681,257023,ABSTENTION,DNK,GUE_NGL
176681,257025,AGAINST,DNK,ECR
176681,257028,FOR,DNK,EPP
176681,257033,FOR,DNK,EPP
176681,257038,DID_NOT_VOTE,DNK,RENEW
176681,257044,AGAINST,DNK,GREEN_EFA
176688,37312,FOR,DNK,SD
176688,96709,FOR,DNK,RENEW
176688,101585,FOR,DNK,SD
176688,111412,FOR,DNK,GREEN_EFA
176688,124875,FOR,DNK,PFE
176688,197558,FOR,DNK,RENEW
176688,197573,FOR,DNK,GREEN_EFA
176688,199941,DID_NOT_VOTE,DNK,SD
176688,257020,FOR,DNK,RENEW
176688,257023,FOR,DNK,GUE_NGL
176688,257025,FOR,DNK,ECR
176688,257028,FOR,DNK,EPP
176688,257033,FOR,DNK,EPP
176688,257038,DID_NOT_VOTE,DNK,RENEW
176688,257044,FOR,DNK,GREEN_EFA
176731,37312,AGAINST,DNK,SD
176731,96709,ABSTENTION,DNK,RENEW
176731,101585,AGAINST,DNK,SD
176731,111412,AGAINST,DNK,GREEN_EFA
176731,124875,FOR,DNK,PFE
176731,197558,ABSTENTION,DNK,RENEW
176731,197573,AGAINST,DNK,GREEN_EFA
176731,199941,DID_NOT_VOTE,DNK,SD
176731,257020,ABSTENTION,DNK,RENEW
176731,257023,AGAINST,DNK,GUE_NGL
176731,257025,ABSTENTION,DNK,ECR
176731,257028,FOR,DNK,EPP
176731,257033,FOR,DNK,EPP
176731,257038,DID_NOT_VOTE,DNK,RENEW
176731,257044,AGAINST,DNK,GREEN_EFA
176743,37312,FOR,DNK,SD
176743,96709,FOR,DNK,RENEW
176743,101585,FOR,DNK,SD
176743,111412,AGAINST,DNK,GREEN_EFA
176743,124875,AGAINST,DNK,PFE
176743,197558,FOR,DNK,RENEW
176743,197573,AGAINST,DNK,GREEN_EFA
176743,199941,DID_NOT_VOTE,DNK,SD
176743,257020,FOR,DNK,RENEW
176743,257023,AGAINST,DNK,GUE_NGL
176743,257025,AGAINST,DNK,ECR
176743,257028,FOR,DNK,EPP
176743,257033,FOR,DNK,EPP
176743,257038,DID_NOT_VOTE,DNK,RENEW
176743,257044,AGAINST,DNK,GREEN_EFA
176844,37312,FOR,DNK,SD
176844,96709,FOR,DNK,RENEW
176844,101585,FOR,DNK,SD
176844,111412,FOR,DNK,GREEN_EFA
176844,124875,AGAINST,DNK,PFE
176844,197558,FOR,DNK,RENEW
176844,197573,FOR,DNK,GREEN_EFA
176844,199941,DID_NOT_VOTE,DNK,SD
176844,257020,FOR,DNK,RENEW
176844,257023,FOR,DNK,GUE_NGL
176844,257025,FOR,DNK,ECR
176844,257028,FOR,DNK,EPP
176844,257033,FOR,DNK,EPP
176844,257038,DID_NOT_VOTE,DNK,RENEW
176844,257044,FOR,DNK,GREEN_EFA
176873,37312,FOR,DNK,SD
176873,96709,FOR,DNK,RENEW
176873,101585,FOR,DNK,SD
176873,111412,FOR,DNK,GREEN_EFA
176873,124875,FOR,DNK,PFE
176873,197558,FOR,DNK,RENEW
176873,197573,FOR,DNK,GREEN_EFA
176873,199941,DID_NOT_VOTE,DNK,SD
176873,257020,FOR,DNK,RENEW
176873,257023,FOR,DNK,GUE_NGL
176873,257025,FOR,DNK,ECR
176873,257028,FOR,DNK,EPP
176873,257033,FOR,DNK,EPP
176873,257038,DID_NOT_VOTE,DNK,RENEW
176873,257044,FOR,DNK,GREEN_EFA
176981,37312,FOR,DNK,SD
176981,96709,FOR,DNK,RENEW
176981,101585,FOR,DNK,SD
176981,111412,FOR,DNK,GREEN_EFA
176981,124875,ABSTENTION,DNK,PFE
176981,197558,FOR,DNK,RENEW
176981,197573,FOR,DNK,GREEN_EFA
176981,199941,FOR,DNK,SD
176981,257020,FOR,DNK,RENEW
176981,257023,FOR,DNK,GUE_NGL
176981,257025,AGAINST,DNK,ECR
176981,257028,ABSTENTION,DNK,EPP
176981,257033,FOR,DNK,EPP
176981,257038,DID_NOT_VOTE,DNK,RENEW
176981,257044,FOR,DNK,GREEN_EFA
176982,37312,FOR,DNK,SD
176982,96709,FOR,DNK,RENEW
176982,101585,FOR,DNK,SD
176982,111412,FOR,DNK,GREEN_EFA
176982,124875,FOR,DNK,PFE
176982,197558,FOR,DNK,RENEW
176982,197573,FOR,DNK,GREEN_EFA
176982,199941,FOR,DNK,SD
176982,257020,FOR,DNK,RENEW
176982,257023,FOR,DNK,GUE_NGL
176982,257025,AGAINST,DNK,ECR
176982,257028,FOR,DNK,EPP
176982,257033,FOR,DNK,EPP
176982,257038,DID_NOT_VOTE,DNK,RENEW
176982,257044,FOR,DNK,GREEN_EFA
177025,37312,FOR,DNK,SD
177025,96709,FOR,DNK,RENEW
177025,101585,FOR,DNK,SD
177025,111412,FOR,DNK,GREEN_EFA
177025,124875,ABSTENTION,DNK,PFE
177025,197558,FOR,DNK,RENEW
177025,197573,FOR,DNK,GREEN_EFA
177025,199941,FOR,DNK,SD
177025,257020,FOR,DNK,RENEW
177025,257023,FOR,DNK,GUE_NGL
177025,257025,FOR,DNK,ECR
177025,257028,FOR,DNK,EPP
177025,257033,FOR,DNK,EPP
177025,257038,DID_NOT_VOTE,DNK,RENEW
177025,257044,FOR,DNK,GREEN_EFA
177027,37312,FOR,DNK,SD
177027,96709,FOR,DNK,RENEW
177027,101585,FOR,DNK,SD
177027,111412,FOR,DNK,GREEN_EFA
177027,124875,FOR,DNK,PFE
177027,197558,FOR,DNK,RENEW
177027,197573,FOR,DNK,GREEN_EFA
177027,199941,FOR,DNK,SD
177027,257020,FOR,DNK,RENEW
177027,257023,FOR,DNK,GUE_NGL
177027,257025,FOR,DNK,ECR
177027,257028,FOR,DNK,EPP
177027,257033,FOR,DNK,EPP
177027,257038,DID_NOT_VOTE,DNK,RENEW
177027,257044,FOR,DNK,GREEN_EFA
177034,37312,FOR,DNK,SD
177034,96709,FOR,DNK,RENEW
177034,101585,FOR,DNK,SD
177034,111412,FOR,DNK,GREEN_EFA
177034,124875,AGAINST,DNK,PFE
177034,197558,FOR,DNK,RENEW
177034,197573,FOR,DNK,GREEN_EFA
177034,199941,FOR,DNK,SD
177034,257020,FOR,DNK,RENEW
177034,257023,FOR,DNK,GUE_NGL
177034,257025,FOR,DNK,ECR
177034,257028,FOR,DNK,EPP
177034,257033,FOR,DNK,EPP
177034,257038,DID_NOT_VOTE,DNK,RENEW
177034,257044,FOR,DNK,GREEN_EFA
177061,37312,FOR,DNK,SD
177061,96709,FOR,DNK,RENEW
177061,101585,FOR,DNK,SD
177061,111412,FOR,DNK,GREEN_EFA
177061,124875,ABSTENTION,DNK,PFE
177061,197558,FOR,DNK,RENEW
177061,197573,FOR,DNK,GREEN_EFA
177061,199941,FOR,DNK,SD
177061,257020,FOR,DNK,RENEW
177061,257023,FOR,DNK,GUE_NGL
177061,257025,ABSTENTION,DNK,ECR
177061,257028,FOR,DNK,EPP
177061,257033,FOR,DNK,EPP
177061,257038,DID_NOT_VOTE,DNK,RENEW
177061,257044,FOR,DNK,GREEN_EFA
177135,37312,FOR,DNK,SD
177135,96709,FOR,DNK,RENEW
177135,101585,FOR,DNK,SD
177135,111412,FOR,DNK,GREEN_EFA
177135,124875,AGAINST,DNK,PFE
177135,197558,FOR,DNK,RENEW
177135,197573,FOR,DNK,GREEN_EFA
177135,199941,FOR,DNK,SD
177135,257020,FOR,DNK,RENEW
177135,257023,FOR,DNK,GUE_NGL
177135,257025,AGAINST,DNK,ECR
177135,257028,FOR,DNK,EPP
177135,257033,FOR,DNK,EPP
177135,257038,DID_NOT_VOTE,DNK,RENEW
177135,257044,FOR,DNK,GREEN_EFA
177169,37312,FOR,DNK,SD
177169,96709,FOR,DNK,RENEW
177169,101585,FOR,DNK,SD
177169,111412,FOR,DNK,GREEN_EFA
177169,124875,AGAINST,DNK,PFE
177169,197558,FOR,DNK,RENEW
177169,197573,FOR,DNK,GREEN_EFA
177169,199941,FOR,DNK,SD
177169,257020,FOR,DNK,RENEW
177169,257023,FOR,DNK,GUE_NGL
177169,257025,ABSTENTION,DNK,ECR
177169,257028,FOR,DNK,EPP
177169,257033,FOR,DNK,EPP
177169,257038,DID_NOT_VOTE,DNK,RENEW
177169,257044,FOR,DNK,GREEN_EFA
177229,37312,FOR,DNK,SD
177229,96709,FOR,DNK,RENEW
177229,101585,FOR,DNK,SD
177229,111412,FOR,DNK,GREEN_EFA
177229,124875,AGAINST,DNK,PFE
177229,197558,FOR,DNK,RENEW
177229,197573,FOR,DNK,GREEN_EFA
177229,199941,FOR,DNK,SD
177229,257020,FOR,DNK,RENEW
177229,257023,FOR,DNK,GUE_NGL
177229,257025,AGAINST,DNK,ECR
177229,257028,FOR,DNK,EPP
177229,257033,FOR,DNK,EPP
177229,257038,DID_NOT_VOTE,DNK,RENEW
177229,257044,FOR,DNK,GREEN_EFA
177332,37312,AGAINST,DNK,SD
177332,96709,FOR,DNK,RENEW
177332,101585,AGAINST,DNK,SD
177332,111412,FOR,DNK,GREEN_EFA
177332,124875,AGAINST,DNK,PFE
177332,197558,FOR,DNK,RENEW
177332,197573,FOR,DNK,GREEN_EFA
177332,199941,AGAINST,DNK,SD
177332,257020,FOR,DNK,RENEW
177332,257023,FOR,DNK,GUE_NGL
177332,257025,AGAINST,DNK,ECR
177332,257028,AGAINST,DNK,EPP
177332,257033,AGAINST,DNK,EPP
177332,257038,DID_NOT_VOTE,DNK,RENEW
177332,257044,FOR,DNK,GREEN_EFA
177333,37312,FOR,DNK,SD
177333,96709,FOR,DNK,RENEW
177333,101585,FOR,DNK,SD
177333,111412,FOR,DNK,GREEN_EFA
177333,124875,FOR,DNK,PFE
177333,197558,FOR,DNK,RENEW
177333,197573,FOR,DNK,GREEN_EFA
177333,199941,FOR,DNK,SD
177333,257020,FOR,DNK,RENEW
177333,257023,AGAINST,DNK,GUE_NGL
177333,257025,FOR,DNK,ECR
177333,257028,FOR,DNK,EPP
177333,257033,FOR,DNK,EPP
177333,257038,DID_NOT_VOTE,DNK,RENEW
177333,257044,FOR,DNK,GREEN_EFA
177334,37312,FOR,DNK,SD
177334,96709,FOR,DNK,RENEW
177334,101585,FOR,DNK,SD
177334,111412,FOR,DNK,GREEN_EFA
177334,124875,ABSTENTION,DNK,PFE
177334,197558,FOR,DNK,RENEW
177334,197573,FOR,DNK,GREEN_EFA
177334,199941,FOR,DNK,SD
177334,257020,FOR,DNK,RENEW
177334,257023,FOR,DNK,GUE_NGL
177334,257025,ABSTENTION,DNK,ECR
177334,257028,FOR,DNK,EPP
177334,257033,FOR,DNK,EPP
177334,257038,DID_NOT_VOTE,DNK,RENEW
177334,257044,FOR,DNK,GREEN_EFA
177335,37312,FOR,DNK,SD
177335,96709,FOR,DNK,RENEW
177335,101585,FOR,DNK,SD
177335,111412,FOR,DNK,GREEN_EFA
177335,124875,ABSTENTION,DNK,PFE
177335,197558,FOR,DNK,RENEW
177335,197573,FOR,DNK,GREEN_EFA
177335,199941,FOR,DNK,SD
177335,257020,FOR,DNK,RENEW
177335,257023,FOR,DNK,GUE_NGL
177335,257025,ABSTENTION,DNK,ECR
177335,257028,FOR,DNK,EPP
177335,257033,FOR,DNK,EPP
177335,257038,DID_NOT_VOTE,DNK,RENEW
177335,257044,FOR,DNK,GREEN_EFA
177337,37312,FOR,DNK,SD
177337,96709,FOR,DNK,RENEW
177337,101585,DID_NOT_VOTE,DNK,SD
177337,111412,AGAINST,DNK,GREEN_EFA
177337,124875,DID_NOT_VOTE,DNK,PFE
177337,197558,FOR,DNK,RENEW
177337,197573,AGAINST,DNK,GREEN_EFA
177337,199941,DID_NOT_VOTE,DNK,SD
177337,257020,FOR,DNK,RENEW
177337,257023,AGAINST,DNK,GUE_NGL
177337,257025,DID_NOT_VOTE,DNK,ECR
177337,257028,FOR,DNK,EPP
177337,257033,FOR,DNK,EPP
177337,257038,DID_NOT_VOTE,DNK,RENEW
177337,257044,AGAINST,DNK,GREEN_EFA
177408,37312,FOR,DNK,SD
177408,96709,FOR,DNK,RENEW
177408,101585,FOR,DNK,SD
177408,111412,FOR,DNK,GREEN_EFA
177408,124875,ABSTENTION,DNK,PFE
177408,197558,FOR,DNK,RENEW
177408,197573,FOR,DNK,GREEN_EFA
177408,199941,FOR,DNK,SD
177408,257020,FOR,DNK,RENEW
177408,257023,FOR,DNK,GUE_NGL
177408,257025,ABSTENTION,DNK,ECR
177408,257028,FOR,DNK,EPP
177408,257033,FOR,DNK,EPP
177408,257038,DID_NOT_VOTE,DNK,RENEW
177408,257044,FOR,DNK,GREEN_EFA
177411,37312,FOR,DNK,SD
177411,96709,FOR,DNK,RENEW
177411,101585,FOR,DNK,SD
177411,111412,FOR,DNK,GREEN_EFA
177411,124875,ABSTENTION,DNK,PFE
177411,197558,FOR,DNK,RENEW
177411,197573,FOR,DNK,GREEN_EFA
177411,199941,FOR,DNK,SD
177411,257020,FOR,DNK,RENEW
177411,257023,FOR,DNK,GUE_NGL
177411,257025,ABSTENTION,DNK,ECR
177411,257028,FOR,DNK,EPP
177411,257033,FOR,DNK,EPP
177411,257038,DID_NOT_VOTE,DNK,RENEW
177411,257044,FOR,DNK,GREEN_EFA
177454,37312,FOR,DNK,SD
177454,96709,FOR,DNK,RENEW
177454,101585,FOR,DNK,SD
177454,111412,FOR,DNK,GREEN_EFA
177454,124875,AGAINST,DNK,PFE
177454,197558,FOR,DNK,RENEW
177454,197573,FOR,DNK,GREEN_EFA
177454,199941,FOR,DNK,SD
177454,257020,FOR,DNK,RENEW
177454,257023,AGAINST,DNK,GUE_NGL
177454,257025,ABSTENTION,DNK,ECR
177454,257028,FOR,DNK,EPP
177454,257033,FOR,DNK,EPP
177454,257038,DID_NOT_VOTE,DNK,RENEW
177454,257044,FOR,DNK,GREEN_EFA
177532,37312,FOR,DNK,SD
177532,96709,FOR,DNK,RENEW
177532,101585,FOR,DNK,SD
177532,111412,FOR,DNK,GREEN_EFA
177532,124875,ABSTENTION,DNK,PFE
177532,197558,FOR,DNK,RENEW
177532,197573,FOR,DNK,GREEN_EFA
177532,199941,FOR,DNK,SD
177532,257020,FOR,DNK,RENEW
177532,257023,FOR,DNK,GUE_NGL
177532,257025,ABSTENTION,DNK,ECR
177532,257028,FOR,DNK,EPP
177532,257033,FOR,DNK,EPP
177532,257038,DID_NOT_VOTE,DNK,RENEW
177532,257044,FOR,DNK,GREEN_EFA
177595,37312,FOR,DNK,SD
177595,96709,FOR,DNK,RENEW
177595,101585,FOR,DNK,SD
177595,111412,FOR,DNK,GREEN_EFA
177595,124875,ABSTENTION,DNK,PFE
177595,197558,FOR,DNK,RENEW
177595,197573,DID_NOT_VOTE,DNK,GREEN_EFA
177595,199941,FOR,DNK,SD
177595,257020,FOR,DNK,RENEW
177595,257023,FOR,DNK,GUE_NGL
177595,257025,FOR,DNK,ECR
177595,257028,FOR,DNK,EPP
177595,257033,FOR,DNK,EPP
177595,257038,DID_NOT_VOTE,DNK,RENEW
177595,257044,FOR,DNK,GREEN_EFA
177602,37312,FOR,DNK,SD
177602,96709,FOR,DNK,RENEW
177602,101585,FOR,DNK,SD
177602,111412,FOR,DNK,GREEN_EFA
177602,124875,ABSTENTION,DNK,PFE
177602,197558,FOR,DNK,RENEW
177602,197573,FOR,DNK,GREEN_EFA
177602,199941,FOR,DNK,SD
177602,257020,FOR,DNK,RENEW
177602,257023,FOR,DNK,GUE_NGL
177602,257025,FOR,DNK,ECR
177602,257028,FOR,DNK,EPP
177602,257033,FOR,DNK,EPP
177602,257038,DID_NOT_VOTE,DNK,RENEW
177602,257044,FOR,DNK,GREEN_EFA
177616,37312,FOR,DNK,SD
177616,96709,FOR,DNK,RENEW
177616,101585,FOR,DNK,SD
177616,111412,FOR,DNK,GREEN_EFA
177616,124875,ABSTENTION,DNK,PFE
177616,197558,FOR,DNK,RENEW
177616,197573,FOR,DNK,GREEN_EFA
177616,199941,AGAINST,DNK,SD
177616,257020,FOR,DNK,RENEW
177616,257023,FOR,DNK,GUE_NGL
177616,257025,FOR,DNK,ECR
177616,257028,FOR,DNK,EPP
177616,257033,FOR,DNK,EPP
177616,257038,DID_NOT_VOTE,DNK,RENEW
177616,257044,FOR,DNK,GREEN_EFA
177648,37312,FOR,DNK,SD
177648,96709,FOR,DNK,RENEW
177648,101585,FOR,DNK,SD
177648,111412,FOR,DNK,GREEN_EFA
177648,124875,AGAINST,DNK,PFE
177648,197558,FOR,DNK,RENEW
177648,197573,FOR,DNK,GREEN_EFA
177648,199941,FOR,DNK,SD
177648,257020,FOR,DNK,RENEW
177648,257023,FOR,DNK,GUE_NGL
177648,257025,FOR,DNK,ECR
177648,257028,FOR,DNK,EPP
177648,257033,FOR,DNK,EPP
177648,257038,DID_NOT_VOTE,DNK,RENEW
177648,257044,FOR,DNK,GREEN_EFA
177650,37312,FOR,DNK,SD
177650,96709,FOR,DNK,RENEW
177650,101585,FOR,DNK,SD
177650,111412,ABSTENTION,DNK,GREEN_EFA
177650,124875,FOR,DNK,PFE
177650,197558,FOR,DNK,RENEW
177650,197573,ABSTENTION,DNK,GREEN_EFA
177650,199941,FOR,DNK,SD
177650,257020,FOR,DNK,RENEW
177650,257023,AGAINST,DNK,GUE_NGL
177650,257025,FOR,DNK,ECR
177650,257028,FOR,DNK,EPP
177650,257033,FOR,DNK,EPP
177650,257038,DID_NOT_VOTE,DNK,RENEW
177650,257044,ABSTENTION,DNK,GREEN_EFA
177664,37312,FOR,DNK,SD
177664,96709,FOR,DNK,RENEW
177664,101585,FOR,DNK,SD
177664,111412,FOR,DNK,GREEN_EFA
177664,124875,AGAINST,DNK,PFE
177664,197558,FOR,DNK,RENEW
177664,197573,FOR,DNK,GREEN_EFA
177664,199941,FOR,DNK,SD
177664,257020,FOR,DNK,RENEW
177664,257023,ABSTENTION,DNK,GUE_NGL
177664,257025,AGAINST,DNK,ECR
177664,257028,FOR,DNK,EPP
177664,257033,FOR,DNK,EPP
177664,257038,DID_NOT_VOTE,DNK,RENEW
177664,257044,FOR,DNK,GREEN_EFA
177665,37312,FOR,DNK,SD
177665,96709,FOR,DNK,RENEW
177665,101585,FOR,DNK,SD
177665,111412,FOR,DNK,GREEN_EFA
177665,124875,AGAINST,DNK,PFE
177665,197558,FOR,DNK,RENEW
177665,197573,FOR,DNK,GREEN_EFA
177665,199941,FOR,DNK,SD
177665,257020,FOR,DNK,RENEW
177665,257023,FOR,DNK,GUE_NGL
177665,257025,FOR,DNK,ECR
177665,257028,FOR,DNK,EPP
177665,257033,FOR,DNK,EPP
177665,257038,DID_NOT_VOTE,DNK,RENEW
177665,257044,FOR,DNK,GREEN_EFA
177666,37312,FOR,DNK,SD
177666,96709,FOR,DNK,RENEW
177666,101585,FOR,DNK,SD
177666,111412,FOR,DNK,GREEN_EFA
177666,124875,AGAINST,DNK,PFE
177666,197558,FOR,DNK,RENEW
177666,197573,FOR,DNK,GREEN_EFA
177666,199941,AGAINST,DNK,SD
177666,257020,FOR,DNK,RENEW
177666,257023,FOR,DNK,GUE_NGL
177666,257025,AGAINST,DNK,ECR
177666,257028,FOR,DNK,EPP
177666,257033,FOR,DNK,EPP
177666,257038,DID_NOT_VOTE,DNK,RENEW
177666,257044,FOR,DNK,GREEN_EFA
177670,37312,FOR,DNK,SD
177670,96709,FOR,DNK,RENEW
177670,101585,FOR,DNK,SD
177670,111412,FOR,DNK,GREEN_EFA
177670,124875,AGAINST,DNK,PFE
177670,197558,FOR,DNK,RENEW
177670,197573,FOR,DNK,GREEN_EFA
177670,199941,FOR,DNK,SD
177670,257020,FOR,DNK,RENEW
177670,257023,AGAINST,DNK,GUE_NGL
177670,257025,FOR,DNK,ECR
177670,257028,FOR,DNK,EPP
177670,257033,FOR,DNK,EPP
177670,257038,DID_NOT_VOTE,DNK,RENEW
177670,257044,FOR,DNK,GREEN_EFA
177690,37312,ABSTENTION,DNK,SD
177690,96709,ABSTENTION,DNK,RENEW
177690,101585,ABSTENTION,DNK,SD
177690,111412,FOR,DNK,GREEN_EFA
177690,124875,AGAINST,DNK,PFE
177690,197558,ABSTENTION,DNK,RENEW
177690,197573,FOR,DNK,GREEN_EFA
177690,199941,ABSTENTION,DNK,SD
177690,257020,FOR,DNK,RENEW
177690,257023,FOR,DNK,GUE_NGL
177690,257025,AGAINST,DNK,ECR
177690,257028,ABSTENTION,DNK,EPP
177690,257033,ABSTENTION,DNK,EPP
177690,257038,DID_NOT_VOTE,DNK,RENEW
177690,257044,FOR,DNK,GREEN_EFA
177691,37312,FOR,DNK,SD
177691,96709,FOR,DNK,RENEW
177691,101585,FOR,DNK,SD
177691,111412,FOR,DNK,GREEN_EFA
177691,124875,FOR,DNK,PFE
177691,197558,FOR,DNK,RENEW
177691,197573,FOR,DNK,GREEN_EFA
177691,199941,FOR,DNK,SD
177691,257020,FOR,DNK,RENEW
177691,257023,FOR,DNK,GUE_NGL
177691,257025,FOR,DNK,ECR
177691,257028,FOR,DNK,EPP
177691,257033,FOR,DNK,EPP
177691,257038,DID_NOT_VOTE,DNK,RENEW
177691,257044,FOR,DNK,GREEN_EFA
177697,37312,FOR,DNK,SD
177697,96709,FOR,DNK,RENEW
177697,101585,FOR,DNK,SD
177697,111412,FOR,DNK,GREEN_EFA
177697,124875,DID_NOT_VOTE,DNK,PFE
177697,197558,FOR,DNK,RENEW
177697,197573,FOR,DNK,GREEN_EFA
177697,199941,FOR,DNK,SD
177697,257020,FOR,DNK,RENEW
177697,257023,DID_NOT_VOTE,DNK,GUE_NGL
177697,257025,AGAINST,DNK,ECR
177697,257028,FOR,DNK,EPP
177697,257033,FOR,DNK,EPP
177697,257038,DID_NOT_VOTE,DNK,RENEW
177697,257044,FOR,DNK,GREEN_EFA
177723,37312,FOR,DNK,SD
177723,96709,FOR,DNK,RENEW
177723,101585,FOR,DNK,SD
177723,111412,FOR,DNK,GREEN_EFA
177723,124875,DID_NOT_VOTE,DNK,PFE
177723,197558,FOR,DNK,RENEW
177723,197573,FOR,DNK,GREEN_EFA
177723,199941,FOR,DNK,SD
177723,257020,FOR,DNK,RENEW
177723,257023,FOR,DNK,GUE_NGL
177723,257025,AGAINST,DNK,ECR
177723,257028,FOR,DNK,EPP
177723,257033,FOR,DNK,EPP
177723,257038,DID_NOT_VOTE,DNK,RENEW
177723,257044,FOR,DNK,GREEN_EFA
177733,37312,FOR,DNK,SD
177733,96709,FOR,DNK,RENEW
177733,101585,FOR,DNK,SD
177733,111412,FOR,DNK,GREEN_EFA
177733,124875,AGAINST,DNK,PFE
177733,197558,FOR,DNK,RENEW
177733,197573,FOR,DNK,GREEN_EFA
177733,199941,FOR,DNK,SD
177733,257020,FOR,DNK,RENEW
177733,257023,AGAINST,DNK,GUE_NGL
177733,257025,FOR,DNK,ECR
177733,257028,FOR,DNK,EPP
177733,257033,FOR,DNK,EPP
177733,257038,DID_NOT_VOTE,DNK,RENEW
177733,257044,FOR,DNK,GREEN_EFA
177735,37312,FOR,DNK,SD
177735,96709,FOR,DNK,RENEW
177735,101585,FOR,DNK,SD
177735,111412,FOR,DNK,GREEN_EFA
177735,124875,AGAINST,DNK,PFE
177735,197558,FOR,DNK,RENEW
177735,197573,FOR,DNK,GREEN_EFA
177735,199941,FOR,DNK,SD
177735,257020,FOR,DNK,RENEW
177735,257023,FOR,DNK,GUE_NGL
177735,257025,AGAINST,DNK,ECR
177735,257028,FOR,DNK,EPP
177735,257033,AGAINST,DNK,EPP
177735,257038,DID_NOT_VOTE,DNK,RENEW
177735,257044,FOR,DNK,GREEN_EFA
177737,37312,FOR,DNK,SD
177737,96709,FOR,DNK,RENEW
177737,101585,FOR,DNK,SD
177737,111412,FOR,DNK,GREEN_EFA
177737,124875,FOR,DNK,PFE
177737,197558,FOR,DNK,RENEW
177737,197573,FOR,DNK,GREEN_EFA
177737,199941,FOR,DNK,SD
177737,257020,FOR,DNK,RENEW
177737,257023,FOR,DNK,GUE_NGL
177737,257025,FOR,DNK,ECR
177737,257028,FOR,DNK,EPP
177737,257033,FOR,DNK,EPP
177737,257038,DID_NOT_VOTE,DNK,RENEW
177737,257044,FOR,DNK,GREEN_EFA
177739,37312,FOR,DNK,SD
177739,96709,ABSTENTION,DNK,RENEW
177739,101585,FOR,DNK,SD
177739,111412,FOR,DNK,GREEN_EFA
177739,124875,DID_NOT_VOTE,DNK,PFE
177739,197558,ABSTENTION,DNK,RENEW
177739,197573,FOR,DNK,GREEN_EFA
177739,199941,FOR,DNK,SD
177739,257020,FOR,DNK,RENEW
177739,257023,FOR,DNK,GUE_NGL
177739,257025,AGAINST,DNK,ECR
177739,257028,AGAINST,DNK,EPP
177739,257033,FOR,DNK,EPP
177739,257038,DID_NOT_VOTE,DNK,RENEW
177739,257044,FOR,DNK,GREEN_EFA
177742,37312,FOR,DNK,SD
177742,96709,FOR,DNK,RENEW
177742,101585,FOR,DNK,SD
177742,111412,FOR,DNK,GREEN_EFA
177742,124875,DID_NOT_VOTE,DNK,PFE
177742,197558,FOR,DNK,RENEW
177742,197573,FOR,DNK,GREEN_EFA
177742,199941,FOR,DNK,SD
177742,257020,FOR,DNK,RENEW
177742,257023,FOR,DNK,GUE_NGL
177742,257025,FOR,DNK,ECR
177742,257028,FOR,DNK,EPP
177742,257033,FOR,DNK,EPP
177742,257038,DID_NOT_VOTE,DNK,RENEW
177742,257044,FOR,DNK,GREEN_EFA
177745,37312,FOR,DNK,SD
177745,96709,FOR,DNK,RENEW
177745,101585,FOR,DNK,SD
177745,111412,FOR,DNK,GREEN_EFA
177745,124875,AGAINST,DNK,PFE
177745,197558,FOR,DNK,RENEW
177745,197573,FOR,DNK,GREEN_EFA
177745,199941,FOR,DNK,SD
177745,257020,FOR,DNK,RENEW
177745,257023,FOR,DNK,GUE_NGL
177745,257025,AGAINST,DNK,ECR
177745,257028,FOR,DNK,EPP
177745,257033,FOR,DNK,EPP
177745,257038,DID_NOT_VOTE,DNK,RENEW
177745,257044,FOR,DNK,GREEN_EFA
177763,37312,FOR,DNK,SD
177763,96709,FOR,DNK,RENEW
177763,101585,FOR,DNK,SD
177763,111412,FOR,DNK,GREEN_EFA
177763,124875,DID_NOT_VOTE,DNK,PFE
177763,197558,FOR,DNK,RENEW
177763,197573,FOR,DNK,GREEN_EFA
177763,199941,FOR,DNK,SD
177763,257020,FOR,DNK,RENEW
177763,257023,FOR,DNK,GUE_NGL
177763,257025,AGAINST,DNK,ECR
177763,257028,FOR,DNK,EPP
177763,257033,FOR,DNK,EPP
177763,257038,DID_NOT_VOTE,DNK,RENEW
177763,257044,FOR,DNK,GREEN_EFA
177786,37312,FOR,DNK,SD
177786,96709,FOR,DNK,RENEW
177786,101585,FOR,DNK,SD
177786,111412,FOR,DNK,GREEN_EFA
177786,124875,DID_NOT_VOTE,DNK,PFE
177786,197558,FOR,DNK,RENEW
177786,197573,FOR,DNK,GREEN_EFA
177786,199941,FOR,DNK,SD
177786,257020,FOR,DNK,RENEW
177786,257023,FOR,DNK,GUE_NGL
177786,257025,FOR,DNK,ECR
177786,257028,FOR,DNK,EPP
177786,257033,FOR,DNK,EPP
177786,257038,DID_NOT_VOTE,DNK,RENEW
177786,257044,FOR,DNK,GREEN_EFA
177814,37312,FOR,DNK,SD
177814,96709,FOR,DNK,RENEW
177814,101585,FOR,DNK,SD
177814,111412,FOR,DNK,GREEN_EFA
177814,124875,DID_NOT_VOTE,DNK,PFE
177814,197558,FOR,DNK,RENEW
177814,197573,FOR,DNK,GREEN_EFA
177814,199941,FOR,DNK,SD
177814,257020,FOR,DNK,RENEW
177814,257023,FOR,DNK,GUE_NGL
177814,257025,AGAINST,DNK,ECR
177814,257028,FOR,DNK,EPP
177814,257033,FOR,DNK,EPP
177814,257038,DID_NOT_VOTE,DNK,RENEW
177814,257044,FOR,DNK,GREEN_EFA
178008,37312,AGAINST,DNK,SD
178008,96709,FOR,DNK,RENEW
178008,101585,AGAINST,DNK,SD
178008,111412,AGAINST,DNK,GREEN_EFA
178008,124875,FOR,DNK,PFE
178008,197558,FOR,DNK,RENEW
178008,197573,AGAINST,DNK,GREEN_EFA
178008,199941,AGAINST,DNK,SD
178008,257020,AGAINST,DNK,RENEW
178008,257023,AGAINST,DNK,GUE_NGL
178008,257025,FOR,DNK,ECR
178008,257028,FOR,DNK,EPP
178008,257033,ABSTENTION,DNK,EPP
178008,257038,DID_NOT_VOTE,DNK,RENEW
178008,257044,AGAINST,DNK,GREEN_EFA
178062,37312,FOR,DNK,SD
178062,96709,FOR,DNK,RENEW
178062,101585,FOR,DNK,SD
178062,111412,DID_NOT_VOTE,DNK,GREEN_EFA
178062,124875,DID_NOT_VOTE,DNK,PFE
178062,197558,FOR,DNK,RENEW
178062,197573,FOR,DNK,GREEN_EFA
178062,199941,FOR,DNK,SD
178062,257020,FOR,DNK,RENEW
178062,257023,FOR,DNK,GUE_NGL
178062,257025,DID_NOT_VOTE,DNK,ECR
178062,257028,FOR,DNK,EPP
178062,257033,FOR,DNK,EPP
178062,257038,DID_NOT_VOTE,DNK,RENEW
178062,257044,FOR,DNK,GREEN_EFA
178064,37312,AGAINST,DNK,SD
178064,96709,AGAINST,DNK,RENEW
178064,101585,AGAINST,DNK,SD
178064,111412,AGAINST,DNK,GREEN_EFA
178064,124875,FOR,DNK,PFE
178064,197558,AGAINST,DNK,RENEW
178064,197573,AGAINST,DNK,GREEN_EFA
178064,199941,AGAINST,DNK,SD
178064,257020,AGAINST,DNK,RENEW
178064,257023,ABSTENTION,DNK,GUE_NGL
178064,257025,AGAINST,DNK,ECR
178064,257028,AGAINST,DNK,EPP
178064,257033,AGAINST,DNK,EPP
178064,257038,DID_NOT_VOTE,DNK,RENEW
178064,257044,AGAINST,DNK,GREEN_EFA
178065,37312,FOR,DNK,SD
178065,96709,AGAINST,DNK,RENEW
178065,101585,FOR,DNK,SD
178065,111412,FOR,DNK,GREEN_EFA
178065,124875,ABSTENTION,DNK,PFE
178065,197558,AGAINST,DNK,RENEW
178065,197573,FOR,DNK,GREEN_EFA
178065,199941,FOR,DNK,SD
178065,257020,AGAINST,DNK,RENEW
178065,257023,FOR,DNK,GUE_NGL
178065,257025,AGAINST,DNK,ECR
178065,257028,AGAINST,DNK,EPP
178065,257033,AGAINST,DNK,EPP
178065,257038,DID_NOT_VOTE,DNK,RENEW
178065,257044,FOR,DNK,GREEN_EFA
178066,37312,AGAINST,DNK,SD
178066,96709,AGAINST,DNK,RENEW
178066,101585,AGAINST,DNK,SD
178066,111412,FOR,DNK,GREEN_EFA
178066,124875,ABSTENTION,DNK,PFE
178066,197558,AGAINST,DNK,RENEW
178066,197573,FOR,DNK,GREEN_EFA
178066,199941,AGAINST,DNK,SD
178066,257020,AGAINST,DNK,RENEW
178066,257023,FOR,DNK,GUE_NGL
178066,257025,AGAINST,DNK,ECR
178066,257028,AGAINST,DNK,EPP
178066,257033,AGAINST,DNK,EPP
178066,257038,DID_NOT_VOTE,DNK,RENEW
178066,257044,FOR,DNK,GREEN_EFA
178067,37312,FOR,DNK,SD
178067,96709,AGAINST,DNK,RENEW
178067,101585,FOR,DNK,SD
178067,111412,FOR,DNK,GREEN_EFA
178067,124875,FOR,DNK,PFE
178067,197558,AGAINST,DNK,RENEW
178067,197573,FOR,DNK,GREEN_EFA
178067,199941,FOR,DNK,SD
178067,257020,AGAINST,DNK,RENEW
178067,257023,FOR,DNK,GUE_NGL
178067,257025,FOR,DNK,ECR
178067,257028,AGAINST,DNK,EPP
178067,257033,AGAINST,DNK,EPP
178067,257038,DID_NOT_VOTE,DNK,RENEW
178067,257044,FOR,DNK,GREEN_EFA
178111,37312,FOR,DNK,SD
178111,96709,FOR,DNK,RENEW
178111,101585,FOR,DNK,SD
178111,111412,FOR,DNK,GREEN_EFA
178111,124875,AGAINST,DNK,PFE
178111,197558,FOR,DNK,RENEW
178111,197573,FOR,DNK,GREEN_EFA
178111,199941,FOR,DNK,SD
178111,257020,FOR,DNK,RENEW
178111,257023,FOR,DNK,GUE_NGL
178111,257025,AGAINST,DNK,ECR
178111,257028,AGAINST,DNK,EPP
178111,257033,DID_NOT_VOTE,DNK,EPP
178111,257038,DID_NOT_VOTE,DNK,RENEW
178111,257044,FOR,DNK,GREEN_EFA
178147,37312,FOR,DNK,SD
178147,96709,FOR,DNK,RENEW
178147,101585,FOR,DNK,SD
178147,111412,AGAINST,DNK,GREEN_EFA
178147,124875,DID_NOT_VOTE,DNK,PFE
178147,197558,FOR,DNK,RENEW
178147,197573,AGAINST,DNK,GREEN_EFA
178147,199941,FOR,DNK,SD
178147,257020,FOR,DNK,RENEW
178147,257023,DID_NOT_VOTE,DNK,GUE_NGL
178147,257025,FOR,DNK,ECR
178147,257028,FOR,DNK,EPP
178147,257033,FOR,DNK,EPP
178147,257038,DID_NOT_VOTE,DNK,RENEW
178147,257044,AGAINST,DNK,GREEN_EFA
178149,37312,AGAINST,DNK,SD
178149,96709,AGAINST,DNK,RENEW
178149,101585,AGAINST,DNK,SD
178149,111412,AGAINST,DNK,GREEN_EFA
178149,124875,DID_NOT_VOTE,DNK,PFE
178149,197558,AGAINST,DNK,RENEW
178149,197573,AGAINST,DNK,GREEN_EFA
178149,199941,AGAINST,DNK,SD
178149,257020,AGAINST,DNK,RENEW
178149,257023,ABSTENTION,DNK,GUE_NGL
178149,257025,ABSTENTION,DNK,ECR
178149,257028,AGAINST,DNK,EPP
178149,257033,AGAINST,DNK,EPP
178149,257038,DID_NOT_VOTE,DNK,RENEW
178149,257044,AGAINST,DNK,GREEN_EFA
178218,37312,FOR,DNK,SD
178218,96709,FOR,DNK,RENEW
178218,101585,FOR,DNK,SD
178218,111412,FOR,DNK,GREEN_EFA
178218,124875,DID_NOT_VOTE,DNK,PFE
178218,197558,FOR,DNK,RENEW
178218,197573,FOR,DNK,GREEN_EFA
178218,199941,FOR,DNK,SD
178218,257020,FOR,DNK,RENEW
178218,257023,DID_NOT_VOTE,DNK,GUE_NGL
178218,257025,FOR,DNK,ECR
178218,257028,FOR,DNK,EPP
178218,257033,FOR,DNK,EPP
178218,257038,DID_NOT_VOTE,DNK,RENEW
178218,257044,FOR,DNK,GREEN_EFA
178219,37312,FOR,DNK,SD
178219,96709,FOR,DNK,RENEW
178219,101585,FOR,DNK,SD
178219,111412,FOR,DNK,GREEN_EFA
178219,124875,DID_NOT_VOTE,DNK,PFE
178219,197558,FOR,DNK,RENEW
178219,197573,FOR,DNK,GREEN_EFA
178219,199941,FOR,DNK,SD
178219,257020,FOR,DNK,RENEW
178219,257023,DID_NOT_VOTE,DNK,GUE_NGL
178219,257025,FOR,DNK,ECR
178219,257028,FOR,DNK,EPP
178219,257033,FOR,DNK,EPP
178219,257038,DID_NOT_VOTE,DNK,RENEW
178219,257044,FOR,DNK,GREEN_EFA
178231,37312,FOR,DNK,SD
178231,96709,FOR,DNK,RENEW
178231,101585,FOR,DNK,SD
178231,111412,DID_NOT_VOTE,DNK,GREEN_EFA
178231,124875,DID_NOT_VOTE,DNK,PFE
178231,197558,DID_NOT_VOTE,DNK,RENEW
178231,197573,FOR,DNK,GREEN_EFA
178231,199941,FOR,DNK,SD
178231,257020,FOR,DNK,RENEW
178231,257023,DID_NOT_VOTE,DNK,GUE_NGL
178231,257025,FOR,DNK,ECR
178231,257028,FOR,DNK,EPP
178231,257033,FOR,DNK,EPP
178231,257038,DID_NOT_VOTE,DNK,RENEW
178231,257044,FOR,DNK,GREEN_EFA
178245,37312,FOR,DNK,SD
178245,96709,FOR,DNK,RENEW
178245,101585,FOR,DNK,SD
178245,111412,FOR,DNK,GREEN_EFA
178245,124875,DID_NOT_VOTE,DNK,PFE
178245,197558,FOR,DNK,RENEW
178245,197573,FOR,DNK,GREEN_EFA
178245,199941,FOR,DNK,SD
178245,257020,FOR,DNK,RENEW
178245,257023,DID_NOT_VOTE,DNK,GUE_NGL
178245,257025,FOR,DNK,ECR
178245,257028,FOR,DNK,EPP
178245,257033,FOR,DNK,EPP
178245,257038,DID_NOT_VOTE,DNK,RENEW
178245,257044,FOR,DNK,GREEN_EFA
178281,37312,FOR,DNK,SD
178281,96709,AGAINST,DNK,RENEW
178281,101585,FOR,DNK,SD
178281,111412,FOR,DNK,GREEN_EFA
178281,124875,AGAINST,DNK,PFE
178281,197558,AGAINST,DNK,RENEW
178281,197573,FOR,DNK,GREEN_EFA
178281,199941,FOR,DNK,SD
178281,257020,FOR,DNK,RENEW
178281,257023,FOR,DNK,GUE_NGL
178281,257025,AGAINST,DNK,ECR
178281,257028,AGAINST,DNK,EPP
178281,257033,AGAINST,DNK,EPP
178281,257038,DID_NOT_VOTE,DNK,RENEW
178281,257044,FOR,DNK,GREEN_EFA
178285,37312,FOR,DNK,SD
178285,96709,FOR,DNK,RENEW
178285,101585,FOR,DNK,SD
178285,111412,FOR,DNK,GREEN_EFA
178285,124875,FOR,DNK,PFE
178285,197558,FOR,DNK,RENEW
178285,197573,FOR,DNK,GREEN_EFA
178285,199941,FOR,DNK,SD
178285,257020,FOR,DNK,RENEW
178285,257023,FOR,DNK,GUE_NGL
178285,257025,FOR,DNK,ECR
178285,257028,FOR,DNK,EPP
178285,257033,FOR,DNK,EPP
178285,257038,DID_NOT_VOTE,DNK,RENEW
178285,257044,FOR,DNK,GREEN_EFA
178291,37312,FOR,DNK,SD
178291,96709,FOR,DNK,RENEW
178291,101585,FOR,DNK,SD
178291,111412,DID_NOT_VOTE,DNK,GREEN_EFA
178291,124875,AGAINST,DNK,PFE
178291,197558,DID_NOT_VOTE,DNK,RENEW
178291,197573,FOR,DNK,GREEN_EFA
178291,199941,AGAINST,DNK,SD
178291,257020,FOR,DNK,RENEW
178291,257023,FOR,DNK,GUE_NGL
178291,257025,DID_NOT_VOTE,DNK,ECR
178291,257028,FOR,DNK,EPP
178291,257033,FOR,DNK,EPP
178291,257038,DID_NOT_VOTE,DNK,RENEW
178291,257044,FOR,DNK,GREEN_EFA
178334,37312,DID_NOT_VOTE,DNK,SD
178334,96709,FOR,DNK,RENEW
178334,101585,FOR,DNK,SD
178334,111412,FOR,DNK,GREEN_EFA
178334,124875,AGAINST,DNK,PFE
178334,197558,FOR,DNK,RENEW
178334,197573,FOR,DNK,GREEN_EFA
178334,199941,FOR,DNK,SD
178334,257020,FOR,DNK,RENEW
178334,257023,FOR,DNK,GUE_NGL
178334,257025,FOR,DNK,ECR
178334,257028,FOR,DNK,EPP
178334,257033,FOR,DNK,EPP
178334,257038,DID_NOT_VOTE,DNK,RENEW
178334,257044,FOR,DNK,GREEN_EFA
178336,37312,FOR,DNK,SD
178336,96709,FOR,DNK,RENEW
178336,101585,FOR,DNK,SD
178336,111412,FOR,DNK,GREEN_EFA
178336,124875,FOR,DNK,PFE
178336,197558,FOR,DNK,RENEW
178336,197573,FOR,DNK,GREEN_EFA
178336,199941,FOR,DNK,SD
178336,257020,FOR,DNK,RENEW
178336,257023,FOR,DNK,GUE_NGL
178336,257025,FOR,DNK,ECR
178336,257028,FOR,DNK,EPP
178336,257033,FOR,DNK,EPP
178336,257038,DID_NOT_VOTE,DNK,RENEW
178336,257044,FOR,DNK,GREEN_EFA
178384,37312,FOR,DNK,SD
178384,96709,FOR,DNK,RENEW
178384,101585,FOR,DNK,SD
178384,111412,FOR,DNK,GREEN_EFA
178384,124875,ABSTENTION,DNK,PFE
178384,197558,FOR,DNK,RENEW
178384,197573,FOR,DNK,GREEN_EFA
178384,199941,FOR,DNK,SD
178384,257020,FOR,DNK,RENEW
178384,257023,FOR,DNK,GUE_NGL
178384,257025,ABSTENTION,DNK,ECR
178384,257028,FOR,DNK,EPP
178384,257033,FOR,DNK,EPP
178384,257038,DID_NOT_VOTE,DNK,RENEW
178384,257044,FOR,DNK,GREEN_EFA
178385,37312,FOR,DNK,SD
178385,96709,FOR,DNK,RENEW
178385,101585,FOR,DNK,SD
178385,111412,FOR,DNK,GREEN_EFA
178385,124875,FOR,DNK,PFE
178385,197558,FOR,DNK,RENEW
178385,197573,FOR,DNK,GREEN_EFA
178385,199941,FOR,DNK,SD
178385,257020,FOR,DNK,RENEW
178385,257023,FOR,DNK,GUE_NGL
178385,257025,FOR,DNK,ECR
178385,257028,FOR,DNK,EPP
178385,257033,FOR,DNK,EPP
178385,257038,DID_NOT_VOTE,DNK,RENEW
178385,257044,FOR,DNK,GREEN_EFA
178386,37312,FOR,DNK,SD
178386,96709,FOR,DNK,RENEW
178386,101585,FOR,DNK,SD
178386,111412,FOR,DNK,GREEN_EFA
178386,124875,FOR,DNK,PFE
178386,197558,FOR,DNK,RENEW
178386,197573,FOR,DNK,GREEN_EFA
178386,199941,FOR,DNK,SD
178386,257020,FOR,DNK,RENEW
178386,257023,FOR,DNK,GUE_NGL
178386,257025,FOR,DNK,ECR
178386,257028,FOR,DNK,EPP
178386,257033,FOR,DNK,EPP
178386,257038,DID_NOT_VOTE,DNK,RENEW
178386,257044,FOR,DNK,GREEN_EFA
178387,37312,FOR,DNK,SD
178387,96709,FOR,DNK,RENEW
178387,101585,FOR,DNK,SD
178387,111412,AGAINST,DNK,GREEN_EFA
178387,124875,FOR,DNK,PFE
178387,197558,FOR,DNK,RENEW
178387,197573,AGAINST,DNK,GREEN_EFA
178387,199941,FOR,DNK,SD
178387,257020,FOR,DNK,RENEW
178387,257023,AGAINST,DNK,GUE_NGL
178387,257025,ABSTENTION,DNK,ECR
178387,257028,FOR,DNK,EPP
178387,257033,FOR,DNK,EPP
178387,257038,DID_NOT_VOTE,DNK,RENEW
178387,257044,AGAINST,DNK,GREEN_EFA
178389,37312,FOR,DNK,SD
178389,96709,FOR,DNK,RENEW
178389,101585,FOR,DNK,SD
178389,111412,FOR,DNK,GREEN_EFA
178389,124875,AGAINST,DNK,PFE
178389,197558,FOR,DNK,RENEW
178389,197573,FOR,DNK,GREEN_EFA
178389,199941,FOR,DNK,SD
178389,257020,FOR,DNK,RENEW
178389,257023,FOR,DNK,GUE_NGL
178389,257025,ABSTENTION,DNK,ECR
178389,257028,FOR,DNK,EPP
178389,257033,FOR,DNK,EPP
178389,257038,DID_NOT_VOTE,DNK,RENEW
178389,257044,FOR,DNK,GREEN_EFA
178397,37312,FOR,DNK,SD
178397,96709,FOR,DNK,RENEW
178397,101585,FOR,DNK,SD
178397,111412,DID_NOT_VOTE,DNK,GREEN_EFA
178397,124875,ABSTENTION,DNK,PFE
178397,197558,DID_NOT_VOTE,DNK,RENEW
178397,197573,FOR,DNK,GREEN_EFA
178397,199941,FOR,DNK,SD
178397,257020,FOR,DNK,RENEW
178397,257023,AGAINST,DNK,GUE_NGL
178397,257025,DID_NOT_VOTE,DNK,ECR
178397,257028,FOR,DNK,EPP
178397,257033,FOR,DNK,EPP
178397,257038,DID_NOT_VOTE,DNK,RENEW
178397,257044,FOR,DNK,GREEN_EFA
178399,37312,FOR,DNK,SD
178399,96709,FOR,DNK,RENEW
178399,101585,FOR,DNK,SD
178399,111412,DID_NOT_VOTE,DNK,GREEN_EFA
178399,124875,AGAINST,DNK,PFE
178399,197558,DID_NOT_VOTE,DNK,RENEW
178399,197573,FOR,DNK,GREEN_EFA
178399,199941,FOR,DNK,SD
178399,257020,FOR,DNK,RENEW
178399,257023,ABSTENTION,DNK,GUE_NGL
178399,257025,DID_NOT_VOTE,DNK,ECR
178399,257028,FOR,DNK,EPP
178399,257033,FOR,DNK,EPP
178399,257038,DID_NOT_VOTE,DNK,RENEW
178399,257044,FOR,DNK,GREEN_EFA
178400,37312,FOR,DNK,SD
178400,96709,FOR,DNK,RENEW
178400,101585,FOR,DNK,SD
178400,111412,FOR,DNK,GREEN_EFA
178400,124875,AGAINST,DNK,PFE
178400,197558,FOR,DNK,RENEW
178400,197573,FOR,DNK,GREEN_EFA
178400,199941,FOR,DNK,SD
178400,257020,FOR,DNK,RENEW
178400,257023,FOR,DNK,GUE_NGL
178400,257025,AGAINST,DNK,ECR
178400,257028,AGAINST,DNK,EPP
178400,257033,AGAINST,DNK,EPP
178400,257038,DID_NOT_VOTE,DNK,RENEW
178400,257044,FOR,DNK,GREEN_EFA
178401,37312,FOR,DNK,SD
178401,96709,FOR,DNK,RENEW
178401,101585,FOR,DNK,SD
178401,111412,FOR,DNK,GREEN_EFA
178401,124875,FOR,DNK,PFE
178401,197558,FOR,DNK,RENEW
178401,197573,FOR,DNK,GREEN_EFA
178401,199941,FOR,DNK,SD
178401,257020,FOR,DNK,RENEW
178401,257023,FOR,DNK,GUE_NGL
178401,257025,FOR,DNK,ECR
178401,257028,FOR,DNK,EPP
178401,257033,FOR,DNK,EPP
178401,257038,DID_NOT_VOTE,DNK,RENEW
178401,257044,FOR,DNK,GREEN_EFA
178405,37312,FOR,DNK,SD
178405,96709,FOR,DNK,RENEW
178405,101585,FOR,DNK,SD
178405,111412,FOR,DNK,GREEN_EFA
178405,124875,FOR,DNK,PFE
178405,197558,FOR,DNK,RENEW
178405,197573,FOR,DNK,GREEN_EFA
178405,199941,FOR,DNK,SD
178405,257020,FOR,DNK,RENEW
178405,257023,ABSTENTION,DNK,GUE_NGL
178405,257025,FOR,DNK,ECR
178405,257028,FOR,DNK,EPP
178405,257033,FOR,DNK,EPP
178405,257038,DID_NOT_VOTE,DNK,RENEW
178405,257044,FOR,DNK,GREEN_EFA
178406,37312,FOR,DNK,SD
178406,96709,FOR,DNK,RENEW
178406,101585,FOR,DNK,SD
178406,111412,FOR,DNK,GREEN_EFA
178406,124875,FOR,DNK,PFE
178406,197558,FOR,DNK,RENEW
178406,197573,FOR,DNK,GREEN_EFA
178406,199941,FOR,DNK,SD
178406,257020,FOR,DNK,RENEW
178406,257023,FOR,DNK,GUE_NGL
178406,257025,FOR,DNK,ECR
178406,257028,FOR,DNK,EPP
178406,257033,FOR,DNK,EPP
178406,257038,DID_NOT_VOTE,DNK,RENEW
178406,257044,FOR,DNK,GREEN_EFA
178424,37312,FOR,DNK,SD
178424,96709,FOR,DNK,RENEW
178424,101585,FOR,DNK,SD
178424,111412,FOR,DNK,GREEN_EFA
178424,124875,ABSTENTION,DNK,PFE
178424,197558,FOR,DNK,RENEW
178424,197573,FOR,DNK,GREEN_EFA
178424,199941,FOR,DNK,SD
178424,257020,FOR,DNK,RENEW
178424,257023,FOR,DNK,GUE_NGL
178424,257025,ABSTENTION,DNK,ECR
178424,257028,FOR,DNK,EPP
178424,257033,FOR,DNK,EPP
178424,257038,DID_NOT_VOTE,DNK,RENEW
178424,257044,FOR,DNK,GREEN_EFA
178425,37312,FOR,DNK,SD
178425,96709,FOR,DNK,RENEW
178425,101585,FOR,DNK,SD
178425,111412,FOR,DNK,GREEN_EFA
178425,124875,FOR,DNK,PFE
178425,197558,FOR,DNK,RENEW
178425,197573,AGAINST,DNK,GREEN_EFA
178425,199941,FOR,DNK,SD
178425,257020,FOR,DNK,RENEW
178425,257023,AGAINST,DNK,GUE_NGL
178425,257025,FOR,DNK,ECR
178425,257028,FOR,DNK,EPP
178425,257033,FOR,DNK,EPP
178425,257038,DID_NOT_VOTE,DNK,RENEW
178425,257044,FOR,DNK,GREEN_EFA
178472,37312,FOR,DNK,SD
178472,96709,FOR,DNK,RENEW
178472,101585,FOR,DNK,SD
178472,111412,ABSTENTION,DNK,GREEN_EFA
178472,124875,AGAINST,DNK,PFE
178472,197558,FOR,DNK,RENEW
178472,197573,ABSTENTION,DNK,GREEN_EFA
178472,199941,FOR,DNK,SD
178472,257020,FOR,DNK,RENEW
178472,257023,AGAINST,DNK,GUE_NGL
178472,257025,AGAINST,DNK,ECR
178472,257028,FOR,DNK,EPP
178472,257033,FOR,DNK,EPP
178472,257038,DID_NOT_VOTE,DNK,RENEW
178472,257044,ABSTENTION,DNK,GREEN_EFA
178484,37312,FOR,DNK,SD
178484,96709,FOR,DNK,RENEW
178484,101585,FOR,DNK,SD
178484,111412,DID_NOT_VOTE,DNK,GREEN_EFA
178484,124875,ABSTENTION,DNK,PFE
178484,197558,DID_NOT_VOTE,DNK,RENEW
178484,197573,FOR,DNK,GREEN_EFA
178484,199941,FOR,DNK,SD
178484,257020,FOR,DNK,RENEW
178484,257023,FOR,DNK,GUE_NGL
178484,257025,DID_NOT_VOTE,DNK,ECR
178484,257028,FOR,DNK,EPP
178484,257033,FOR,DNK,EPP
178484,257038,DID_NOT_VOTE,DNK,RENEW
178484,257044,FOR,DNK,GREEN_EFA
178500,37312,AGAINST,DNK,SD
178500,96709,FOR,DNK,RENEW
178500,101585,AGAINST,DNK,SD
178500,111412,AGAINST,DNK,GREEN_EFA
178500,124875,AGAINST,DNK,PFE
178500,197558,FOR,DNK,RENEW
178500,197573,AGAINST,DNK,GREEN_EFA
178500,199941,AGAINST,DNK,SD
178500,257020,AGAINST,DNK,RENEW
178500,257023,AGAINST,DNK,GUE_NGL
178500,257025,ABSTENTION,DNK,ECR
178500,257028,AGAINST,DNK,EPP
178500,257033,AGAINST,DNK,EPP
178500,257038,DID_NOT_VOTE,DNK,RENEW
178500,257044,AGAINST,DNK,GREEN_EFA
178702,37312,FOR,DNK,SD
178702,96709,FOR,DNK,RENEW
178702,101585,FOR,DNK,SD
178702,111412,FOR,DNK,GREEN_EFA
178702,124875,AGAINST,DNK,PFE
178702,197558,FOR,DNK,RENEW
178702,197573,FOR,DNK,GREEN_EFA
178702,199941,FOR,DNK,SD
178702,257020,FOR,DNK,RENEW
178702,257023,AGAINST,DNK,GUE_NGL
178702,257025,ABSTENTION,DNK,ECR
178702,257028,FOR,DNK,EPP
178702,257033,FOR,DNK,EPP
178702,257038,DID_NOT_VOTE,DNK,RENEW
178702,257044,FOR,DNK,GREEN_EFA
178731,37312,FOR,DNK,SD
178731,96709,FOR,DNK,RENEW
178731,101585,FOR,DNK,SD
178731,111412,FOR,DNK,GREEN_EFA
178731,124875,AGAINST,DNK,PFE
178731,197558,FOR,DNK,RENEW
178731,197573,FOR,DNK,GREEN_EFA
178731,199941,FOR,DNK,SD
178731,257020,FOR,DNK,RENEW
178731,257023,ABSTENTION,DNK,GUE_NGL
178731,257025,AGAINST,DNK,ECR
178731,257028,ABSTENTION,DNK,EPP
178731,257033,FOR,DNK,EPP
178731,257038,DID_NOT_VOTE,DNK,RENEW
178731,257044,FOR,DNK,GREEN_EFA
178767,37312,FOR,DNK,SD
178767,96709,FOR,DNK,RENEW
178767,101585,FOR,DNK,SD
178767,111412,AGAINST,DNK,GREEN_EFA
178767,124875,AGAINST,DNK,PFE
178767,197558,FOR,DNK,RENEW
178767,197573,AGAINST,DNK,GREEN_EFA
178767,199941,FOR,DNK,SD
178767,257020,FOR,DNK,RENEW
178767,257023,AGAINST,DNK,GUE_NGL
178767,257025,ABSTENTION,DNK,ECR
178767,257028,FOR,DNK,EPP
178767,257033,FOR,DNK,EPP
178767,257038,DID_NOT_VOTE,DNK,RENEW
178767,257044,AGAINST,DNK,GREEN_EFA
178788,37312,FOR,DNK,SD
178788,96709,FOR,DNK,RENEW
178788,101585,FOR,DNK,SD
178788,111412,FOR,DNK,GREEN_EFA
178788,124875,AGAINST,DNK,PFE
178788,197558,FOR,DNK,RENEW
178788,197573,FOR,DNK,GREEN_EFA
178788,199941,FOR,DNK,SD
178788,257020,FOR,DNK,RENEW
178788,257023,FOR,DNK,GUE_NGL
178788,257025,FOR,DNK,ECR
178788,257028,FOR,DNK,EPP
178788,257033,FOR,DNK,EPP
178788,257038,DID_NOT_VOTE,DNK,RENEW
178788,257044,FOR,DNK,GREEN_EFA
178875,37312,AGAINST,DNK,SD
178875,96709,FOR,DNK,RENEW
178875,101585,AGAINST,DNK,SD
178875,111412,DID_NOT_VOTE,DNK,GREEN_EFA
178875,124875,ABSTENTION,DNK,PFE
178875,197558,DID_NOT_VOTE,DNK,RENEW
178875,197573,AGAINST,DNK,GREEN_EFA
178875,199941,AGAINST,DNK,SD
178875,257020,FOR,DNK,RENEW
178875,257023,AGAINST,DNK,GUE_NGL
178875,257025,DID_NOT_VOTE,DNK,ECR
178875,257028,FOR,DNK,EPP
178875,257033,FOR,DNK,EPP
178875,257038,DID_NOT_VOTE,DNK,RENEW
178875,257044,AGAINST,DNK,GREEN_EFA
178979,37312,FOR,DNK,SD
178979,96709,FOR,DNK,RENEW
178979,101585,FOR,DNK,SD
178979,111412,DID_NOT_VOTE,DNK,GREEN_EFA
178979,124875,ABSTENTION,DNK,PFE
178979,197558,DID_NOT_VOTE,DNK,RENEW
178979,197573,FOR,DNK,GREEN_EFA
178979,199941,FOR,DNK,SD
178979,257020,FOR,DNK,RENEW
178979,257023,FOR,DNK,GUE_NGL
178979,257025,DID_NOT_VOTE,DNK,ECR
178979,257028,FOR,DNK,EPP
178979,257033,FOR,DNK,EPP
178979,257038,DID_NOT_VOTE,DNK,RENEW
178979,257044,FOR,DNK,GREEN_EFA
178988,37312,FOR,DNK,SD
178988,96709,FOR,DNK,RENEW
178988,101585,FOR,DNK,SD
178988,111412,DID_NOT_VOTE,DNK,GREEN_EFA
178988,124875,FOR,DNK,PFE
178988,197558,DID_NOT_VOTE,DNK,RENEW
178988,197573,FOR,DNK,GREEN_EFA
178988,199941,FOR,DNK,SD
178988,257020,FOR,DNK,RENEW
178988,257023,FOR,DNK,GUE_NGL
178988,257025,DID_NOT_VOTE,DNK,ECR
178988,257028,FOR,DNK,EPP
178988,257033,FOR,DNK,EPP
178988,257038,DID_NOT_VOTE,DNK,RENEW
178988,257044,FOR,DNK,GREEN_EFA
179048,37312,FOR,DNK,SD
179048,96709,FOR,DNK,RENEW
179048,101585,FOR,DNK,SD
179048,111412,DID_NOT_VOTE,DNK,GREEN_EFA
179048,124875,AGAINST,DNK,PFE
179048,197558,DID_NOT_VOTE,DNK,RENEW
179048,197573,FOR,DNK,GREEN_EFA
179048,199941,FOR,DNK,SD
179048,257020,FOR,DNK,RENEW
179048,257023,FOR,DNK,GUE_NGL
179048,257025,DID_NOT_VOTE,DNK,ECR
179048,257028,AGAINST,DNK,EPP
179048,257033,FOR,DNK,EPP
179048,257038,DID_NOT_VOTE,DNK,RENEW
179048,257044,FOR,DNK,GREEN_EFA
179203,37312,DID_NOT_VOTE,DNK,SD
179203,96709,ABSTENTION,DNK,RENEW
179203,101585,FOR,DNK,SD
179203,111412,FOR,DNK,GREEN_EFA
179203,124875,AGAINST,DNK,PFE
179203,197558,ABSTENTION,DNK,RENEW
179203,197573,FOR,DNK,GREEN_EFA
179203,199941,FOR,DNK,SD
179203,257020,FOR,DNK,RENEW
179203,257023,FOR,DNK,GUE_NGL
179203,257025,AGAINST,DNK,ECR
179203,257028,DID_NOT_VOTE,DNK,EPP
179203,257033,FOR,DNK,EPP
179203,257038,FOR,DNK,RENEW
179203,257044,FOR,DNK,GREEN_EFA
179211,37312,DID_NOT_VOTE,DNK,SD
179211,96709,FOR,DNK,RENEW
179211,101585,FOR,DNK,SD
179211,111412,FOR,DNK,GREEN_EFA
179211,124875,AGAINST,DNK,PFE
179211,197558,FOR,DNK,RENEW
179211,197573,FOR,DNK,GREEN_EFA
179211,199941,FOR,DNK,SD
179211,257020,DID_NOT_VOTE,DNK,RENEW
179211,257023,FOR,DNK,GUE_NGL
179211,257025,AGAINST,DNK,ECR
179211,257028,DID_NOT_VOTE,DNK,EPP
179211,257033,FOR,DNK,EPP
179211,257038,FOR,DNK,RENEW
179211,257044,FOR,DNK,GREEN_EFA
179213,37312,FOR,DNK,SD
179213,96709,FOR,DNK,RENEW
179213,101585,FOR,DNK,SD
179213,111412,FOR,DNK,GREEN_EFA
179213,124875,FOR,DNK,PFE
179213,197558,FOR,DNK,RENEW
179213,197573,AGAINST,DNK,GREEN_EFA
179213,199941,FOR,DNK,SD
179213,257020,FOR,DNK,RENEW
179213,257023,DID_NOT_VOTE,DNK,GUE_NGL
179213,257025,FOR,DNK,ECR
179213,257028,DID_NOT_VOTE,DNK,EPP
179213,257033,FOR,DNK,EPP
179213,257038,FOR,DNK,RENEW
179213,257044,AGAINST,DNK,GREEN_EFA
179219,37312,DID_NOT_VOTE,DNK,SD
179219,96709,FOR,DNK,RENEW
179219,101585,FOR,DNK,SD
179219,111412,FOR,DNK,GREEN_EFA
179219,124875,AGAINST,DNK,PFE
179219,197558,FOR,DNK,RENEW
179219,197573,FOR,DNK,GREEN_EFA
179219,199941,FOR,DNK,SD
179219,257020,FOR,DNK,RENEW
179219,257023,FOR,DNK,GUE_NGL
179219,257025,AGAINST,DNK,ECR
179219,257028,DID_NOT_VOTE,DNK,EPP
179219,257033,FOR,DNK,EPP
179219,257038,FOR,DNK,RENEW
179219,257044,FOR,DNK,GREEN_EFA
179221,37312,FOR,DNK,SD
179221,96709,FOR,DNK,RENEW
179221,101585,FOR,DNK,SD
179221,111412,FOR,DNK,GREEN_EFA
179221,124875,FOR,DNK,PFE
179221,197558,FOR,DNK,RENEW
179221,197573,FOR,DNK,GREEN_EFA
179221,199941,FOR,DNK,SD
179221,257020,FOR,DNK,RENEW
179221,257023,AGAINST,DNK,GUE_NGL
179221,257025,AGAINST,DNK,ECR
179221,257028,DID_NOT_VOTE,DNK,EPP
179221,257033,FOR,DNK,EPP
179221,257038,FOR,DNK,RENEW
179221,257044,FOR,DNK,GREEN_EFA
179222,37312,FOR,DNK,SD
179222,96709,FOR,DNK,RENEW
179222,101585,FOR,DNK,SD
179222,111412,FOR,DNK,GREEN_EFA
179222,124875,FOR,DNK,PFE
179222,197558,FOR,DNK,RENEW
179222,197573,FOR,DNK,GREEN_EFA
179222,199941,FOR,DNK,SD
179222,257020,DID_NOT_VOTE,DNK,RENEW
179222,257023,FOR,DNK,GUE_NGL
179222,257025,AGAINST,DNK,ECR
179222,257028,DID_NOT_VOTE,DNK,EPP
179222,257033,FOR,DNK,EPP
179222,257038,FOR,DNK,RENEW
179222,257044,FOR,DNK,GREEN_EFA
179226,37312,FOR,DNK,SD
179226,96709,FOR,DNK,RENEW
179226,101585,FOR,DNK,SD
179226,111412,FOR,DNK,GREEN_EFA
179226,124875,AGAINST,DNK,PFE
179226,197558,FOR,DNK,RENEW
179226,197573,FOR,DNK,GREEN_EFA
179226,199941,FOR,DNK,SD
179226,257020,FOR,DNK,RENEW
179226,257023,FOR,DNK,GUE_NGL
179226,257025,AGAINST,DNK,ECR
179226,257028,DID_NOT_VOTE,DNK,EPP
179226,257033,FOR,DNK,EPP
179226,257038,FOR,DNK,RENEW
179226,257044,FOR,DNK,GREEN_EFA
179234,37312,DID_NOT_VOTE,DNK,SD
179234,96709,FOR,DNK,RENEW
179234,101585,AGAINST,DNK,SD
179234,111412,FOR,DNK,GREEN_EFA
179234,124875,AGAINST,DNK,PFE
179234,197558,DID_NOT_VOTE,DNK,RENEW
179234,197573,FOR,DNK,GREEN_EFA
179234,199941,AGAINST,DNK,SD
179234,257020,FOR,DNK,RENEW
179234,257023,FOR,DNK,GUE_NGL
179234,257025,AGAINST,DNK,ECR
179234,257028,DID_NOT_VOTE,DNK,EPP
179234,257033,DID_NOT_VOTE,DNK,EPP
179234,257038,FOR,DNK,RENEW
179234,257044,FOR,DNK,GREEN_EFA
179275,37312,DID_NOT_VOTE,DNK,SD
179275,96709,AGAINST,DNK,RENEW
179275,101585,FOR,DNK,SD
179275,111412,FOR,DNK,GREEN_EFA
179275,124875,ABSTENTION,DNK,PFE
179275,197558,DID_NOT_VOTE,DNK,RENEW
179275,197573,FOR,DNK,GREEN_EFA
179275,199941,AGAINST,DNK,SD
179275,257020,FOR,DNK,RENEW
179275,257023,AGAINST,DNK,GUE_NGL
179275,257025,ABSTENTION,DNK,ECR
179275,257028,DID_NOT_VOTE,DNK,EPP
179275,257033,AGAINST,DNK,EPP
179275,257038,AGAINST,DNK,RENEW
179275,257044,ABSTENTION,DNK,GREEN_EFA
179280,37312,FOR,DNK,SD
179280,96709,ABSTENTION,DNK,RENEW
179280,101585,FOR,DNK,SD
179280,111412,FOR,DNK,GREEN_EFA
179280,124875,AGAINST,DNK,PFE
179280,197558,ABSTENTION,DNK,RENEW
179280,197573,FOR,DNK,GREEN_EFA
179280,199941,FOR,DNK,SD
179280,257020,FOR,DNK,RENEW
179280,257023,FOR,DNK,GUE_NGL
179280,257025,AGAINST,DNK,ECR
179280,257028,AGAINST,DNK,EPP
179280,257033,AGAINST,DNK,EPP
179280,257038,FOR,DNK,RENEW
179280,257044,FOR,DNK,GREEN_EFA
179281,37312,DID_NOT_VOTE,DNK,SD
179281,96709,FOR,DNK,RENEW
179281,101585,FOR,DNK,SD
179281,111412,FOR,DNK,GREEN_EFA
179281,124875,FOR,DNK,PFE
179281,197558,FOR,DNK,RENEW
179281,197573,FOR,DNK,GREEN_EFA
179281,199941,FOR,DNK,SD
179281,257020,FOR,DNK,RENEW
179281,257023,AGAINST,DNK,GUE_NGL
179281,257025,FOR,DNK,ECR
179281,257028,DID_NOT_VOTE,DNK,EPP
179281,257033,FOR,DNK,EPP
179281,257038,FOR,DNK,RENEW
179281,257044,FOR,DNK,GREEN_EFA
179295,37312,FOR,DNK,SD
179295,96709,FOR,DNK,RENEW
179295,101585,FOR,DNK,SD
179295,111412,ABSTENTION,DNK,GREEN_EFA
179295,124875,FOR,DNK,PFE
179295,197558,FOR,DNK,RENEW
179295,197573,ABSTENTION,DNK,GREEN_EFA
179295,199941,FOR,DNK,SD
179295,257020,FOR,DNK,RENEW
179295,257023,FOR,DNK,GUE_NGL
179295,257025,AGAINST,DNK,ECR
179295,257028,FOR,DNK,EPP
179295,257033,FOR,DNK,EPP
179295,257038,FOR,DNK,RENEW
179295,257044,ABSTENTION,DNK,GREEN_EFA
179423,37312,DID_NOT_VOTE,DNK,SD
179423,96709,FOR,DNK,RENEW
179423,101585,FOR,DNK,SD
179423,111412,DID_NOT_VOTE,DNK,GREEN_EFA
179423,124875,AGAINST,DNK,PFE
179423,197558,FOR,DNK,RENEW
179423,197573,FOR,DNK,GREEN_EFA
179423,199941,FOR,DNK,SD
179423,257020,FOR,DNK,RENEW
179423,257023,ABSTENTION,DNK,GUE_NGL
179423,257025,ABSTENTION,DNK,ECR
179423,257028,DID_NOT_VOTE,DNK,EPP
179423,257033,FOR,DNK,EPP
179423,257038,FOR,DNK,RENEW
179423,257044,FOR,DNK,GREEN_EFA
179441,37312,FOR,DNK,SD
179441,96709,FOR,DNK,RENEW
179441,101585,FOR,DNK,SD
179441,111412,FOR,DNK,GREEN_EFA
179441,124875,AGAINST,DNK,PFE
179441,197558,FOR,DNK,RENEW
179441,197573,FOR,DNK,GREEN_EFA
179441,199941,FOR,DNK,SD
179441,257020,FOR,DNK,RENEW
179441,257023,FOR,DNK,GUE_NGL
179441,257025,AGAINST,DNK,ECR
179441,257028,FOR,DNK,EPP
179441,257033,FOR,DNK,EPP
179441,257038,FOR,DNK,RENEW
179441,257044,FOR,DNK,GREEN_EFA
179481,37312,DID_NOT_VOTE,DNK,SD
179481,96709,FOR,DNK,RENEW
179481,101585,FOR,DNK,SD
179481,111412,FOR,DNK,GREEN_EFA
179481,124875,FOR,DNK,PFE
179481,197558,FOR,DNK,RENEW
179481,197573,FOR,DNK,GREEN_EFA
179481,199941,FOR,DNK,SD
179481,257020,FOR,DNK,RENEW
179481,257023,AGAINST,DNK,GUE_NGL
179481,257025,FOR,DNK,ECR
179481,257028,DID_NOT_VOTE,DNK,EPP
179481,257033,FOR,DNK,EPP
179481,257038,FOR,DNK,RENEW
179481,257044,FOR,DNK,GREEN_EFA
179508,37312,DID_NOT_VOTE,DNK,SD
179508,96709,AGAINST,DNK,RENEW
179508,101585,AGAINST,DNK,SD
179508,111412,FOR,DNK,GREEN_EFA
179508,124875,FOR,DNK,PFE
179508,197558,AGAINST,DNK,RENEW
179508,197573,FOR,DNK,GREEN_EFA
179508,199941,AGAINST,DNK,SD
179508,257020,FOR,DNK,RENEW
179508,257023,FOR,DNK,GUE_NGL
179508,257025,AGAINST,DNK,ECR
179508,257028,DID_NOT_VOTE,DNK,EPP
179508,257033,AGAINST,DNK,EPP
179508,257038,FOR,DNK,RENEW
179508,257044,FOR,DNK,GREEN_EFA
179558,37312,DID_NOT_VOTE,DNK,SD
179558,96709,FOR,DNK,RENEW
179558,101585,FOR,DNK,SD
179558,111412,AGAINST,DNK,GREEN_EFA
179558,124875,FOR,DNK,PFE
179558,197558,FOR,DNK,RENEW
179558,197573,AGAINST,DNK,GREEN_EFA
179558,199941,FOR,DNK,SD
179558,257020,FOR,DNK,RENEW
179558,257023,AGAINST,DNK,GUE_NGL
179558,257025,FOR,DNK,ECR
179558,257028,DID_NOT_VOTE,DNK,EPP
179558,257033,FOR,DNK,EPP
179558,257038,AGAINST,DNK,RENEW
179558,257044,AGAINST,DNK,GREEN_EFA
179569,37312,AGAINST,DNK,SD
179569,96709,AGAINST,DNK,RENEW
179569,101585,AGAINST,DNK,SD
179569,111412,AGAINST,DNK,GREEN_EFA
179569,124875,FOR,DNK,PFE
179569,197558,AGAINST,DNK,RENEW
179569,197573,AGAINST,DNK,GREEN_EFA
179569,199941,AGAINST,DNK,SD
179569,257020,AGAINST,DNK,RENEW
179569,257023,AGAINST,DNK,GUE_NGL
179569,257025,ABSTENTION,DNK,ECR
179569,257028,AGAINST,DNK,EPP
179569,257033,AGAINST,DNK,EPP
179569,257038,AGAINST,DNK,RENEW
179569,257044,AGAINST,DNK,GREEN_EFA
179571,37312,AGAINST,DNK,SD
179571,96709,AGAINST,DNK,RENEW
179571,101585,AGAINST,DNK,SD
179571,111412,AGAINST,DNK,GREEN_EFA
179571,124875,ABSTENTION,DNK,PFE
179571,197558,AGAINST,DNK,RENEW
179571,197573,AGAINST,DNK,GREEN_EFA
179571,199941,AGAINST,DNK,SD
179571,257020,AGAINST,DNK,RENEW
179571,257023,FOR,DNK,GUE_NGL
179571,257025,ABSTENTION,DNK,ECR
179571,257028,AGAINST,DNK,EPP
179571,257033,AGAINST,DNK,EPP
179571,257038,AGAINST,DNK,RENEW
179571,257044,AGAINST,DNK,GREEN_EFA
179617,37312,ABSTENTION,DNK,SD
179617,96709,AGAINST,DNK,RENEW
179617,101585,ABSTENTION,DNK,SD
179617,111412,FOR,DNK,GREEN_EFA
179617,124875,AGAINST,DNK,PFE
179617,197558,AGAINST,DNK,RENEW
179617,197573,FOR,DNK,GREEN_EFA
179617,199941,ABSTENTION,DNK,SD
179617,257020,FOR,DNK,RENEW
179617,257023,FOR,DNK,GUE_NGL
179617,257025,AGAINST,DNK,ECR
179617,257028,AGAINST,DNK,EPP
179617,257033,AGAINST,DNK,EPP
179617,257038,FOR,DNK,RENEW
179617,257044,FOR,DNK,GREEN_EFA
179720,37312,FOR,DNK,SD
179720,96709,FOR,DNK,RENEW
179720,101585,FOR,DNK,SD
179720,111412,FOR,DNK,GREEN_EFA
179720,124875,ABSTENTION,DNK,PFE
179720,197558,FOR,DNK,RENEW
179720,197573,FOR,DNK,GREEN_EFA
179720,199941,FOR,DNK,SD
179720,257020,FOR,DNK,RENEW
179720,257023,FOR,DNK,GUE_NGL
179720,257025,AGAINST,DNK,ECR
179720,257028,FOR,DNK,EPP
179720,257033,FOR,DNK,EPP
179720,257038,FOR,DNK,RENEW
179720,257044,FOR,DNK,GREEN_EFA
179770,37312,FOR,DNK,SD
179770,96709,FOR,DNK,RENEW
179770,101585,FOR,DNK,SD
179770,111412,FOR,DNK,GREEN_EFA
179770,124875,ABSTENTION,DNK,PFE
179770,197558,FOR,DNK,RENEW
179770,197573,FOR,DNK,GREEN_EFA
179770,199941,FOR,DNK,SD
179770,257020,FOR,DNK,RENEW
179770,257023,FOR,DNK,GUE_NGL
179770,257025,FOR,DNK,ECR
179770,257028,FOR,DNK,EPP
179770,257033,FOR,DNK,EPP
179770,257038,FOR,DNK,RENEW
179770,257044,FOR,DNK,GREEN_EFA
179775,37312,FOR,DNK,SD
179775,96709,FOR,DNK,RENEW
179775,101585,FOR,DNK,SD
179775,111412,FOR,DNK,GREEN_EFA
179775,124875,ABSTENTION,DNK,PFE
179775,197558,FOR,DNK,RENEW
179775,197573,FOR,DNK,GREEN_EFA
179775,199941,FOR,DNK,SD
179775,257020,FOR,DNK,RENEW
179775,257023,FOR,DNK,GUE_NGL
179775,257025,ABSTENTION,DNK,ECR
179775,257028,FOR,DNK,EPP
179775,257033,FOR,DNK,EPP
179775,257038,FOR,DNK,RENEW
179775,257044,FOR,DNK,GREEN_EFA
179776,37312,FOR,DNK,SD
179776,96709,FOR,DNK,RENEW
179776,101585,FOR,DNK,SD
179776,111412,FOR,DNK,GREEN_EFA
179776,124875,ABSTENTION,DNK,PFE
179776,197558,FOR,DNK,RENEW
179776,197573,FOR,DNK,GREEN_EFA
179776,199941,FOR,DNK,SD
179776,257020,FOR,DNK,RENEW
179776,257023,FOR,DNK,GUE_NGL
179776,257025,FOR,DNK,ECR
179776,257028,FOR,DNK,EPP
179776,257033,FOR,DNK,EPP
179776,257038,FOR,DNK,RENEW
179776,257044,FOR,DNK,GREEN_EFA
179786,37312,FOR,DNK,SD
179786,96709,FOR,DNK,RENEW
179786,101585,FOR,DNK,SD
179786,111412,FOR,DNK,GREEN_EFA
179786,124875,AGAINST,DNK,PFE
179786,197558,FOR,DNK,RENEW
179786,197573,FOR,DNK,GREEN_EFA
179786,199941,FOR,DNK,SD
179786,257020,FOR,DNK,RENEW
179786,257023,FOR,DNK,GUE_NGL
179786,257025,AGAINST,DNK,ECR
179786,257028,FOR,DNK,EPP
179786,257033,FOR,DNK,EPP
179786,257038,FOR,DNK,RENEW
179786,257044,FOR,DNK,GREEN_EFA
179788,37312,FOR,DNK,SD
179788,96709,FOR,DNK,RENEW
179788,101585,FOR,DNK,SD
179788,111412,FOR,DNK,GREEN_EFA
179788,124875,AGAINST,DNK,PFE
179788,197558,FOR,DNK,RENEW
179788,197573,FOR,DNK,GREEN_EFA
179788,199941,FOR,DNK,SD
179788,257020,FOR,DNK,RENEW
179788,257023,FOR,DNK,GUE_NGL
179788,257025,AGAINST,DNK,ECR
179788,257028,FOR,DNK,EPP
179788,257033,FOR,DNK,EPP
179788,257038,FOR,DNK,RENEW
179788,257044,FOR,DNK,GREEN_EFA
179790,37312,FOR,DNK,SD
179790,96709,FOR,DNK,RENEW
179790,101585,FOR,DNK,SD
179790,111412,FOR,DNK,GREEN_EFA
179790,124875,AGAINST,DNK,PFE
179790,197558,FOR,DNK,RENEW
179790,197573,FOR,DNK,GREEN_EFA
179790,199941,FOR,DNK,SD
179790,257020,FOR,DNK,RENEW
179790,257023,FOR,DNK,GUE_NGL
179790,257025,AGAINST,DNK,ECR
179790,257028,FOR,DNK,EPP
179790,257033,FOR,DNK,EPP
179790,257038,FOR,DNK,RENEW
179790,257044,FOR,DNK,GREEN_EFA
179801,37312,AGAINST,DNK,SD
179801,96709,FOR,DNK,RENEW
179801,101585,AGAINST,DNK,SD
179801,111412,AGAINST,DNK,GREEN_EFA
179801,124875,AGAINST,DNK,PFE
179801,197558,FOR,DNK,RENEW
179801,197573,AGAINST,DNK,GREEN_EFA
179801,199941,AGAINST,DNK,SD
179801,257020,FOR,DNK,RENEW
179801,257023,AGAINST,DNK,GUE_NGL
179801,257025,FOR,DNK,ECR
179801,257028,FOR,DNK,EPP
179801,257033,FOR,DNK,EPP
179801,257038,FOR,DNK,RENEW
179801,257044,AGAINST,DNK,GREEN_EFA
179804,37312,AGAINST,DNK,SD
179804,96709,AGAINST,DNK,RENEW
179804,101585,AGAINST,DNK,SD
179804,111412,AGAINST,DNK,GREEN_EFA
179804,124875,FOR,DNK,PFE
179804,197558,AGAINST,DNK,RENEW
179804,197573,AGAINST,DNK,GREEN_EFA
179804,199941,AGAINST,DNK,SD
179804,257020,AGAINST,DNK,RENEW
179804,257023,AGAINST,DNK,GUE_NGL
179804,257025,FOR,DNK,ECR
179804,257028,FOR,DNK,EPP
179804,257033,FOR,DNK,EPP
179804,257038,AGAINST,DNK,RENEW
179804,257044,AGAINST,DNK,GREEN_EFA
179816,37312,FOR,DNK,SD
179816,96709,FOR,DNK,RENEW
179816,101585,FOR,DNK,SD
179816,111412,DID_NOT_VOTE,DNK,GREEN_EFA
179816,124875,ABSTENTION,DNK,PFE
179816,197558,FOR,DNK,RENEW
179816,197573,FOR,DNK,GREEN_EFA
179816,199941,FOR,DNK,SD
179816,257020,FOR,DNK,RENEW
179816,257023,DID_NOT_VOTE,DNK,GUE_NGL
179816,257025,ABSTENTION,DNK,ECR
179816,257028,FOR,DNK,EPP
179816,257033,FOR,DNK,EPP
179816,257038,FOR,DNK,RENEW
179816,257044,FOR,DNK,GREEN_EFA
179820,37312,FOR,DNK,SD
179820,96709,FOR,DNK,RENEW
179820,101585,FOR,DNK,SD
179820,111412,FOR,DNK,GREEN_EFA
179820,124875,ABSTENTION,DNK,PFE
179820,197558,FOR,DNK,RENEW
179820,197573,FOR,DNK,GREEN_EFA
179820,199941,FOR,DNK,SD
179820,257020,FOR,DNK,RENEW
179820,257023,FOR,DNK,GUE_NGL
179820,257025,ABSTENTION,DNK,ECR
179820,257028,FOR,DNK,EPP
179820,257033,FOR,DNK,EPP
179820,257038,FOR,DNK,RENEW
179820,257044,FOR,DNK,GREEN_EFA
179824,37312,FOR,DNK,SD
179824,96709,FOR,DNK,RENEW
179824,101585,FOR,DNK,SD
179824,111412,FOR,DNK,GREEN_EFA
179824,124875,AGAINST,DNK,PFE
179824,197558,FOR,DNK,RENEW
179824,197573,FOR,DNK,GREEN_EFA
179824,199941,FOR,DNK,SD
179824,257020,FOR,DNK,RENEW
179824,257023,FOR,DNK,GUE_NGL
179824,257025,AGAINST,DNK,ECR
179824,257028,AGAINST,DNK,EPP
179824,257033,FOR,DNK,EPP
179824,257038,FOR,DNK,RENEW
179824,257044,FOR,DNK,GREEN_EFA
179841,37312,FOR,DNK,SD
179841,96709,FOR,DNK,RENEW
179841,101585,FOR,DNK,SD
179841,111412,FOR,DNK,GREEN_EFA
179841,124875,DID_NOT_VOTE,DNK,PFE
179841,197558,FOR,DNK,RENEW
179841,197573,FOR,DNK,GREEN_EFA
179841,199941,FOR,DNK,SD
179841,257020,FOR,DNK,RENEW
179841,257023,FOR,DNK,GUE_NGL
179841,257025,AGAINST,DNK,ECR
179841,257028,FOR,DNK,EPP
179841,257033,FOR,DNK,EPP
179841,257038,FOR,DNK,RENEW
179841,257044,FOR,DNK,GREEN_EFA
179918,37312,FOR,DNK,SD
179918,96709,FOR,DNK,RENEW
179918,101585,FOR,DNK,SD
179918,111412,DID_NOT_VOTE,DNK,GREEN_EFA
179918,124875,DID_NOT_VOTE,DNK,PFE
179918,197558,FOR,DNK,RENEW
179918,197573,FOR,DNK,GREEN_EFA
179918,199941,FOR,DNK,SD
179918,257020,FOR,DNK,RENEW
179918,257023,FOR,DNK,GUE_NGL
179918,257025,FOR,DNK,ECR
179918,257028,FOR,DNK,EPP
179918,257033,FOR,DNK,EPP
179918,257038,FOR,DNK,RENEW
179918,257044,FOR,DNK,GREEN_EFA
179934,37312,FOR,DNK,SD
179934,96709,FOR,DNK,RENEW
179934,101585,FOR,DNK,SD
179934,111412,FOR,DNK,GREEN_EFA
179934,124875,DID_NOT_VOTE,DNK,PFE
179934,197558,FOR,DNK,RENEW
179934,197573,FOR,DNK,GREEN_EFA
179934,199941,FOR,DNK,SD
179934,257020,FOR,DNK,RENEW
179934,257023,FOR,DNK,GUE_NGL
179934,257025,ABSTENTION,DNK,ECR
179934,257028,FOR,DNK,EPP
179934,257033,FOR,DNK,EPP
179934,257038,FOR,DNK,RENEW
179934,257044,FOR,DNK,GREEN_EFA
180153,37312,AGAINST,DNK,SD
180153,96709,FOR,DNK,RENEW
180153,101585,AGAINST,DNK,SD
180153,111412,FOR,DNK,GREEN_EFA
180153,124875,DID_NOT_VOTE,DNK,PFE
180153,197558,FOR,DNK,RENEW
180153,197573,FOR,DNK,GREEN_EFA
180153,199941,AGAINST,DNK,SD
180153,257020,FOR,DNK,RENEW
180153,257023,AGAINST,DNK,GUE_NGL
180153,257025,AGAINST,DNK,ECR
180153,257028,ABSTENTION,DNK,EPP
180153,257033,AGAINST,DNK,EPP
180153,257038,FOR,DNK,RENEW
180153,257044,FOR,DNK,GREEN_EFA
180195,37312,ABSTENTION,DNK,SD
180195,96709,FOR,DNK,RENEW
180195,101585,ABSTENTION,DNK,SD
180195,111412,FOR,DNK,GREEN_EFA
180195,124875,DID_NOT_VOTE,DNK,PFE
180195,197558,FOR,DNK,RENEW
180195,197573,FOR,DNK,GREEN_EFA
180195,199941,ABSTENTION,DNK,SD
180195,257020,FOR,DNK,RENEW
180195,257023,AGAINST,DNK,GUE_NGL
180195,257025,AGAINST,DNK,ECR
180195,257028,ABSTENTION,DNK,EPP
180195,257033,ABSTENTION,DNK,EPP
180195,257038,FOR,DNK,RENEW
180195,257044,FOR,DNK,GREEN_EFA
180245,37312,FOR,DNK,SD
180245,96709,FOR,DNK,RENEW
180245,101585,FOR,DNK,SD
180245,111412,FOR,DNK,GREEN_EFA
180245,124875,DID_NOT_VOTE,DNK,PFE
180245,197558,FOR,DNK,RENEW
180245,197573,FOR,DNK,GREEN_EFA
180245,199941,FOR,DNK,SD
180245,257020,FOR,DNK,RENEW
180245,257023,FOR,DNK,GUE_NGL
180245,257025,FOR,DNK,ECR
180245,257028,FOR,DNK,EPP
180245,257033,FOR,DNK,EPP
180245,257038,FOR,DNK,RENEW
180245,257044,FOR,DNK,GREEN_EFA
180250,37312,AGAINST,DNK,SD
180250,96709,AGAINST,DNK,RENEW
180250,101585,AGAINST,DNK,SD
180250,111412,ABSTENTION,DNK,GREEN_EFA
180250,124875,DID_NOT_VOTE,DNK,PFE
180250,197558,DID_NOT_VOTE,DNK,RENEW
180250,197573,AGAINST,DNK,GREEN_EFA
180250,199941,AGAINST,DNK,SD
180250,257020,AGAINST,DNK,RENEW
180250,257023,FOR,DNK,GUE_NGL
180250,257025,AGAINST,DNK,ECR
180250,257028,AGAINST,DNK,EPP
180250,257033,AGAINST,DNK,EPP
180250,257038,AGAINST,DNK,RENEW
180250,257044,ABSTENTION,DNK,GREEN_EFA
180290,37312,AGAINST,DNK,SD
180290,96709,AGAINST,DNK,RENEW
180290,101585,AGAINST,DNK,SD
180290,111412,AGAINST,DNK,GREEN_EFA
180290,124875,DID_NOT_VOTE,DNK,PFE
180290,197558,DID_NOT_VOTE,DNK,RENEW
180290,197573,AGAINST,DNK,GREEN_EFA
180290,199941,AGAINST,DNK,SD
180290,257020,AGAINST,DNK,RENEW
180290,257023,AGAINST,DNK,GUE_NGL
180290,257025,FOR,DNK,ECR
180290,257028,AGAINST,DNK,EPP
180290,257033,AGAINST,DNK,EPP
180290,257038,AGAINST,DNK,RENEW
180290,257044,AGAINST,DNK,GREEN_EFA
180291,37312,AGAINST,DNK,SD
180291,96709,AGAINST,DNK,RENEW
180291,101585,AGAINST,DNK,SD
180291,111412,AGAINST,DNK,GREEN_EFA
180291,124875,DID_NOT_VOTE,DNK,PFE
180291,197558,DID_NOT_VOTE,DNK,RENEW
180291,197573,AGAINST,DNK,GREEN_EFA
180291,199941,AGAINST,DNK,SD
180291,257020,AGAINST,DNK,RENEW
180291,257023,AGAINST,DNK,GUE_NGL
180291,257025,FOR,DNK,ECR
180291,257028,AGAINST,DNK,EPP
180291,257033,AGAINST,DNK,EPP
180291,257038,AGAINST,DNK,RENEW
180291,257044,AGAINST,DNK,GREEN_EFA
180520,37312,AGAINST,DNK,SD
180520,96709,AGAINST,DNK,RENEW
180520,101585,AGAINST,DNK,SD
180520,111412,AGAINST,DNK,GREEN_EFA
180520,124875,DID_NOT_VOTE,DNK,PFE
180520,197558,DID_NOT_VOTE,DNK,RENEW
180520,197573,AGAINST,DNK,GREEN_EFA
180520,199941,AGAINST,DNK,SD
180520,257020,AGAINST,DNK,RENEW
180520,257023,AGAINST,DNK,GUE_NGL
180520,257025,ABSTENTION,DNK,ECR
180520,257028,AGAINST,DNK,EPP
180520,257033,AGAINST,DNK,EPP
180520,257038,AGAINST,DNK,RENEW
180520,257044,AGAINST,DNK,GREEN_EFA
180598,37312,FOR,DNK,SD
180598,96709,FOR,DNK,RENEW
180598,101585,FOR,DNK,SD
180598,111412,FOR,DNK,GREEN_EFA
180598,124875,DID_NOT_VOTE,DNK,PFE
180598,197558,DID_NOT_VOTE,DNK,RENEW
180598,197573,FOR,DNK,GREEN_EFA
180598,199941,FOR,DNK,SD
180598,257020,FOR,DNK,RENEW
180598,257023,ABSTENTION,DNK,GUE_NGL
180598,257025,ABSTENTION,DNK,ECR
180598,257028,AGAINST,DNK,EPP
180598,257033,FOR,DNK,EPP
180598,257038,FOR,DNK,RENEW
180598,257044,FOR,DNK,GREEN_EFA
180621,37312,FOR,DNK,SD
180621,96709,FOR,DNK,RENEW
180621,101585,DID_NOT_VOTE,DNK,SD
180621,111412,ABSTENTION,DNK,GREEN_EFA
180621,124875,FOR,DNK,PFE
180621,197558,FOR,DNK,RENEW
180621,197573,ABSTENTION,DNK,GREEN_EFA
180621,199941,FOR,DNK,SD
180621,257020,FOR,DNK,RENEW
180621,257023,AGAINST,DNK,GUE_NGL
180621,257025,FOR,DNK,ECR
180621,257028,FOR,DNK,EPP
180621,257033,FOR,DNK,EPP
180621,257038,FOR,DNK,RENEW
180621,257044,ABSTENTION,DNK,GREEN_EFA
180622,37312,FOR,DNK,SD
180622,96709,FOR,DNK,RENEW
180622,101585,DID_NOT_VOTE,DNK,SD
180622,111412,FOR,DNK,GREEN_EFA
180622,124875,FOR,DNK,PFE
180622,197558,FOR,DNK,RENEW
180622,197573,FOR,DNK,GREEN_EFA
180622,199941,FOR,DNK,SD
180622,257020,FOR,DNK,RENEW
180622,257023,ABSTENTION,DNK,GUE_NGL
180622,257025,FOR,DNK,ECR
180622,257028,FOR,DNK,EPP
180622,257033,FOR,DNK,EPP
180622,257038,FOR,DNK,RENEW
180622,257044,FOR,DNK,GREEN_EFA
180633,37312,FOR,DNK,SD
180633,96709,FOR,DNK,RENEW
180633,101585,DID_NOT_VOTE,DNK,SD
180633,111412,FOR,DNK,GREEN_EFA
180633,124875,AGAINST,DNK,PFE
180633,197558,FOR,DNK,RENEW
180633,197573,FOR,DNK,GREEN_EFA
180633,199941,FOR,DNK,SD
180633,257020,FOR,DNK,RENEW
180633,257023,FOR,DNK,GUE_NGL
180633,257025,AGAINST,DNK,ECR
180633,257028,FOR,DNK,EPP
180633,257033,FOR,DNK,EPP
180633,257038,FOR,DNK,RENEW
180633,257044,FOR,DNK,GREEN_EFA
180663,37312,ABSTENTION,DNK,SD
180663,96709,ABSTENTION,DNK,RENEW
180663,101585,DID_NOT_VOTE,DNK,SD
180663,111412,FOR,DNK,GREEN_EFA
180663,124875,AGAINST,DNK,PFE
180663,197558,ABSTENTION,DNK,RENEW
180663,197573,FOR,DNK,GREEN_EFA
180663,199941,ABSTENTION,DNK,SD
180663,257020,FOR,DNK,RENEW
180663,257023,ABSTENTION,DNK,GUE_NGL
180663,257025,AGAINST,DNK,ECR
180663,257028,AGAINST,DNK,EPP
180663,257033,AGAINST,DNK,EPP
180663,257038,FOR,DNK,RENEW
180663,257044,FOR,DNK,GREEN_EFA
180948,37312,FOR,DNK,SD
180948,96709,FOR,DNK,RENEW
180948,101585,DID_NOT_VOTE,DNK,SD
180948,111412,AGAINST,DNK,GREEN_EFA
180948,124875,FOR,DNK,PFE
180948,197558,FOR,DNK,RENEW
180948,197573,AGAINST,DNK,GREEN_EFA
180948,199941,FOR,DNK,SD
180948,257020,AGAINST,DNK,RENEW
180948,257023,AGAINST,DNK,GUE_NGL
180948,257025,FOR,DNK,ECR
180948,257028,FOR,DNK,EPP
180948,257033,FOR,DNK,EPP
180948,257038,AGAINST,DNK,RENEW
180948,257044,AGAINST,DNK,GREEN_EFA
180953,37312,FOR,DNK,SD
180953,96709,FOR,DNK,RENEW
180953,101585,DID_NOT_VOTE,DNK,SD
180953,111412,FOR,DNK,GREEN_EFA
180953,124875,AGAINST,DNK,PFE
180953,197558,FOR,DNK,RENEW
180953,197573,FOR,DNK,GREEN_EFA
180953,199941,FOR,DNK,SD
180953,257020,FOR,DNK,RENEW
180953,257023,FOR,DNK,GUE_NGL
180953,257025,FOR,DNK,ECR
180953,257028,FOR,DNK,EPP
180953,257033,FOR,DNK,EPP
180953,257038,FOR,DNK,RENEW
180953,257044,FOR,DNK,GREEN_EFA
180954,37312,FOR,DNK,SD
180954,96709,FOR,DNK,RENEW
180954,101585,DID_NOT_VOTE,DNK,SD
180954,111412,FOR,DNK,GREEN_EFA
180954,124875,AGAINST,DNK,PFE
180954,197558,FOR,DNK,RENEW
180954,197573,FOR,DNK,GREEN_EFA
180954,199941,FOR,DNK,SD
180954,257020,FOR,DNK,RENEW
180954,257023,FOR,DNK,GUE_NGL
180954,257025,AGAINST,DNK,ECR
180954,257028,FOR,DNK,EPP
180954,257033,FOR,DNK,EPP
180954,257038,FOR,DNK,RENEW
180954,257044,FOR,DNK,GREEN_EFA
180979,37312,FOR,DNK,SD
180979,96709,FOR,DNK,RENEW
180979,101585,DID_NOT_VOTE,DNK,SD
180979,111412,FOR,DNK,GREEN_EFA
180979,124875,AGAINST,DNK,PFE
180979,197558,FOR,DNK,RENEW
180979,197573,FOR,DNK,GREEN_EFA
180979,199941,FOR,DNK,SD
180979,257020,FOR,DNK,RENEW
180979,257023,FOR,DNK,GUE_NGL
180979,257025,FOR,DNK,ECR
180979,257028,FOR,DNK,EPP
180979,257033,FOR,DNK,EPP
180979,257038,FOR,DNK,RENEW
180979,257044,FOR,DNK,GREEN_EFA
180980,37312,AGAINST,DNK,SD
180980,96709,AGAINST,DNK,RENEW
180980,101585,DID_NOT_VOTE,DNK,SD
180980,111412,FOR,DNK,GREEN_EFA
180980,124875,AGAINST,DNK,PFE
180980,197558,AGAINST,DNK,RENEW
180980,197573,FOR,DNK,GREEN_EFA
180980,199941,AGAINST,DNK,SD
180980,257020,AGAINST,DNK,RENEW
180980,257023,FOR,DNK,GUE_NGL
180980,257025,ABSTENTION,DNK,ECR
180980,257028,AGAINST,DNK,EPP
180980,257033,AGAINST,DNK,EPP
180980,257038,AGAINST,DNK,RENEW
180980,257044,FOR,DNK,GREEN_EFA
180983,37312,AGAINST,DNK,SD
180983,96709,AGAINST,DNK,RENEW
180983,101585,DID_NOT_VOTE,DNK,SD
180983,111412,FOR,DNK,GREEN_EFA
180983,124875,AGAINST,DNK,PFE
180983,197558,AGAINST,DNK,RENEW
180983,197573,FOR,DNK,GREEN_EFA
180983,199941,AGAINST,DNK,SD
180983,257020,AGAINST,DNK,RENEW
180983,257023,FOR,DNK,GUE_NGL
180983,257025,AGAINST,DNK,ECR
180983,257028,AGAINST,DNK,EPP
180983,257033,AGAINST,DNK,EPP
180983,257038,AGAINST,DNK,RENEW
180983,257044,FOR,DNK,GREEN_EFA
181339,37312,FOR,DNK,SD
181339,96709,ABSTENTION,DNK,RENEW
181339,101585,DID_NOT_VOTE,DNK,SD
181339,111412,FOR,DNK,GREEN_EFA
181339,124875,AGAINST,DNK,PFE
181339,197558,ABSTENTION,DNK,RENEW
181339,197573,FOR,DNK,GREEN_EFA
181339,199941,FOR,DNK,SD
181339,257020,FOR,DNK,RENEW
181339,257023,FOR,DNK,GUE_NGL
181339,257025,AGAINST,DNK,ECR
181339,257028,AGAINST,DNK,EPP
181339,257033,AGAINST,DNK,EPP
181339,257038,FOR,DNK,RENEW
181339,257044,FOR,DNK,GREEN_EFA
181343,37312,FOR,DNK,SD
181343,96709,FOR,DNK,RENEW
181343,101585,DID_NOT_VOTE,DNK,SD
181343,111412,FOR,DNK,GREEN_EFA
181343,124875,FOR,DNK,PFE
181343,197558,FOR,DNK,RENEW
181343,197573,FOR,DNK,GREEN_EFA
181343,199941,FOR,DNK,SD
181343,257020,FOR,DNK,RENEW
181343,257023,FOR,DNK,GUE_NGL
181343,257025,FOR,DNK,ECR
181343,257028,FOR,DNK,EPP
181343,257033,FOR,DNK,EPP
181343,257038,FOR,DNK,RENEW
181343,257044,FOR,DNK,GREEN_EFA
181375,37312,FOR,DNK,SD
181375,96709,FOR,DNK,RENEW
181375,101585,DID_NOT_VOTE,DNK,SD
181375,111412,FOR,DNK,GREEN_EFA
181375,124875,AGAINST,DNK,PFE
181375,197558,FOR,DNK,RENEW
181375,197573,FOR,DNK,GREEN_EFA
181375,199941,FOR,DNK,SD
181375,257020,FOR,DNK,RENEW
181375,257023,FOR,DNK,GUE_NGL
181375,257025,AGAINST,DNK,ECR
181375,257028,FOR,DNK,EPP
181375,257033,FOR,DNK,EPP
181375,257038,FOR,DNK,RENEW
181375,257044,FOR,DNK,GREEN_EFA
181393,37312,AGAINST,DNK,SD
181393,96709,AGAINST,DNK,RENEW
181393,101585,DID_NOT_VOTE,DNK,SD
181393,111412,AGAINST,DNK,GREEN_EFA
181393,124875,FOR,DNK,PFE
181393,197558,AGAINST,DNK,RENEW
181393,197573,AGAINST,DNK,GREEN_EFA
181393,199941,AGAINST,DNK,SD
181393,257020,AGAINST,DNK,RENEW
181393,257023,AGAINST,DNK,GUE_NGL
181393,257025,FOR,DNK,ECR
181393,257028,AGAINST,DNK,EPP
181393,257033,AGAINST,DNK,EPP
181393,257038,AGAINST,DNK,RENEW
181393,257044,AGAINST,DNK,GREEN_EFA
181486,37312,FOR,DNK,SD
181486,96709,FOR,DNK,RENEW
181486,101585,DID_NOT_VOTE,DNK,SD
181486,111412,FOR,DNK,GREEN_EFA
181486,124875,ABSTENTION,DNK,PFE
181486,197558,FOR,DNK,RENEW
181486,197573,FOR,DNK,GREEN_EFA
181486,199941,FOR,DNK,SD
181486,257020,FOR,DNK,RENEW
181486,257023,ABSTENTION,DNK,GUE_NGL
181486,257025,FOR,DNK,ECR
181486,257028,FOR,DNK,EPP
181486,257033,FOR,DNK,EPP
181486,257038,FOR,DNK,RENEW
181486,257044,FOR,DNK,GREEN_EFA
181492,37312,FOR,DNK,SD
181492,96709,FOR,DNK,RENEW
181492,101585,DID_NOT_VOTE,DNK,SD
181492,111412,FOR,DNK,GREEN_EFA
181492,124875,AGAINST,DNK,PFE
181492,197558,FOR,DNK,RENEW
181492,197573,FOR,DNK,GREEN_EFA
181492,199941,FOR,DNK,SD
181492,257020,FOR,DNK,RENEW
181492,257023,FOR,DNK,GUE_NGL
181492,257025,FOR,DNK,ECR
181492,257028,FOR,DNK,EPP
181492,257033,FOR,DNK,EPP
181492,257038,FOR,DNK,RENEW
181492,257044,FOR,DNK,GREEN_EFA
181511,37312,FOR,DNK,SD
181511,96709,FOR,DNK,RENEW
181511,101585,DID_NOT_VOTE,DNK,SD
181511,111412,FOR,DNK,GREEN_EFA
181511,124875,AGAINST,DNK,PFE
181511,197558,FOR,DNK,RENEW
181511,197573,FOR,DNK,GREEN_EFA
181511,199941,FOR,DNK,SD
181511,257020,FOR,DNK,RENEW
181511,257023,FOR,DNK,GUE_NGL
181511,257025,AGAINST,DNK,ECR
181511,257028,FOR,DNK,EPP
181511,257033,FOR,DNK,EPP
181511,257038,FOR,DNK,RENEW
181511,257044,FOR,DNK,GREEN_EFA
181520,37312,FOR,DNK,SD
181520,96709,FOR,DNK,RENEW
181520,101585,DID_NOT_VOTE,DNK,SD
181520,111412,FOR,DNK,GREEN_EFA
181520,124875,AGAINST,DNK,PFE
181520,197558,FOR,DNK,RENEW
181520,197573,FOR,DNK,GREEN_EFA
181520,199941,FOR,DNK,SD
181520,257020,FOR,DNK,RENEW
181520,257023,FOR,DNK,GUE_NGL
181520,257025,ABSTENTION,DNK,ECR
181520,257028,ABSTENTION,DNK,EPP
181520,257033,FOR,DNK,EPP
181520,257038,FOR,DNK,RENEW
181520,257044,FOR,DNK,GREEN_EFA
181522,37312,FOR,DNK,SD
181522,96709,FOR,DNK,RENEW
181522,101585,DID_NOT_VOTE,DNK,SD
181522,111412,FOR,DNK,GREEN_EFA
181522,124875,FOR,DNK,PFE
181522,197558,FOR,DNK,RENEW
181522,197573,FOR,DNK,GREEN_EFA
181522,199941,FOR,DNK,SD
181522,257020,FOR,DNK,RENEW
181522,257023,ABSTENTION,DNK,GUE_NGL
181522,257025,AGAINST,DNK,ECR
181522,257028,FOR,DNK,EPP
181522,257033,FOR,DNK,EPP
181522,257038,FOR,DNK,RENEW
181522,257044,FOR,DNK,GREEN_EFA
181542,37312,FOR,DNK,SD
181542,96709,FOR,DNK,RENEW
181542,101585,DID_NOT_VOTE,DNK,SD
181542,111412,FOR,DNK,GREEN_EFA
181542,124875,AGAINST,DNK,PFE
181542,197558,FOR,DNK,RENEW
181542,197573,FOR,DNK,GREEN_EFA
181542,199941,FOR,DNK,SD
181542,257020,FOR,DNK,RENEW
181542,257023,AGAINST,DNK,GUE_NGL
181542,257025,AGAINST,DNK,ECR
181542,257028,ABSTENTION,DNK,EPP
181542,257033,ABSTENTION,DNK,EPP
181542,257038,FOR,DNK,RENEW
181542,257044,FOR,DNK,GREEN_EFA
181544,37312,AGAINST,DNK,SD
181544,96709,FOR,DNK,RENEW
181544,101585,DID_NOT_VOTE,DNK,SD
181544,111412,AGAINST,DNK,GREEN_EFA
181544,124875,FOR,DNK,PFE
181544,197558,FOR,DNK,RENEW
181544,197573,AGAINST,DNK,GREEN_EFA
181544,199941,AGAINST,DNK,SD
181544,257020,AGAINST,DNK,RENEW
181544,257023,AGAINST,DNK,GUE_NGL
181544,257025,FOR,DNK,ECR
181544,257028,FOR,DNK,EPP
181544,257033,FOR,DNK,EPP
181544,257038,AGAINST,DNK,RENEW
181544,257044,AGAINST,DNK,GREEN_EFA
181550,37312,FOR,DNK,SD
181550,96709,FOR,DNK,RENEW
181550,101585,DID_NOT_VOTE,DNK,SD
181550,111412,FOR,DNK,GREEN_EFA
181550,124875,AGAINST,DNK,PFE
181550,197558,FOR,DNK,RENEW
181550,197573,FOR,DNK,GREEN_EFA
181550,199941,FOR,DNK,SD
181550,257020,FOR,DNK,RENEW
181550,257023,FOR,DNK,GUE_NGL
181550,257025,ABSTENTION,DNK,ECR
181550,257028,AGAINST,DNK,EPP
181550,257033,ABSTENTION,DNK,EPP
181550,257038,FOR,DNK,RENEW
181550,257044,FOR,DNK,GREEN_EFA
181551,37312,FOR,DNK,SD
181551,96709,FOR,DNK,RENEW
181551,101585,DID_NOT_VOTE,DNK,SD
181551,111412,AGAINST,DNK,GREEN_EFA
181551,124875,AGAINST,DNK,PFE
181551,197558,FOR,DNK,RENEW
181551,197573,AGAINST,DNK,GREEN_EFA
181551,199941,FOR,DNK,SD
181551,257020,FOR,DNK,RENEW
181551,257023,AGAINST,DNK,GUE_NGL
181551,257025,ABSTENTION,DNK,ECR
181551,257028,FOR,DNK,EPP
181551,257033,FOR,DNK,EPP
181551,257038,FOR,DNK,RENEW
181551,257044,AGAINST,DNK,GREEN_EFA
181559,37312,FOR,DNK,SD
181559,96709,FOR,DNK,RENEW
181559,101585,DID_NOT_VOTE,DNK,SD
181559,111412,ABSTENTION,DNK,GREEN_EFA
181559,124875,ABSTENTION,DNK,PFE
181559,197558,FOR,DNK,RENEW
181559,197573,ABSTENTION,DNK,GREEN_EFA
181559,199941,FOR,DNK,SD
181559,257020,FOR,DNK,RENEW
181559,257023,AGAINST,DNK,GUE_NGL
181559,257025,FOR,DNK,ECR
181559,257028,FOR,DNK,EPP
181559,257033,FOR,DNK,EPP
181559,257038,ABSTENTION,DNK,RENEW
181559,257044,ABSTENTION,DNK,GREEN_EFA
181561,37312,FOR,DNK,SD
181561,96709,FOR,DNK,RENEW
181561,101585,DID_NOT_VOTE,DNK,SD
181561,111412,ABSTENTION,DNK,GREEN_EFA
181561,124875,ABSTENTION,DNK,PFE
181561,197558,FOR,DNK,RENEW
181561,197573,ABSTENTION,DNK,GREEN_EFA
181561,199941,FOR,DNK,SD
181561,257020,FOR,DNK,RENEW
181561,257023,AGAINST,DNK,GUE_NGL
181561,257025,FOR,DNK,ECR
181561,257028,FOR,DNK,EPP
181561,257033,FOR,DNK,EPP
181561,257038,FOR,DNK,RENEW
181561,257044,ABSTENTION,DNK,GREEN_EFA
181563,37312,FOR,DNK,SD
181563,96709,FOR,DNK,RENEW
181563,101585,DID_NOT_VOTE,DNK,SD
181563,111412,FOR,DNK,GREEN_EFA
181563,124875,AGAINST,DNK,PFE
181563,197558,FOR,DNK,RENEW
181563,197573,FOR,DNK,GREEN_EFA
181563,199941,FOR,DNK,SD
181563,257020,FOR,DNK,RENEW
181563,257023,FOR,DNK,GUE_NGL
181563,257025,AGAINST,DNK,ECR
181563,257028,FOR,DNK,EPP
181563,257033,FOR,DNK,EPP
181563,257038,FOR,DNK,RENEW
181563,257044,FOR,DNK,GREEN_EFA
181564,37312,FOR,DNK,SD
181564,96709,FOR,DNK,RENEW
181564,101585,DID_NOT_VOTE,DNK,SD
181564,111412,FOR,DNK,GREEN_EFA
181564,124875,FOR,DNK,PFE
181564,197558,FOR,DNK,RENEW
181564,197573,FOR,DNK,GREEN_EFA
181564,199941,FOR,DNK,SD
181564,257020,FOR,DNK,RENEW
181564,257023,AGAINST,DNK,GUE_NGL
181564,257025,FOR,DNK,ECR
181564,257028,FOR,DNK,EPP
181564,257033,FOR,DNK,EPP
181564,257038,FOR,DNK,RENEW
181564,257044,FOR,DNK,GREEN_EFA
181566,37312,FOR,DNK,SD
181566,96709,FOR,DNK,RENEW
181566,101585,DID_NOT_VOTE,DNK,SD
181566,111412,AGAINST,DNK,GREEN_EFA
181566,124875,FOR,DNK,PFE
181566,197558,FOR,DNK,RENEW
181566,197573,AGAINST,DNK,GREEN_EFA
181566,199941,FOR,DNK,SD
181566,257020,AGAINST,DNK,RENEW
181566,257023,AGAINST,DNK,GUE_NGL
181566,257025,FOR,DNK,ECR
181566,257028,FOR,DNK,EPP
181566,257033,FOR,DNK,EPP
181566,257038,AGAINST,DNK,RENEW
181566,257044,AGAINST,DNK,GREEN_EFA
181587,37312,FOR,DNK,SD
181587,96709,FOR,DNK,RENEW
181587,101585,DID_NOT_VOTE,DNK,SD
181587,111412,FOR,DNK,GREEN_EFA
181587,124875,AGAINST,DNK,PFE
181587,197558,FOR,DNK,RENEW
181587,197573,FOR,DNK,GREEN_EFA
181587,199941,FOR,DNK,SD
181587,257020,FOR,DNK,RENEW
181587,257023,AGAINST,DNK,GUE_NGL
181587,257025,FOR,DNK,ECR
181587,257028,FOR,DNK,EPP
181587,257033,FOR,DNK,EPP
181587,257038,FOR,DNK,RENEW
181587,257044,FOR,DNK,GREEN_EFA
181617,37312,FOR,DNK,SD
181617,96709,ABSTENTION,DNK,RENEW
181617,101585,DID_NOT_VOTE,DNK,SD
181617,111412,DID_NOT_VOTE,DNK,GREEN_EFA
181617,124875,AGAINST,DNK,PFE
181617,197558,ABSTENTION,DNK,RENEW
181617,197573,FOR,DNK,GREEN_EFA
181617,199941,FOR,DNK,SD
181617,257020,FOR,DNK,RENEW
181617,257023,FOR,DNK,GUE_NGL
181617,257025,AGAINST,DNK,ECR
181617,257028,ABSTENTION,DNK,EPP
181617,257033,FOR,DNK,EPP
181617,257038,FOR,DNK,RENEW
181617,257044,FOR,DNK,GREEN_EFA
181633,37312,FOR,DNK,SD
181633,96709,FOR,DNK,RENEW
181633,101585,DID_NOT_VOTE,DNK,SD
181633,111412,FOR,DNK,GREEN_EFA
181633,124875,AGAINST,DNK,PFE
181633,197558,FOR,DNK,RENEW
181633,197573,FOR,DNK,GREEN_EFA
181633,199941,FOR,DNK,SD
181633,257020,FOR,DNK,RENEW
181633,257023,ABSTENTION,DNK,GUE_NGL
181633,257025,DID_NOT_VOTE,DNK,ECR
181633,257028,ABSTENTION,DNK,EPP
181633,257033,FOR,DNK,EPP
181633,257038,FOR,DNK,RENEW
181633,257044,FOR,DNK,GREEN_EFA
181813,37312,AGAINST,DNK,SD
181813,96709,FOR,DNK,RENEW
181813,101585,DID_NOT_VOTE,DNK,SD
181813,111412,AGAINST,DNK,GREEN_EFA
181813,124875,FOR,DNK,PFE
181813,197558,FOR,DNK,RENEW
181813,197573,AGAINST,DNK,GREEN_EFA
181813,199941,AGAINST,DNK,SD
181813,257020,AGAINST,DNK,RENEW
181813,257023,AGAINST,DNK,GUE_NGL
181813,257025,FOR,DNK,ECR
181813,257028,FOR,DNK,EPP
181813,257033,FOR,DNK,EPP
181813,257038,AGAINST,DNK,RENEW
181813,257044,AGAINST,DNK,GREEN_EFA
181829,37312,ABSTENTION,DNK,SD
181829,96709,AGAINST,DNK,RENEW
181829,101585,DID_NOT_VOTE,DNK,SD
181829,111412,FOR,DNK,GREEN_EFA
181829,124875,FOR,DNK,PFE
181829,197558,AGAINST,DNK,RENEW
181829,197573,FOR,DNK,GREEN_EFA
181829,199941,AGAINST,DNK,SD
181829,257020,AGAINST,DNK,RENEW
181829,257023,FOR,DNK,GUE_NGL
181829,257025,AGAINST,DNK,ECR
181829,257028,AGAINST,DNK,EPP
181829,257033,AGAINST,DNK,EPP
181829,257038,FOR,DNK,RENEW
181829,257044,FOR,DNK,GREEN_EFA
181830,37312,ABSTENTION,DNK,SD
181830,96709,AGAINST,DNK,RENEW
181830,101585,DID_NOT_VOTE,DNK,SD
181830,111412,FOR,DNK,GREEN_EFA
181830,124875,FOR,DNK,PFE
181830,197558,AGAINST,DNK,RENEW
181830,197573,FOR,DNK,GREEN_EFA
181830,199941,ABSTENTION,DNK,SD
181830,257020,AGAINST,DNK,RENEW
181830,257023,FOR,DNK,GUE_NGL
181830,257025,AGAINST,DNK,ECR
181830,257028,AGAINST,DNK,EPP
181830,257033,AGAINST,DNK,EPP
181830,257038,FOR,DNK,RENEW
181830,257044,FOR,DNK,GREEN_EFA
181831,37312,ABSTENTION,DNK,SD
181831,96709,AGAINST,DNK,RENEW
181831,101585,DID_NOT_VOTE,DNK,SD
181831,111412,DID_NOT_VOTE,DNK,GREEN_EFA
181831,124875,FOR,DNK,PFE
181831,197558,AGAINST,DNK,RENEW
181831,197573,FOR,DNK,GREEN_EFA
181831,199941,ABSTENTION,DNK,SD
181831,257020,AGAINST,DNK,RENEW
181831,257023,FOR,DNK,GUE_NGL
181831,257025,AGAINST,DNK,ECR
181831,257028,AGAINST,DNK,EPP
181831,257033,AGAINST,DNK,EPP
181831,257038,FOR,DNK,RENEW
181831,257044,FOR,DNK,GREEN_EFA
181832,37312,ABSTENTION,DNK,SD
181832,96709,AGAINST,DNK,RENEW
181832,101585,DID_NOT_VOTE,DNK,SD
181832,111412,FOR,DNK,GREEN_EFA
181832,124875,FOR,DNK,PFE
181832,197558,AGAINST,DNK,RENEW
181832,197573,FOR,DNK,GREEN_EFA
181832,199941,ABSTENTION,DNK,SD
181832,257020,AGAINST,DNK,RENEW
181832,257023,FOR,DNK,GUE_NGL
181832,257025,AGAINST,DNK,ECR
181832,257028,AGAINST,DNK,EPP
181832,257033,AGAINST,DNK,EPP
181832,257038,FOR,DNK,RENEW
181832,257044,FOR,DNK,GREEN_EFA
181833,37312,ABSTENTION,DNK,SD
181833,96709,AGAINST,DNK,RENEW
181833,101585,DID_NOT_VOTE,DNK,SD
181833,111412,FOR,DNK,GREEN_EFA
181833,124875,FOR,DNK,PFE
181833,197558,AGAINST,DNK,RENEW
181833,197573,FOR,DNK,GREEN_EFA
181833,199941,ABSTENTION,DNK,SD
181833,257020,AGAINST,DNK,RENEW
181833,257023,FOR,DNK,GUE_NGL
181833,257025,AGAINST,DNK,ECR
181833,257028,AGAINST,DNK,EPP
181833,257033,AGAINST,DNK,EPP
181833,257038,FOR,DNK,RENEW
181833,257044,FOR,DNK,GREEN_EFA
181879,37312,AGAINST,DNK,SD
181879,96709,AGAINST,DNK,RENEW
181879,101585,DID_NOT_VOTE,DNK,SD
181879,111412,AGAINST,DNK,GREEN_EFA
181879,124875,FOR,DNK,PFE
181879,197558,AGAINST,DNK,RENEW
181879,197573,AGAINST,DNK,GREEN_EFA
181879,199941,AGAINST,DNK,SD
181879,257020,AGAINST,DNK,RENEW
181879,257023,FOR,DNK,GUE_NGL
181879,257025,AGAINST,DNK,ECR
181879,257028,AGAINST,DNK,EPP
181879,257033,AGAINST,DNK,EPP
181879,257038,AGAINST,DNK,RENEW
181879,257044,AGAINST,DNK,GREEN_EFA
181885,37312,AGAINST,DNK,SD
181885,96709,AGAINST,DNK,RENEW
181885,101585,DID_NOT_VOTE,DNK,SD
181885,111412,FOR,DNK,GREEN_EFA
181885,124875,AGAINST,DNK,PFE
181885,197558,AGAINST,DNK,RENEW
181885,197573,FOR,DNK,GREEN_EFA
181885,199941,AGAINST,DNK,SD
181885,257020,FOR,DNK,RENEW
181885,257023,FOR,DNK,GUE_NGL
181885,257025,AGAINST,DNK,ECR
181885,257028,AGAINST,DNK,EPP
181885,257033,AGAINST,DNK,EPP
181885,257038,FOR,DNK,RENEW
181885,257044,FOR,DNK,GREEN_EFA
181950,37312,AGAINST,DNK,SD
181950,96709,AGAINST,DNK,RENEW
181950,101585,DID_NOT_VOTE,DNK,SD
181950,111412,AGAINST,DNK,GREEN_EFA
181950,124875,FOR,DNK,PFE
181950,197558,AGAINST,DNK,RENEW
181950,197573,AGAINST,DNK,GREEN_EFA
181950,199941,AGAINST,DNK,SD
181950,257020,AGAINST,DNK,RENEW
181950,257023,FOR,DNK,GUE_NGL
181950,257025,FOR,DNK,ECR
181950,257028,AGAINST,DNK,EPP
181950,257033,AGAINST,DNK,EPP
181950,257038,AGAINST,DNK,RENEW
181950,257044,AGAINST,DNK,GREEN_EFA
181951,37312,FOR,DNK,SD
181951,96709,FOR,DNK,RENEW
181951,101585,DID_NOT_VOTE,DNK,SD
181951,111412,FOR,DNK,GREEN_EFA
181951,124875,AGAINST,DNK,PFE
181951,197558,FOR,DNK,RENEW
181951,197573,FOR,DNK,GREEN_EFA
181951,199941,FOR,DNK,SD
181951,257020,FOR,DNK,RENEW
181951,257023,FOR,DNK,GUE_NGL
181951,257025,DID_NOT_VOTE,DNK,ECR
181951,257028,AGAINST,DNK,EPP
181951,257033,AGAINST,DNK,EPP
181951,257038,FOR,DNK,RENEW
181951,257044,FOR,DNK,GREEN_EFA
181953,37312,AGAINST,DNK,SD
181953,96709,AGAINST,DNK,RENEW
181953,101585,DID_NOT_VOTE,DNK,SD
181953,111412,ABSTENTION,DNK,GREEN_EFA
181953,124875,AGAINST,DNK,PFE
181953,197558,AGAINST,DNK,RENEW
181953,197573,ABSTENTION,DNK,GREEN_EFA
181953,199941,AGAINST,DNK,SD
181953,257020,AGAINST,DNK,RENEW
181953,257023,FOR,DNK,GUE_NGL
181953,257025,AGAINST,DNK,ECR
181953,257028,AGAINST,DNK,EPP
181953,257033,AGAINST,DNK,EPP
181953,257038,AGAINST,DNK,RENEW
181953,257044,ABSTENTION,DNK,GREEN_EFA
181994,37312,FOR,DNK,SD
181994,96709,FOR,DNK,RENEW
181994,101585,DID_NOT_VOTE,DNK,SD
181994,111412,FOR,DNK,GREEN_EFA
181994,124875,AGAINST,DNK,PFE
181994,197558,FOR,DNK,RENEW
181994,197573,FOR,DNK,GREEN_EFA
181994,199941,FOR,DNK,SD
181994,257020,FOR,DNK,RENEW
181994,257023,FOR,DNK,GUE_NGL
181994,257025,DID_NOT_VOTE,DNK,ECR
181994,257028,ABSTENTION,DNK,EPP
181994,257033,FOR,DNK,EPP
181994,257038,FOR,DNK,RENEW
181994,257044,FOR,DNK,GREEN_EFA
181995,37312,FOR,DNK,SD
181995,96709,FOR,DNK,RENEW
181995,101585,DID_NOT_VOTE,DNK,SD
181995,111412,ABSTENTION,DNK,GREEN_EFA
181995,124875,FOR,DNK,PFE
181995,197558,FOR,DNK,RENEW
181995,197573,ABSTENTION,DNK,GREEN_EFA
181995,199941,FOR,DNK,SD
181995,257020,FOR,DNK,RENEW
181995,257023,AGAINST,DNK,GUE_NGL
181995,257025,FOR,DNK,ECR
181995,257028,FOR,DNK,EPP
181995,257033,FOR,DNK,EPP
181995,257038,FOR,DNK,RENEW
181995,257044,ABSTENTION,DNK,GREEN_EFA
182008,37312,AGAINST,DNK,SD
182008,96709,AGAINST,DNK,RENEW
182008,101585,DID_NOT_VOTE,DNK,SD
182008,111412,AGAINST,DNK,GREEN_EFA
182008,124875,AGAINST,DNK,PFE
182008,197558,AGAINST,DNK,RENEW
182008,197573,AGAINST,DNK,GREEN_EFA
182008,199941,AGAINST,DNK,SD
182008,257020,AGAINST,DNK,RENEW
182008,257023,FOR,DNK,GUE_NGL
182008,257025,AGAINST,DNK,ECR
182008,257028,AGAINST,DNK,EPP
182008,257033,AGAINST,DNK,EPP
182008,257038,AGAINST,DNK,RENEW
182008,257044,AGAINST,DNK,GREEN_EFA
182257,37312,FOR,DNK,SD
182257,96709,FOR,DNK,RENEW
182257,101585,DID_NOT_VOTE,DNK,SD
182257,111412,FOR,DNK,GREEN_EFA
182257,124875,ABSTENTION,DNK,PFE
182257,197558,FOR,DNK,RENEW
182257,197573,FOR,DNK,GREEN_EFA
182257,199941,FOR,DNK,SD
182257,257020,FOR,DNK,RENEW
182257,257023,FOR,DNK,GUE_NGL
182257,257025,FOR,DNK,ECR
182257,257028,FOR,DNK,EPP
182257,257033,FOR,DNK,EPP
182257,257038,FOR,DNK,RENEW
182257,257044,FOR,DNK,GREEN_EFA
182288,37312,FOR,DNK,SD
182288,96709,FOR,DNK,RENEW
182288,101585,DID_NOT_VOTE,DNK,SD
182288,111412,FOR,DNK,GREEN_EFA
182288,124875,ABSTENTION,DNK,PFE
182288,197558,FOR,DNK,RENEW
182288,197573,FOR,DNK,GREEN_EFA
182288,199941,FOR,DNK,SD
182288,257020,FOR,DNK,RENEW
182288,257023,FOR,DNK,GUE_NGL
182288,257025,FOR,DNK,ECR
182288,257028,FOR,DNK,EPP
182288,257033,FOR,DNK,EPP
182288,257038,FOR,DNK,RENEW
182288,257044,FOR,DNK,GREEN_EFA
182293,37312,FOR,DNK,SD
182293,96709,FOR,DNK,RENEW
182293,101585,DID_NOT_VOTE,DNK,SD
182293,111412,FOR,DNK,GREEN_EFA
182293,124875,ABSTENTION,DNK,PFE
182293,197558,FOR,DNK,RENEW
182293,197573,FOR,DNK,GREEN_EFA
182293,199941,FOR,DNK,SD
182293,257020,FOR,DNK,RENEW
182293,257023,FOR,DNK,GUE_NGL
182293,257025,FOR,DNK,ECR
182293,257028,FOR,DNK,EPP
182293,257033,FOR,DNK,EPP
182293,257038,FOR,DNK,RENEW
182293,257044,FOR,DNK,GREEN_EFA
182305,37312,FOR,DNK,SD
182305,96709,FOR,DNK,RENEW
182305,101585,DID_NOT_VOTE,DNK,SD
182305,111412,FOR,DNK,GREEN_EFA
182305,124875,ABSTENTION,DNK,PFE
182305,197558,FOR,DNK,RENEW
182305,197573,FOR,DNK,GREEN_EFA
182305,199941,FOR,DNK,SD
182305,257020,FOR,DNK,RENEW
182305,257023,FOR,DNK,GUE_NGL
182305,257025,FOR,DNK,ECR
182305,257028,FOR,DNK,EPP
182305,257033,FOR,DNK,EPP
182305,257038,FOR,DNK,RENEW
182305,257044,FOR,DNK,GREEN_EFA
182317,37312,FOR,DNK,SD
182317,96709,FOR,DNK,RENEW
182317,101585,DID_NOT_VOTE,DNK,SD
182317,111412,FOR,DNK,GREEN_EFA
182317,124875,ABSTENTION,DNK,PFE
182317,197558,FOR,DNK,RENEW
182317,197573,FOR,DNK,GREEN_EFA
182317,199941,FOR,DNK,SD
182317,257020,FOR,DNK,RENEW
182317,257023,FOR,DNK,GUE_NGL
182317,257025,FOR,DNK,ECR
182317,257028,FOR,DNK,EPP
182317,257033,FOR,DNK,EPP
182317,257038,FOR,DNK,RENEW
182317,257044,FOR,DNK,GREEN_EFA
182353,37312,FOR,DNK,SD
182353,96709,DID_NOT_VOTE,DNK,RENEW
182353,101585,DID_NOT_VOTE,DNK,SD
182353,111412,FOR,DNK,GREEN_EFA
182353,124875,ABSTENTION,DNK,PFE
182353,197558,FOR,DNK,RENEW
182353,197573,FOR,DNK,GREEN_EFA
182353,199941,FOR,DNK,SD
182353,257020,FOR,DNK,RENEW
182353,257023,FOR,DNK,GUE_NGL
182353,257025,FOR,DNK,ECR
182353,257028,FOR,DNK,EPP
182353,257033,FOR,DNK,EPP
182353,257038,FOR,DNK,RENEW
182353,257044,FOR,DNK,GREEN_EFA
182388,37312,FOR,DNK,SD
182388,96709,FOR,DNK,RENEW
182388,101585,DID_NOT_VOTE,DNK,SD
182388,111412,AGAINST,DNK,GREEN_EFA
182388,124875,FOR,DNK,PFE
182388,197558,FOR,DNK,RENEW
182388,197573,AGAINST,DNK,GREEN_EFA
182388,199941,FOR,DNK,SD
182388,257020,FOR,DNK,RENEW
182388,257023,FOR,DNK,GUE_NGL
182388,257025,FOR,DNK,ECR
182388,257028,FOR,DNK,EPP
182388,257033,FOR,DNK,EPP
182388,257038,FOR,DNK,RENEW
182388,257044,AGAINST,DNK,GREEN_EFA
182460,37312,FOR,DNK,SD
182460,96709,FOR,DNK,RENEW
182460,101585,DID_NOT_VOTE,DNK,SD
182460,111412,FOR,DNK,GREEN_EFA
182460,124875,FOR,DNK,PFE
182460,197558,FOR,DNK,RENEW
182460,197573,FOR,DNK,GREEN_EFA
182460,199941,FOR,DNK,SD
182460,257020,FOR,DNK,RENEW
182460,257023,AGAINST,DNK,GUE_NGL
182460,257025,ABSTENTION,DNK,ECR
182460,257028,FOR,DNK,EPP
182460,257033,FOR,DNK,EPP
182460,257038,FOR,DNK,RENEW
182460,257044,FOR,DNK,GREEN_EFA
182462,37312,FOR,DNK,SD
182462,96709,FOR,DNK,RENEW
182462,101585,DID_NOT_VOTE,DNK,SD
182462,111412,FOR,DNK,GREEN_EFA
182462,124875,FOR,DNK,PFE
182462,197558,FOR,DNK,RENEW
182462,197573,FOR,DNK,GREEN_EFA
182462,199941,FOR,DNK,SD
182462,257020,FOR,DNK,RENEW
182462,257023,FOR,DNK,GUE_NGL
182462,257025,AGAINST,DNK,ECR
182462,257028,FOR,DNK,EPP
182462,257033,FOR,DNK,EPP
182462,257038,FOR,DNK,RENEW
182462,257044,FOR,DNK,GREEN_EFA
182463,37312,FOR,DNK,SD
182463,96709,FOR,DNK,RENEW
182463,101585,DID_NOT_VOTE,DNK,SD
182463,111412,FOR,DNK,GREEN_EFA
182463,124875,FOR,DNK,PFE
182463,197558,FOR,DNK,RENEW
182463,197573,FOR,DNK,GREEN_EFA
182463,199941,FOR,DNK,SD
182463,257020,FOR,DNK,RENEW
182463,257023,FOR,DNK,GUE_NGL
182463,257025,FOR,DNK,ECR
182463,257028,FOR,DNK,EPP
182463,257033,FOR,DNK,EPP
182463,257038,FOR,DNK,RENEW
182463,257044,FOR,DNK,GREEN_EFA
182470,37312,FOR,DNK,SD
182470,96709,FOR,DNK,RENEW
182470,101585,DID_NOT_VOTE,DNK,SD
182470,111412,FOR,DNK,GREEN_EFA
182470,124875,AGAINST,DNK,PFE
182470,197558,FOR,DNK,RENEW
182470,197573,FOR,DNK,GREEN_EFA
182470,199941,FOR,DNK,SD
182470,257020,FOR,DNK,RENEW
182470,257023,FOR,DNK,GUE_NGL
182470,257025,AGAINST,DNK,ECR
182470,257028,FOR,DNK,EPP
182470,257033,FOR,DNK,EPP
182470,257038,FOR,DNK,RENEW
182470,257044,FOR,DNK,GREEN_EFA
182479,37312,FOR,DNK,SD
182479,96709,FOR,DNK,RENEW
182479,101585,DID_NOT_VOTE,DNK,SD
182479,111412,FOR,DNK,GREEN_EFA
182479,124875,AGAINST,DNK,PFE
182479,197558,FOR,DNK,RENEW
182479,197573,FOR,DNK,GREEN_EFA
182479,199941,FOR,DNK,SD
182479,257020,FOR,DNK,RENEW
182479,257023,FOR,DNK,GUE_NGL
182479,257025,AGAINST,DNK,ECR
182479,257028,FOR,DNK,EPP
182479,257033,FOR,DNK,EPP
182479,257038,FOR,DNK,RENEW
182479,257044,FOR,DNK,GREEN_EFA
182483,37312,FOR,DNK,SD
182483,96709,FOR,DNK,RENEW
182483,101585,DID_NOT_VOTE,DNK,SD
182483,111412,FOR,DNK,GREEN_EFA
182483,124875,FOR,DNK,PFE
182483,197558,FOR,DNK,RENEW
182483,197573,FOR,DNK,GREEN_EFA
182483,199941,FOR,DNK,SD
182483,257020,FOR,DNK,RENEW
182483,257023,AGAINST,DNK,GUE_NGL
182483,257025,FOR,DNK,ECR
182483,257028,FOR,DNK,EPP
182483,257033,FOR,DNK,EPP
182483,257038,FOR,DNK,RENEW
182483,257044,FOR,DNK,GREEN_EFA
182506,37312,FOR,DNK,SD
182506,96709,FOR,DNK,RENEW
182506,101585,DID_NOT_VOTE,DNK,SD
182506,111412,FOR,DNK,GREEN_EFA
182506,124875,AGAINST,DNK,PFE
182506,197558,FOR,DNK,RENEW
182506,197573,FOR,DNK,GREEN_EFA
182506,199941,FOR,DNK,SD
182506,257020,FOR,DNK,RENEW
182506,257023,FOR,DNK,GUE_NGL
182506,257025,AGAINST,DNK,ECR
182506,257028,FOR,DNK,EPP
182506,257033,FOR,DNK,EPP
182506,257038,FOR,DNK,RENEW
182506,257044,FOR,DNK,GREEN_EFA
182509,37312,FOR,DNK,SD
182509,96709,FOR,DNK,RENEW
182509,101585,DID_NOT_VOTE,DNK,SD
182509,111412,FOR,DNK,GREEN_EFA
182509,124875,FOR,DNK,PFE
182509,197558,FOR,DNK,RENEW
182509,197573,FOR,DNK,GREEN_EFA
182509,199941,FOR,DNK,SD
182509,257020,FOR,DNK,RENEW
182509,257023,AGAINST,DNK,GUE_NGL
182509,257025,FOR,DNK,ECR
182509,257028,FOR,DNK,EPP
182509,257033,FOR,DNK,EPP
182509,257038,FOR,DNK,RENEW
182509,257044,FOR,DNK,GREEN_EFA
182510,37312,FOR,DNK,SD
182510,96709,FOR,DNK,RENEW
182510,101585,DID_NOT_VOTE,DNK,SD
182510,111412,FOR,DNK,GREEN_EFA
182510,124875,AGAINST,DNK,PFE
182510,197558,FOR,DNK,RENEW
182510,197573,FOR,DNK,GREEN_EFA
182510,199941,FOR,DNK,SD
182510,257020,FOR,DNK,RENEW
182510,257023,AGAINST,DNK,GUE_NGL
182510,257025,FOR,DNK,ECR
182510,257028,FOR,DNK,EPP
182510,257033,FOR,DNK,EPP
182510,257038,FOR,DNK,RENEW
182510,257044,FOR,DNK,GREEN_EFA
182511,37312,FOR,DNK,SD
182511,96709,FOR,DNK,RENEW
182511,101585,DID_NOT_VOTE,DNK,SD
182511,111412,FOR,DNK,GREEN_EFA
182511,124875,AGAINST,DNK,PFE
182511,197558,FOR,DNK,RENEW
182511,197573,FOR,DNK,GREEN_EFA
182511,199941,FOR,DNK,SD
182511,257020,FOR,DNK,RENEW
182511,257023,ABSTENTION,DNK,GUE_NGL
182511,257025,FOR,DNK,ECR
182511,257028,FOR,DNK,EPP
182511,257033,FOR,DNK,EPP
182511,257038,FOR,DNK,RENEW
182511,257044,FOR,DNK,GREEN_EFA
182512,37312,FOR,DNK,SD
182512,96709,FOR,DNK,RENEW
182512,101585,DID_NOT_VOTE,DNK,SD
182512,111412,FOR,DNK,GREEN_EFA
182512,124875,FOR,DNK,PFE
182512,197558,FOR,DNK,RENEW
182512,197573,FOR,DNK,GREEN_EFA
182512,199941,FOR,DNK,SD
182512,257020,FOR,DNK,RENEW
182512,257023,FOR,DNK,GUE_NGL
182512,257025,FOR,DNK,ECR
182512,257028,FOR,DNK,EPP
182512,257033,FOR,DNK,EPP
182512,257038,FOR,DNK,RENEW
182512,257044,FOR,DNK,GREEN_EFA
182518,37312,FOR,DNK,SD
182518,96709,FOR,DNK,RENEW
182518,101585,DID_NOT_VOTE,DNK,SD
182518,111412,AGAINST,DNK,GREEN_EFA
182518,124875,FOR,DNK,PFE
182518,197558,FOR,DNK,RENEW
182518,197573,AGAINST,DNK,GREEN_EFA
182518,199941,FOR,DNK,SD
182518,257020,FOR,DNK,RENEW
182518,257023,AGAINST,DNK,GUE_NGL
182518,257025,FOR,DNK,ECR
182518,257028,FOR,DNK,EPP
182518,257033,FOR,DNK,EPP
182518,257038,ABSTENTION,DNK,RENEW
182518,257044,AGAINST,DNK,GREEN_EFA
182614,37312,AGAINST,DNK,SD
182614,96709,AGAINST,DNK,RENEW
182614,101585,DID_NOT_VOTE,DNK,SD
182614,111412,FOR,DNK,GREEN_EFA
182614,124875,AGAINST,DNK,PFE
182614,197558,AGAINST,DNK,RENEW
182614,197573,FOR,DNK,GREEN_EFA
182614,199941,AGAINST,DNK,SD
182614,257020,AGAINST,DNK,RENEW
182614,257023,FOR,DNK,GUE_NGL
182614,257025,AGAINST,DNK,ECR
182614,257028,AGAINST,DNK,EPP
182614,257033,AGAINST,DNK,EPP
182614,257038,AGAINST,DNK,RENEW
182614,257044,FOR,DNK,GREEN_EFA
182645,37312,ABSTENTION,DNK,SD
182645,96709,FOR,DNK,RENEW
182645,101585,DID_NOT_VOTE,DNK,SD
182645,111412,AGAINST,DNK,GREEN_EFA
182645,124875,ABSTENTION,DNK,PFE
182645,197558,FOR,DNK,RENEW
182645,197573,AGAINST,DNK,GREEN_EFA
182645,199941,ABSTENTION,DNK,SD
182645,257020,AGAINST,DNK,RENEW
182645,257023,AGAINST,DNK,GUE_NGL
182645,257025,AGAINST,DNK,ECR
182645,257028,AGAINST,DNK,EPP
182645,257033,AGAINST,DNK,EPP
182645,257038,FOR,DNK,RENEW
182645,257044,AGAINST,DNK,GREEN_EFA
182703,37312,ABSTENTION,DNK,SD
182703,96709,AGAINST,DNK,RENEW
182703,101585,DID_NOT_VOTE,DNK,SD
182703,111412,FOR,DNK,GREEN_EFA
182703,124875,FOR,DNK,PFE
182703,197558,AGAINST,DNK,RENEW
182703,197573,FOR,DNK,GREEN_EFA
182703,199941,ABSTENTION,DNK,SD
182703,257020,AGAINST,DNK,RENEW
182703,257023,FOR,DNK,GUE_NGL
182703,257025,AGAINST,DNK,ECR
182703,257028,AGAINST,DNK,EPP
182703,257033,AGAINST,DNK,EPP
182703,257038,FOR,DNK,RENEW
182703,257044,FOR,DNK,GREEN_EFA
182704,37312,FOR,DNK,SD
182704,96709,AGAINST,DNK,RENEW
182704,101585,DID_NOT_VOTE,DNK,SD
182704,111412,FOR,DNK,GREEN_EFA
182704,124875,AGAINST,DNK,PFE
182704,197558,AGAINST,DNK,RENEW
182704,197573,FOR,DNK,GREEN_EFA
182704,199941,FOR,DNK,SD
182704,257020,ABSTENTION,DNK,RENEW
182704,257023,FOR,DNK,GUE_NGL
182704,257025,AGAINST,DNK,ECR
182704,257028,AGAINST,DNK,EPP
182704,257033,AGAINST,DNK,EPP
182704,257038,ABSTENTION,DNK,RENEW
182704,257044,FOR,DNK,GREEN_EFA
182705,37312,ABSTENTION,DNK,SD
182705,96709,AGAINST,DNK,RENEW
182705,101585,DID_NOT_VOTE,DNK,SD
182705,111412,FOR,DNK,GREEN_EFA
182705,124875,FOR,DNK,PFE
182705,197558,AGAINST,DNK,RENEW
182705,197573,FOR,DNK,GREEN_EFA
182705,199941,ABSTENTION,DNK,SD
182705,257020,AGAINST,DNK,RENEW
182705,257023,FOR,DNK,GUE_NGL
182705,257025,DID_NOT_VOTE,DNK,ECR
182705,257028,AGAINST,DNK,EPP
182705,257033,DID_NOT_VOTE,DNK,EPP
182705,257038,FOR,DNK,RENEW
182705,257044,FOR,DNK,GREEN_EFA
182713,37312,AGAINST,DNK,SD
182713,96709,AGAINST,DNK,RENEW
182713,101585,DID_NOT_VOTE,DNK,SD
182713,111412,AGAINST,DNK,GREEN_EFA
182713,124875,FOR,DNK,PFE
182713,197558,AGAINST,DNK,RENEW
182713,197573,AGAINST,DNK,GREEN_EFA
182713,199941,AGAINST,DNK,SD
182713,257020,AGAINST,DNK,RENEW
182713,257023,AGAINST,DNK,GUE_NGL
182713,257025,FOR,DNK,ECR
182713,257028,AGAINST,DNK,EPP
182713,257033,AGAINST,DNK,EPP
182713,257038,AGAINST,DNK,RENEW
182713,257044,AGAINST,DNK,GREEN_EFA
182767,37312,FOR,DNK,SD
182767,96709,FOR,DNK,RENEW
182767,101585,DID_NOT_VOTE,DNK,SD
182767,111412,FOR,DNK,GREEN_EFA
182767,124875,AGAINST,DNK,PFE
182767,197558,FOR,DNK,RENEW
182767,197573,FOR,DNK,GREEN_EFA
182767,199941,FOR,DNK,SD
182767,257020,FOR,DNK,RENEW
182767,257023,FOR,DNK,GUE_NGL
182767,257025,ABSTENTION,DNK,ECR
182767,257028,FOR,DNK,EPP
182767,257033,FOR,DNK,EPP
182767,257038,FOR,DNK,RENEW
182767,257044,FOR,DNK,GREEN_EFA
182797,37312,FOR,DNK,SD
182797,96709,AGAINST,DNK,RENEW
182797,101585,DID_NOT_VOTE,DNK,SD
182797,111412,FOR,DNK,GREEN_EFA
182797,124875,FOR,DNK,PFE
182797,197558,DID_NOT_VOTE,DNK,RENEW
182797,197573,FOR,DNK,GREEN_EFA
182797,199941,FOR,DNK,SD
182797,257020,FOR,DNK,RENEW
182797,257023,FOR,DNK,GUE_NGL
182797,257025,DID_NOT_VOTE,DNK,ECR
182797,257028,DID_NOT_VOTE,DNK,EPP
182797,257033,DID_NOT_VOTE,DNK,EPP
182797,257038,FOR,DNK,RENEW
182797,257044,FOR,DNK,GREEN_EFA
182807,37312,FOR,DNK,SD
182807,96709,FOR,DNK,RENEW
182807,101585,DID_NOT_VOTE,DNK,SD
182807,111412,FOR,DNK,GREEN_EFA
182807,124875,FOR,DNK,PFE
182807,197558,FOR,DNK,RENEW
182807,197573,FOR,DNK,GREEN_EFA
182807,199941,FOR,DNK,SD
182807,257020,FOR,DNK,RENEW
182807,257023,FOR,DNK,GUE_NGL
182807,257025,FOR,DNK,ECR
182807,257028,FOR,DNK,EPP
182807,257033,FOR,DNK,EPP
182807,257038,FOR,DNK,RENEW
182807,257044,FOR,DNK,GREEN_EFA
182885,37312,AGAINST,DNK,SD
182885,96709,AGAINST,DNK,RENEW
182885,101585,DID_NOT_VOTE,DNK,SD
182885,111412,FOR,DNK,GREEN_EFA
182885,124875,AGAINST,DNK,PFE
182885,197558,AGAINST,DNK,RENEW
182885,197573,FOR,DNK,GREEN_EFA
182885,199941,AGAINST,DNK,SD
182885,257020,FOR,DNK,RENEW
182885,257023,FOR,DNK,GUE_NGL
182885,257025,AGAINST,DNK,ECR
182885,257028,AGAINST,DNK,EPP
182885,257033,AGAINST,DNK,EPP
182885,257038,FOR,DNK,RENEW
182885,257044,FOR,DNK,GREEN_EFA
182886,37312,AGAINST,DNK,SD
182886,96709,FOR,DNK,RENEW
182886,101585,DID_NOT_VOTE,DNK,SD
182886,111412,AGAINST,DNK,GREEN_EFA
182886,124875,FOR,DNK,PFE
182886,197558,FOR,DNK,RENEW
182886,197573,AGAINST,DNK,GREEN_EFA
182886,199941,AGAINST,DNK,SD
182886,257020,AGAINST,DNK,RENEW
182886,257023,AGAINST,DNK,GUE_NGL
182886,257025,FOR,DNK,ECR
182886,257028,FOR,DNK,EPP
182886,257033,FOR,DNK,EPP
182886,257038,AGAINST,DNK,RENEW
182886,257044,AGAINST,DNK,GREEN_EFA
182887,37312,AGAINST,DNK,SD
182887,96709,AGAINST,DNK,RENEW
182887,101585,DID_NOT_VOTE,DNK,SD
182887,111412,AGAINST,DNK,GREEN_EFA
182887,124875,AGAINST,DNK,PFE
182887,197558,AGAINST,DNK,RENEW
182887,197573,AGAINST,DNK,GREEN_EFA
182887,199941,AGAINST,DNK,SD
182887,257020,AGAINST,DNK,RENEW
182887,257023,AGAINST,DNK,GUE_NGL
182887,257025,AGAINST,DNK,ECR
182887,257028,AGAINST,DNK,EPP
182887,257033,AGAINST,DNK,EPP
182887,257038,AGAINST,DNK,RENEW
182887,257044,AGAINST,DNK,GREEN_EFA
182895,37312,FOR,DNK,SD
182895,96709,FOR,DNK,RENEW
182895,101585,DID_NOT_VOTE,DNK,SD
182895,111412,ABSTENTION,DNK,GREEN_EFA
182895,124875,FOR,DNK,PFE
182895,197558,FOR,DNK,RENEW
182895,197573,ABSTENTION,DNK,GREEN_EFA
182895,199941,FOR,DNK,SD
182895,257020,ABSTENTION,DNK,RENEW
182895,257023,AGAINST,DNK,GUE_NGL
182895,257025,FOR,DNK,ECR
182895,257028,FOR,DNK,EPP
182895,257033,FOR,DNK,EPP
182895,257038,ABSTENTION,DNK,RENEW
182895,257044,ABSTENTION,DNK,GREEN_EFA
182896,37312,FOR,DNK,SD
182896,96709,FOR,DNK,RENEW
182896,101585,DID_NOT_VOTE,DNK,SD
182896,111412,AGAINST,DNK,GREEN_EFA
182896,124875,FOR,DNK,PFE
182896,197558,FOR,DNK,RENEW
182896,197573,AGAINST,DNK,GREEN_EFA
182896,199941,FOR,DNK,SD
182896,257020,AGAINST,DNK,RENEW
182896,257023,AGAINST,DNK,GUE_NGL
182896,257025,FOR,DNK,ECR
182896,257028,FOR,DNK,EPP
182896,257033,FOR,DNK,EPP
182896,257038,AGAINST,DNK,RENEW
182896,257044,AGAINST,DNK,GREEN_EFA
182922,37312,FOR,DNK,SD
182922,96709,FOR,DNK,RENEW
182922,101585,DID_NOT_VOTE,DNK,SD
182922,111412,DID_NOT_VOTE,DNK,GREEN_EFA
182922,124875,ABSTENTION,DNK,PFE
182922,197558,FOR,DNK,RENEW
182922,197573,FOR,DNK,GREEN_EFA
182922,199941,FOR,DNK,SD
182922,257020,DID_NOT_VOTE,DNK,RENEW
182922,257023,FOR,DNK,GUE_NGL
182922,257025,DID_NOT_VOTE,DNK,ECR
182922,257028,FOR,DNK,EPP
182922,257033,FOR,DNK,EPP
182922,257038,FOR,DNK,RENEW
182922,257044,FOR,DNK,GREEN_EFA
182962,37312,FOR,DNK,SD
182962,96709,FOR,DNK,RENEW
182962,101585,DID_NOT_VOTE,DNK,SD
182962,111412,FOR,DNK,GREEN_EFA
182962,124875,ABSTENTION,DNK,PFE
182962,197558,FOR,DNK,RENEW
182962,197573,FOR,DNK,GREEN_EFA
182962,199941,FOR,DNK,SD
182962,257020,FOR,DNK,RENEW
182962,257023,FOR,DNK,GUE_NGL
182962,257025,DID_NOT_VOTE,DNK,ECR
182962,257028,FOR,DNK,EPP
182962,257033,FOR,DNK,EPP
182962,257038,FOR,DNK,RENEW
182962,257044,FOR,DNK,GREEN_EFA
182963,37312,FOR,DNK,SD
182963,96709,FOR,DNK,RENEW
182963,101585,DID_NOT_VOTE,DNK,SD
182963,111412,FOR,DNK,GREEN_EFA
182963,124875,ABSTENTION,DNK,PFE
182963,197558,FOR,DNK,RENEW
182963,197573,FOR,DNK,GREEN_EFA
182963,199941,FOR,DNK,SD
182963,257020,FOR,DNK,RENEW
182963,257023,FOR,DNK,GUE_NGL
182963,257025,DID_NOT_VOTE,DNK,ECR
182963,257028,FOR,DNK,EPP
182963,257033,FOR,DNK,EPP
182963,257038,FOR,DNK,RENEW
182963,257044,FOR,DNK,GREEN_EFA
182968,37312,FOR,DNK,SD
182968,96709,FOR,DNK,RENEW
182968,101585,DID_NOT_VOTE,DNK,SD
182968,111412,ABSTENTION,DNK,GREEN_EFA
182968,124875,ABSTENTION,DNK,PFE
182968,197558,FOR,DNK,RENEW
182968,197573,ABSTENTION,DNK,GREEN_EFA
182968,199941,AGAINST,DNK,SD
182968,257020,FOR,DNK,RENEW
182968,257023,FOR,DNK,GUE_NGL
182968,257025,DID_NOT_VOTE,DNK,ECR
182968,257028,FOR,DNK,EPP
182968,257033,FOR,DNK,EPP
182968,257038,FOR,DNK,RENEW
182968,257044,ABSTENTION,DNK,GREEN_EFA
183021,37312,FOR,DNK,SD
183021,96709,FOR,DNK,RENEW
183021,101585,DID_NOT_VOTE,DNK,SD
183021,111412,DID_NOT_VOTE,DNK,GREEN_EFA
183021,124875,ABSTENTION,DNK,PFE
183021,197558,FOR,DNK,RENEW
183021,197573,FOR,DNK,GREEN_EFA
183021,199941,FOR,DNK,SD
183021,257020,FOR,DNK,RENEW
183021,257023,AGAINST,DNK,GUE_NGL
183021,257025,FOR,DNK,ECR
183021,257028,FOR,DNK,EPP
183021,257033,FOR,DNK,EPP
183021,257038,FOR,DNK,RENEW
183021,257044,FOR,DNK,GREEN_EFA
183022,37312,FOR,DNK,SD
183022,96709,FOR,DNK,RENEW
183022,101585,DID_NOT_VOTE,DNK,SD
183022,111412,FOR,DNK,GREEN_EFA
183022,124875,AGAINST,DNK,PFE
183022,197558,FOR,DNK,RENEW
183022,197573,FOR,DNK,GREEN_EFA
183022,199941,FOR,DNK,SD
183022,257020,FOR,DNK,RENEW
183022,257023,AGAINST,DNK,GUE_NGL
183022,257025,ABSTENTION,DNK,ECR
183022,257028,FOR,DNK,EPP
183022,257033,FOR,DNK,EPP
183022,257038,FOR,DNK,RENEW
183022,257044,FOR,DNK,GREEN_EFA
183050,37312,FOR,DNK,SD
183050,96709,FOR,DNK,RENEW
183050,101585,DID_NOT_VOTE,DNK,SD
183050,111412,FOR,DNK,GREEN_EFA
183050,124875,AGAINST,DNK,PFE
183050,197558,FOR,DNK,RENEW
183050,197573,FOR,DNK,GREEN_EFA
183050,199941,FOR,DNK,SD
183050,257020,FOR,DNK,RENEW
183050,257023,FOR,DNK,GUE_NGL
183050,257025,ABSTENTION,DNK,ECR
183050,257028,FOR,DNK,EPP
183050,257033,FOR,DNK,EPP
183050,257038,FOR,DNK,RENEW
183050,257044,FOR,DNK,GREEN_EFA
183057,37312,FOR,DNK,SD
183057,96709,FOR,DNK,RENEW
183057,101585,DID_NOT_VOTE,DNK,SD
183057,111412,DID_NOT_VOTE,DNK,GREEN_EFA
183057,124875,AGAINST,DNK,PFE
183057,197558,FOR,DNK,RENEW
183057,197573,FOR,DNK,GREEN_EFA
183057,199941,FOR,DNK,SD
183057,257020,FOR,DNK,RENEW
183057,257023,AGAINST,DNK,GUE_NGL
183057,257025,ABSTENTION,DNK,ECR
183057,257028,FOR,DNK,EPP
183057,257033,FOR,DNK,EPP
183057,257038,FOR,DNK,RENEW
183057,257044,FOR,DNK,GREEN_EFA
183058,37312,FOR,DNK,SD
183058,96709,FOR,DNK,RENEW
183058,101585,DID_NOT_VOTE,DNK,SD
183058,111412,AGAINST,DNK,GREEN_EFA
183058,124875,FOR,DNK,PFE
183058,197558,FOR,DNK,RENEW
183058,197573,AGAINST,DNK,GREEN_EFA
183058,199941,FOR,DNK,SD
183058,257020,FOR,DNK,RENEW
183058,257023,AGAINST,DNK,GUE_NGL
183058,257025,FOR,DNK,ECR
183058,257028,FOR,DNK,EPP
183058,257033,FOR,DNK,EPP
183058,257038,FOR,DNK,RENEW
183058,257044,AGAINST,DNK,GREEN_EFA
183107,37312,FOR,DNK,SD
183107,96709,DID_NOT_VOTE,DNK,RENEW
183107,101585,DID_NOT_VOTE,DNK,SD
183107,111412,FOR,DNK,GREEN_EFA
183107,124875,AGAINST,DNK,PFE
183107,197558,FOR,DNK,RENEW
183107,197573,FOR,DNK,GREEN_EFA
183107,199941,FOR,DNK,SD
183107,257020,FOR,DNK,RENEW
183107,257023,FOR,DNK,GUE_NGL
183107,257025,AGAINST,DNK,ECR
183107,257028,FOR,DNK,EPP
183107,257033,FOR,DNK,EPP
183107,257038,FOR,DNK,RENEW
183107,257044,FOR,DNK,GREEN_EFA
183108,37312,FOR,DNK,SD
183108,96709,FOR,DNK,RENEW
183108,101585,DID_NOT_VOTE,DNK,SD
183108,111412,FOR,DNK,GREEN_EFA
183108,124875,AGAINST,DNK,PFE
183108,197558,FOR,DNK,RENEW
183108,197573,FOR,DNK,GREEN_EFA
183108,199941,FOR,DNK,SD
183108,257020,FOR,DNK,RENEW
183108,257023,FOR,DNK,GUE_NGL
183108,257025,AGAINST,DNK,ECR
183108,257028,FOR,DNK,EPP
183108,257033,FOR,DNK,EPP
183108,257038,FOR,DNK,RENEW
183108,257044,FOR,DNK,GREEN_EFA
183122,37312,FOR,DNK,SD
183122,96709,AGAINST,DNK,RENEW
183122,101585,DID_NOT_VOTE,DNK,SD
183122,111412,FOR,DNK,GREEN_EFA
183122,124875,AGAINST,DNK,PFE
183122,197558,AGAINST,DNK,RENEW
183122,197573,FOR,DNK,GREEN_EFA
183122,199941,FOR,DNK,SD
183122,257020,FOR,DNK,RENEW
183122,257023,FOR,DNK,GUE_NGL
183122,257025,AGAINST,DNK,ECR
183122,257028,AGAINST,DNK,EPP
183122,257033,DID_NOT_VOTE,DNK,EPP
183122,257038,FOR,DNK,RENEW
183122,257044,FOR,DNK,GREEN_EFA
183124,37312,FOR,DNK,SD
183124,96709,FOR,DNK,RENEW
183124,101585,DID_NOT_VOTE,DNK,SD
183124,111412,FOR,DNK,GREEN_EFA
183124,124875,AGAINST,DNK,PFE
183124,197558,FOR,DNK,RENEW
183124,197573,FOR,DNK,GREEN_EFA
183124,199941,FOR,DNK,SD
183124,257020,FOR,DNK,RENEW
183124,257023,FOR,DNK,GUE_NGL
183124,257025,AGAINST,DNK,ECR
183124,257028,AGAINST,DNK,EPP
183124,257033,FOR,DNK,EPP
183124,257038,FOR,DNK,RENEW
183124,257044,FOR,DNK,GREEN_EFA
183160,37312,FOR,DNK,SD
183160,96709,FOR,DNK,RENEW
183160,101585,DID_NOT_VOTE,DNK,SD
183160,111412,FOR,DNK,GREEN_EFA
183160,124875,AGAINST,DNK,PFE
183160,197558,FOR,DNK,RENEW
183160,197573,FOR,DNK,GREEN_EFA
183160,199941,FOR,DNK,SD
183160,257020,DID_NOT_VOTE,DNK,RENEW
183160,257023,AGAINST,DNK,GUE_NGL
183160,257025,AGAINST,DNK,ECR
183160,257028,FOR,DNK,EPP
183160,257033,FOR,DNK,EPP
183160,257038,DID_NOT_VOTE,DNK,RENEW
183160,257044,FOR,DNK,GREEN_EFA
183166,37312,FOR,DNK,SD
183166,96709,FOR,DNK,RENEW
183166,101585,DID_NOT_VOTE,DNK,SD
183166,111412,FOR,DNK,GREEN_EFA
183166,124875,AGAINST,DNK,PFE
183166,197558,FOR,DNK,RENEW
183166,197573,FOR,DNK,GREEN_EFA
183166,199941,FOR,DNK,SD
183166,257020,FOR,DNK,RENEW
183166,257023,AGAINST,DNK,GUE_NGL
183166,257025,AGAINST,DNK,ECR
183166,257028,FOR,DNK,EPP
183166,257033,FOR,DNK,EPP
183166,257038,FOR,DNK,RENEW
183166,257044,FOR,DNK,GREEN_EFA
183177,37312,FOR,DNK,SD
183177,96709,FOR,DNK,RENEW
183177,101585,DID_NOT_VOTE,DNK,SD
183177,111412,DID_NOT_VOTE,DNK,GREEN_EFA
183177,124875,ABSTENTION,DNK,PFE
183177,197558,FOR,DNK,RENEW
183177,197573,FOR,DNK,GREEN_EFA
183177,199941,FOR,DNK,SD
183177,257020,FOR,DNK,RENEW
183177,257023,AGAINST,DNK,GUE_NGL
183177,257025,AGAINST,DNK,ECR
183177,257028,FOR,DNK,EPP
183177,257033,FOR,DNK,EPP
183177,257038,FOR,DNK,RENEW
183177,257044,FOR,DNK,GREEN_EFA
183225,37312,FOR,DNK,SD
183225,96709,FOR,DNK,RENEW
183225,101585,DID_NOT_VOTE,DNK,SD
183225,111412,DID_NOT_VOTE,DNK,GREEN_EFA
183225,124875,AGAINST,DNK,PFE
183225,197558,FOR,DNK,RENEW
183225,197573,FOR,DNK,GREEN_EFA
183225,199941,FOR,DNK,SD
183225,257020,FOR,DNK,RENEW
183225,257023,AGAINST,DNK,GUE_NGL
183225,257025,AGAINST,DNK,ECR
183225,257028,FOR,DNK,EPP
183225,257033,FOR,DNK,EPP
183225,257038,FOR,DNK,RENEW
183225,257044,FOR,DNK,GREEN_EFA
183244,37312,AGAINST,DNK,SD
183244,96709,AGAINST,DNK,RENEW
183244,101585,DID_NOT_VOTE,DNK,SD
183244,111412,AGAINST,DNK,GREEN_EFA
183244,124875,ABSTENTION,DNK,PFE
183244,197558,AGAINST,DNK,RENEW
183244,197573,AGAINST,DNK,GREEN_EFA
183244,199941,AGAINST,DNK,SD
183244,257020,AGAINST,DNK,RENEW
183244,257023,DID_NOT_VOTE,DNK,GUE_NGL
183244,257025,FOR,DNK,ECR
183244,257028,AGAINST,DNK,EPP
183244,257033,DID_NOT_VOTE,DNK,EPP
183244,257038,AGAINST,DNK,RENEW
183244,257044,AGAINST,DNK,GREEN_EFA
183397,37312,FOR,DNK,SD
183397,96709,FOR,DNK,RENEW
183397,101585,DID_NOT_VOTE,DNK,SD
183397,111412,FOR,DNK,GREEN_EFA
183397,124875,AGAINST,DNK,PFE
183397,197558,DID_NOT_VOTE,DNK,RENEW
183397,197573,FOR,DNK,GREEN_EFA
183397,199941,FOR,DNK,SD
183397,257020,FOR,DNK,RENEW
183397,257023,AGAINST,DNK,GUE_NGL
183397,257025,AGAINST,DNK,ECR
183397,257028,FOR,DNK,EPP
183397,257033,FOR,DNK,EPP
183397,257038,FOR,DNK,RENEW
183397,257044,FOR,DNK,GREEN_EFA
183538,37312,AGAINST,DNK,SD
183538,96709,AGAINST,DNK,RENEW
183538,101585,DID_NOT_VOTE,DNK,SD
183538,111412,DID_NOT_VOTE,DNK,GREEN_EFA
183538,124875,FOR,DNK,PFE
183538,197558,AGAINST,DNK,RENEW
183538,197573,AGAINST,DNK,GREEN_EFA
183538,199941,DID_NOT_VOTE,DNK,SD
183538,257020,AGAINST,DNK,RENEW
183538,257023,ABSTENTION,DNK,GUE_NGL
183538,257025,DID_NOT_VOTE,DNK,ECR
183538,257028,AGAINST,DNK,EPP
183538,257033,AGAINST,DNK,EPP
183538,257038,AGAINST,DNK,RENEW
183538,257044,AGAINST,DNK,GREEN_EFA
183884,37312,AGAINST,DNK,SD
183884,96709,AGAINST,DNK,RENEW
183884,101585,DID_NOT_VOTE,DNK,SD
183884,111412,AGAINST,DNK,GREEN_EFA
183884,124875,AGAINST,DNK,PFE
183884,197558,AGAINST,DNK,RENEW
183884,197573,AGAINST,DNK,GREEN_EFA
183884,199941,AGAINST,DNK,SD
183884,257020,AGAINST,DNK,RENEW
183884,257023,FOR,DNK,GUE_NGL
183884,257025,AGAINST,DNK,ECR
183884,257028,AGAINST,DNK,EPP
183884,257033,AGAINST,DNK,EPP
183884,257038,AGAINST,DNK,RENEW
183884,257044,AGAINST,DNK,GREEN_EFA
183885,37312,AGAINST,DNK,SD
183885,96709,AGAINST,DNK,RENEW
183885,101585,DID_NOT_VOTE,DNK,SD
183885,111412,AGAINST,DNK,GREEN_EFA
183885,124875,AGAINST,DNK,PFE
183885,197558,AGAINST,DNK,RENEW
183885,197573,AGAINST,DNK,GREEN_EFA
183885,199941,AGAINST,DNK,SD
183885,257020,AGAINST,DNK,RENEW
183885,257023,FOR,DNK,GUE_NGL
183885,257025,AGAINST,DNK,ECR
183885,257028,AGAINST,DNK,EPP
183885,257033,AGAINST,DNK,EPP
183885,257038,AGAINST,DNK,RENEW
183885,257044,AGAINST,DNK,GREEN_EFA
184027,37312,FOR,DNK,SD
184027,96709,FOR,DNK,RENEW
184027,101585,DID_NOT_VOTE,DNK,SD
184027,111412,DID_NOT_VOTE,DNK,GREEN_EFA
184027,124875,ABSTENTION,DNK,PFE
184027,197558,FOR,DNK,RENEW
184027,197573,FOR,DNK,GREEN_EFA
184027,199941,FOR,DNK,SD
184027,257020,FOR,DNK,RENEW
184027,257023,FOR,DNK,GUE_NGL
184027,257025,FOR,DNK,ECR
184027,257028,FOR,DNK,EPP
184027,257033,FOR,DNK,EPP
184027,257038,FOR,DNK,RENEW
184027,257044,FOR,DNK,GREEN_EFA
184065,37312,ABSTENTION,DNK,SD
184065,96709,FOR,DNK,RENEW
184065,101585,DID_NOT_VOTE,DNK,SD
184065,111412,DID_NOT_VOTE,DNK,GREEN_EFA
184065,124875,AGAINST,DNK,PFE
184065,197558,FOR,DNK,RENEW
184065,197573,FOR,DNK,GREEN_EFA
184065,199941,ABSTENTION,DNK,SD
184065,257020,FOR,DNK,RENEW
184065,257023,FOR,DNK,GUE_NGL
184065,257025,AGAINST,DNK,ECR
184065,257028,FOR,DNK,EPP
184065,257033,FOR,DNK,EPP
184065,257038,FOR,DNK,RENEW
184065,257044,FOR,DNK,GREEN_EFA
184066,37312,FOR,DNK,SD
184066,96709,FOR,DNK,RENEW
184066,101585,DID_NOT_VOTE,DNK,SD
184066,111412,DID_NOT_VOTE,DNK,GREEN_EFA
184066,124875,ABSTENTION,DNK,PFE
184066,197558,FOR,DNK,RENEW
184066,197573,FOR,DNK,GREEN_EFA
184066,199941,FOR,DNK,SD
184066,257020,FOR,DNK,RENEW
184066,257023,FOR,DNK,GUE_NGL
184066,257025,FOR,DNK,ECR
184066,257028,FOR,DNK,EPP
184066,257033,FOR,DNK,EPP
184066,257038,FOR,DNK,RENEW
184066,257044,FOR,DNK,GREEN_EFA
184067,37312,FOR,DNK,SD
184067,96709,FOR,DNK,RENEW
184067,101585,DID_NOT_VOTE,DNK,SD
184067,111412,DID_NOT_VOTE,DNK,GREEN_EFA
184067,124875,ABSTENTION,DNK,PFE
184067,197558,FOR,DNK,RENEW
184067,197573,FOR,DNK,GREEN_EFA
184067,199941,FOR,DNK,SD
184067,257020,FOR,DNK,RENEW
184067,257023,FOR,DNK,GUE_NGL
184067,257025,FOR,DNK,ECR
184067,257028,FOR,DNK,EPP
184067,257033,FOR,DNK,EPP
184067,257038,FOR,DNK,RENEW
184067,257044,FOR,DNK,GREEN_EFA
184106,37312,FOR,DNK,SD
184106,96709,FOR,DNK,RENEW
184106,101585,FOR,DNK,SD
184106,111412,FOR,DNK,GREEN_EFA
184106,124875,AGAINST,DNK,PFE
184106,197558,FOR,DNK,RENEW
184106,197573,FOR,DNK,GREEN_EFA
184106,199941,FOR,DNK,SD
184106,257020,FOR,DNK,RENEW
184106,257023,FOR,DNK,GUE_NGL
184106,257025,AGAINST,DNK,ECR
184106,257028,FOR,DNK,EPP
184106,257033,FOR,DNK,EPP
184106,257038,FOR,DNK,RENEW
184106,257044,FOR,DNK,GREEN_EFA
184110,37312,FOR,DNK,SD
184110,96709,FOR,DNK,RENEW
184110,101585,FOR,DNK,SD
184110,111412,FOR,DNK,GREEN_EFA
184110,124875,FOR,DNK,PFE
184110,197558,FOR,DNK,RENEW
184110,197573,FOR,DNK,GREEN_EFA
184110,199941,FOR,DNK,SD
184110,257020,FOR,DNK,RENEW
184110,257023,FOR,DNK,GUE_NGL
184110,257025,FOR,DNK,ECR
184110,257028,FOR,DNK,EPP
184110,257033,FOR,DNK,EPP
184110,257038,FOR,DNK,RENEW
184110,257044,FOR,DNK,GREEN_EFA
184117,37312,FOR,DNK,SD
184117,96709,FOR,DNK,RENEW
184117,101585,FOR,DNK,SD
184117,111412,FOR,DNK,GREEN_EFA
184117,124875,FOR,DNK,PFE
184117,197558,FOR,DNK,RENEW
184117,197573,FOR,DNK,GREEN_EFA
184117,199941,FOR,DNK,SD
184117,257020,FOR,DNK,RENEW
184117,257023,FOR,DNK,GUE_NGL
184117,257025,FOR,DNK,ECR
184117,257028,FOR,DNK,EPP
184117,257033,FOR,DNK,EPP
184117,257038,FOR,DNK,RENEW
184117,257044,FOR,DNK,GREEN_EFA
184118,37312,FOR,DNK,SD
184118,96709,FOR,DNK,RENEW
184118,101585,FOR,DNK,SD
184118,111412,FOR,DNK,GREEN_EFA
184118,124875,FOR,DNK,PFE
184118,197558,FOR,DNK,RENEW
184118,197573,FOR,DNK,GREEN_EFA
184118,199941,FOR,DNK,SD
184118,257020,FOR,DNK,RENEW
184118,257023,FOR,DNK,GUE_NGL
184118,257025,FOR,DNK,ECR
184118,257028,FOR,DNK,EPP
184118,257033,FOR,DNK,EPP
184118,257038,FOR,DNK,RENEW
184118,257044,FOR,DNK,GREEN_EFA
184120,37312,FOR,DNK,SD
184120,96709,FOR,DNK,RENEW
184120,101585,FOR,DNK,SD
184120,111412,FOR,DNK,GREEN_EFA
184120,124875,FOR,DNK,PFE
184120,197558,FOR,DNK,RENEW
184120,197573,AGAINST,DNK,GREEN_EFA
184120,199941,FOR,DNK,SD
184120,257020,FOR,DNK,RENEW
184120,257023,ABSTENTION,DNK,GUE_NGL
184120,257025,FOR,DNK,ECR
184120,257028,FOR,DNK,EPP
184120,257033,FOR,DNK,EPP
184120,257038,FOR,DNK,RENEW
184120,257044,FOR,DNK,GREEN_EFA
184164,37312,FOR,DNK,SD
184164,96709,FOR,DNK,RENEW
184164,101585,FOR,DNK,SD
184164,111412,FOR,DNK,GREEN_EFA
184164,124875,AGAINST,DNK,PFE
184164,197558,FOR,DNK,RENEW
184164,197573,FOR,DNK,GREEN_EFA
184164,199941,FOR,DNK,SD
184164,257020,FOR,DNK,RENEW
184164,257023,ABSTENTION,DNK,GUE_NGL
184164,257025,ABSTENTION,DNK,ECR
184164,257028,FOR,DNK,EPP
184164,257033,FOR,DNK,EPP
184164,257038,FOR,DNK,RENEW
184164,257044,FOR,DNK,GREEN_EFA
184168,37312,FOR,DNK,SD
184168,96709,FOR,DNK,RENEW
184168,101585,FOR,DNK,SD
184168,111412,AGAINST,DNK,GREEN_EFA
184168,124875,FOR,DNK,PFE
184168,197558,FOR,DNK,RENEW
184168,197573,AGAINST,DNK,GREEN_EFA
184168,199941,FOR,DNK,SD
184168,257020,FOR,DNK,RENEW
184168,257023,AGAINST,DNK,GUE_NGL
184168,257025,FOR,DNK,ECR
184168,257028,FOR,DNK,EPP
184168,257033,FOR,DNK,EPP
184168,257038,AGAINST,DNK,RENEW
184168,257044,AGAINST,DNK,GREEN_EFA
184172,37312,FOR,DNK,SD
184172,96709,FOR,DNK,RENEW
184172,101585,FOR,DNK,SD
184172,111412,ABSTENTION,DNK,GREEN_EFA
184172,124875,FOR,DNK,PFE
184172,197558,FOR,DNK,RENEW
184172,197573,ABSTENTION,DNK,GREEN_EFA
184172,199941,FOR,DNK,SD
184172,257020,FOR,DNK,RENEW
184172,257023,AGAINST,DNK,GUE_NGL
184172,257025,FOR,DNK,ECR
184172,257028,FOR,DNK,EPP
184172,257033,FOR,DNK,EPP
184172,257038,ABSTENTION,DNK,RENEW
184172,257044,ABSTENTION,DNK,GREEN_EFA
184174,37312,FOR,DNK,SD
184174,96709,FOR,DNK,RENEW
184174,101585,FOR,DNK,SD
184174,111412,FOR,DNK,GREEN_EFA
184174,124875,FOR,DNK,PFE
184174,197558,FOR,DNK,RENEW
184174,197573,FOR,DNK,GREEN_EFA
184174,199941,FOR,DNK,SD
184174,257020,FOR,DNK,RENEW
184174,257023,FOR,DNK,GUE_NGL
184174,257025,FOR,DNK,ECR
184174,257028,FOR,DNK,EPP
184174,257033,FOR,DNK,EPP
184174,257038,FOR,DNK,RENEW
184174,257044,FOR,DNK,GREEN_EFA
184178,37312,FOR,DNK,SD
184178,96709,FOR,DNK,RENEW
184178,101585,FOR,DNK,SD
184178,111412,FOR,DNK,GREEN_EFA
184178,124875,AGAINST,DNK,PFE
184178,197558,FOR,DNK,RENEW
184178,197573,FOR,DNK,GREEN_EFA
184178,199941,FOR,DNK,SD
184178,257020,FOR,DNK,RENEW
184178,257023,FOR,DNK,GUE_NGL
184178,257025,AGAINST,DNK,ECR
184178,257028,FOR,DNK,EPP
184178,257033,FOR,DNK,EPP
184178,257038,FOR,DNK,RENEW
184178,257044,FOR,DNK,GREEN_EFA
184187,37312,FOR,DNK,SD
184187,96709,AGAINST,DNK,RENEW
184187,101585,FOR,DNK,SD
184187,111412,FOR,DNK,GREEN_EFA
184187,124875,FOR,DNK,PFE
184187,197558,AGAINST,DNK,RENEW
184187,197573,FOR,DNK,GREEN_EFA
184187,199941,FOR,DNK,SD
184187,257020,FOR,DNK,RENEW
184187,257023,FOR,DNK,GUE_NGL
184187,257025,AGAINST,DNK,ECR
184187,257028,AGAINST,DNK,EPP
184187,257033,AGAINST,DNK,EPP
184187,257038,FOR,DNK,RENEW
184187,257044,FOR,DNK,GREEN_EFA
184191,37312,FOR,DNK,SD
184191,96709,FOR,DNK,RENEW
184191,101585,FOR,DNK,SD
184191,111412,FOR,DNK,GREEN_EFA
184191,124875,FOR,DNK,PFE
184191,197558,FOR,DNK,RENEW
184191,197573,FOR,DNK,GREEN_EFA
184191,199941,FOR,DNK,SD
184191,257020,FOR,DNK,RENEW
184191,257023,ABSTENTION,DNK,GUE_NGL
184191,257025,FOR,DNK,ECR
184191,257028,FOR,DNK,EPP
184191,257033,FOR,DNK,EPP
184191,257038,FOR,DNK,RENEW
184191,257044,FOR,DNK,GREEN_EFA
184379,37312,FOR,DNK,SD
184379,96709,FOR,DNK,RENEW
184379,101585,FOR,DNK,SD
184379,111412,FOR,DNK,GREEN_EFA
184379,124875,AGAINST,DNK,PFE
184379,197558,FOR,DNK,RENEW
184379,197573,FOR,DNK,GREEN_EFA
184379,199941,FOR,DNK,SD
184379,257020,FOR,DNK,RENEW
184379,257023,FOR,DNK,GUE_NGL
184379,257025,AGAINST,DNK,ECR
184379,257028,FOR,DNK,EPP
184379,257033,FOR,DNK,EPP
184379,257038,FOR,DNK,RENEW
184379,257044,FOR,DNK,GREEN_EFA
184393,37312,FOR,DNK,SD
184393,96709,ABSTENTION,DNK,RENEW
184393,101585,FOR,DNK,SD
184393,111412,FOR,DNK,GREEN_EFA
184393,124875,AGAINST,DNK,PFE
184393,197558,ABSTENTION,DNK,RENEW
184393,197573,FOR,DNK,GREEN_EFA
184393,199941,FOR,DNK,SD
184393,257020,FOR,DNK,RENEW
184393,257023,FOR,DNK,GUE_NGL
184393,257025,AGAINST,DNK,ECR
184393,257028,AGAINST,DNK,EPP
184393,257033,ABSTENTION,DNK,EPP
184393,257038,FOR,DNK,RENEW
184393,257044,FOR,DNK,GREEN_EFA
184394,37312,AGAINST,DNK,SD
184394,96709,AGAINST,DNK,RENEW
184394,101585,AGAINST,DNK,SD
184394,111412,AGAINST,DNK,GREEN_EFA
184394,124875,FOR,DNK,PFE
184394,197558,AGAINST,DNK,RENEW
184394,197573,AGAINST,DNK,GREEN_EFA
184394,199941,AGAINST,DNK,SD
184394,257020,AGAINST,DNK,RENEW
184394,257023,AGAINST,DNK,GUE_NGL
184394,257025,FOR,DNK,ECR
184394,257028,AGAINST,DNK,EPP
184394,257033,AGAINST,DNK,EPP
184394,257038,AGAINST,DNK,RENEW
184394,257044,AGAINST,DNK,GREEN_EFA
184418,37312,AGAINST,DNK,SD
184418,96709,AGAINST,DNK,RENEW
184418,101585,AGAINST,DNK,SD
184418,111412,FOR,DNK,GREEN_EFA
184418,124875,AGAINST,DNK,PFE
184418,197558,AGAINST,DNK,RENEW
184418,197573,FOR,DNK,GREEN_EFA
184418,199941,AGAINST,DNK,SD
184418,257020,FOR,DNK,RENEW
184418,257023,FOR,DNK,GUE_NGL
184418,257025,AGAINST,DNK,ECR
184418,257028,AGAINST,DNK,EPP
184418,257033,AGAINST,DNK,EPP
184418,257038,FOR,DNK,RENEW
184418,257044,FOR,DNK,GREEN_EFA
184426,37312,FOR,DNK,SD
184426,96709,FOR,DNK,RENEW
184426,101585,FOR,DNK,SD
184426,111412,FOR,DNK,GREEN_EFA
184426,124875,AGAINST,DNK,PFE
184426,197558,FOR,DNK,RENEW
184426,197573,FOR,DNK,GREEN_EFA
184426,199941,FOR,DNK,SD
184426,257020,FOR,DNK,RENEW
184426,257023,AGAINST,DNK,GUE_NGL
184426,257025,FOR,DNK,ECR
184426,257028,FOR,DNK,EPP
184426,257033,FOR,DNK,EPP
184426,257038,FOR,DNK,RENEW
184426,257044,FOR,DNK,GREEN_EFA
184689,37312,ABSTENTION,DNK,SD
184689,96709,AGAINST,DNK,RENEW
184689,101585,ABSTENTION,DNK,SD
184689,111412,FOR,DNK,GREEN_EFA
184689,124875,FOR,DNK,PFE
184689,197558,AGAINST,DNK,RENEW
184689,197573,FOR,DNK,GREEN_EFA
184689,199941,ABSTENTION,DNK,SD
184689,257020,AGAINST,DNK,RENEW
184689,257023,FOR,DNK,GUE_NGL
184689,257025,AGAINST,DNK,ECR
184689,257028,AGAINST,DNK,EPP
184689,257033,AGAINST,DNK,EPP
184689,257038,FOR,DNK,RENEW
184689,257044,FOR,DNK,GREEN_EFA
184690,37312,ABSTENTION,DNK,SD
184690,96709,AGAINST,DNK,RENEW
184690,101585,ABSTENTION,DNK,SD
184690,111412,FOR,DNK,GREEN_EFA
184690,124875,FOR,DNK,PFE
184690,197558,AGAINST,DNK,RENEW
184690,197573,FOR,DNK,GREEN_EFA
184690,199941,ABSTENTION,DNK,SD
184690,257020,AGAINST,DNK,RENEW
184690,257023,FOR,DNK,GUE_NGL
184690,257025,AGAINST,DNK,ECR
184690,257028,AGAINST,DNK,EPP
184690,257033,AGAINST,DNK,EPP
184690,257038,FOR,DNK,RENEW
184690,257044,FOR,DNK,GREEN_EFA
184691,37312,ABSTENTION,DNK,SD
184691,96709,AGAINST,DNK,RENEW
184691,101585,ABSTENTION,DNK,SD
184691,111412,FOR,DNK,GREEN_EFA
184691,124875,FOR,DNK,PFE
184691,197558,AGAINST,DNK,RENEW
184691,197573,FOR,DNK,GREEN_EFA
184691,199941,ABSTENTION,DNK,SD
184691,257020,AGAINST,DNK,RENEW
184691,257023,FOR,DNK,GUE_NGL
184691,257025,AGAINST,DNK,ECR
184691,257028,AGAINST,DNK,EPP
184691,257033,AGAINST,DNK,EPP
184691,257038,FOR,DNK,RENEW
184691,257044,FOR,DNK,GREEN_EFA
184692,37312,ABSTENTION,DNK,SD
184692,96709,AGAINST,DNK,RENEW
184692,101585,ABSTENTION,DNK,SD
184692,111412,FOR,DNK,GREEN_EFA
184692,124875,FOR,DNK,PFE
184692,197558,AGAINST,DNK,RENEW
184692,197573,FOR,DNK,GREEN_EFA
184692,199941,ABSTENTION,DNK,SD
184692,257020,AGAINST,DNK,RENEW
184692,257023,FOR,DNK,GUE_NGL
184692,257025,AGAINST,DNK,ECR
184692,257028,AGAINST,DNK,EPP
184692,257033,DID_NOT_VOTE,DNK,EPP
184692,257038,FOR,DNK,RENEW
184692,257044,FOR,DNK,GREEN_EFA
184699,37312,FOR,DNK,SD
184699,96709,FOR,DNK,RENEW
184699,101585,FOR,DNK,SD
184699,111412,FOR,DNK,GREEN_EFA
184699,124875,AGAINST,DNK,PFE
184699,197558,FOR,DNK,RENEW
184699,197573,FOR,DNK,GREEN_EFA
184699,199941,FOR,DNK,SD
184699,257020,FOR,DNK,RENEW
184699,257023,FOR,DNK,GUE_NGL
184699,257025,FOR,DNK,ECR
184699,257028,FOR,DNK,EPP
184699,257033,FOR,DNK,EPP
184699,257038,FOR,DNK,RENEW
184699,257044,FOR,DNK,GREEN_EFA
184700,37312,FOR,DNK,SD
184700,96709,FOR,DNK,RENEW
184700,101585,FOR,DNK,SD
184700,111412,FOR,DNK,GREEN_EFA
184700,124875,AGAINST,DNK,PFE
184700,197558,FOR,DNK,RENEW
184700,197573,FOR,DNK,GREEN_EFA
184700,199941,FOR,DNK,SD
184700,257020,FOR,DNK,RENEW
184700,257023,FOR,DNK,GUE_NGL
184700,257025,FOR,DNK,ECR
184700,257028,FOR,DNK,EPP
184700,257033,FOR,DNK,EPP
184700,257038,FOR,DNK,RENEW
184700,257044,FOR,DNK,GREEN_EFA
185282,37312,FOR,DNK,SD
185282,96709,FOR,DNK,RENEW
185282,101585,FOR,DNK,SD
185282,111412,FOR,DNK,GREEN_EFA
185282,124875,ABSTENTION,DNK,PFE
185282,197558,FOR,DNK,RENEW
185282,197573,FOR,DNK,GREEN_EFA
185282,199941,FOR,DNK,SD
185282,257020,FOR,DNK,RENEW
185282,257023,FOR,DNK,GUE_NGL
185282,257025,FOR,DNK,ECR
185282,257028,FOR,DNK,EPP
185282,257033,FOR,DNK,EPP
185282,257038,FOR,DNK,RENEW
185282,257044,FOR,DNK,GREEN_EFA
185289,37312,FOR,DNK,SD
185289,96709,FOR,DNK,RENEW
185289,101585,FOR,DNK,SD
185289,111412,FOR,DNK,GREEN_EFA
185289,124875,ABSTENTION,DNK,PFE
185289,197558,FOR,DNK,RENEW
185289,197573,FOR,DNK,GREEN_EFA
185289,199941,FOR,DNK,SD
185289,257020,FOR,DNK,RENEW
185289,257023,FOR,DNK,GUE_NGL
185289,257025,FOR,DNK,ECR
185289,257028,FOR,DNK,EPP
185289,257033,FOR,DNK,EPP
185289,257038,FOR,DNK,RENEW
185289,257044,FOR,DNK,GREEN_EFA
185292,37312,FOR,DNK,SD
185292,96709,FOR,DNK,RENEW
185292,101585,FOR,DNK,SD
185292,111412,FOR,DNK,GREEN_EFA
185292,124875,ABSTENTION,DNK,PFE
185292,197558,FOR,DNK,RENEW
185292,197573,FOR,DNK,GREEN_EFA
185292,199941,FOR,DNK,SD
185292,257020,FOR,DNK,RENEW
185292,257023,FOR,DNK,GUE_NGL
185292,257025,FOR,DNK,ECR
185292,257028,FOR,DNK,EPP
185292,257033,FOR,DNK,EPP
185292,257038,FOR,DNK,RENEW
185292,257044,FOR,DNK,GREEN_EFA
185339,37312,FOR,DNK,SD
185339,96709,FOR,DNK,RENEW
185339,101585,FOR,DNK,SD
185339,111412,FOR,DNK,GREEN_EFA
185339,124875,AGAINST,DNK,PFE
185339,197558,FOR,DNK,RENEW
185339,197573,FOR,DNK,GREEN_EFA
185339,199941,DID_NOT_VOTE,DNK,SD
185339,257020,FOR,DNK,RENEW
185339,257023,FOR,DNK,GUE_NGL
185339,257025,FOR,DNK,ECR
185339,257028,FOR,DNK,EPP
185339,257033,FOR,DNK,EPP
185339,257038,FOR,DNK,RENEW
185339,257044,FOR,DNK,GREEN_EFA
185885,37312,FOR,DNK,SD
185885,96709,FOR,DNK,RENEW
185885,101585,FOR,DNK,SD
185885,111412,FOR,DNK,GREEN_EFA
185885,124875,ABSTENTION,DNK,PFE
185885,197558,FOR,DNK,RENEW
185885,197573,FOR,DNK,GREEN_EFA
185885,199941,FOR,DNK,SD
185885,257020,FOR,DNK,RENEW
185885,257023,FOR,DNK,GUE_NGL
185885,257025,DID_NOT_VOTE,DNK,ECR
185885,257028,FOR,DNK,EPP
185885,257033,FOR,DNK,EPP
185885,257038,FOR,DNK,RENEW
185885,257044,FOR,DNK,GREEN_EFA
186089,37312,FOR,DNK,SD
186089,96709,ABSTENTION,DNK,RENEW
186089,101585,FOR,DNK,SD
186089,111412,FOR,DNK,GREEN_EFA
186089,124875,DID_NOT_VOTE,DNK,PFE
186089,197558,ABSTENTION,DNK,RENEW
186089,197573,FOR,DNK,GREEN_EFA
186089,199941,FOR,DNK,SD
186089,257020,FOR,DNK,RENEW
186089,257023,FOR,DNK,GUE_NGL
186089,257025,AGAINST,DNK,ECR
186089,257028,AGAINST,DNK,EPP
186089,257033,AGAINST,DNK,EPP
186089,257038,FOR,DNK,RENEW
186089,257044,FOR,DNK,GREEN_EFA
186091,37312,FOR,DNK,SD
186091,96709,FOR,DNK,RENEW
186091,101585,FOR,DNK,SD
186091,111412,FOR,DNK,GREEN_EFA
186091,124875,DID_NOT_VOTE,DNK,PFE
186091,197558,FOR,DNK,RENEW
186091,197573,FOR,DNK,GREEN_EFA
186091,199941,FOR,DNK,SD
186091,257020,FOR,DNK,RENEW
186091,257023,FOR,DNK,GUE_NGL
186091,257025,DID_NOT_VOTE,DNK,ECR
186091,257028,FOR,DNK,EPP
186091,257033,FOR,DNK,EPP
186091,257038,FOR,DNK,RENEW
186091,257044,FOR,DNK,GREEN_EFA
186092,37312,FOR,DNK,SD
186092,96709,FOR,DNK,RENEW
186092,101585,FOR,DNK,SD
186092,111412,FOR,DNK,GREEN_EFA
186092,124875,DID_NOT_VOTE,DNK,PFE
186092,197558,FOR,DNK,RENEW
186092,197573,FOR,DNK,GREEN_EFA
186092,199941,FOR,DNK,SD
186092,257020,FOR,DNK,RENEW
186092,257023,AGAINST,DNK,GUE_NGL
186092,257025,ABSTENTION,DNK,ECR
186092,257028,FOR,DNK,EPP
186092,257033,DID_NOT_VOTE,DNK,EPP
186092,257038,FOR,DNK,RENEW
186092,257044,FOR,DNK,GREEN_EFA
186118,37312,FOR,DNK,SD
186118,96709,FOR,DNK,RENEW
186118,101585,FOR,DNK,SD
186118,111412,FOR,DNK,GREEN_EFA
186118,124875,AGAINST,DNK,PFE
186118,197558,FOR,DNK,RENEW
186118,197573,FOR,DNK,GREEN_EFA
186118,199941,FOR,DNK,SD
186118,257020,FOR,DNK,RENEW
186118,257023,AGAINST,DNK,GUE_NGL
186118,257025,AGAINST,DNK,ECR
186118,257028,FOR,DNK,EPP
186118,257033,FOR,DNK,EPP
186118,257038,FOR,DNK,RENEW
186118,257044,FOR,DNK,GREEN_EFA
186166,37312,AGAINST,DNK,SD
186166,96709,FOR,DNK,RENEW
186166,101585,AGAINST,DNK,SD
186166,111412,AGAINST,DNK,GREEN_EFA
186166,124875,DID_NOT_VOTE,DNK,PFE
186166,197558,FOR,DNK,RENEW
186166,197573,AGAINST,DNK,GREEN_EFA
186166,199941,AGAINST,DNK,SD
186166,257020,AGAINST,DNK,RENEW
186166,257023,AGAINST,DNK,GUE_NGL
186166,257025,DID_NOT_VOTE,DNK,ECR
186166,257028,FOR,DNK,EPP
186166,257033,FOR,DNK,EPP
186166,257038,FOR,DNK,RENEW
186166,257044,AGAINST,DNK,GREEN_EFA
186169,37312,FOR,DNK,SD
186169,96709,FOR,DNK,RENEW
186169,101585,FOR,DNK,SD
186169,111412,FOR,DNK,GREEN_EFA
186169,124875,ABSTENTION,DNK,PFE
186169,197558,FOR,DNK,RENEW
186169,197573,FOR,DNK,GREEN_EFA
186169,199941,FOR,DNK,SD
186169,257020,FOR,DNK,RENEW
186169,257023,DID_NOT_VOTE,DNK,GUE_NGL
186169,257025,AGAINST,DNK,ECR
186169,257028,AGAINST,DNK,EPP
186169,257033,FOR,DNK,EPP
186169,257038,FOR,DNK,RENEW
186169,257044,FOR,DNK,GREEN_EFA
186375,37312,FOR,DNK,SD
186375,96709,FOR,DNK,RENEW
186375,101585,FOR,DNK,SD
186375,111412,FOR,DNK,GREEN_EFA
186375,124875,FOR,DNK,PFE
186375,197558,FOR,DNK,RENEW
186375,197573,FOR,DNK,GREEN_EFA
186375,199941,FOR,DNK,SD
186375,257020,FOR,DNK,RENEW
186375,257023,DID_NOT_VOTE,DNK,GUE_NGL
186375,257025,FOR,DNK,ECR
186375,257028,FOR,DNK,EPP
186375,257033,FOR,DNK,EPP
186375,257038,FOR,DNK,RENEW
186375,257044,FOR,DNK,GREEN_EFA
186376,37312,FOR,DNK,SD
186376,96709,FOR,DNK,RENEW
186376,101585,FOR,DNK,SD
186376,111412,FOR,DNK,GREEN_EFA
186376,124875,FOR,DNK,PFE
186376,197558,FOR,DNK,RENEW
186376,197573,FOR,DNK,GREEN_EFA
186376,199941,FOR,DNK,SD
186376,257020,FOR,DNK,RENEW
186376,257023,FOR,DNK,GUE_NGL
186376,257025,FOR,DNK,ECR
186376,257028,FOR,DNK,EPP
186376,257033,FOR,DNK,EPP
186376,257038,FOR,DNK,RENEW
186376,257044,FOR,DNK,GREEN_EFA
186380,37312,FOR,DNK,SD
186380,96709,FOR,DNK,RENEW
186380,101585,FOR,DNK,SD
186380,111412,FOR,DNK,GREEN_EFA
186380,124875,AGAINST,DNK,PFE
186380,197558,FOR,DNK,RENEW
186380,197573,FOR,DNK,GREEN_EFA
186380,199941,FOR,DNK,SD
186380,257020,FOR,DNK,RENEW
186380,257023,DID_NOT_VOTE,DNK,GUE_NGL
186380,257025,AGAINST,DNK,ECR
186380,257028,FOR,DNK,EPP
186380,257033,DID_NOT_VOTE,DNK,EPP
186380,257038,FOR,DNK,RENEW
186380,257044,FOR,DNK,GREEN_EFA
186401,37312,FOR,DNK,SD
186401,96709,FOR,DNK,RENEW
186401,101585,FOR,DNK,SD
186401,111412,FOR,DNK,GREEN_EFA
186401,124875,DID_NOT_VOTE,DNK,PFE
186401,197558,FOR,DNK,RENEW
186401,197573,FOR,DNK,GREEN_EFA
186401,199941,FOR,DNK,SD
186401,257020,FOR,DNK,RENEW
186401,257023,AGAINST,DNK,GUE_NGL
186401,257025,ABSTENTION,DNK,ECR
186401,257028,FOR,DNK,EPP
186401,257033,FOR,DNK,EPP
186401,257038,FOR,DNK,RENEW
186401,257044,FOR,DNK,GREEN_EFA
186407,37312,FOR,DNK,SD
186407,96709,FOR,DNK,RENEW
186407,101585,FOR,DNK,SD
186407,111412,FOR,DNK,GREEN_EFA
186407,124875,FOR,DNK,PFE
186407,197558,FOR,DNK,RENEW
186407,197573,FOR,DNK,GREEN_EFA
186407,199941,FOR,DNK,SD
186407,257020,FOR,DNK,RENEW
186407,257023,DID_NOT_VOTE,DNK,GUE_NGL
186407,257025,FOR,DNK,ECR
186407,257028,FOR,DNK,EPP
186407,257033,FOR,DNK,EPP
186407,257038,FOR,DNK,RENEW
186407,257044,FOR,DNK,GREEN_EFA
186515,37312,FOR,DNK,SD
186515,96709,AGAINST,DNK,RENEW
186515,101585,FOR,DNK,SD
186515,111412,AGAINST,DNK,GREEN_EFA
186515,124875,FOR,DNK,PFE
186515,197558,AGAINST,DNK,RENEW
186515,197573,AGAINST,DNK,GREEN_EFA
186515,199941,FOR,DNK,SD
186515,257020,ABSTENTION,DNK,RENEW
186515,257023,DID_NOT_VOTE,DNK,GUE_NGL
186515,257025,AGAINST,DNK,ECR
186515,257028,AGAINST,DNK,EPP
186515,257033,AGAINST,DNK,EPP
186515,257038,FOR,DNK,RENEW
186515,257044,AGAINST,DNK,GREEN_EFA
186516,37312,FOR,DNK,SD
186516,96709,FOR,DNK,RENEW
186516,101585,FOR,DNK,SD
186516,111412,FOR,DNK,GREEN_EFA
186516,124875,AGAINST,DNK,PFE
186516,197558,FOR,DNK,RENEW
186516,197573,FOR,DNK,GREEN_EFA
186516,199941,FOR,DNK,SD
186516,257020,FOR,DNK,RENEW
186516,257023,FOR,DNK,GUE_NGL
186516,257025,AGAINST,DNK,ECR
186516,257028,FOR,DNK,EPP
186516,257033,FOR,DNK,EPP
186516,257038,FOR,DNK,RENEW
186516,257044,FOR,DNK,GREEN_EFA
186518,37312,FOR,DNK,SD
186518,96709,FOR,DNK,RENEW
186518,101585,FOR,DNK,SD
186518,111412,FOR,DNK,GREEN_EFA
186518,124875,DID_NOT_VOTE,DNK,PFE
186518,197558,FOR,DNK,RENEW
186518,197573,FOR,DNK,GREEN_EFA
186518,199941,FOR,DNK,SD
186518,257020,FOR,DNK,RENEW
186518,257023,FOR,DNK,GUE_NGL
186518,257025,AGAINST,DNK,ECR
186518,257028,FOR,DNK,EPP
186518,257033,FOR,DNK,EPP
186518,257038,FOR,DNK,RENEW
186518,257044,FOR,DNK,GREEN_EFA
186520,37312,FOR,DNK,SD
186520,96709,FOR,DNK,RENEW
186520,101585,FOR,DNK,SD
186520,111412,FOR,DNK,GREEN_EFA
186520,124875,AGAINST,DNK,PFE
186520,197558,FOR,DNK,RENEW
186520,197573,FOR,DNK,GREEN_EFA
186520,199941,FOR,DNK,SD
186520,257020,FOR,DNK,RENEW
186520,257023,FOR,DNK,GUE_NGL
186520,257025,AGAINST,DNK,ECR
186520,257028,FOR,DNK,EPP
186520,257033,FOR,DNK,EPP
186520,257038,FOR,DNK,RENEW
186520,257044,FOR,DNK,GREEN_EFA
186522,37312,FOR,DNK,SD
186522,96709,FOR,DNK,RENEW
186522,101585,FOR,DNK,SD
186522,111412,FOR,DNK,GREEN_EFA
186522,124875,ABSTENTION,DNK,PFE
186522,197558,FOR,DNK,RENEW
186522,197573,FOR,DNK,GREEN_EFA
186522,199941,FOR,DNK,SD
186522,257020,FOR,DNK,RENEW
186522,257023,DID_NOT_VOTE,DNK,GUE_NGL
186522,257025,AGAINST,DNK,ECR
186522,257028,FOR,DNK,EPP
186522,257033,FOR,DNK,EPP
186522,257038,FOR,DNK,RENEW
186522,257044,FOR,DNK,GREEN_EFA
186645,37312,FOR,DNK,SD
186645,96709,FOR,DNK,RENEW
186645,101585,FOR,DNK,SD
186645,111412,FOR,DNK,GREEN_EFA
186645,124875,AGAINST,DNK,PFE
186645,197558,FOR,DNK,RENEW
186645,197573,FOR,DNK,GREEN_EFA
186645,199941,FOR,DNK,SD
186645,257020,FOR,DNK,RENEW
186645,257023,FOR,DNK,GUE_NGL
186645,257025,ABSTENTION,DNK,ECR
186645,257028,FOR,DNK,EPP
186645,257033,FOR,DNK,EPP
186645,257038,FOR,DNK,RENEW
186645,257044,FOR,DNK,GREEN_EFA
186902,37312,FOR,DNK,SD
186902,96709,FOR,DNK,RENEW
186902,101585,FOR,DNK,SD
186902,111412,FOR,DNK,GREEN_EFA
186902,124875,AGAINST,DNK,PFE
186902,197558,FOR,DNK,RENEW
186902,197573,FOR,DNK,GREEN_EFA
186902,199941,FOR,DNK,SD
186902,257020,FOR,DNK,RENEW
186902,257023,DID_NOT_VOTE,DNK,GUE_NGL
186902,257025,FOR,DNK,ECR
186902,257028,FOR,DNK,EPP
186902,257033,FOR,DNK,EPP
186902,257038,FOR,DNK,RENEW
186902,257044,FOR,DNK,GREEN_EFA
186903,37312,AGAINST,DNK,SD
186903,96709,AGAINST,DNK,RENEW
186903,101585,AGAINST,DNK,SD
186903,111412,AGAINST,DNK,GREEN_EFA
186903,124875,FOR,DNK,PFE
186903,197558,AGAINST,DNK,RENEW
186903,197573,AGAINST,DNK,GREEN_EFA
186903,199941,AGAINST,DNK,SD
186903,257020,AGAINST,DNK,RENEW
186903,257023,DID_NOT_VOTE,DNK,GUE_NGL
186903,257025,FOR,DNK,ECR
186903,257028,FOR,DNK,EPP
186903,257033,AGAINST,DNK,EPP
186903,257038,AGAINST,DNK,RENEW
186903,257044,AGAINST,DNK,GREEN_EFA
186909,37312,FOR,DNK,SD
186909,96709,ABSTENTION,DNK,RENEW
186909,101585,FOR,DNK,SD
186909,111412,FOR,DNK,GREEN_EFA
186909,124875,AGAINST,DNK,PFE
186909,197558,ABSTENTION,DNK,RENEW
186909,197573,FOR,DNK,GREEN_EFA
186909,199941,FOR,DNK,SD
186909,257020,FOR,DNK,RENEW
186909,257023,FOR,DNK,GUE_NGL
186909,257025,AGAINST,DNK,ECR
186909,257028,AGAINST,DNK,EPP
186909,257033,ABSTENTION,DNK,EPP
186909,257038,FOR,DNK,RENEW
186909,257044,FOR,DNK,GREEN_EFA
186921,37312,AGAINST,DNK,SD
186921,96709,FOR,DNK,RENEW
186921,101585,AGAINST,DNK,SD
186921,111412,FOR,DNK,GREEN_EFA
186921,124875,AGAINST,DNK,PFE
186921,197558,FOR,DNK,RENEW
186921,197573,ABSTENTION,DNK,GREEN_EFA
186921,199941,AGAINST,DNK,SD
186921,257020,FOR,DNK,RENEW
186921,257023,DID_NOT_VOTE,DNK,GUE_NGL
186921,257025,DID_NOT_VOTE,DNK,ECR
186921,257028,AGAINST,DNK,EPP
186921,257033,AGAINST,DNK,EPP
186921,257038,FOR,DNK,RENEW
186921,257044,FOR,DNK,GREEN_EFA
186941,37312,AGAINST,DNK,SD
186941,96709,AGAINST,DNK,RENEW
186941,101585,AGAINST,DNK,SD
186941,111412,FOR,DNK,GREEN_EFA
186941,124875,AGAINST,DNK,PFE
186941,197558,AGAINST,DNK,RENEW
186941,197573,FOR,DNK,GREEN_EFA
186941,199941,AGAINST,DNK,SD
186941,257020,AGAINST,DNK,RENEW
186941,257023,ABSTENTION,DNK,GUE_NGL
186941,257025,FOR,DNK,ECR
186941,257028,FOR,DNK,EPP
186941,257033,AGAINST,DNK,EPP
186941,257038,FOR,DNK,RENEW
186941,257044,FOR,DNK,GREEN_EFA
186972,37312,FOR,DNK,SD
186972,96709,FOR,DNK,RENEW
186972,101585,FOR,DNK,SD
186972,111412,FOR,DNK,GREEN_EFA
186972,124875,AGAINST,DNK,PFE
186972,197558,FOR,DNK,RENEW
186972,197573,FOR,DNK,GREEN_EFA
186972,199941,FOR,DNK,SD
186972,257020,FOR,DNK,RENEW
186972,257023,FOR,DNK,GUE_NGL
186972,257025,AGAINST,DNK,ECR
186972,257028,AGAINST,DNK,EPP
186972,257033,FOR,DNK,EPP
186972,257038,AGAINST,DNK,RENEW
186972,257044,FOR,DNK,GREEN_EFA
188564,37312,FOR,DNK,SD
188564,96709,FOR,DNK,RENEW
188564,101585,FOR,DNK,SD
188564,111412,DID_NOT_VOTE,DNK,GREEN_EFA
188564,124875,AGAINST,DNK,PFE
188564,197558,FOR,DNK,RENEW
188564,197573,FOR,DNK,GREEN_EFA
188564,199941,FOR,DNK,SD
188564,257020,FOR,DNK,RENEW
188564,257023,DID_NOT_VOTE,DNK,GUE_NGL
188564,257025,AGAINST,DNK,ECR
188564,257028,FOR,DNK,EPP
188564,257033,FOR,DNK,EPP
188564,257038,FOR,DNK,RENEW
188564,257044,FOR,DNK,GREEN_EFA
189107,37312,FOR,DNK,SD
189107,96709,FOR,DNK,RENEW
189107,101585,FOR,DNK,SD
189107,111412,AGAINST,DNK,GREEN_EFA
189107,124875,DID_NOT_VOTE,DNK,PFE
189107,197558,FOR,DNK,RENEW
189107,197573,AGAINST,DNK,GREEN_EFA
189107,199941,FOR,DNK,SD
189107,257020,FOR,DNK,RENEW
189107,257023,AGAINST,DNK,GUE_NGL
189107,257025,DID_NOT_VOTE,DNK,ECR
189107,257028,FOR,DNK,EPP
189107,257033,FOR,DNK,EPP
189107,257038,FOR,DNK,RENEW
189107,257044,AGAINST,DNK,GREEN_EFA
189129,37312,FOR,DNK,SD
189129,96709,FOR,DNK,RENEW
189129,101585,FOR,DNK,SD
189129,111412,FOR,DNK,GREEN_EFA
189129,124875,DID_NOT_VOTE,DNK,PFE
189129,197558,FOR,DNK,RENEW
189129,197573,FOR,DNK,GREEN_EFA
189129,199941,FOR,DNK,SD
189129,257020,FOR,DNK,RENEW
189129,257023,FOR,DNK,GUE_NGL
189129,257025,DID_NOT_VOTE,DNK,ECR
189129,257028,FOR,DNK,EPP
189129,257033,FOR,DNK,EPP
189129,257038,FOR,DNK,RENEW
189129,257044,FOR,DNK,GREEN_EFA
189130,37312,AGAINST,DNK,SD
189130,96709,AGAINST,DNK,RENEW
189130,101585,AGAINST,DNK,SD
189130,111412,FOR,DNK,GREEN_EFA
189130,124875,DID_NOT_VOTE,DNK,PFE
189130,197558,AGAINST,DNK,RENEW
189130,197573,FOR,DNK,GREEN_EFA
189130,199941,AGAINST,DNK,SD
189130,257020,AGAINST,DNK,RENEW
189130,257023,FOR,DNK,GUE_NGL
189130,257025,DID_NOT_VOTE,DNK,ECR
189130,257028,AGAINST,DNK,EPP
189130,257033,AGAINST,DNK,EPP
189130,257038,AGAINST,DNK,RENEW
189130,257044,FOR,DNK,GREEN_EFA
189151,37312,FOR,DNK,SD
189151,96709,FOR,DNK,RENEW
189151,101585,FOR,DNK,SD
189151,111412,FOR,DNK,GREEN_EFA
189151,124875,DID_NOT_VOTE,DNK,PFE
189151,197558,FOR,DNK,RENEW
189151,197573,FOR,DNK,GREEN_EFA
189151,199941,FOR,DNK,SD
189151,257020,FOR,DNK,RENEW
189151,257023,FOR,DNK,GUE_NGL
189151,257025,DID_NOT_VOTE,DNK,ECR
189151,257028,FOR,DNK,EPP
189151,257033,FOR,DNK,EPP
189151,257038,FOR,DNK,RENEW
189151,257044,FOR,DNK,GREEN_EFA
189169,37312,FOR,DNK,SD
189169,96709,FOR,DNK,RENEW
189169,101585,FOR,DNK,SD
189169,111412,FOR,DNK,GREEN_EFA
189169,124875,DID_NOT_VOTE,DNK,PFE
189169,197558,FOR,DNK,RENEW
189169,197573,FOR,DNK,GREEN_EFA
189169,199941,FOR,DNK,SD
189169,257020,FOR,DNK,RENEW
189169,257023,FOR,DNK,GUE_NGL
189169,257025,DID_NOT_VOTE,DNK,ECR
189169,257028,FOR,DNK,EPP
189169,257033,FOR,DNK,EPP
189169,257038,FOR,DNK,RENEW
189169,257044,FOR,DNK,GREEN_EFA
189210,37312,FOR,DNK,SD
189210,96709,FOR,DNK,RENEW
189210,101585,FOR,DNK,SD
189210,111412,FOR,DNK,GREEN_EFA
189210,124875,AGAINST,DNK,PFE
189210,197558,FOR,DNK,RENEW
189210,197573,FOR,DNK,GREEN_EFA
189210,199941,FOR,DNK,SD
189210,257020,FOR,DNK,RENEW
189210,257023,AGAINST,DNK,GUE_NGL
189210,257025,AGAINST,DNK,ECR
189210,257028,FOR,DNK,EPP
189210,257033,FOR,DNK,EPP
189210,257038,FOR,DNK,RENEW
189210,257044,FOR,DNK,GREEN_EFA
189232,37312,FOR,DNK,SD
189232,96709,FOR,DNK,RENEW
189232,101585,FOR,DNK,SD
189232,111412,FOR,DNK,GREEN_EFA
189232,124875,AGAINST,DNK,PFE
189232,197558,FOR,DNK,RENEW
189232,197573,FOR,DNK,GREEN_EFA
189232,199941,FOR,DNK,SD
189232,257020,FOR,DNK,RENEW
189232,257023,FOR,DNK,GUE_NGL
189232,257025,FOR,DNK,ECR
189232,257028,FOR,DNK,EPP
189232,257033,FOR,DNK,EPP
189232,257038,FOR,DNK,RENEW
189232,257044,FOR,DNK,GREEN_EFA
189249,37312,FOR,DNK,SD
189249,96709,FOR,DNK,RENEW
189249,101585,FOR,DNK,SD
189249,111412,FOR,DNK,GREEN_EFA
189249,124875,FOR,DNK,PFE
189249,197558,FOR,DNK,RENEW
189249,197573,FOR,DNK,GREEN_EFA
189249,199941,FOR,DNK,SD
189249,257020,FOR,DNK,RENEW
189249,257023,FOR,DNK,GUE_NGL
189249,257025,FOR,DNK,ECR
189249,257028,FOR,DNK,EPP
189249,257033,FOR,DNK,EPP
189249,257038,FOR,DNK,RENEW
189249,257044,FOR,DNK,GREEN_EFA
189250,37312,FOR,DNK,SD
189250,96709,FOR,DNK,RENEW
189250,101585,FOR,DNK,SD
189250,111412,FOR,DNK,GREEN_EFA
189250,124875,FOR,DNK,PFE
189250,197558,FOR,DNK,RENEW
189250,197573,FOR,DNK,GREEN_EFA
189250,199941,FOR,DNK,SD
189250,257020,FOR,DNK,RENEW
189250,257023,FOR,DNK,GUE_NGL
189250,257025,FOR,DNK,ECR
189250,257028,FOR,DNK,EPP
189250,257033,FOR,DNK,EPP
189250,257038,FOR,DNK,RENEW
189250,257044,FOR,DNK,GREEN_EFA
189251,37312,FOR,DNK,SD
189251,96709,FOR,DNK,RENEW
189251,101585,FOR,DNK,SD
189251,111412,FOR,DNK,GREEN_EFA
189251,124875,FOR,DNK,PFE
189251,197558,FOR,DNK,RENEW
189251,197573,FOR,DNK,GREEN_EFA
189251,199941,FOR,DNK,SD
189251,257020,FOR,DNK,RENEW
189251,257023,ABSTENTION,DNK,GUE_NGL
189251,257025,FOR,DNK,ECR
189251,257028,FOR,DNK,EPP
189251,257033,FOR,DNK,EPP
189251,257038,FOR,DNK,RENEW
189251,257044,FOR,DNK,GREEN_EFA
189252,37312,FOR,DNK,SD
189252,96709,FOR,DNK,RENEW
189252,101585,FOR,DNK,SD
189252,111412,FOR,DNK,GREEN_EFA
189252,124875,AGAINST,DNK,PFE
189252,197558,FOR,DNK,RENEW
189252,197573,FOR,DNK,GREEN_EFA
189252,199941,FOR,DNK,SD
189252,257020,FOR,DNK,RENEW
189252,257023,FOR,DNK,GUE_NGL
189252,257025,AGAINST,DNK,ECR
189252,257028,FOR,DNK,EPP
189252,257033,FOR,DNK,EPP
189252,257038,FOR,DNK,RENEW
189252,257044,FOR,DNK,GREEN_EFA
189257,37312,FOR,DNK,SD
189257,96709,FOR,DNK,RENEW
189257,101585,FOR,DNK,SD
189257,111412,FOR,DNK,GREEN_EFA
189257,124875,AGAINST,DNK,PFE
189257,197558,FOR,DNK,RENEW
189257,197573,FOR,DNK,GREEN_EFA
189257,199941,FOR,DNK,SD
189257,257020,FOR,DNK,RENEW
189257,257023,FOR,DNK,GUE_NGL
189257,257025,AGAINST,DNK,ECR
189257,257028,FOR,DNK,EPP
189257,257033,FOR,DNK,EPP
189257,257038,FOR,DNK,RENEW
189257,257044,FOR,DNK,GREEN_EFA
189270,37312,FOR,DNK,SD
189270,96709,AGAINST,DNK,RENEW
189270,101585,AGAINST,DNK,SD
189270,111412,AGAINST,DNK,GREEN_EFA
189270,124875,AGAINST,DNK,PFE
189270,197558,FOR,DNK,RENEW
189270,197573,AGAINST,DNK,GREEN_EFA
189270,199941,FOR,DNK,SD
189270,257020,AGAINST,DNK,RENEW
189270,257023,AGAINST,DNK,GUE_NGL
189270,257025,AGAINST,DNK,ECR
189270,257028,AGAINST,DNK,EPP
189270,257033,FOR,DNK,EPP
189270,257038,AGAINST,DNK,RENEW
189270,257044,AGAINST,DNK,GREEN_EFA
189313,37312,FOR,DNK,SD
189313,96709,FOR,DNK,RENEW
189313,101585,FOR,DNK,SD
189313,111412,FOR,DNK,GREEN_EFA
189313,124875,AGAINST,DNK,PFE
189313,197558,FOR,DNK,RENEW
189313,197573,FOR,DNK,GREEN_EFA
189313,199941,FOR,DNK,SD
189313,257020,FOR,DNK,RENEW
189313,257023,AGAINST,DNK,GUE_NGL
189313,257025,ABSTENTION,DNK,ECR
189313,257028,FOR,DNK,EPP
189313,257033,FOR,DNK,EPP
189313,257038,FOR,DNK,RENEW
189313,257044,FOR,DNK,GREEN_EFA
189333,37312,FOR,DNK,SD
189333,96709,FOR,DNK,RENEW
189333,101585,FOR,DNK,SD
189333,111412,FOR,DNK,GREEN_EFA
189333,124875,AGAINST,DNK,PFE
189333,197558,FOR,DNK,RENEW
189333,197573,FOR,DNK,GREEN_EFA
189333,199941,FOR,DNK,SD
189333,257020,FOR,DNK,RENEW
189333,257023,AGAINST,DNK,GUE_NGL
189333,257025,ABSTENTION,DNK,ECR
189333,257028,FOR,DNK,EPP
189333,257033,FOR,DNK,EPP
189333,257038,FOR,DNK,RENEW
189333,257044,FOR,DNK,GREEN_EFA
189384,37312,FOR,DNK,SD
189384,96709,FOR,DNK,RENEW
189384,101585,FOR,DNK,SD
189384,111412,FOR,DNK,GREEN_EFA
189384,124875,FOR,DNK,PFE
189384,197558,FOR,DNK,RENEW
189384,197573,FOR,DNK,GREEN_EFA
189384,199941,FOR,DNK,SD
189384,257020,FOR,DNK,RENEW
189384,257023,AGAINST,DNK,GUE_NGL
189384,257025,FOR,DNK,ECR
189384,257028,FOR,DNK,EPP
189384,257033,FOR,DNK,EPP
189384,257038,FOR,DNK,RENEW
189384,257044,FOR,DNK,GREEN_EFA
189581,37312,AGAINST,DNK,SD
189581,96709,AGAINST,DNK,RENEW
189581,101585,AGAINST,DNK,SD
189581,111412,AGAINST,DNK,GREEN_EFA
189581,124875,FOR,DNK,PFE
189581,197558,AGAINST,DNK,RENEW
189581,197573,AGAINST,DNK,GREEN_EFA
189581,199941,AGAINST,DNK,SD
189581,257020,AGAINST,DNK,RENEW
189581,257023,FOR,DNK,GUE_NGL
189581,257025,AGAINST,DNK,ECR
189581,257028,AGAINST,DNK,EPP
189581,257033,AGAINST,DNK,EPP
189581,257038,AGAINST,DNK,RENEW
189581,257044,AGAINST,DNK,GREEN_EFA
189596,37312,AGAINST,DNK,SD
189596,96709,AGAINST,DNK,RENEW
189596,101585,AGAINST,DNK,SD
189596,111412,AGAINST,DNK,GREEN_EFA
189596,124875,FOR,DNK,PFE
189596,197558,AGAINST,DNK,RENEW
189596,197573,AGAINST,DNK,GREEN_EFA
189596,199941,AGAINST,DNK,SD
189596,257020,AGAINST,DNK,RENEW
189596,257023,FOR,DNK,GUE_NGL
189596,257025,AGAINST,DNK,ECR
189596,257028,AGAINST,DNK,EPP
189596,257033,AGAINST,DNK,EPP
189596,257038,AGAINST,DNK,RENEW
189596,257044,AGAINST,DNK,GREEN_EFA
189597,37312,FOR,DNK,SD
189597,96709,FOR,DNK,RENEW
189597,101585,FOR,DNK,SD
189597,111412,AGAINST,DNK,GREEN_EFA
189597,124875,FOR,DNK,PFE
189597,197558,FOR,DNK,RENEW
189597,197573,AGAINST,DNK,GREEN_EFA
189597,199941,FOR,DNK,SD
189597,257020,ABSTENTION,DNK,RENEW
189597,257023,AGAINST,DNK,GUE_NGL
189597,257025,FOR,DNK,ECR
189597,257028,FOR,DNK,EPP
189597,257033,FOR,DNK,EPP
189597,257038,AGAINST,DNK,RENEW
189597,257044,AGAINST,DNK,GREEN_EFA
189598,37312,AGAINST,DNK,SD
189598,96709,AGAINST,DNK,RENEW
189598,101585,AGAINST,DNK,SD
189598,111412,AGAINST,DNK,GREEN_EFA
189598,124875,FOR,DNK,PFE
189598,197558,AGAINST,DNK,RENEW
189598,197573,AGAINST,DNK,GREEN_EFA
189598,199941,AGAINST,DNK,SD
189598,257020,AGAINST,DNK,RENEW
189598,257023,AGAINST,DNK,GUE_NGL
189598,257025,FOR,DNK,ECR
189598,257028,AGAINST,DNK,EPP
189598,257033,AGAINST,DNK,EPP
189598,257038,AGAINST,DNK,RENEW
189598,257044,AGAINST,DNK,GREEN_EFA
189909,37312,FOR,DNK,SD
189909,96709,FOR,DNK,RENEW
189909,101585,FOR,DNK,SD
189909,111412,FOR,DNK,GREEN_EFA
189909,197558,FOR,DNK,RENEW
189909,197573,FOR,DNK,GREEN_EFA
189909,199941,FOR,DNK,SD
189909,257020,FOR,DNK,RENEW
189909,257023,FOR,DNK,GUE_NGL
189909,257025,FOR,DNK,ECR
189909,257028,FOR,DNK,EPP
189909,257033,FOR,DNK,EPP
189909,257038,FOR,DNK,RENEW
189909,257044,FOR,DNK,GREEN_EFA
189909,277178,FOR,DNK,PFE
189914,37312,FOR,DNK,SD
189914,96709,FOR,DNK,RENEW
189914,101585,FOR,DNK,SD
189914,111412,FOR,DNK,GREEN_EFA
189914,197558,FOR,DNK,RENEW
189914,197573,FOR,DNK,GREEN_EFA
189914,199941,FOR,DNK,SD
189914,257020,FOR,DNK,RENEW
189914,257023,FOR,DNK,GUE_NGL
189914,257025,ABSTENTION,DNK,ECR
189914,257028,FOR,DNK,EPP
189914,257033,FOR,DNK,EPP
189914,257038,FOR,DNK,RENEW
189914,257044,FOR,DNK,GREEN_EFA
189914,277178,AGAINST,DNK,PFE
189916,37312,FOR,DNK,SD
189916,96709,ABSTENTION,DNK,RENEW
189916,101585,FOR,DNK,SD
189916,111412,FOR,DNK,GREEN_EFA
189916,197558,AGAINST,DNK,RENEW
189916,197573,FOR,DNK,GREEN_EFA
189916,199941,FOR,DNK,SD
189916,257020,FOR,DNK,RENEW
189916,257023,FOR,DNK,GUE_NGL
189916,257025,AGAINST,DNK,ECR
189916,257028,AGAINST,DNK,EPP
189916,257033,AGAINST,DNK,EPP
189916,257038,FOR,DNK,RENEW
189916,257044,FOR,DNK,GREEN_EFA
189916,277178,AGAINST,DNK,PFE
189917,37312,DID_NOT_VOTE,DNK,SD
189917,96709,FOR,DNK,RENEW
189917,101585,FOR,DNK,SD
189917,111412,FOR,DNK,GREEN_EFA
189917,197558,FOR,DNK,RENEW
189917,197573,FOR,DNK,GREEN_EFA
189917,199941,FOR,DNK,SD
189917,257020,FOR,DNK,RENEW
189917,257023,ABSTENTION,DNK,GUE_NGL
189917,257025,AGAINST,DNK,ECR
189917,257028,FOR,DNK,EPP
189917,257033,FOR,DNK,EPP
189917,257038,FOR,DNK,RENEW
189917,257044,FOR,DNK,GREEN_EFA
189917,277178,FOR,DNK,PFE
189919,37312,FOR,DNK,SD
189919,96709,FOR,DNK,RENEW
189919,101585,FOR,DNK,SD
189919,111412,FOR,DNK,GREEN_EFA
189919,197558,FOR,DNK,RENEW
189919,197573,FOR,DNK,GREEN_EFA
189919,199941,FOR,DNK,SD
189919,257020,FOR,DNK,RENEW
189919,257023,FOR,DNK,GUE_NGL
189919,257025,AGAINST,DNK,ECR
189919,257028,FOR,DNK,EPP
189919,257033,FOR,DNK,EPP
189919,257038,FOR,DNK,RENEW
189919,257044,FOR,DNK,GREEN_EFA
189919,277178,AGAINST,DNK,PFE
189922,37312,FOR,DNK,SD
189922,96709,FOR,DNK,RENEW
189922,101585,FOR,DNK,SD
189922,111412,FOR,DNK,GREEN_EFA
189922,197558,FOR,DNK,RENEW
189922,197573,FOR,DNK,GREEN_EFA
189922,199941,FOR,DNK,SD
189922,257020,FOR,DNK,RENEW
189922,257023,FOR,DNK,GUE_NGL
189922,257025,ABSTENTION,DNK,ECR
189922,257028,FOR,DNK,EPP
189922,257033,FOR,DNK,EPP
189922,257038,FOR,DNK,RENEW
189922,257044,FOR,DNK,GREEN_EFA
189922,277178,FOR,DNK,PFE
189928,37312,FOR,DNK,SD
189928,96709,FOR,DNK,RENEW
189928,101585,FOR,DNK,SD
189928,111412,ABSTENTION,DNK,GREEN_EFA
189928,197558,FOR,DNK,RENEW
189928,197573,ABSTENTION,DNK,GREEN_EFA
189928,199941,FOR,DNK,SD
189928,257020,FOR,DNK,RENEW
189928,257023,AGAINST,DNK,GUE_NGL
189928,257025,FOR,DNK,ECR
189928,257028,FOR,DNK,EPP
189928,257033,FOR,DNK,EPP
189928,257038,FOR,DNK,RENEW
189928,257044,ABSTENTION,DNK,GREEN_EFA
189928,277178,AGAINST,DNK,PFE
189929,37312,FOR,DNK,SD
189929,96709,FOR,DNK,RENEW
189929,101585,FOR,DNK,SD
189929,111412,FOR,DNK,GREEN_EFA
189929,197558,FOR,DNK,RENEW
189929,197573,FOR,DNK,GREEN_EFA
189929,199941,FOR,DNK,SD
189929,257020,FOR,DNK,RENEW
189929,257023,FOR,DNK,GUE_NGL
189929,257025,FOR,DNK,ECR
189929,257028,FOR,DNK,EPP
189929,257033,FOR,DNK,EPP
189929,257038,FOR,DNK,RENEW
189929,257044,FOR,DNK,GREEN_EFA
189929,277178,FOR,DNK,PFE
189930,37312,FOR,DNK,SD
189930,96709,FOR,DNK,RENEW
189930,101585,FOR,DNK,SD
189930,111412,AGAINST,DNK,GREEN_EFA
189930,197558,FOR,DNK,RENEW
189930,197573,AGAINST,DNK,GREEN_EFA
189930,199941,DID_NOT_VOTE,DNK,SD
189930,257020,FOR,DNK,RENEW
189930,257023,AGAINST,DNK,GUE_NGL
189930,257025,FOR,DNK,ECR
189930,257028,FOR,DNK,EPP
189930,257033,FOR,DNK,EPP
189930,257038,FOR,DNK,RENEW
189930,257044,AGAINST,DNK,GREEN_EFA
189930,277178,FOR,DNK,PFE
190026,37312,AGAINST,DNK,SD
190026,96709,ABSTENTION,DNK,RENEW
190026,101585,AGAINST,DNK,SD
190026,111412,FOR,DNK,GREEN_EFA
190026,197558,ABSTENTION,DNK,RENEW
190026,197573,FOR,DNK,GREEN_EFA
190026,199941,AGAINST,DNK,SD
190026,257020,FOR,DNK,RENEW
190026,257023,AGAINST,DNK,GUE_NGL
190026,257025,AGAINST,DNK,ECR
190026,257028,AGAINST,DNK,EPP
190026,257033,AGAINST,DNK,EPP
190026,257038,FOR,DNK,RENEW
190026,257044,FOR,DNK,GREEN_EFA
190026,277178,AGAINST,DNK,PFE
190027,37312,FOR,DNK,SD
190027,96709,FOR,DNK,RENEW
190027,101585,FOR,DNK,SD
190027,111412,FOR,DNK,GREEN_EFA
190027,197558,FOR,DNK,RENEW
190027,197573,FOR,DNK,GREEN_EFA
190027,199941,FOR,DNK,SD
190027,257020,FOR,DNK,RENEW
190027,257023,FOR,DNK,GUE_NGL
190027,257025,AGAINST,DNK,ECR
190027,257028,FOR,DNK,EPP
190027,257033,FOR,DNK,EPP
190027,257038,FOR,DNK,RENEW
190027,257044,FOR,DNK,GREEN_EFA
190027,277178,ABSTENTION,DNK,PFE
190051,37312,FOR,DNK,SD
190051,96709,FOR,DNK,RENEW
190051,101585,FOR,DNK,SD
190051,111412,AGAINST,DNK,GREEN_EFA
190051,197558,FOR,DNK,RENEW
190051,197573,ABSTENTION,DNK,GREEN_EFA
190051,199941,FOR,DNK,SD
190051,257020,FOR,DNK,RENEW
190051,257023,AGAINST,DNK,GUE_NGL
190051,257025,FOR,DNK,ECR
190051,257028,FOR,DNK,EPP
190051,257033,FOR,DNK,EPP
190051,257038,FOR,DNK,RENEW
190051,257044,AGAINST,DNK,GREEN_EFA
190051,277178,ABSTENTION,DNK,PFE
190052,37312,FOR,DNK,SD
190052,96709,FOR,DNK,RENEW
190052,101585,FOR,DNK,SD
190052,111412,FOR,DNK,GREEN_EFA
190052,197558,FOR,DNK,RENEW
190052,197573,FOR,DNK,GREEN_EFA
190052,199941,FOR,DNK,SD
190052,257020,FOR,DNK,RENEW
190052,257023,FOR,DNK,GUE_NGL
190052,257025,AGAINST,DNK,ECR
190052,257028,ABSTENTION,DNK,EPP
190052,257033,FOR,DNK,EPP
190052,257038,FOR,DNK,RENEW
190052,257044,FOR,DNK,GREEN_EFA
190052,277178,AGAINST,DNK,PFE
190095,37312,FOR,DNK,SD
190095,96709,FOR,DNK,RENEW
190095,101585,FOR,DNK,SD
190095,111412,FOR,DNK,GREEN_EFA
190095,197558,FOR,DNK,RENEW
190095,197573,FOR,DNK,GREEN_EFA
190095,199941,FOR,DNK,SD
190095,257020,FOR,DNK,RENEW
190095,257023,AGAINST,DNK,GUE_NGL
190095,257025,FOR,DNK,ECR
190095,257028,FOR,DNK,EPP
190095,257033,FOR,DNK,EPP
190095,257038,FOR,DNK,RENEW
190095,257044,FOR,DNK,GREEN_EFA
190095,277178,FOR,DNK,PFE
190096,37312,FOR,DNK,SD
190096,96709,FOR,DNK,RENEW
190096,101585,FOR,DNK,SD
190096,111412,FOR,DNK,GREEN_EFA
190096,197558,FOR,DNK,RENEW
190096,197573,FOR,DNK,GREEN_EFA
190096,199941,FOR,DNK,SD
190096,257020,FOR,DNK,RENEW
190096,257023,AGAINST,DNK,GUE_NGL
190096,257025,FOR,DNK,ECR
190096,257028,FOR,DNK,EPP
190096,257033,FOR,DNK,EPP
190096,257038,FOR,DNK,RENEW
190096,257044,FOR,DNK,GREEN_EFA
190096,277178,FOR,DNK,PFE
190097,37312,FOR,DNK,SD
190097,96709,FOR,DNK,RENEW
190097,101585,FOR,DNK,SD
190097,111412,FOR,DNK,GREEN_EFA
190097,197558,FOR,DNK,RENEW
190097,197573,FOR,DNK,GREEN_EFA
190097,199941,FOR,DNK,SD
190097,257020,FOR,DNK,RENEW
190097,257023,FOR,DNK,GUE_NGL
190097,257025,FOR,DNK,ECR
190097,257028,FOR,DNK,EPP
190097,257033,FOR,DNK,EPP
190097,257038,FOR,DNK,RENEW
190097,257044,FOR,DNK,GREEN_EFA
190097,277178,FOR,DNK,PFE
190098,37312,FOR,DNK,SD
190098,96709,FOR,DNK,RENEW
190098,101585,FOR,DNK,SD
190098,111412,AGAINST,DNK,GREEN_EFA
190098,197558,FOR,DNK,RENEW
190098,197573,AGAINST,DNK,GREEN_EFA
190098,199941,FOR,DNK,SD
190098,257020,FOR,DNK,RENEW
190098,257023,AGAINST,DNK,GUE_NGL
190098,257025,FOR,DNK,ECR
190098,257028,FOR,DNK,EPP
190098,257033,FOR,DNK,EPP
190098,257038,FOR,DNK,RENEW
190098,257044,AGAINST,DNK,GREEN_EFA
190098,277178,FOR,DNK,PFE
190161,37312,FOR,DNK,SD
190161,96709,AGAINST,DNK,RENEW
190161,101585,FOR,DNK,SD
190161,111412,AGAINST,DNK,GREEN_EFA
190161,197558,AGAINST,DNK,RENEW
190161,197573,AGAINST,DNK,GREEN_EFA
190161,199941,FOR,DNK,SD
190161,257020,AGAINST,DNK,RENEW
190161,257023,AGAINST,DNK,GUE_NGL
190161,257025,FOR,DNK,ECR
190161,257028,FOR,DNK,EPP
190161,257033,FOR,DNK,EPP
190161,257038,AGAINST,DNK,RENEW
190161,257044,AGAINST,DNK,GREEN_EFA
190161,277178,AGAINST,DNK,PFE
190183,37312,FOR,DNK,SD
190183,96709,FOR,DNK,RENEW
190183,101585,FOR,DNK,SD
190183,111412,FOR,DNK,GREEN_EFA
190183,197558,FOR,DNK,RENEW
190183,197573,FOR,DNK,GREEN_EFA
190183,199941,FOR,DNK,SD
190183,257020,FOR,DNK,RENEW
190183,257023,FOR,DNK,GUE_NGL
190183,257025,ABSTENTION,DNK,ECR
190183,257028,FOR,DNK,EPP
190183,257033,FOR,DNK,EPP
190183,257038,FOR,DNK,RENEW
190183,257044,FOR,DNK,GREEN_EFA
190183,277178,AGAINST,DNK,PFE
190185,37312,DID_NOT_VOTE,DNK,SD
190185,96709,FOR,DNK,RENEW
190185,101585,FOR,DNK,SD
190185,111412,FOR,DNK,GREEN_EFA
190185,197558,FOR,DNK,RENEW
190185,197573,FOR,DNK,GREEN_EFA
190185,199941,DID_NOT_VOTE,DNK,SD
190185,257020,FOR,DNK,RENEW
190185,257023,FOR,DNK,GUE_NGL
190185,257025,AGAINST,DNK,ECR
190185,257028,ABSTENTION,DNK,EPP
190185,257033,FOR,DNK,EPP
190185,257038,FOR,DNK,RENEW
190185,257044,FOR,DNK,GREEN_EFA
190185,277178,AGAINST,DNK,PFE
190186,37312,FOR,DNK,SD
190186,96709,FOR,DNK,RENEW
190186,101585,FOR,DNK,SD
190186,111412,FOR,DNK,GREEN_EFA
190186,197558,FOR,DNK,RENEW
190186,197573,FOR,DNK,GREEN_EFA
190186,199941,FOR,DNK,SD
190186,257020,FOR,DNK,RENEW
190186,257023,FOR,DNK,GUE_NGL
190186,257025,FOR,DNK,ECR
190186,257028,FOR,DNK,EPP
190186,257033,FOR,DNK,EPP
190186,257038,FOR,DNK,RENEW
190186,257044,FOR,DNK,GREEN_EFA
190186,277178,AGAINST,DNK,PFE
190196,37312,FOR,DNK,SD
190196,96709,FOR,DNK,RENEW
190196,101585,FOR,DNK,SD
190196,111412,FOR,DNK,GREEN_EFA
190196,197558,FOR,DNK,RENEW
190196,197573,FOR,DNK,GREEN_EFA
190196,199941,FOR,DNK,SD
190196,257020,FOR,DNK,RENEW
190196,257023,FOR,DNK,GUE_NGL
190196,257025,AGAINST,DNK,ECR
190196,257028,FOR,DNK,EPP
190196,257033,FOR,DNK,EPP
190196,257038,FOR,DNK,RENEW
190196,257044,FOR,DNK,GREEN_EFA
190196,277178,ABSTENTION,DNK,PFE
190203,37312,FOR,DNK,SD
190203,96709,FOR,DNK,RENEW
190203,101585,FOR,DNK,SD
190203,111412,FOR,DNK,GREEN_EFA
190203,197558,FOR,DNK,RENEW
190203,197573,FOR,DNK,GREEN_EFA
190203,199941,FOR,DNK,SD
190203,257020,FOR,DNK,RENEW
190203,257023,FOR,DNK,GUE_NGL
190203,257025,AGAINST,DNK,ECR
190203,257028,FOR,DNK,EPP
190203,257033,FOR,DNK,EPP
190203,257038,FOR,DNK,RENEW
190203,257044,FOR,DNK,GREEN_EFA
190203,277178,FOR,DNK,PFE
190292,37312,FOR,DNK,SD
190292,96709,FOR,DNK,RENEW
190292,101585,FOR,DNK,SD
190292,111412,FOR,DNK,GREEN_EFA
190292,197558,FOR,DNK,RENEW
190292,197573,FOR,DNK,GREEN_EFA
190292,199941,FOR,DNK,SD
190292,257020,FOR,DNK,RENEW
190292,257023,FOR,DNK,GUE_NGL
190292,257025,AGAINST,DNK,ECR
190292,257028,FOR,DNK,EPP
190292,257033,FOR,DNK,EPP
190292,257038,FOR,DNK,RENEW
190292,257044,FOR,DNK,GREEN_EFA
190292,277178,FOR,DNK,PFE
190339,37312,FOR,DNK,SD
190339,96709,FOR,DNK,RENEW
190339,101585,FOR,DNK,SD
190339,111412,FOR,DNK,GREEN_EFA
190339,197558,FOR,DNK,RENEW
190339,197573,FOR,DNK,GREEN_EFA
190339,199941,FOR,DNK,SD
190339,257020,FOR,DNK,RENEW
190339,257023,FOR,DNK,GUE_NGL
190339,257025,AGAINST,DNK,ECR
190339,257028,FOR,DNK,EPP
190339,257033,FOR,DNK,EPP
190339,257038,FOR,DNK,RENEW
190339,257044,FOR,DNK,GREEN_EFA
190339,277178,AGAINST,DNK,PFE
190343,37312,FOR,DNK,SD
190343,96709,FOR,DNK,RENEW
190343,101585,FOR,DNK,SD
190343,111412,FOR,DNK,GREEN_EFA
190343,197558,FOR,DNK,RENEW
190343,197573,FOR,DNK,GREEN_EFA
190343,199941,FOR,DNK,SD
190343,257020,FOR,DNK,RENEW
190343,257023,FOR,DNK,GUE_NGL
190343,257025,ABSTENTION,DNK,ECR
190343,257028,FOR,DNK,EPP
190343,257033,FOR,DNK,EPP
190343,257038,FOR,DNK,RENEW
190343,257044,FOR,DNK,GREEN_EFA
190343,277178,FOR,DNK,PFE
190369,37312,FOR,DNK,SD
190369,96709,FOR,DNK,RENEW
190369,101585,FOR,DNK,SD
190369,111412,FOR,DNK,GREEN_EFA
190369,197558,FOR,DNK,RENEW
190369,197573,FOR,DNK,GREEN_EFA
190369,199941,FOR,DNK,SD
190369,257020,FOR,DNK,RENEW
190369,257023,FOR,DNK,GUE_NGL
190369,257025,AGAINST,DNK,ECR
190369,257028,FOR,DNK,EPP
190369,257033,FOR,DNK,EPP
190369,257038,FOR,DNK,RENEW
190369,257044,FOR,DNK,GREEN_EFA
190369,277178,AGAINST,DNK,PFE
190380,37312,AGAINST,DNK,SD
190380,96709,FOR,DNK,RENEW
190380,101585,AGAINST,DNK,SD
190380,111412,ABSTENTION,DNK,GREEN_EFA
190380,197558,FOR,DNK,RENEW
190380,197573,ABSTENTION,DNK,GREEN_EFA
190380,199941,AGAINST,DNK,SD
190380,257020,FOR,DNK,RENEW
190380,257023,ABSTENTION,DNK,GUE_NGL
190380,257025,FOR,DNK,ECR
190380,257028,FOR,DNK,EPP
190380,257033,FOR,DNK,EPP
190380,257038,FOR,DNK,RENEW
190380,257044,ABSTENTION,DNK,GREEN_EFA
190380,277178,FOR,DNK,PFE
190396,37312,FOR,DNK,SD
190396,96709,FOR,DNK,RENEW
190396,101585,FOR,DNK,SD
190396,111412,FOR,DNK,GREEN_EFA
190396,197558,FOR,DNK,RENEW
190396,197573,FOR,DNK,GREEN_EFA
190396,199941,FOR,DNK,SD
190396,257020,FOR,DNK,RENEW
190396,257023,FOR,DNK,GUE_NGL
190396,257025,AGAINST,DNK,ECR
190396,257028,FOR,DNK,EPP
190396,257033,FOR,DNK,EPP
190396,257038,FOR,DNK,RENEW
190396,257044,FOR,DNK,GREEN_EFA
190396,277178,AGAINST,DNK,PFE
190402,37312,FOR,DNK,SD
190402,96709,FOR,DNK,RENEW
190402,101585,FOR,DNK,SD
190402,111412,FOR,DNK,GREEN_EFA
190402,197558,FOR,DNK,RENEW
190402,197573,FOR,DNK,GREEN_EFA
190402,199941,FOR,DNK,SD
190402,257020,FOR,DNK,RENEW
190402,257023,FOR,DNK,GUE_NGL
190402,257025,AGAINST,DNK,ECR
190402,257028,FOR,DNK,EPP
190402,257033,FOR,DNK,EPP
190402,257038,FOR,DNK,RENEW
190402,257044,FOR,DNK,GREEN_EFA
190402,277178,FOR,DNK,PFE
190403,37312,AGAINST,DNK,SD
190403,96709,AGAINST,DNK,RENEW
190403,101585,AGAINST,DNK,SD
190403,111412,AGAINST,DNK,GREEN_EFA
190403,197558,AGAINST,DNK,RENEW
190403,197573,AGAINST,DNK,GREEN_EFA
190403,199941,AGAINST,DNK,SD
190403,257020,AGAINST,DNK,RENEW
190403,257023,AGAINST,DNK,GUE_NGL
190403,257025,AGAINST,DNK,ECR
190403,257028,AGAINST,DNK,EPP
190403,257033,AGAINST,DNK,EPP
190403,257038,AGAINST,DNK,RENEW
190403,257044,AGAINST,DNK,GREEN_EFA
190403,277178,AGAINST,DNK,PFE
190564,37312,FOR,DNK,SD
190564,96709,FOR,DNK,RENEW
190564,101585,FOR,DNK,SD
190564,111412,DID_NOT_VOTE,DNK,GREEN_EFA
190564,197558,FOR,DNK,RENEW
190564,197573,FOR,DNK,GREEN_EFA
190564,199941,FOR,DNK,SD
190564,257020,FOR,DNK,RENEW
190564,257023,FOR,DNK,GUE_NGL
190564,257025,AGAINST,DNK,ECR
190564,257028,ABSTENTION,DNK,EPP
190564,257033,FOR,DNK,EPP
190564,257038,FOR,DNK,RENEW
190564,257044,FOR,DNK,GREEN_EFA
190564,277178,AGAINST,DNK,PFE
190594,37312,FOR,DNK,SD
190594,96709,FOR,DNK,RENEW
190594,101585,FOR,DNK,SD
190594,111412,FOR,DNK,GREEN_EFA
190594,197558,FOR,DNK,RENEW
190594,197573,FOR,DNK,GREEN_EFA
190594,199941,FOR,DNK,SD
190594,257020,FOR,DNK,RENEW
190594,257023,FOR,DNK,GUE_NGL
190594,257025,AGAINST,DNK,ECR
190594,257028,FOR,DNK,EPP
190594,257033,FOR,DNK,EPP
190594,257038,FOR,DNK,RENEW
190594,257044,FOR,DNK,GREEN_EFA
190594,277178,AGAINST,DNK,PFE
190656,37312,FOR,DNK,SD
190656,96709,FOR,DNK,RENEW
190656,101585,DID_NOT_VOTE,DNK,SD
190656,111412,FOR,DNK,GREEN_EFA
190656,197558,FOR,DNK,RENEW
190656,197573,FOR,DNK,GREEN_EFA
190656,199941,FOR,DNK,SD
190656,257020,FOR,DNK,RENEW
190656,257023,FOR,DNK,GUE_NGL
190656,257025,ABSTENTION,DNK,ECR
190656,257028,FOR,DNK,EPP
190656,257033,FOR,DNK,EPP
190656,257038,FOR,DNK,RENEW
190656,257044,FOR,DNK,GREEN_EFA
190656,277178,AGAINST,DNK,PFE
190658,37312,DID_NOT_VOTE,DNK,SD
190658,96709,ABSTENTION,DNK,RENEW
190658,101585,FOR,DNK,SD
190658,111412,FOR,DNK,GREEN_EFA
190658,197558,ABSTENTION,DNK,RENEW
190658,197573,FOR,DNK,GREEN_EFA
190658,199941,FOR,DNK,SD
190658,257020,FOR,DNK,RENEW
190658,257023,FOR,DNK,GUE_NGL
190658,257025,AGAINST,DNK,ECR
190658,257028,ABSTENTION,DNK,EPP
190658,257033,FOR,DNK,EPP
190658,257038,FOR,DNK,RENEW
190658,257044,FOR,DNK,GREEN_EFA
190658,277178,AGAINST,DNK,PFE
190668,37312,DID_NOT_VOTE,DNK,SD
190668,96709,FOR,DNK,RENEW
190668,101585,AGAINST,DNK,SD
190668,111412,AGAINST,DNK,GREEN_EFA
190668,197558,FOR,DNK,RENEW
190668,197573,AGAINST,DNK,GREEN_EFA
190668,199941,AGAINST,DNK,SD
190668,257020,AGAINST,DNK,RENEW
190668,257023,AGAINST,DNK,GUE_NGL
190668,257025,FOR,DNK,ECR
190668,257028,FOR,DNK,EPP
190668,257033,FOR,DNK,EPP
190668,257038,AGAINST,DNK,RENEW
190668,257044,AGAINST,DNK,GREEN_EFA
190668,277178,FOR,DNK,PFE
190729,37312,FOR,DNK,SD
190729,96709,FOR,DNK,RENEW
190729,101585,FOR,DNK,SD
190729,111412,FOR,DNK,GREEN_EFA
190729,197558,FOR,DNK,RENEW
190729,197573,FOR,DNK,GREEN_EFA
190729,199941,DID_NOT_VOTE,DNK,SD
190729,257020,FOR,DNK,RENEW
190729,257023,FOR,DNK,GUE_NGL
190729,257025,AGAINST,DNK,ECR
190729,257028,ABSTENTION,DNK,EPP
190729,257033,FOR,DNK,EPP
190729,257038,FOR,DNK,RENEW
190729,257044,FOR,DNK,GREEN_EFA
190729,277178,AGAINST,DNK,PFE
190847,37312,FOR,DNK,SD
190847,96709,FOR,DNK,RENEW
190847,101585,FOR,DNK,SD
190847,111412,FOR,DNK,GREEN_EFA
190847,197558,FOR,DNK,RENEW
190847,197573,FOR,DNK,GREEN_EFA
190847,199941,FOR,DNK,SD
190847,257020,FOR,DNK,RENEW
190847,257023,FOR,DNK,GUE_NGL
190847,257025,ABSTENTION,DNK,ECR
190847,257028,FOR,DNK,EPP
190847,257033,FOR,DNK,EPP
190847,257038,FOR,DNK,RENEW
190847,257044,FOR,DNK,GREEN_EFA
190847,277178,AGAINST,DNK,PFE
190917,37312,FOR,DNK,SD
190917,96709,FOR,DNK,RENEW
190917,101585,FOR,DNK,SD
190917,111412,FOR,DNK,GREEN_EFA
190917,197558,FOR,DNK,RENEW
190917,197573,FOR,DNK,GREEN_EFA
190917,199941,FOR,DNK,SD
190917,257020,FOR,DNK,RENEW
190917,257023,FOR,DNK,GUE_NGL
190917,257025,AGAINST,DNK,ECR
190917,257028,AGAINST,DNK,EPP
190917,257033,FOR,DNK,EPP
190917,257038,FOR,DNK,RENEW
190917,257044,FOR,DNK,GREEN_EFA
190917,277178,AGAINST,DNK,PFE
190938,37312,FOR,DNK,SD
190938,96709,FOR,DNK,RENEW
190938,101585,FOR,DNK,SD
190938,111412,FOR,DNK,GREEN_EFA
190938,197558,FOR,DNK,RENEW
190938,197573,FOR,DNK,GREEN_EFA
190938,199941,FOR,DNK,SD
190938,257020,FOR,DNK,RENEW
190938,257023,FOR,DNK,GUE_NGL
190938,257025,AGAINST,DNK,ECR
190938,257028,FOR,DNK,EPP
190938,257033,FOR,DNK,EPP
190938,257038,FOR,DNK,RENEW
190938,257044,FOR,DNK,GREEN_EFA
190938,277178,ABSTENTION,DNK,PFE
190979,37312,FOR,DNK,SD
190979,96709,FOR,DNK,RENEW
190979,101585,FOR,DNK,SD
190979,111412,FOR,DNK,GREEN_EFA
190979,197558,FOR,DNK,RENEW
190979,197573,FOR,DNK,GREEN_EFA
190979,199941,FOR,DNK,SD
190979,257020,FOR,DNK,RENEW
190979,257023,AGAINST,DNK,GUE_NGL
190979,257025,FOR,DNK,ECR
190979,257028,FOR,DNK,EPP
190979,257033,FOR,DNK,EPP
190979,257038,FOR,DNK,RENEW
190979,257044,FOR,DNK,GREEN_EFA
190979,277178,FOR,DNK,PFE
191239,37312,ABSTENTION,DNK,SD
191239,96709,FOR,DNK,RENEW
191239,101585,ABSTENTION,DNK,SD
191239,111412,FOR,DNK,GREEN_EFA
191239,197558,FOR,DNK,RENEW
191239,197573,FOR,DNK,GREEN_EFA
191239,199941,ABSTENTION,DNK,SD
191239,257020,FOR,DNK,RENEW
191239,257023,AGAINST,DNK,GUE_NGL
191239,257025,AGAINST,DNK,ECR
191239,257028,FOR,DNK,EPP
191239,257033,FOR,DNK,EPP
191239,257038,FOR,DNK,RENEW
191239,257044,FOR,DNK,GREEN_EFA
191239,277178,AGAINST,DNK,PFE
191240,37312,AGAINST,DNK,SD
191240,96709,AGAINST,DNK,RENEW
191240,101585,AGAINST,DNK,SD
191240,111412,DID_NOT_VOTE,DNK,GREEN_EFA
191240,197558,AGAINST,DNK,RENEW
191240,197573,FOR,DNK,GREEN_EFA
191240,199941,AGAINST,DNK,SD
191240,257020,AGAINST,DNK,RENEW
191240,257023,FOR,DNK,GUE_NGL
191240,257025,AGAINST,DNK,ECR
191240,257028,AGAINST,DNK,EPP
191240,257033,AGAINST,DNK,EPP
191240,257038,AGAINST,DNK,RENEW
191240,257044,FOR,DNK,GREEN_EFA
191240,277178,AGAINST,DNK,PFE
191320,37312,ABSTENTION,DNK,SD
191320,96709,AGAINST,DNK,RENEW
191320,101585,ABSTENTION,DNK,SD
191320,111412,DID_NOT_VOTE,DNK,GREEN_EFA
191320,197558,FOR,DNK,RENEW
191320,197573,FOR,DNK,GREEN_EFA
191320,199941,ABSTENTION,DNK,SD
191320,257020,AGAINST,DNK,RENEW
191320,257023,FOR,DNK,GUE_NGL
191320,257025,AGAINST,DNK,ECR
191320,257028,AGAINST,DNK,EPP
191320,257033,AGAINST,DNK,EPP
191320,257038,AGAINST,DNK,RENEW
191320,257044,FOR,DNK,GREEN_EFA
191320,277178,FOR,DNK,PFE
191581,37312,FOR,DNK,SD
191581,96709,FOR,DNK,RENEW
191581,101585,FOR,DNK,SD
191581,111412,FOR,DNK,GREEN_EFA
191581,197558,FOR,DNK,RENEW
191581,197573,FOR,DNK,GREEN_EFA
191581,199941,FOR,DNK,SD
191581,257020,FOR,DNK,RENEW
191581,257023,FOR,DNK,GUE_NGL
191581,257025,FOR,DNK,ECR
191581,257028,FOR,DNK,EPP
191581,257033,FOR,DNK,EPP
191581,257038,FOR,DNK,RENEW
191581,257044,FOR,DNK,GREEN_EFA
191581,277178,FOR,DNK,PFE
191944,37312,DID_NOT_VOTE,DNK,SD
191944,96709,FOR,DNK,RENEW
191944,101585,FOR,DNK,SD
191944,111412,FOR,DNK,GREEN_EFA
191944,197558,FOR,DNK,RENEW
191944,197573,FOR,DNK,GREEN_EFA
191944,199941,FOR,DNK,SD
191944,257020,FOR,DNK,RENEW
191944,257023,ABSTENTION,DNK,GUE_NGL
191944,257025,ABSTENTION,DNK,ECR
191944,257028,FOR,DNK,EPP
191944,257033,FOR,DNK,EPP
191944,257038,FOR,DNK,RENEW
191944,257044,FOR,DNK,GREEN_EFA
191944,277178,AGAINST,DNK,PFE
192321,37312,DID_NOT_VOTE,DNK,SD
192321,96709,FOR,DNK,RENEW
192321,101585,FOR,DNK,SD
192321,111412,FOR,DNK,GREEN_EFA
192321,197558,FOR,DNK,RENEW
192321,197573,FOR,DNK,GREEN_EFA
192321,199941,FOR,DNK,SD
192321,257020,FOR,DNK,RENEW
192321,257023,FOR,DNK,GUE_NGL
192321,257025,AGAINST,DNK,ECR
192321,257028,FOR,DNK,EPP
192321,257033,FOR,DNK,EPP
192321,257038,FOR,DNK,RENEW
192321,257044,FOR,DNK,GREEN_EFA
192321,277178,ABSTENTION,DNK,PFE
192341,37312,DID_NOT_VOTE,DNK,SD
192341,96709,FOR,DNK,RENEW
192341,101585,FOR,DNK,SD
192341,111412,FOR,DNK,GREEN_EFA
192341,197558,FOR,DNK,RENEW
192341,197573,FOR,DNK,GREEN_EFA
192341,199941,FOR,DNK,SD
192341,257020,FOR,DNK,RENEW
192341,257023,FOR,DNK,GUE_NGL
192341,257025,FOR,DNK,ECR
192341,257028,FOR,DNK,EPP
192341,257033,FOR,DNK,EPP
192341,257038,FOR,DNK,RENEW
192341,257044,FOR,DNK,GREEN_EFA
192341,277178,ABSTENTION,DNK,PFE
192361,37312,DID_NOT_VOTE,DNK,SD
192361,96709,FOR,DNK,RENEW
192361,101585,FOR,DNK,SD
192361,111412,FOR,DNK,GREEN_EFA
192361,197558,FOR,DNK,RENEW
192361,197573,FOR,DNK,GREEN_EFA
192361,199941,FOR,DNK,SD
192361,257020,FOR,DNK,RENEW
192361,257023,FOR,DNK,GUE_NGL
192361,257025,AGAINST,DNK,ECR
192361,257028,FOR,DNK,EPP
192361,257033,FOR,DNK,EPP
192361,257038,FOR,DNK,RENEW
192361,257044,FOR,DNK,GREEN_EFA
192361,277178,ABSTENTION,DNK,PFE
192365,37312,DID_NOT_VOTE,DNK,SD
192365,96709,FOR,DNK,RENEW
192365,101585,FOR,DNK,SD
192365,111412,FOR,DNK,GREEN_EFA
192365,197558,FOR,DNK,RENEW
192365,197573,FOR,DNK,GREEN_EFA
192365,199941,FOR,DNK,SD
192365,257020,FOR,DNK,RENEW
192365,257023,FOR,DNK,GUE_NGL
192365,257025,FOR,DNK,ECR
192365,257028,FOR,DNK,EPP
192365,257033,FOR,DNK,EPP
192365,257038,FOR,DNK,RENEW
192365,257044,FOR,DNK,GREEN_EFA
192365,277178,ABSTENTION,DNK,PFE
192373,37312,DID_NOT_VOTE,DNK,SD
192373,96709,FOR,DNK,RENEW
192373,101585,FOR,DNK,SD
192373,111412,FOR,DNK,GREEN_EFA
192373,197558,FOR,DNK,RENEW
192373,197573,FOR,DNK,GREEN_EFA
192373,199941,FOR,DNK,SD
192373,257020,FOR,DNK,RENEW
192373,257023,ABSTENTION,DNK,GUE_NGL
192373,257025,FOR,DNK,ECR
192373,257028,FOR,DNK,EPP
192373,257033,FOR,DNK,EPP
192373,257038,FOR,DNK,RENEW
192373,257044,FOR,DNK,GREEN_EFA
192373,277178,ABSTENTION,DNK,PFE
192430,37312,FOR,DNK,SD
192430,96709,FOR,DNK,RENEW
192430,101585,FOR,DNK,SD
192430,111412,FOR,DNK,GREEN_EFA
192430,197558,FOR,DNK,RENEW
192430,197573,FOR,DNK,GREEN_EFA
192430,199941,FOR,DNK,SD
192430,257020,FOR,DNK,RENEW
192430,257023,FOR,DNK,GUE_NGL
192430,257025,FOR,DNK,ECR
192430,257028,FOR,DNK,EPP
192430,257033,FOR,DNK,EPP
192430,257038,FOR,DNK,RENEW
192430,257044,FOR,DNK,GREEN_EFA
192430,277178,FOR,DNK,PFE
192434,37312,FOR,DNK,SD
192434,96709,FOR,DNK,RENEW
192434,101585,FOR,DNK,SD
192434,111412,FOR,DNK,GREEN_EFA
192434,197558,FOR,DNK,RENEW
192434,197573,FOR,DNK,GREEN_EFA
192434,199941,FOR,DNK,SD
192434,257020,FOR,DNK,RENEW
192434,257023,FOR,DNK,GUE_NGL
192434,257025,ABSTENTION,DNK,ECR
192434,257028,ABSTENTION,DNK,EPP
192434,257033,FOR,DNK,EPP
192434,257038,FOR,DNK,RENEW
192434,257044,FOR,DNK,GREEN_EFA
192434,277178,ABSTENTION,DNK,PFE
192436,37312,FOR,DNK,SD
192436,96709,FOR,DNK,RENEW
192436,101585,FOR,DNK,SD
192436,111412,FOR,DNK,GREEN_EFA
192436,197558,FOR,DNK,RENEW
192436,197573,FOR,DNK,GREEN_EFA
192436,199941,FOR,DNK,SD
192436,257020,FOR,DNK,RENEW
192436,257023,FOR,DNK,GUE_NGL
192436,257025,FOR,DNK,ECR
192436,257028,FOR,DNK,EPP
192436,257033,FOR,DNK,EPP
192436,257038,FOR,DNK,RENEW
192436,257044,FOR,DNK,GREEN_EFA
192436,277178,AGAINST,DNK,PFE
192443,37312,FOR,DNK,SD
192443,96709,FOR,DNK,RENEW
192443,101585,FOR,DNK,SD
192443,111412,AGAINST,DNK,GREEN_EFA
192443,197558,FOR,DNK,RENEW
192443,197573,AGAINST,DNK,GREEN_EFA
192443,199941,FOR,DNK,SD
192443,257020,FOR,DNK,RENEW
192443,257023,AGAINST,DNK,GUE_NGL
192443,257025,AGAINST,DNK,ECR
192443,257028,FOR,DNK,EPP
192443,257033,FOR,DNK,EPP
192443,257038,FOR,DNK,RENEW
192443,257044,AGAINST,DNK,GREEN_EFA
192443,277178,FOR,DNK,PFE
192444,37312,FOR,DNK,SD
192444,96709,FOR,DNK,RENEW
192444,101585,FOR,DNK,SD
192444,111412,FOR,DNK,GREEN_EFA
192444,197558,FOR,DNK,RENEW
192444,197573,FOR,DNK,GREEN_EFA
192444,199941,FOR,DNK,SD
192444,257020,FOR,DNK,RENEW
192444,257023,FOR,DNK,GUE_NGL
192444,257025,FOR,DNK,ECR
192444,257028,FOR,DNK,EPP
192444,257033,FOR,DNK,EPP
192444,257038,FOR,DNK,RENEW
192444,257044,FOR,DNK,GREEN_EFA
192444,277178,FOR,DNK,PFE
192445,37312,FOR,DNK,SD
192445,96709,FOR,DNK,RENEW
192445,101585,FOR,DNK,SD
192445,111412,FOR,DNK,GREEN_EFA
192445,197558,FOR,DNK,RENEW
192445,197573,FOR,DNK,GREEN_EFA
192445,199941,FOR,DNK,SD
192445,257020,FOR,DNK,RENEW
192445,257023,ABSTENTION,DNK,GUE_NGL
192445,257025,FOR,DNK,ECR
192445,257028,FOR,DNK,EPP
192445,257033,FOR,DNK,EPP
192445,257038,FOR,DNK,RENEW
192445,257044,FOR,DNK,GREEN_EFA
192445,277178,FOR,DNK,PFE
192446,37312,FOR,DNK,SD
192446,96709,FOR,DNK,RENEW
192446,101585,FOR,DNK,SD
192446,111412,AGAINST,DNK,GREEN_EFA
192446,197558,FOR,DNK,RENEW
192446,197573,AGAINST,DNK,GREEN_EFA
192446,199941,FOR,DNK,SD
192446,257020,FOR,DNK,RENEW
192446,257023,AGAINST,DNK,GUE_NGL
192446,257025,FOR,DNK,ECR
192446,257028,FOR,DNK,EPP
192446,257033,FOR,DNK,EPP
192446,257038,FOR,DNK,RENEW
192446,257044,AGAINST,DNK,GREEN_EFA
192446,277178,FOR,DNK,PFE
192447,37312,FOR,DNK,SD
192447,96709,FOR,DNK,RENEW
192447,101585,FOR,DNK,SD
192447,111412,FOR,DNK,GREEN_EFA
192447,197558,FOR,DNK,RENEW
192447,197573,FOR,DNK,GREEN_EFA
192447,199941,FOR,DNK,SD
192447,257020,FOR,DNK,RENEW
192447,257023,AGAINST,DNK,GUE_NGL
192447,257025,ABSTENTION,DNK,ECR
192447,257028,FOR,DNK,EPP
192447,257033,FOR,DNK,EPP
192447,257038,FOR,DNK,RENEW
192447,257044,FOR,DNK,GREEN_EFA
192447,277178,ABSTENTION,DNK,PFE
192448,37312,FOR,DNK,SD
192448,96709,FOR,DNK,RENEW
192448,101585,FOR,DNK,SD
192448,111412,ABSTENTION,DNK,GREEN_EFA
192448,197558,FOR,DNK,RENEW
192448,197573,ABSTENTION,DNK,GREEN_EFA
192448,199941,FOR,DNK,SD
192448,257020,FOR,DNK,RENEW
192448,257023,AGAINST,DNK,GUE_NGL
192448,257025,AGAINST,DNK,ECR
192448,257028,FOR,DNK,EPP
192448,257033,FOR,DNK,EPP
192448,257038,FOR,DNK,RENEW
192448,257044,ABSTENTION,DNK,GREEN_EFA
192448,277178,ABSTENTION,DNK,PFE
192450,37312,FOR,DNK,SD
192450,96709,FOR,DNK,RENEW
192450,101585,FOR,DNK,SD
192450,111412,FOR,DNK,GREEN_EFA
192450,197558,FOR,DNK,RENEW
192450,197573,FOR,DNK,GREEN_EFA
192450,199941,FOR,DNK,SD
192450,257020,FOR,DNK,RENEW
192450,257023,ABSTENTION,DNK,GUE_NGL
192450,257025,AGAINST,DNK,ECR
192450,257028,FOR,DNK,EPP
192450,257033,FOR,DNK,EPP
192450,257038,FOR,DNK,RENEW
192450,257044,FOR,DNK,GREEN_EFA
192450,277178,FOR,DNK,PFE
192473,37312,FOR,DNK,SD
192473,96709,FOR,DNK,RENEW
192473,101585,FOR,DNK,SD
192473,111412,DID_NOT_VOTE,DNK,GREEN_EFA
192473,197558,FOR,DNK,RENEW
192473,197573,FOR,DNK,GREEN_EFA
192473,199941,FOR,DNK,SD
192473,257020,FOR,DNK,RENEW
192473,257023,ABSTENTION,DNK,GUE_NGL
192473,257025,ABSTENTION,DNK,ECR
192473,257028,FOR,DNK,EPP
192473,257033,FOR,DNK,EPP
192473,257038,FOR,DNK,RENEW
192473,257044,FOR,DNK,GREEN_EFA
192473,277178,ABSTENTION,DNK,PFE
192483,37312,ABSTENTION,DNK,SD
192483,96709,FOR,DNK,RENEW
192483,101585,ABSTENTION,DNK,SD
192483,111412,ABSTENTION,DNK,GREEN_EFA
192483,197558,FOR,DNK,RENEW
192483,197573,ABSTENTION,DNK,GREEN_EFA
192483,199941,ABSTENTION,DNK,SD
192483,257020,ABSTENTION,DNK,RENEW
192483,257023,AGAINST,DNK,GUE_NGL
192483,257025,FOR,DNK,ECR
192483,257028,FOR,DNK,EPP
192483,257033,FOR,DNK,EPP
192483,257038,ABSTENTION,DNK,RENEW
192483,257044,ABSTENTION,DNK,GREEN_EFA
192483,277178,FOR,DNK,PFE
192484,37312,FOR,DNK,SD
192484,96709,FOR,DNK,RENEW
192484,101585,FOR,DNK,SD
192484,111412,DID_NOT_VOTE,DNK,GREEN_EFA
192484,197558,FOR,DNK,RENEW
192484,197573,FOR,DNK,GREEN_EFA
192484,199941,FOR,DNK,SD
192484,257020,DID_NOT_VOTE,DNK,RENEW
192484,257023,FOR,DNK,GUE_NGL
192484,257025,ABSTENTION,DNK,ECR
192484,257028,FOR,DNK,EPP
192484,257033,FOR,DNK,EPP
192484,257038,FOR,DNK,RENEW
192484,257044,FOR,DNK,GREEN_EFA
192484,277178,ABSTENTION,DNK,PFE
192528,37312,FOR,DNK,SD
192528,96709,FOR,DNK,RENEW
192528,101585,FOR,DNK,SD
192528,111412,FOR,DNK,GREEN_EFA
192528,197558,DID_NOT_VOTE,DNK,RENEW
192528,197573,FOR,DNK,GREEN_EFA
192528,199941,FOR,DNK,SD
192528,257020,FOR,DNK,RENEW
192528,257023,FOR,DNK,GUE_NGL
192528,257025,AGAINST,DNK,ECR
192528,257028,FOR,DNK,EPP
192528,257033,FOR,DNK,EPP
192528,257038,FOR,DNK,RENEW
192528,257044,FOR,DNK,GREEN_EFA
192528,277178,DID_NOT_VOTE,DNK,PFE
192529,37312,FOR,DNK,SD
192529,96709,FOR,DNK,RENEW
192529,101585,FOR,DNK,SD
192529,111412,FOR,DNK,GREEN_EFA
192529,197558,FOR,DNK,RENEW
192529,197573,FOR,DNK,GREEN_EFA
192529,199941,FOR,DNK,SD
192529,257020,FOR,DNK,RENEW
192529,257023,FOR,DNK,GUE_NGL
192529,257025,FOR,DNK,ECR
192529,257028,FOR,DNK,EPP
192529,257033,FOR,DNK,EPP
192529,257038,FOR,DNK,RENEW
192529,257044,FOR,DNK,GREEN_EFA
192529,277178,FOR,DNK,PFE
192536,37312,ABSTENTION,DNK,SD
192536,96709,DID_NOT_VOTE,DNK,RENEW
192536,101585,ABSTENTION,DNK,SD
192536,111412,FOR,DNK,GREEN_EFA
192536,197558,DID_NOT_VOTE,DNK,RENEW
192536,197573,FOR,DNK,GREEN_EFA
192536,199941,ABSTENTION,DNK,SD
192536,257020,ABSTENTION,DNK,RENEW
192536,257023,FOR,DNK,GUE_NGL
192536,257025,AGAINST,DNK,ECR
192536,257028,AGAINST,DNK,EPP
192536,257033,AGAINST,DNK,EPP
192536,257038,FOR,DNK,RENEW
192536,257044,FOR,DNK,GREEN_EFA
192536,277178,DID_NOT_VOTE,DNK,PFE
192602,37312,FOR,DNK,SD
192602,96709,FOR,DNK,RENEW
192602,101585,FOR,DNK,SD
192602,111412,ABSTENTION,DNK,GREEN_EFA
192602,197558,FOR,DNK,RENEW
192602,197573,ABSTENTION,DNK,GREEN_EFA
192602,199941,FOR,DNK,SD
192602,257020,FOR,DNK,RENEW
192602,257023,FOR,DNK,GUE_NGL
192602,257025,AGAINST,DNK,ECR
192602,257028,FOR,DNK,EPP
192602,257033,FOR,DNK,EPP
192602,257038,FOR,DNK,RENEW
192602,257044,ABSTENTION,DNK,GREEN_EFA
192602,277178,AGAINST,DNK,PFE
193026,37312,FOR,DNK,SD
193026,96709,FOR,DNK,RENEW
193026,101585,FOR,DNK,SD
193026,111412,FOR,DNK,GREEN_EFA
193026,197558,FOR,DNK,RENEW
193026,197573,FOR,DNK,GREEN_EFA
193026,199941,FOR,DNK,SD
193026,257020,FOR,DNK,RENEW
193026,257023,DID_NOT_VOTE,DNK,GUE_NGL
193026,257025,ABSTENTION,DNK,ECR
193026,257028,FOR,DNK,EPP
193026,257033,FOR,DNK,EPP
193026,257038,FOR,DNK,RENEW
193026,257044,DID_NOT_VOTE,DNK,GREEN_EFA
193026,277178,AGAINST,DNK,PFE
193313,37312,FOR,DNK,SD
193313,96709,FOR,DNK,RENEW
193313,101585,FOR,DNK,SD
193313,111412,AGAINST,DNK,GREEN_EFA
193313,197558,FOR,DNK,RENEW
193313,197573,AGAINST,DNK,GREEN_EFA
193313,199941,FOR,DNK,SD
193313,257020,FOR,DNK,RENEW
193313,257023,AGAINST,DNK,GUE_NGL
193313,257025,ABSTENTION,DNK,ECR
193313,257028,FOR,DNK,EPP
193313,257033,FOR,DNK,EPP
193313,257038,FOR,DNK,RENEW
193313,257044,AGAINST,DNK,GREEN_EFA
193313,277178,AGAINST,DNK,PFE
193314,37312,FOR,DNK,SD
193314,96709,FOR,DNK,RENEW
193314,101585,FOR,DNK,SD
193314,111412,AGAINST,DNK,GREEN_EFA
193314,197558,FOR,DNK,RENEW
193314,197573,AGAINST,DNK,GREEN_EFA
193314,199941,FOR,DNK,SD
193314,257020,FOR,DNK,RENEW
193314,257023,AGAINST,DNK,GUE_NGL
193314,257025,AGAINST,DNK,ECR
193314,257028,FOR,DNK,EPP
193314,257033,FOR,DNK,EPP
193314,257038,FOR,DNK,RENEW
193314,257044,AGAINST,DNK,GREEN_EFA
193314,277178,AGAINST,DNK,PFE
193315,37312,FOR,DNK,SD
193315,96709,FOR,DNK,RENEW
193315,101585,FOR,DNK,SD
193315,111412,FOR,DNK,GREEN_EFA
193315,197558,FOR,DNK,RENEW
193315,197573,FOR,DNK,GREEN_EFA
193315,199941,FOR,DNK,SD
193315,257020,FOR,DNK,RENEW
193315,257023,FOR,DNK,GUE_NGL
193315,257025,AGAINST,DNK,ECR
193315,257028,FOR,DNK,EPP
193315,257033,FOR,DNK,EPP
193315,257038,FOR,DNK,RENEW
193315,257044,FOR,DNK,GREEN_EFA
193315,277178,AGAINST,DNK,PFE
193345,37312,DID_NOT_VOTE,DNK,SD
193345,96709,DID_NOT_VOTE,DNK,RENEW
193345,101585,DID_NOT_VOTE,DNK,SD
193345,111412,DID_NOT_VOTE,DNK,GREEN_EFA
193345,197558,DID_NOT_VOTE,DNK,RENEW
193345,197573,FOR,DNK,GREEN_EFA
193345,199941,FOR,DNK,SD
193345,257020,FOR,DNK,RENEW
193345,257023,FOR,DNK,GUE_NGL
193345,257025,FOR,DNK,ECR
193345,257028,ABSTENTION,DNK,EPP
193345,257033,ABSTENTION,DNK,EPP
193345,257038,FOR,DNK,RENEW
193345,257044,FOR,DNK,GREEN_EFA
193345,277178,DID_NOT_VOTE,DNK,PFE
193395,37312,FOR,DNK,SD
193395,96709,FOR,DNK,RENEW
193395,101585,FOR,DNK,SD
193395,111412,FOR,DNK,GREEN_EFA
193395,197558,FOR,DNK,RENEW
193395,197573,FOR,DNK,GREEN_EFA
193395,199941,FOR,DNK,SD
193395,257020,FOR,DNK,RENEW
193395,257023,FOR,DNK,GUE_NGL
193395,257025,AGAINST,DNK,ECR
193395,257028,FOR,DNK,EPP
193395,257033,FOR,DNK,EPP
193395,257038,FOR,DNK,RENEW
193395,257044,FOR,DNK,GREEN_EFA
193395,277178,ABSTENTION,DNK,PFE
193412,37312,FOR,DNK,SD
193412,96709,FOR,DNK,RENEW
193412,101585,FOR,DNK,SD
193412,111412,FOR,DNK,GREEN_EFA
193412,197558,FOR,DNK,RENEW
193412,197573,FOR,DNK,GREEN_EFA
193412,199941,FOR,DNK,SD
193412,257020,FOR,DNK,RENEW
193412,257023,FOR,DNK,GUE_NGL
193412,257025,FOR,DNK,ECR
193412,257028,FOR,DNK,EPP
193412,257033,FOR,DNK,EPP
193412,257038,FOR,DNK,RENEW
193412,257044,FOR,DNK,GREEN_EFA
193412,277178,FOR,DNK,PFE
193420,37312,FOR,DNK,SD
193420,96709,FOR,DNK,RENEW
193420,101585,FOR,DNK,SD
193420,111412,FOR,DNK,GREEN_EFA
193420,197558,FOR,DNK,RENEW
193420,197573,FOR,DNK,GREEN_EFA
193420,199941,FOR,DNK,SD
193420,257020,FOR,DNK,RENEW
193420,257023,DID_NOT_VOTE,DNK,GUE_NGL
193420,257025,ABSTENTION,DNK,ECR
193420,257028,FOR,DNK,EPP
193420,257033,FOR,DNK,EPP
193420,257038,FOR,DNK,RENEW
193420,257044,FOR,DNK,GREEN_EFA
193420,277178,ABSTENTION,DNK,PFE
193474,37312,FOR,DNK,SD
193474,96709,FOR,DNK,RENEW
193474,101585,FOR,DNK,SD
193474,111412,FOR,DNK,GREEN_EFA
193474,197558,FOR,DNK,RENEW
193474,197573,FOR,DNK,GREEN_EFA
193474,199941,DID_NOT_VOTE,DNK,SD
193474,257020,FOR,DNK,RENEW
193474,257023,AGAINST,DNK,GUE_NGL
193474,257025,DID_NOT_VOTE,DNK,ECR
193474,257028,FOR,DNK,EPP
193474,257033,FOR,DNK,EPP
193474,257038,FOR,DNK,RENEW
193474,257044,FOR,DNK,GREEN_EFA
193474,277178,ABSTENTION,DNK,PFE
193492,37312,AGAINST,DNK,SD
193492,96709,FOR,DNK,RENEW
193492,101585,FOR,DNK,SD
193492,111412,AGAINST,DNK,GREEN_EFA
193492,197558,FOR,DNK,RENEW
193492,197573,AGAINST,DNK,GREEN_EFA
193492,199941,AGAINST,DNK,SD
193492,257020,AGAINST,DNK,RENEW
193492,257023,AGAINST,DNK,GUE_NGL
193492,257025,FOR,DNK,ECR
193492,257028,AGAINST,DNK,EPP
193492,257033,AGAINST,DNK,EPP
193492,257038,AGAINST,DNK,RENEW
193492,257044,AGAINST,DNK,GREEN_EFA
193492,277178,FOR,DNK,PFE
193493,37312,FOR,DNK,SD
193493,96709,FOR,DNK,RENEW
193493,101585,FOR,DNK,SD
193493,111412,FOR,DNK,GREEN_EFA
193493,197558,FOR,DNK,RENEW
193493,197573,FOR,DNK,GREEN_EFA
193493,199941,FOR,DNK,SD
193493,257020,FOR,DNK,RENEW
193493,257023,FOR,DNK,GUE_NGL
193493,257025,AGAINST,DNK,ECR
193493,257028,FOR,DNK,EPP
193493,257033,FOR,DNK,EPP
193493,257038,FOR,DNK,RENEW
193493,257044,FOR,DNK,GREEN_EFA
193493,277178,FOR,DNK,PFE
193511,37312,FOR,DNK,SD
193511,96709,FOR,DNK,RENEW
193511,101585,FOR,DNK,SD
193511,111412,FOR,DNK,GREEN_EFA
193511,197558,FOR,DNK,RENEW
193511,197573,FOR,DNK,GREEN_EFA
193511,199941,FOR,DNK,SD
193511,257020,FOR,DNK,RENEW
193511,257023,ABSTENTION,DNK,GUE_NGL
193511,257025,AGAINST,DNK,ECR
193511,257028,FOR,DNK,EPP
193511,257033,FOR,DNK,EPP
193511,257038,FOR,DNK,RENEW
193511,257044,FOR,DNK,GREEN_EFA
193511,277178,FOR,DNK,PFE
193515,37312,FOR,DNK,SD
193515,96709,FOR,DNK,RENEW
193515,101585,FOR,DNK,SD
193515,111412,FOR,DNK,GREEN_EFA
193515,197558,FOR,DNK,RENEW
193515,197573,FOR,DNK,GREEN_EFA
193515,199941,FOR,DNK,SD
193515,257020,FOR,DNK,RENEW
193515,257023,AGAINST,DNK,GUE_NGL
193515,257025,FOR,DNK,ECR
193515,257028,FOR,DNK,EPP
193515,257033,FOR,DNK,EPP
193515,257038,FOR,DNK,RENEW
193515,257044,FOR,DNK,GREEN_EFA
193515,277178,ABSTENTION,DNK,PFE
193516,37312,FOR,DNK,SD
193516,96709,FOR,DNK,RENEW
193516,101585,FOR,DNK,SD
193516,111412,FOR,DNK,GREEN_EFA
193516,197558,FOR,DNK,RENEW
193516,197573,FOR,DNK,GREEN_EFA
193516,199941,FOR,DNK,SD
193516,257020,FOR,DNK,RENEW
193516,257023,ABSTENTION,DNK,GUE_NGL
193516,257025,ABSTENTION,DNK,ECR
193516,257028,FOR,DNK,EPP
193516,257033,FOR,DNK,EPP
193516,257038,FOR,DNK,RENEW
193516,257044,FOR,DNK,GREEN_EFA
193516,277178,FOR,DNK,PFE
193517,37312,FOR,DNK,SD
193517,96709,FOR,DNK,RENEW
193517,101585,FOR,DNK,SD
193517,111412,FOR,DNK,GREEN_EFA
193517,197558,FOR,DNK,RENEW
193517,197573,FOR,DNK,GREEN_EFA
193517,199941,FOR,DNK,SD
193517,257020,FOR,DNK,RENEW
193517,257023,FOR,DNK,GUE_NGL
193517,257025,FOR,DNK,ECR
193517,257028,FOR,DNK,EPP
193517,257033,FOR,DNK,EPP
193517,257038,FOR,DNK,RENEW
193517,257044,FOR,DNK,GREEN_EFA
193517,277178,FOR,DNK,PFE
193518,37312,FOR,DNK,SD
193518,96709,FOR,DNK,RENEW
193518,101585,FOR,DNK,SD
193518,111412,FOR,DNK,GREEN_EFA
193518,197558,FOR,DNK,RENEW
193518,197573,FOR,DNK,GREEN_EFA
193518,199941,FOR,DNK,SD
193518,257020,FOR,DNK,RENEW
193518,257023,AGAINST,DNK,GUE_NGL
193518,257025,FOR,DNK,ECR
193518,257028,FOR,DNK,EPP
193518,257033,FOR,DNK,EPP
193518,257038,FOR,DNK,RENEW
193518,257044,FOR,DNK,GREEN_EFA
193518,277178,FOR,DNK,PFE
193527,37312,FOR,DNK,SD
193527,96709,FOR,DNK,RENEW
193527,101585,FOR,DNK,SD
193527,111412,FOR,DNK,GREEN_EFA
193527,197558,FOR,DNK,RENEW
193527,197573,FOR,DNK,GREEN_EFA
193527,199941,FOR,DNK,SD
193527,257020,FOR,DNK,RENEW
193527,257023,FOR,DNK,GUE_NGL
193527,257025,AGAINST,DNK,ECR
193527,257028,FOR,DNK,EPP
193527,257033,FOR,DNK,EPP
193527,257038,FOR,DNK,RENEW
193527,257044,FOR,DNK,GREEN_EFA
193527,277178,ABSTENTION,DNK,PFE
193542,37312,FOR,DNK,SD
193542,96709,FOR,DNK,RENEW
193542,101585,FOR,DNK,SD
193542,111412,FOR,DNK,GREEN_EFA
193542,197558,FOR,DNK,RENEW
193542,197573,FOR,DNK,GREEN_EFA
193542,199941,FOR,DNK,SD
193542,257020,FOR,DNK,RENEW
193542,257023,ABSTENTION,DNK,GUE_NGL
193542,257025,AGAINST,DNK,ECR
193542,257028,ABSTENTION,DNK,EPP
193542,257033,FOR,DNK,EPP
193542,257038,FOR,DNK,RENEW
193542,257044,FOR,DNK,GREEN_EFA
193542,277178,AGAINST,DNK,PFE
193551,37312,FOR,DNK,SD
193551,96709,FOR,DNK,RENEW
193551,101585,FOR,DNK,SD
193551,111412,FOR,DNK,GREEN_EFA
193551,197558,FOR,DNK,RENEW
193551,197573,FOR,DNK,GREEN_EFA
193551,199941,FOR,DNK,SD
193551,257020,FOR,DNK,RENEW
193551,257023,FOR,DNK,GUE_NGL
193551,257025,AGAINST,DNK,ECR
193551,257028,FOR,DNK,EPP
193551,257033,FOR,DNK,EPP
193551,257038,FOR,DNK,RENEW
193551,257044,FOR,DNK,GREEN_EFA
193551,277178,AGAINST,DNK,PFE
193553,37312,FOR,DNK,SD
193553,96709,FOR,DNK,RENEW
193553,101585,FOR,DNK,SD
193553,111412,FOR,DNK,GREEN_EFA
193553,197558,FOR,DNK,RENEW
193553,197573,FOR,DNK,GREEN_EFA
193553,199941,FOR,DNK,SD
193553,257020,FOR,DNK,RENEW
193553,257023,FOR,DNK,GUE_NGL
193553,257025,AGAINST,DNK,ECR
193553,257028,FOR,DNK,EPP
193553,257033,FOR,DNK,EPP
193553,257038,FOR,DNK,RENEW
193553,257044,FOR,DNK,GREEN_EFA
193553,277178,FOR,DNK,PFE
193557,37312,AGAINST,DNK,SD
193557,96709,FOR,DNK,RENEW
193557,101585,AGAINST,DNK,SD
193557,111412,AGAINST,DNK,GREEN_EFA
193557,197558,FOR,DNK,RENEW
193557,197573,AGAINST,DNK,GREEN_EFA
193557,199941,AGAINST,DNK,SD
193557,257020,AGAINST,DNK,RENEW
193557,257023,AGAINST,DNK,GUE_NGL
193557,257025,FOR,DNK,ECR
193557,257028,FOR,DNK,EPP
193557,257033,FOR,DNK,EPP
193557,257038,AGAINST,DNK,RENEW
193557,257044,AGAINST,DNK,GREEN_EFA
193557,277178,FOR,DNK,PFE
193572,37312,FOR,DNK,SD
193572,96709,FOR,DNK,RENEW
193572,101585,DID_NOT_VOTE,DNK,SD
193572,111412,FOR,DNK,GREEN_EFA
193572,197558,FOR,DNK,RENEW
193572,197573,FOR,DNK,GREEN_EFA
193572,199941,FOR,DNK,SD
193572,257020,DID_NOT_VOTE,DNK,RENEW
193572,257023,FOR,DNK,GUE_NGL
193572,257025,AGAINST,DNK,ECR
193572,257028,FOR,DNK,EPP
193572,257033,FOR,DNK,EPP
193572,257038,FOR,DNK,RENEW
193572,257044,FOR,DNK,GREEN_EFA
193572,277178,AGAINST,DNK,PFE
193573,37312,FOR,DNK,SD
193573,96709,FOR,DNK,RENEW
193573,101585,DID_NOT_VOTE,DNK,SD
193573,111412,DID_NOT_VOTE,DNK,GREEN_EFA
193573,197558,DID_NOT_VOTE,DNK,RENEW
193573,197573,FOR,DNK,GREEN_EFA
193573,199941,DID_NOT_VOTE,DNK,SD
193573,257020,DID_NOT_VOTE,DNK,RENEW
193573,257023,DID_NOT_VOTE,DNK,GUE_NGL
193573,257025,DID_NOT_VOTE,DNK,ECR
193573,257028,DID_NOT_VOTE,DNK,EPP
193573,257033,DID_NOT_VOTE,DNK,EPP
193573,257038,DID_NOT_VOTE,DNK,RENEW
193573,257044,FOR,DNK,GREEN_EFA
193573,277178,FOR,DNK,PFE
193587,37312,FOR,DNK,SD
193587,96709,FOR,DNK,RENEW
193587,101585,FOR,DNK,SD
193587,111412,FOR,DNK,GREEN_EFA
193587,197558,FOR,DNK,RENEW
193587,197573,FOR,DNK,GREEN_EFA
193587,199941,FOR,DNK,SD
193587,257020,FOR,DNK,RENEW
193587,257023,FOR,DNK,GUE_NGL
193587,257025,FOR,DNK,ECR
193587,257028,FOR,DNK,EPP
193587,257033,FOR,DNK,EPP
193587,257038,FOR,DNK,RENEW
193587,257044,FOR,DNK,GREEN_EFA
193587,277178,FOR,DNK,PFE
193644,37312,FOR,DNK,SD
193644,96709,FOR,DNK,RENEW
193644,101585,FOR,DNK,SD
193644,111412,FOR,DNK,GREEN_EFA
193644,197558,FOR,DNK,RENEW
193644,197573,FOR,DNK,GREEN_EFA
193644,199941,FOR,DNK,SD
193644,257020,FOR,DNK,RENEW
193644,257023,ABSTENTION,DNK,GUE_NGL
193644,257025,AGAINST,DNK,ECR
193644,257028,FOR,DNK,EPP
193644,257033,FOR,DNK,EPP
193644,257038,FOR,DNK,RENEW
193644,257044,FOR,DNK,GREEN_EFA
193644,277178,AGAINST,DNK,PFE
193648,37312,FOR,DNK,SD
193648,96709,DID_NOT_VOTE,DNK,RENEW
193648,101585,FOR,DNK,SD
193648,111412,FOR,DNK,GREEN_EFA
193648,197558,FOR,DNK,RENEW
193648,197573,DID_NOT_VOTE,DNK,GREEN_EFA
193648,199941,FOR,DNK,SD
193648,257020,FOR,DNK,RENEW
193648,257023,FOR,DNK,GUE_NGL
193648,257025,AGAINST,DNK,ECR
193648,257028,FOR,DNK,EPP
193648,257033,FOR,DNK,EPP
193648,257038,FOR,DNK,RENEW
193648,257044,FOR,DNK,GREEN_EFA
193648,277178,AGAINST,DNK,PFE
193665,37312,FOR,DNK,SD
193665,96709,FOR,DNK,RENEW
193665,101585,FOR,DNK,SD
193665,111412,FOR,DNK,GREEN_EFA
193665,197558,FOR,DNK,RENEW
193665,197573,FOR,DNK,GREEN_EFA
193665,199941,FOR,DNK,SD
193665,257020,FOR,DNK,RENEW
193665,257023,AGAINST,DNK,GUE_NGL
193665,257025,FOR,DNK,ECR
193665,257028,FOR,DNK,EPP
193665,257033,FOR,DNK,EPP
193665,257038,FOR,DNK,RENEW
193665,257044,FOR,DNK,GREEN_EFA
193665,277178,ABSTENTION,DNK,PFE
193822,37312,AGAINST,DNK,SD
193822,96709,FOR,DNK,RENEW
193822,101585,AGAINST,DNK,SD
193822,111412,AGAINST,DNK,GREEN_EFA
193822,197558,FOR,DNK,RENEW
193822,197573,AGAINST,DNK,GREEN_EFA
193822,199941,AGAINST,DNK,SD
193822,257020,AGAINST,DNK,RENEW
193822,257023,AGAINST,DNK,GUE_NGL
193822,257025,FOR,DNK,ECR
193822,257028,FOR,DNK,EPP
193822,257033,FOR,DNK,EPP
193822,257038,AGAINST,DNK,RENEW
193822,257044,AGAINST,DNK,GREEN_EFA
193822,277178,FOR,DNK,PFE
193857,37312,FOR,DNK,SD
193857,96709,FOR,DNK,RENEW
193857,101585,FOR,DNK,SD
193857,111412,FOR,DNK,GREEN_EFA
193857,197558,FOR,DNK,RENEW
193857,197573,FOR,DNK,GREEN_EFA
193857,199941,FOR,DNK,SD
193857,257020,FOR,DNK,RENEW
193857,257023,FOR,DNK,GUE_NGL
193857,257025,AGAINST,DNK,ECR
193857,257028,FOR,DNK,EPP
193857,257033,FOR,DNK,EPP
193857,257038,FOR,DNK,RENEW
193857,257044,FOR,DNK,GREEN_EFA
193857,277178,AGAINST,DNK,PFE
193892,37312,FOR,DNK,SD
193892,96709,FOR,DNK,RENEW
193892,101585,FOR,DNK,SD
193892,111412,FOR,DNK,GREEN_EFA
193892,197558,FOR,DNK,RENEW
193892,197573,FOR,DNK,GREEN_EFA
193892,199941,FOR,DNK,SD
193892,257020,FOR,DNK,RENEW
193892,257023,FOR,DNK,GUE_NGL
193892,257025,AGAINST,DNK,ECR
193892,257028,FOR,DNK,EPP
193892,257033,FOR,DNK,EPP
193892,257038,FOR,DNK,RENEW
193892,257044,FOR,DNK,GREEN_EFA
193892,277178,AGAINST,DNK,PFE
193913,37312,FOR,DNK,SD
193913,96709,FOR,DNK,RENEW
193913,101585,FOR,DNK,SD
193913,111412,FOR,DNK,GREEN_EFA
193913,197558,FOR,DNK,RENEW
193913,197573,FOR,DNK,GREEN_EFA
193913,199941,FOR,DNK,SD
193913,257020,FOR,DNK,RENEW
193913,257023,FOR,DNK,GUE_NGL
193913,257025,AGAINST,DNK,ECR
193913,257028,FOR,DNK,EPP
193913,257033,FOR,DNK,EPP
193913,257038,FOR,DNK,RENEW
193913,257044,FOR,DNK,GREEN_EFA
193913,277178,AGAINST,DNK,PFE
193952,37312,FOR,DNK,SD
193952,96709,FOR,DNK,RENEW
193952,101585,FOR,DNK,SD
193952,111412,FOR,DNK,GREEN_EFA
193952,197558,FOR,DNK,RENEW
193952,197573,FOR,DNK,GREEN_EFA
193952,199941,FOR,DNK,SD
193952,257020,FOR,DNK,RENEW
193952,257023,FOR,DNK,GUE_NGL
193952,257025,AGAINST,DNK,ECR
193952,257028,FOR,DNK,EPP
193952,257033,FOR,DNK,EPP
193952,257038,FOR,DNK,RENEW
193952,257044,FOR,DNK,GREEN_EFA
193952,277178,AGAINST,DNK,PFE
194134,37312,FOR,DNK,SD
194134,96709,FOR,DNK,RENEW
194134,101585,FOR,DNK,SD
194134,111412,AGAINST,DNK,GREEN_EFA
194134,197558,FOR,DNK,RENEW
194134,197573,AGAINST,DNK,GREEN_EFA
194134,199941,FOR,DNK,SD
194134,257020,FOR,DNK,RENEW
194134,257023,AGAINST,DNK,GUE_NGL
194134,257025,FOR,DNK,ECR
194134,257028,FOR,DNK,EPP
194134,257033,FOR,DNK,EPP
194134,257038,AGAINST,DNK,RENEW
194134,257044,AGAINST,DNK,GREEN_EFA
194134,277178,FOR,DNK,PFE
194357,37312,FOR,DNK,SD
194357,96709,ABSTENTION,DNK,RENEW
194357,101585,FOR,DNK,SD
194357,111412,FOR,DNK,GREEN_EFA
194357,197558,ABSTENTION,DNK,RENEW
194357,197573,FOR,DNK,GREEN_EFA
194357,199941,FOR,DNK,SD
194357,257020,FOR,DNK,RENEW
194357,257023,AGAINST,DNK,GUE_NGL
194357,257025,AGAINST,DNK,ECR
194357,257028,AGAINST,DNK,EPP
194357,257033,FOR,DNK,EPP
194357,257038,FOR,DNK,RENEW
194357,257044,FOR,DNK,GREEN_EFA
194357,277178,AGAINST,DNK,PFE
194417,37312,AGAINST,DNK,SD
194417,96709,DID_NOT_VOTE,DNK,RENEW
194417,101585,AGAINST,DNK,SD
194417,111412,AGAINST,DNK,GREEN_EFA
194417,197558,AGAINST,DNK,RENEW
194417,197573,AGAINST,DNK,GREEN_EFA
194417,199941,AGAINST,DNK,SD
194417,257020,AGAINST,DNK,RENEW
194417,257023,AGAINST,DNK,GUE_NGL
194417,257025,FOR,DNK,ECR
194417,257028,AGAINST,DNK,EPP
194417,257033,AGAINST,DNK,EPP
194417,257038,AGAINST,DNK,RENEW
194417,257044,AGAINST,DNK,GREEN_EFA
194417,277178,FOR,DNK,PFE
194424,37312,AGAINST,DNK,SD
194424,96709,AGAINST,DNK,RENEW
194424,101585,AGAINST,DNK,SD
194424,111412,ABSTENTION,DNK,GREEN_EFA
194424,197558,AGAINST,DNK,RENEW
194424,197573,ABSTENTION,DNK,GREEN_EFA
194424,199941,AGAINST,DNK,SD
194424,257020,AGAINST,DNK,RENEW
194424,257023,FOR,DNK,GUE_NGL
194424,257025,AGAINST,DNK,ECR
194424,257028,AGAINST,DNK,EPP
194424,257033,AGAINST,DNK,EPP
194424,257038,AGAINST,DNK,RENEW
194424,257044,ABSTENTION,DNK,GREEN_EFA
194424,277178,AGAINST,DNK,PFE
194442,37312,AGAINST,DNK,SD
194442,96709,AGAINST,DNK,RENEW
194442,101585,AGAINST,DNK,SD
194442,111412,DID_NOT_VOTE,DNK,GREEN_EFA
194442,197558,AGAINST,DNK,RENEW
194442,197573,DID_NOT_VOTE,DNK,GREEN_EFA
194442,199941,AGAINST,DNK,SD
194442,257020,AGAINST,DNK,RENEW
194442,257023,FOR,DNK,GUE_NGL
194442,257025,AGAINST,DNK,ECR
194442,257028,AGAINST,DNK,EPP
194442,257033,AGAINST,DNK,EPP
194442,257038,AGAINST,DNK,RENEW
194442,257044,DID_NOT_VOTE,DNK,GREEN_EFA
194442,277178,AGAINST,DNK,PFE
194461,37312,AGAINST,DNK,SD
194461,96709,DID_NOT_VOTE,DNK,RENEW
194461,101585,AGAINST,DNK,SD
194461,111412,AGAINST,DNK,GREEN_EFA
194461,197558,FOR,DNK,RENEW
194461,197573,AGAINST,DNK,GREEN_EFA
194461,199941,AGAINST,DNK,SD
194461,257020,AGAINST,DNK,RENEW
194461,257023,AGAINST,DNK,GUE_NGL
194461,257025,FOR,DNK,ECR
194461,257028,FOR,DNK,EPP
194461,257033,FOR,DNK,EPP
194461,257038,AGAINST,DNK,RENEW
194461,257044,AGAINST,DNK,GREEN_EFA
194461,277178,FOR,DNK,PFE
194546,37312,FOR,DNK,SD
194546,96709,DID_NOT_VOTE,DNK,RENEW
194546,101585,FOR,DNK,SD
194546,111412,FOR,DNK,GREEN_EFA
194546,197558,FOR,DNK,RENEW
194546,197573,FOR,DNK,GREEN_EFA
194546,199941,FOR,DNK,SD
194546,257020,FOR,DNK,RENEW
194546,257023,FOR,DNK,GUE_NGL
194546,257025,FOR,DNK,ECR
194546,257028,FOR,DNK,EPP
194546,257033,FOR,DNK,EPP
194546,257038,FOR,DNK,RENEW
194546,257044,FOR,DNK,GREEN_EFA
194546,277178,FOR,DNK,PFE
194562,37312,FOR,DNK,SD
194562,96709,DID_NOT_VOTE,DNK,RENEW
194562,101585,FOR,DNK,SD
194562,111412,AGAINST,DNK,GREEN_EFA
194562,197558,FOR,DNK,RENEW
194562,197573,AGAINST,DNK,GREEN_EFA
194562,199941,FOR,DNK,SD
194562,257020,FOR,DNK,RENEW
194562,257023,AGAINST,DNK,GUE_NGL
194562,257025,FOR,DNK,ECR
194562,257028,FOR,DNK,EPP
194562,257033,FOR,DNK,EPP
194562,257038,FOR,DNK,RENEW
194562,257044,AGAINST,DNK,GREEN_EFA
194562,277178,ABSTENTION,DNK,PFE
194611,37312,FOR,DNK,SD
194611,96709,DID_NOT_VOTE,DNK,RENEW
194611,101585,FOR,DNK,SD
194611,111412,FOR,DNK,GREEN_EFA
194611,197558,FOR,DNK,RENEW
194611,197573,FOR,DNK,GREEN_EFA
194611,199941,FOR,DNK,SD
194611,257020,FOR,DNK,RENEW
194611,257023,FOR,DNK,GUE_NGL
194611,257025,FOR,DNK,ECR
194611,257028,FOR,DNK,EPP
194611,257033,FOR,DNK,EPP
194611,257038,FOR,DNK,RENEW
194611,257044,FOR,DNK,GREEN_EFA
194611,277178,FOR,DNK,PFE
194636,37312,FOR,DNK,SD
194636,96709,DID_NOT_VOTE,DNK,RENEW
194636,101585,FOR,DNK,SD
194636,111412,FOR,DNK,GREEN_EFA
194636,197558,FOR,DNK,RENEW
194636,197573,FOR,DNK,GREEN_EFA
194636,199941,FOR,DNK,SD
194636,257020,FOR,DNK,RENEW
194636,257023,FOR,DNK,GUE_NGL
194636,257025,FOR,DNK,ECR
194636,257028,FOR,DNK,EPP
194636,257033,FOR,DNK,EPP
194636,257038,FOR,DNK,RENEW
194636,257044,FOR,DNK,GREEN_EFA
194636,277178,ABSTENTION,DNK,PFE
194644,37312,FOR,DNK,SD
194644,96709,DID_NOT_VOTE,DNK,RENEW
194644,101585,FOR,DNK,SD
194644,111412,FOR,DNK,GREEN_EFA
194644,197558,FOR,DNK,RENEW
194644,197573,FOR,DNK,GREEN_EFA
194644,199941,FOR,DNK,SD
194644,257020,FOR,DNK,RENEW
194644,257023,FOR,DNK,GUE_NGL
194644,257025,FOR,DNK,ECR
194644,257028,FOR,DNK,EPP
194644,257033,FOR,DNK,EPP
194644,257038,FOR,DNK,RENEW
194644,257044,FOR,DNK,GREEN_EFA
194644,277178,FOR,DNK,PFE
194869,37312,FOR,DNK,SD
194869,96709,FOR,DNK,RENEW
194869,101585,FOR,DNK,SD
194869,111412,FOR,DNK,GREEN_EFA
194869,197558,FOR,DNK,RENEW
194869,197573,FOR,DNK,GREEN_EFA
194869,199941,FOR,DNK,SD
194869,257020,FOR,DNK,RENEW
194869,257023,ABSTENTION,DNK,GUE_NGL
194869,257025,AGAINST,DNK,ECR
194869,257028,AGAINST,DNK,EPP
194869,257033,AGAINST,DNK,EPP
194869,257038,FOR,DNK,RENEW
194869,257044,FOR,DNK,GREEN_EFA
194869,277178,DID_NOT_VOTE,DNK,PFE
194870,37312,FOR,DNK,SD
194870,96709,FOR,DNK,RENEW
194870,101585,FOR,DNK,SD
194870,111412,FOR,DNK,GREEN_EFA
194870,197558,FOR,DNK,RENEW
194870,197573,FOR,DNK,GREEN_EFA
194870,199941,FOR,DNK,SD
194870,257020,DID_NOT_VOTE,DNK,RENEW
194870,257023,ABSTENTION,DNK,GUE_NGL
194870,257025,AGAINST,DNK,ECR
194870,257028,ABSTENTION,DNK,EPP
194870,257033,FOR,DNK,EPP
194870,257038,DID_NOT_VOTE,DNK,RENEW
194870,257044,FOR,DNK,GREEN_EFA
194870,277178,AGAINST,DNK,PFE
194877,37312,FOR,DNK,SD
194877,96709,FOR,DNK,RENEW
194877,101585,FOR,DNK,SD
194877,111412,FOR,DNK,GREEN_EFA
194877,197558,FOR,DNK,RENEW
194877,197573,FOR,DNK,GREEN_EFA
194877,199941,FOR,DNK,SD
194877,257020,FOR,DNK,RENEW
194877,257023,FOR,DNK,GUE_NGL
194877,257025,AGAINST,DNK,ECR
194877,257028,FOR,DNK,EPP
194877,257033,FOR,DNK,EPP
194877,257038,FOR,DNK,RENEW
194877,257044,FOR,DNK,GREEN_EFA
194877,277178,AGAINST,DNK,PFE
194879,37312,FOR,DNK,SD
194879,96709,FOR,DNK,RENEW
194879,101585,FOR,DNK,SD
194879,111412,FOR,DNK,GREEN_EFA
194879,197558,FOR,DNK,RENEW
194879,197573,FOR,DNK,GREEN_EFA
194879,199941,FOR,DNK,SD
194879,257020,FOR,DNK,RENEW
194879,257023,FOR,DNK,GUE_NGL
194879,257025,AGAINST,DNK,ECR
194879,257028,FOR,DNK,EPP
194879,257033,FOR,DNK,EPP
194879,257038,FOR,DNK,RENEW
194879,257044,FOR,DNK,GREEN_EFA
194879,277178,FOR,DNK,PFE
194881,37312,AGAINST,DNK,SD
194881,96709,AGAINST,DNK,RENEW
194881,101585,FOR,DNK,SD
194881,111412,ABSTENTION,DNK,GREEN_EFA
194881,197558,AGAINST,DNK,RENEW
194881,197573,ABSTENTION,DNK,GREEN_EFA
194881,199941,AGAINST,DNK,SD
194881,257020,FOR,DNK,RENEW
194881,257023,FOR,DNK,GUE_NGL
194881,257025,AGAINST,DNK,ECR
194881,257028,AGAINST,DNK,EPP
194881,257033,AGAINST,DNK,EPP
194881,257038,FOR,DNK,RENEW
194881,257044,ABSTENTION,DNK,GREEN_EFA
194881,277178,FOR,DNK,PFE
194890,37312,AGAINST,DNK,SD
194890,96709,FOR,DNK,RENEW
194890,101585,AGAINST,DNK,SD
194890,111412,FOR,DNK,GREEN_EFA
194890,197558,FOR,DNK,RENEW
194890,197573,FOR,DNK,GREEN_EFA
194890,199941,AGAINST,DNK,SD
194890,257020,FOR,DNK,RENEW
194890,257023,ABSTENTION,DNK,GUE_NGL
194890,257025,AGAINST,DNK,ECR
194890,257028,FOR,DNK,EPP
194890,257033,ABSTENTION,DNK,EPP
194890,257038,FOR,DNK,RENEW
194890,257044,FOR,DNK,GREEN_EFA
194890,277178,ABSTENTION,DNK,PFE
194903,37312,FOR,DNK,SD
194903,96709,FOR,DNK,RENEW
194903,101585,FOR,DNK,SD
194903,111412,FOR,DNK,GREEN_EFA
194903,197558,FOR,DNK,RENEW
194903,197573,FOR,DNK,GREEN_EFA
194903,199941,FOR,DNK,SD
194903,257020,FOR,DNK,RENEW
194903,257023,FOR,DNK,GUE_NGL
194903,257025,AGAINST,DNK,ECR
194903,257028,FOR,DNK,EPP
194903,257033,FOR,DNK,EPP
194903,257038,FOR,DNK,RENEW
194903,257044,FOR,DNK,GREEN_EFA
194903,277178,ABSTENTION,DNK,PFE
194904,37312,FOR,DNK,SD
194904,96709,FOR,DNK,RENEW
194904,101585,FOR,DNK,SD
194904,111412,FOR,DNK,GREEN_EFA
194904,197558,FOR,DNK,RENEW
194904,197573,FOR,DNK,GREEN_EFA
194904,199941,FOR,DNK,SD
194904,257020,FOR,DNK,RENEW
194904,257023,FOR,DNK,GUE_NGL
194904,257025,AGAINST,DNK,ECR
194904,257028,FOR,DNK,EPP
194904,257033,FOR,DNK,EPP
194904,257038,FOR,DNK,RENEW
194904,257044,FOR,DNK,GREEN_EFA
194904,277178,AGAINST,DNK,PFE
194917,37312,FOR,DNK,SD
194917,96709,FOR,DNK,RENEW
194917,101585,FOR,DNK,SD
194917,111412,FOR,DNK,GREEN_EFA
194917,197558,FOR,DNK,RENEW
194917,197573,FOR,DNK,GREEN_EFA
194917,199941,FOR,DNK,SD
194917,257020,FOR,DNK,RENEW
194917,257023,FOR,DNK,GUE_NGL
194917,257025,AGAINST,DNK,ECR
194917,257028,FOR,DNK,EPP
194917,257033,FOR,DNK,EPP
194917,257038,FOR,DNK,RENEW
194917,257044,FOR,DNK,GREEN_EFA
194917,277178,AGAINST,DNK,PFE
194918,37312,FOR,DNK,SD
194918,96709,FOR,DNK,RENEW
194918,101585,FOR,DNK,SD
194918,111412,FOR,DNK,GREEN_EFA
194918,197558,FOR,DNK,RENEW
194918,197573,FOR,DNK,GREEN_EFA
194918,199941,FOR,DNK,SD
194918,257020,FOR,DNK,RENEW
194918,257023,AGAINST,DNK,GUE_NGL
194918,257025,ABSTENTION,DNK,ECR
194918,257028,FOR,DNK,EPP
194918,257033,FOR,DNK,EPP
194918,257038,FOR,DNK,RENEW
194918,257044,FOR,DNK,GREEN_EFA
194918,277178,FOR,DNK,PFE
194919,37312,FOR,DNK,SD
194919,96709,FOR,DNK,RENEW
194919,101585,FOR,DNK,SD
194919,111412,FOR,DNK,GREEN_EFA
194919,197558,FOR,DNK,RENEW
194919,197573,FOR,DNK,GREEN_EFA
194919,199941,FOR,DNK,SD
194919,257020,FOR,DNK,RENEW
194919,257023,AGAINST,DNK,GUE_NGL
194919,257025,FOR,DNK,ECR
194919,257028,FOR,DNK,EPP
194919,257033,FOR,DNK,EPP
194919,257038,FOR,DNK,RENEW
194919,257044,FOR,DNK,GREEN_EFA
194919,277178,FOR,DNK,PFE
194920,37312,FOR,DNK,SD
194920,96709,FOR,DNK,RENEW
194920,101585,FOR,DNK,SD
194920,111412,FOR,DNK,GREEN_EFA
194920,197558,FOR,DNK,RENEW
194920,197573,FOR,DNK,GREEN_EFA
194920,199941,FOR,DNK,SD
194920,257020,FOR,DNK,RENEW
194920,257023,FOR,DNK,GUE_NGL
194920,257025,AGAINST,DNK,ECR
194920,257028,FOR,DNK,EPP
194920,257033,FOR,DNK,EPP
194920,257038,FOR,DNK,RENEW
194920,257044,FOR,DNK,GREEN_EFA
194920,277178,AGAINST,DNK,PFE
194927,37312,FOR,DNK,SD
194927,96709,FOR,DNK,RENEW
194927,101585,FOR,DNK,SD
194927,111412,FOR,DNK,GREEN_EFA
194927,197558,FOR,DNK,RENEW
194927,197573,FOR,DNK,GREEN_EFA
194927,199941,FOR,DNK,SD
194927,257020,FOR,DNK,RENEW
194927,257023,ABSTENTION,DNK,GUE_NGL
194927,257025,AGAINST,DNK,ECR
194927,257028,ABSTENTION,DNK,EPP
194927,257033,FOR,DNK,EPP
194927,257038,FOR,DNK,RENEW
194927,257044,FOR,DNK,GREEN_EFA
194927,277178,FOR,DNK,PFE
194935,37312,FOR,DNK,SD
194935,96709,AGAINST,DNK,RENEW
194935,101585,FOR,DNK,SD
194935,111412,FOR,DNK,GREEN_EFA
194935,197558,FOR,DNK,RENEW
194935,197573,FOR,DNK,GREEN_EFA
194935,199941,FOR,DNK,SD
194935,257020,FOR,DNK,RENEW
194935,257023,FOR,DNK,GUE_NGL
194935,257025,FOR,DNK,ECR
194935,257028,FOR,DNK,EPP
194935,257033,FOR,DNK,EPP
194935,257038,FOR,DNK,RENEW
194935,257044,FOR,DNK,GREEN_EFA
194935,277178,AGAINST,DNK,PFE
194951,37312,FOR,DNK,SD
194951,96709,FOR,DNK,RENEW
194951,101585,FOR,DNK,SD
194951,111412,AGAINST,DNK,GREEN_EFA
194951,197558,FOR,DNK,RENEW
194951,197573,DID_NOT_VOTE,DNK,GREEN_EFA
194951,199941,FOR,DNK,SD
194951,257020,DID_NOT_VOTE,DNK,RENEW
194951,257023,ABSTENTION,DNK,GUE_NGL
194951,257025,AGAINST,DNK,ECR
194951,257028,FOR,DNK,EPP
194951,257033,FOR,DNK,EPP
194951,257038,FOR,DNK,RENEW
194951,257044,AGAINST,DNK,GREEN_EFA
194951,277178,FOR,DNK,PFE
194991,37312,FOR,DNK,SD
194991,96709,FOR,DNK,RENEW
194991,101585,FOR,DNK,SD
194991,111412,ABSTENTION,DNK,GREEN_EFA
194991,197558,FOR,DNK,RENEW
194991,197573,ABSTENTION,DNK,GREEN_EFA
194991,199941,FOR,DNK,SD
194991,257020,FOR,DNK,RENEW
194991,257023,AGAINST,DNK,GUE_NGL
194991,257025,AGAINST,DNK,ECR
194991,257028,FOR,DNK,EPP
194991,257033,FOR,DNK,EPP
194991,257038,FOR,DNK,RENEW
194991,257044,ABSTENTION,DNK,GREEN_EFA
194991,277178,AGAINST,DNK,PFE
194993,37312,ABSTENTION,DNK,SD
194993,96709,FOR,DNK,RENEW
194993,101585,ABSTENTION,DNK,SD
194993,111412,AGAINST,DNK,GREEN_EFA
194993,197558,FOR,DNK,RENEW
194993,197573,AGAINST,DNK,GREEN_EFA
194993,199941,ABSTENTION,DNK,SD
194993,257020,FOR,DNK,RENEW
194993,257023,AGAINST,DNK,GUE_NGL
194993,257025,FOR,DNK,ECR
194993,257028,FOR,DNK,EPP
194993,257033,FOR,DNK,EPP
194993,257038,ABSTENTION,DNK,RENEW
194993,257044,AGAINST,DNK,GREEN_EFA
194993,277178,FOR,DNK,PFE
195006,37312,FOR,DNK,SD
195006,96709,FOR,DNK,RENEW
195006,101585,FOR,DNK,SD
195006,111412,FOR,DNK,GREEN_EFA
195006,197558,FOR,DNK,RENEW
195006,197573,FOR,DNK,GREEN_EFA
195006,199941,FOR,DNK,SD
195006,257020,FOR,DNK,RENEW
195006,257023,ABSTENTION,DNK,GUE_NGL
195006,257025,FOR,DNK,ECR
195006,257028,FOR,DNK,EPP
195006,257033,FOR,DNK,EPP
195006,257038,FOR,DNK,RENEW
195006,257044,FOR,DNK,GREEN_EFA
195006,277178,ABSTENTION,DNK,PFE
195007,37312,FOR,DNK,SD
195007,96709,FOR,DNK,RENEW
195007,101585,FOR,DNK,SD
195007,111412,FOR,DNK,GREEN_EFA
195007,197558,FOR,DNK,RENEW
195007,197573,FOR,DNK,GREEN_EFA
195007,199941,FOR,DNK,SD
195007,257020,FOR,DNK,RENEW
195007,257023,FOR,DNK,GUE_NGL
195007,257025,ABSTENTION,DNK,ECR
195007,257028,FOR,DNK,EPP
195007,257033,FOR,DNK,EPP
195007,257038,FOR,DNK,RENEW
195007,257044,FOR,DNK,GREEN_EFA
195007,277178,FOR,DNK,PFE
195010,37312,FOR,DNK,SD
195010,96709,FOR,DNK,RENEW
195010,101585,FOR,DNK,SD
195010,111412,FOR,DNK,GREEN_EFA
195010,197558,FOR,DNK,RENEW
195010,197573,FOR,DNK,GREEN_EFA
195010,199941,FOR,DNK,SD
195010,257020,FOR,DNK,RENEW
195010,257023,FOR,DNK,GUE_NGL
195010,257025,FOR,DNK,ECR
195010,257028,FOR,DNK,EPP
195010,257033,FOR,DNK,EPP
195010,257038,FOR,DNK,RENEW
195010,257044,FOR,DNK,GREEN_EFA
195010,277178,FOR,DNK,PFE
195067,37312,FOR,DNK,SD
195067,96709,FOR,DNK,RENEW
195067,101585,FOR,DNK,SD
195067,111412,FOR,DNK,GREEN_EFA
195067,197558,FOR,DNK,RENEW
195067,197573,FOR,DNK,GREEN_EFA
195067,199941,FOR,DNK,SD
195067,257020,FOR,DNK,RENEW
195067,257023,FOR,DNK,GUE_NGL
195067,257025,FOR,DNK,ECR
195067,257028,FOR,DNK,EPP
195067,257033,FOR,DNK,EPP
195067,257038,FOR,DNK,RENEW
195067,257044,FOR,DNK,GREEN_EFA
195067,277178,ABSTENTION,DNK,PFE
195275,37312,FOR,DNK,SD
195275,96709,FOR,DNK,RENEW
195275,101585,FOR,DNK,SD
195275,111412,DID_NOT_VOTE,DNK,GREEN_EFA
195275,197558,FOR,DNK,RENEW
195275,197573,ABSTENTION,DNK,GREEN_EFA
195275,199941,FOR,DNK,SD
195275,257020,AGAINST,DNK,RENEW
195275,257023,ABSTENTION,DNK,GUE_NGL
195275,257025,AGAINST,DNK,ECR
195275,257028,FOR,DNK,EPP
195275,257033,FOR,DNK,EPP
195275,257038,FOR,DNK,RENEW
195275,257044,ABSTENTION,DNK,GREEN_EFA
195275,277178,ABSTENTION,DNK,PFE
195338,37312,FOR,DNK,SD
195338,96709,AGAINST,DNK,RENEW
195338,101585,FOR,DNK,SD
195338,111412,AGAINST,DNK,GREEN_EFA
195338,197558,AGAINST,DNK,RENEW
195338,197573,AGAINST,DNK,GREEN_EFA
195338,199941,FOR,DNK,SD
195338,257020,AGAINST,DNK,RENEW
195338,257023,AGAINST,DNK,GUE_NGL
195338,257025,AGAINST,DNK,ECR
195338,257028,FOR,DNK,EPP
195338,257033,FOR,DNK,EPP
195338,257038,AGAINST,DNK,RENEW
195338,257044,AGAINST,DNK,GREEN_EFA
195338,277178,FOR,DNK,PFE
195340,37312,ABSTENTION,DNK,SD
195340,96709,AGAINST,DNK,RENEW
195340,101585,ABSTENTION,DNK,SD
195340,111412,FOR,DNK,GREEN_EFA
195340,197558,AGAINST,DNK,RENEW
195340,197573,FOR,DNK,GREEN_EFA
195340,199941,ABSTENTION,DNK,SD
195340,257020,AGAINST,DNK,RENEW
195340,257023,FOR,DNK,GUE_NGL
195340,257025,ABSTENTION,DNK,ECR
195340,257028,AGAINST,DNK,EPP
195340,257033,AGAINST,DNK,EPP
195340,257038,FOR,DNK,RENEW
195340,257044,FOR,DNK,GREEN_EFA
195340,277178,FOR,DNK,PFE
195341,37312,ABSTENTION,DNK,SD
195341,96709,AGAINST,DNK,RENEW
195341,101585,ABSTENTION,DNK,SD
195341,111412,DID_NOT_VOTE,DNK,GREEN_EFA
195341,197558,AGAINST,DNK,RENEW
195341,197573,FOR,DNK,GREEN_EFA
195341,199941,ABSTENTION,DNK,SD
195341,257020,AGAINST,DNK,RENEW
195341,257023,FOR,DNK,GUE_NGL
195341,257025,FOR,DNK,ECR
195341,257028,FOR,DNK,EPP
195341,257033,DID_NOT_VOTE,DNK,EPP
195341,257038,FOR,DNK,RENEW
195341,257044,FOR,DNK,GREEN_EFA
195341,277178,FOR,DNK,PFE
195361,37312,AGAINST,DNK,SD
195361,96709,AGAINST,DNK,RENEW
195361,101585,AGAINST,DNK,SD
195361,111412,AGAINST,DNK,GREEN_EFA
195361,197558,AGAINST,DNK,RENEW
195361,197573,AGAINST,DNK,GREEN_EFA
195361,199941,AGAINST,DNK,SD
195361,257020,AGAINST,DNK,RENEW
195361,257023,AGAINST,DNK,GUE_NGL
195361,257025,FOR,DNK,ECR
195361,257028,AGAINST,DNK,EPP
195361,257033,AGAINST,DNK,EPP
195361,257038,AGAINST,DNK,RENEW
195361,257044,AGAINST,DNK,GREEN_EFA
195361,277178,FOR,DNK,PFE
195414,37312,AGAINST,DNK,SD
195414,96709,AGAINST,DNK,RENEW
195414,101585,AGAINST,DNK,SD
195414,111412,AGAINST,DNK,GREEN_EFA
195414,197558,AGAINST,DNK,RENEW
195414,197573,AGAINST,DNK,GREEN_EFA
195414,199941,AGAINST,DNK,SD
195414,257020,AGAINST,DNK,RENEW
195414,257023,AGAINST,DNK,GUE_NGL
195414,257025,FOR,DNK,ECR
195414,257028,AGAINST,DNK,EPP
195414,257033,AGAINST,DNK,EPP
195414,257038,AGAINST,DNK,RENEW
195414,257044,AGAINST,DNK,GREEN_EFA
195414,277178,FOR,DNK,PFE
195415,37312,FOR,DNK,SD
195415,96709,FOR,DNK,RENEW
195415,101585,FOR,DNK,SD
195415,111412,FOR,DNK,GREEN_EFA
195415,197558,FOR,DNK,RENEW
195415,197573,FOR,DNK,GREEN_EFA
195415,199941,FOR,DNK,SD
195415,257020,FOR,DNK,RENEW
195415,257023,AGAINST,DNK,GUE_NGL
195415,257025,FOR,DNK,ECR
195415,257028,FOR,DNK,EPP
195415,257033,FOR,DNK,EPP
195415,257038,FOR,DNK,RENEW
195415,257044,FOR,DNK,GREEN_EFA
195415,277178,ABSTENTION,DNK,PFE
195543,37312,ABSTENTION,DNK,SD
195543,96709,AGAINST,DNK,RENEW
195543,101585,ABSTENTION,DNK,SD
195543,111412,FOR,DNK,GREEN_EFA
195543,197558,AGAINST,DNK,RENEW
195543,197573,FOR,DNK,GREEN_EFA
195543,199941,ABSTENTION,DNK,SD
195543,257020,AGAINST,DNK,RENEW
195543,257023,FOR,DNK,GUE_NGL
195543,257025,AGAINST,DNK,ECR
195543,257028,AGAINST,DNK,EPP
195543,257033,AGAINST,DNK,EPP
195543,257038,FOR,DNK,RENEW
195543,257044,FOR,DNK,GREEN_EFA
195543,277178,FOR,DNK,PFE
195638,37312,FOR,DNK,SD
195638,96709,FOR,DNK,RENEW
195638,101585,FOR,DNK,SD
195638,111412,FOR,DNK,GREEN_EFA
195638,197558,FOR,DNK,RENEW
195638,197573,FOR,DNK,GREEN_EFA
195638,199941,FOR,DNK,SD
195638,257020,FOR,DNK,RENEW
195638,257023,FOR,DNK,GUE_NGL
195638,257025,FOR,DNK,ECR
195638,257028,FOR,DNK,EPP
195638,257033,FOR,DNK,EPP
195638,257038,FOR,DNK,RENEW
195638,257044,FOR,DNK,GREEN_EFA
195638,277178,FOR,DNK,PFE
195719,37312,FOR,DNK,SD
195719,96709,FOR,DNK,RENEW
195719,101585,FOR,DNK,SD
195719,111412,FOR,DNK,GREEN_EFA
195719,197558,FOR,DNK,RENEW
195719,197573,FOR,DNK,GREEN_EFA
195719,199941,FOR,DNK,SD
195719,257020,FOR,DNK,RENEW
195719,257023,FOR,DNK,GUE_NGL
195719,257025,AGAINST,DNK,ECR
195719,257028,ABSTENTION,DNK,EPP
195719,257033,FOR,DNK,EPP
195719,257038,FOR,DNK,RENEW
195719,257044,FOR,DNK,GREEN_EFA
195719,277178,DID_NOT_VOTE,DNK,PFE
195749,37312,FOR,DNK,SD
195749,96709,FOR,DNK,RENEW
195749,101585,FOR,DNK,SD
195749,111412,ABSTENTION,DNK,GREEN_EFA
195749,197558,FOR,DNK,RENEW
195749,197573,ABSTENTION,DNK,GREEN_EFA
195749,199941,FOR,DNK,SD
195749,257020,FOR,DNK,RENEW
195749,257023,FOR,DNK,GUE_NGL
195749,257025,FOR,DNK,ECR
195749,257028,FOR,DNK,EPP
195749,257033,FOR,DNK,EPP
195749,257038,FOR,DNK,RENEW
195749,257044,ABSTENTION,DNK,GREEN_EFA
195749,277178,ABSTENTION,DNK,PFE
195769,37312,FOR,DNK,SD
195769,96709,FOR,DNK,RENEW
195769,101585,FOR,DNK,SD
195769,111412,FOR,DNK,GREEN_EFA
195769,197558,FOR,DNK,RENEW
195769,197573,FOR,DNK,GREEN_EFA
195769,199941,FOR,DNK,SD
195769,257020,FOR,DNK,RENEW
195769,257023,FOR,DNK,GUE_NGL
195769,257025,ABSTENTION,DNK,ECR
195769,257028,FOR,DNK,EPP
195769,257033,FOR,DNK,EPP
195769,257038,FOR,DNK,RENEW
195769,257044,FOR,DNK,GREEN_EFA
195769,277178,ABSTENTION,DNK,PFE
195775,37312,AGAINST,DNK,SD
195775,96709,FOR,DNK,RENEW
195775,101585,AGAINST,DNK,SD
195775,111412,FOR,DNK,GREEN_EFA
195775,197558,FOR,DNK,RENEW
195775,197573,FOR,DNK,GREEN_EFA
195775,199941,AGAINST,DNK,SD
195775,257020,FOR,DNK,RENEW
195775,257023,FOR,DNK,GUE_NGL
195775,257025,FOR,DNK,ECR
195775,257028,FOR,DNK,EPP
195775,257033,ABSTENTION,DNK,EPP
195775,257038,FOR,DNK,RENEW
195775,257044,FOR,DNK,GREEN_EFA
195775,277178,FOR,DNK,PFE
