afstemningid,sagstrinid,kommentar,afstemningstypeid,dato,sagstrintypeid,sagid,sagstypeid,sag_nummer,sag_titel,sag_titelkort
2,4849,,1,2014-09-09 09:15:00,17,1449,3,L 200,Forslag til lov om ændring af virksomhedsskatteloven og kildeskatteloven. (Indgreb mod utilsigtet udnyttelse af virksomhedsordningen ved indskud af privat gæld m.v.).,Om indgreb mod utilsigtet udnyttelse af virksomhedsordningen ved indskud af privat gæld m.v.
1783,37246,,1,2014-10-31 10:00:00,17,12715,3,L 4,"Forslag til lov om ændring af lov om afgift af elektricitet, lov om afgift af stenkul, brunkul og koks m.v., personskatteloven og forskellige andre love. (Tilbagerulning af forsyningssikkerhedsafgiften, nedsættelse af elvarmeafgiften, forhøjelse af elafgiften, tilpasning af afgiftsregler for VE-brændsler, forhøjelse af bundskatten og det skrå skatteloft, nedsættelse af den grønne check og afgiftsforhøjelse på cigarillos m.v.).",Om tilbagerulning af forsyningssikkerhedsafgiften m.v.
2267,38484,,1,2014-12-02 13:00:00,17,13015,3,L 33,Forslag til lov om ændring af lov om produktionsskoler. (Ophævelse af revisionsbestemmelse m.v.).,Om kompetencebevis.
2268,38341,,1,2014-12-02 13:00:00,17,13004,3,L 19,Forslag til lov om dansk turisme.,Om dansk turisme.
2282,38172,,1,2014-12-04 10:00:00,17,12991,3,L 13,Forslag til lov om ændring af lov om aktiv socialpolitik. (Ændring af formue- og fradragsregler ved efterbetaling af offentlige forsørgelsesydelser og øvrige offentlige sociale ydelser m.v.).,Om ændring af formue- og fradragsregler ved efterbetaling af offentlige forsørgelsesydelser.
2283,38211,,1,2014-12-04 10:00:00,17,12994,3,L 14,Forslag til lov om ændring af lov om ferie. (Færre betingelser for optjening af sygeferiegodtgørelse og fællesopkrævning fra arbejdsgivere for betalingen til Feriepengeinfo m.v.).,Om færre betingelser for optjening af sygeferiegodtgørelse m.v.
2284,38185,,1,2014-12-04 10:00:00,17,12992,3,L 15,Forslag til lov om ændring af lov om vikarers retsstilling ved udsendelse af et vikarbureau m.v. og lov om Arbejdsretten og faglige voldgiftsretter. (Overførsel af kompetencer til Arbejdsretten).,Om overførsel af kompetencer til Arbejdsretten. 
2285,38380,,1,2014-12-04 10:00:00,17,13007,3,L 17,Forslag til lov om ophævelse af lov om næringsbrev til visse fødevarevirksomheder og om ændring af lov om restaurationsvirksomhed og alkoholbevilling m.v. (Afskaffelse af næringsbrevsordningen).,Om afskaffelse af næringsbrevsordningen.
2286,38353,,1,2014-12-04 10:00:00,17,13005,3,L 18,"Forslag til lov om ændring af konkurrenceloven. (Forlængelse af tidsfrist for behandling af fusioner, nedsættelse af en bestyrelse for Konkurrence- og Forbrugerstyrelsen på konkurrenceområdet, offentliggørelse af domme om fængselsstraf m.v.).",Om ændring af konkurrenceloven m.v.
2287,54290,,1,2014-12-04 10:00:00,17,20246,3,L 46,Forslag til lov om Danmarks Grønne Investeringsfond.,Om Danmarks Grønne Investeringsfond.
2288,38393,,1,2014-12-04 10:00:00,17,13008,3,L 16,Forslag til lov om medarbejderinvesteringsselskaber.,Om indførelse af medarbejderinvesteringsselskab.
2289,38103,,1,2014-12-04 10:00:00,17,12985,3,L 10,"Forslag til lov om ændring af aktieavancebeskatningsloven, ligningsloven, selskabsskatteloven og forskellige andre love. (Skattemæssige ændringer i lyset af lov om medarbejderinvesteringsselskaber).",Om skattemæssige ændringer i lyset af lov om medarbejderinvesteringsselskaber.
2291,54238,,1,2014-12-04 10:00:00,17,20242,3,L 41,"Forslag til lov om ændring af ligningsloven, fondsbeskatningsloven, lov om inddrivelse af gæld til det offentlige, lov om et indkomstregister og forskellige andre love. (Udvidelse af kredsen af yderkommuner med forhøjet befordringsfradrag, forhøjelse af kommunernes andel af selskabsskatten og udvidet mulighed for videregivelse af oplysninger til finansielle virksomheder).",Om udvidelse af kredsen af yderkommuner med forhøjet befordringsfradrag m.v.
2292,38023,,1,2014-12-09 13:00:00,17,12979,3,L 5,Forslag til lov om indgåelse af protokol om ændring af dobbeltbeskatningsoverenskomsten mellem Danmark og Irland.,Om dobbeltbeskatningsoverenskomsten mellem Danmark og Irland.
2293,38075,,1,2014-12-09 13:00:00,17,12983,3,L 7,Forslag til lov om indgåelse af protokol om ændring af dobbeltbeskatningsoverenskomsten mellem Danmark og Indien.,Om dobbeltbeskatningsoverenskomsten mellem Danmark og Indien.
2294,38089,,1,2014-12-09 13:00:00,17,12984,3,L 9,"Forslag til lov om ændring af momsloven, skattekontrolloven og ligningsloven. (Udvidelse af indberetningspligterne vedrørende finansielle produkter, ændring af indberetningspligten vedrørende modtagere af renter og afgivelse af regnskabsoplysninger om moms i forbindelse med selvangivelsen m.v.).",Om udvidelse af indberetningspligterne vedrørende finansielle produkter m.v.
2295,38263,,1,2014-12-09 13:00:00,17,12998,3,L 36,Forslag til lov om Hav- og Fiskerifonden.,Om Hav- og Fiskerifonden.
2296,38276,,1,2014-12-09 13:00:00,17,12999,3,L 38,Forslag til lov om Landdistriktsfonden.,Om Landdistriktsfonden.
2306,38049,,1,2014-12-11 10:00:00,17,12981,3,L 12,Forslag til lov om ændring af lov om frikommuner m.v. (Forlængelse af perioden for frikommuneforsøg).,Om forlængelse af perioden for frikommuneforsøg.
2307,38250,,1,2014-12-11 10:00:00,17,12997,3,L 37,"Forslag til lov om ændring af lov om landbrugsejendomme. (Udvidet adgang for selskaber m.v. til at erhverve landbrugsejendomme, ophævelse af reglerne om fortrinsstilling til suppleringsjord m.v.).","Om udvidet adgang til at erhverve landbrugsejendomme, ophævelse af reglerne om fortrinsstilling til suppleringsjord m.v."
2308,57573,,1,2014-12-11 10:00:00,17,21430,3,L 65,Forslag til lov om ændring af lov om åben uddannelse (erhvervsrettet voksenuddannelse) m.v. og lov om erhvervsrettet grunduddannelse og videregående uddannelse (videreuddannelsessystemet) for voksne. (Understøttelse af de videregående uddannelsesinstitutioners muligheder for mere og bedre videregående voksen- og efteruddannelse m.v.).,Om de videregående uddannelsesinstitutioners mulighed for mere og bedre videregående voksen- og efteruddannelse. 
2309,57547,,1,2014-12-11 10:00:00,17,21428,3,L 66,"Forslag til lov om ændring af universitetsloven og forskellige andre love. (Gennemsigtighed i valg af uddannelse, forsikring af gæsteforskere, krav til oversættelse af eksamensbeviser og midlertidig overgangsordning om supplering mellem bacheloruddannelse og kandidatuddannelse).","Om gennemsigtighed i valg af uddannelse, forsikring af gæsteforskere og oversættelse af eksamensbeviser m.v.   "
2310,38406,,1,2014-12-11 10:00:00,17,13009,3,L 24,Forslag til lov om videregående kunstneriske uddannelsesinstitutioner under Kulturministeriet.,Om videregående kunstneriske uddannelsesinstitutioner under Kulturministeriet.
2312,53160,,1,2014-12-11 10:00:00,17,19585,3,L 39,Forslag til lov om ændring af lov om byfornyelse og udvikling af byer. (Øgede muligheder for at sikre gode boligsociale rammer både på land og i by m.v.).,Om øgede muligheder for at sikre gode boligsociale rammer både på land og i by m.v. 
2313,54277,,1,2014-12-11 10:00:00,17,20245,3,L 47,Forslag til lov om ændring af lov om andelsboligforeninger og andre boligfællesskaber og lejeloven. (Skærpede krav til stiftelse af andelsboligforeninger m.v.).,Om skærpede krav til stiftelse af andelsboligforeninger m.v.
2314,38159,,1,2014-12-11 10:00:00,17,12990,3,L 31,Forslag til lov om ændring af lov om jagt og vildtforvaltning. (Styrkelse af vildtudbytteindberetning m.v.).,Om styrkelse af vildtudbytteindberetning m.v.
2398,54093,,1,2014-12-18 10:00:00,17,12710,3,L 1,Forslag til finanslov for finansåret 2015.,Om finanslov for finansåret 2015.
2399,37220,,1,2014-12-18 10:00:00,17,12713,3,L 2,"Forslag til lov om fastsættelse af udgiftslofter for stat, kommuner og regioner for finansåret 2018.","Om udgiftslofter for stat, kommuner og regioner for finansåret 2018."
2400,37233,,1,2014-12-18 10:00:00,17,12714,3,L 3,"Forslag til lov om ændring af lov om fastsættelse af udgiftslofter for stat, kommuner og regioner for finansårene 2014-2017. (Konsekvenser af aftaler om vækstpakke 2014 m.v.).","Om udgiftslofter for stat, kommuner og regioner for finansårene 2014-2017. "
2401,59307,,1,2014-12-18 10:00:00,17,21903,3,L 58 A,"Forslag til lov om ændring af lov om en aktiv beskæftigelsesindsats, lov om arbejdsløshedsforsikring m.v. og forskellige andre love. (Reform af beskæftigelsesindsatsen, et fælles og intensiveret kontaktforløb, uddannelsesløft, styrket rådighed og målretning af virksomhedsrettede tilbud m.v.).","Om reform af beskæftigelsesindsatsen, et fælles og intensiveret kontaktforløb, uddannelsesløft m.v.  "
2402,59310,,1,2014-12-18 10:00:00,17,21904,3,L 58 B,"Forslag til lov om ændring af lov om en aktiv beskæftigelsesindsats og lov om aktiv socialpolitik. (Joblog, sanktion ved udeblivelse fra tilbud samt 6 ugers jobrettet uddannelse for modtagere af ledighedsydelse).","Om Joblog, sanktion ved udeblivelse fra tilbud samt 6 ugers jobrettet uddannelse for modtagere af ledighedsydelse.  "
2403,57599,,1,2014-12-18 10:00:00,17,21432,3,L 59,Forslag til lov om organisering og understøttelse af beskæftigelsesindsatsen m.v.,Om organisering og understøttelse af beskæftigelsesindsatsen m.v.
2404,57664,,1,2014-12-18 10:00:00,17,21437,3,L 60,Forslag til lov om ændring af lov om forbud mod forskelsbehandling på arbejdsmarkedet m.v. (Ophævelse af 70-årsgrænse m.v.).,Om ophævelse af 70-årsgrænse m.v.
2405,57651,,1,2014-12-18 10:00:00,17,21436,3,L 61,"Forslag til lov om ændring af udlændingeloven, integrationsloven og lov om Det Centrale Personregister. (Reform af international rekruttering m.v.).",Om reform af international rekruttering m.v.
2406,38315,,1,2014-12-18 10:00:00,17,13002,3,L 11,Forslag til lov om ændring af lov om CO2-kvoter og lov om kuldioxidafgift af visse energiprodukter. (Tilpasning af reglerne om udledninger fra luftfart efter Europa-Parlamentets og Rådets forordning (EU) nr. 421/2014 af 16. april 2014 m.v.).,Om tilpasning af reglerne om udledninger fra luftfart efter Europa-Parlamentets og Rådets forordning (EU) nr. 421/2014 af 16. april 2014 m.v.
2407,54316,,1,2014-12-18 10:00:00,17,20248,3,L 48,"Forslag til lov om ændring af lov om elforsyning, lov om naturgasforsyning, lov om varmeforsyning, lov om tilskud til fremme af vedvarende energi i virksomheders produktionsprocesser, biobrændstofloven og lov om fremme af besparelser i energiforbruget. (Erhvervsrettet lempelse af PSO-betaling for elektricitet, afskaffelse af tilskudsordning til ikkekvoteomfattet elproduktion, afskaffelse af PSO-betaling for gas, fravigelse af iblandingsprocent for biobrændstoffer, faktureringsoplysninger m.v. til energiforbrugere, ændring af klageregler m.v.).",Om erhvervsrettet lempelse af PSO-betaling for elektricitet m.v.
2408,54329,,1,2014-12-18 10:00:00,17,20249,3,L 49,"Forslag til lov om ændring af lov om sikkerhed m.v. for offshoreanlæg til efterforskning, produktion og transport af kulbrinter, lov om beskyttelse af havmiljøet og miljøskadeloven. (Gennemførelse af offshoresikkerhedsdirektivet m.v.).",Om gennemførelse af offshoresikkerhedsdirektivet m.v. 
2409,38198,,1,2014-12-18 10:00:00,17,12993,3,L 21,Forslag til lov om en ny fjordforbindelse ved Frederikssund.,Om en ny fjordforbindelse ved Frederikssund.
2410,57612,,1,2014-12-18 10:00:00,17,21433,3,L 73,"Forslag til lov om ændring af lov om finansiel virksomhed, lov om værdipapirhandel m.v., lov om betalingstjenester og elektroniske penge og forskellige andre love. (Erstatningsansvar ved handlinger i strid med god skik-reglerne, forbrugerbeskyttelse ved kaution, krav om grundkursus til bestyrelsesmedlemmer, brugerbeskyttelse ved udbud af betalingstjenester og udstedelse af elektroniske penge m.v.).","Om erstatningsansvar ved handlinger i strid med god skik-regler, krav om grundkursus til bestyrelsesmedlemmer m.v."
2411,38432,,1,2014-12-18 10:00:00,17,13011,3,L 32,"Forslag til lov om ændring af lov om efterskoler, husholdningsskoler og håndarbejdsskoler og forskellige andre love. (Fornyelse af frie fagskolers undervisningstilbud m.v.).",Om fornyelse af frie fagskolers undervisningstilbud m.v.
2412,55506,,1,2014-12-18 10:00:00,17,21320,3,L 56,Forslag til lov om ændring af lov om Arbejdsgivernes Uddannelsesbidrag. (Finansiering af elevers ophold på kostafdelinger m.v.).,Om finansiering af elevers ophold på kostafdelingen m.v.
2413,38062,,1,2014-12-18 10:00:00,17,12982,3,L 6,"Forslag til lov om ændring af lov om indgåelse af protokoller om ændring af dobbeltbeskatningsoverenskomster mellem Danmark og henholdsvis Belgien, Luxembourg, Singapore og Østrig. (Gennemførelse af protokol til ændring af dobbeltbeskatningsoverenskomsten mellem Danmark og Luxembourg).",Om dobbeltbeskatningsoverenskomsten mellem Danmark og Luxembourg.
2414,38036,,1,2014-12-18 10:00:00,17,12980,3,L 8,Forslag til lov om indgåelse af dobbeltbeskatningsoverenskomst mellem Danmark og Ghana.,Om indgåelse af dobbeltbeskatningsoverenskomst mellem Danmark og Ghana.
2415,59315,,1,2014-12-18 10:00:00,17,21901,3,L 42 A,"Forslag til lov om ændring af skatteforvaltningsloven, opkrævningsloven og forskellige andre love. (Hurtig afslutning i visse klagesager, omkostningsgodtgørelse i retssager, dækningsrækkefølgen for underholdsbidrag, restanceforebyggelse, momsregistrering af visse virksomheder, forbedret inddrivelse af restancer til det offentlige m.v.).","Om hurtig afslutning i visse klagesager, omkostningsgodtgørelse i retssager m.v. "
2416,59319,,1,2014-12-18 10:00:00,17,21902,3,L 42 B,Forslag til lov om ændring af ligningsloven. (Betingelse for tredjemandstilskud).,Om betingelse for tredjemandstilskud.
2417,59331,,1,2014-12-18 10:00:00,17,21899,3,L 43 A,Forslag til lov om ændring af momsloven. (Ophævelse af fradragsbegrænsningen for moms på hotelophold).,Om ophævelse af fradragsbegrænsningen for moms på hotelophold.
2418,59335,,1,2014-12-18 10:00:00,17,21900,3,L 43 B,"Forslag til lov om ændring af registreringsafgiftsloven, brændstofforbrugsafgiftsloven og lov om vægtafgift af motorkøretøjer m.v. (Harmonisering af afgifterne på personbiler  med tilladelse til erhvervsmæssig persontransport).",Om harmonisering af afgifterne på personbiler med tilladelse til erhvervsmæssig persontransport.
2419,57452,,1,2014-12-18 10:00:00,17,21420,3,L 63,Forslag til lov om ændring af kildeskatteloven. (Nedsættelse af vederlagskravet i skatteordningen for udenlandske forskere og nøglemedarbejdere).,Om nedsættelse af vederlagskravet i skatteordningen for udenlandske forskere og nøglemedarbejdere.
2420,54225,,1,2014-12-18 10:00:00,17,20241,3,L 44,Forslag til lov om ændring af lov om dansk indfødsret. (Accept af dobbelt statsborgerskab og betaling af gebyr i sager om dansk indfødsret).,Om accept af dobbelt statsborgerskab og betaling af gebyr i sager om dansk indfødsret.
2421,59327,,1,2014-12-18 10:00:00,17,21898,3,L 45 B,Forslag til lov om indfødsrets meddelelse.,Om indfødsrets meddelelse.
2422,38237,,1,2014-12-18 10:00:00,17,12996,3,L 28,"Forslag til lov om ændring af lov for Færøerne om rettens pleje og lov om ændring af tinglysningsloven, konkursloven og andre love. (Indførelse af virksomhedspant på Færøerne).",Om indførelse af virksomhedspant på Færøerne.
2423,38289,,1,2014-12-18 10:00:00,17,13000,3,L 29,Forslag til lov om ændring af lov om erstatningsansvar. (Ændring af beregningsprincipperne for erhvervsevnetabserstatning til unge under uddannelse).,Om ændring af beregningsprincipperne for erhvervstabserstatning til unge under uddannelse.
2424,58947,,1,2014-12-18 10:00:00,17,21810,3,L 30 A,Forslag til lov om ændring af færdselsloven. (Letbaner).,Om letbaner.
2425,58950,,1,2014-12-18 10:00:00,17,21811,3,L 30 B,Forslag til lov om ændring af færdselsloven. (Konstruktivt bestemt hastighed for motorredskaber m.v.).,Om konstruktivt bestemt hastighed for motorredskaber m.v.
2444,58260,,1,2015-01-22 10:00:00,17,21604,3,L 86,"Forslag til lov om ændring af lov om betalingsregler for spildevandsforsyningsselskaber m.v., lov om miljøbeskyttelse og lov om vandsektorens organisering og økonomiske forhold. (Afdragsordning, finansiering og fristfastsættelse ved påbud om forbedret spildevandsrensning samt drift og vedligeholdelse af anlæg til spildevandshåndtering).",Om spildevandsrensning m.v.
2445,55543,,1,2015-01-22 10:00:00,17,21327,3,L 51,Forslag til lov om ændring af bogføringsloven. (Opbevaring af regnskabsmateriale m.v.).,Om opbevaring af regnskabsmateriale m.v.
2446,58232,,1,2015-01-22 10:00:00,17,21601,3,L 83,"Forslag til lov om ændring af lov om arbejdsmiljø. (Undtagelse af frivilligt arbejde fra krav om arbejdspladsvurdering og arbejdsmiljøorganisation, forebyggelse af arbejdsrelateret vold, trusler og anden krænkende adfærd uden for arbejdstid, Arbejdstilsynets adgang til at indhente oplysninger fra eksterne registre m.v.).",Om undtagelse af frivilligt arbejde fra krav om arbejdspladsvurdering m.v.
2447,58245,,1,2015-01-22 10:00:00,17,21602,3,L 84,Forslag til lov om ændring af lov om retsforholdet mellem arbejdsgivere og funktionærer. (Forenkling vedrørende fratrædelsesgodtgørelse).,Om forenkling vedrørende fratrædelsesgodtgørelse.
2448,59641,,1,2015-01-22 10:00:00,17,21980,3,L 106,Forslag til lov om ændring af lov om aktiv socialpolitik. (Midlertidig genindførelse af fradrag i uddannelses- og kontanthjælp for samlevers indtægter m.v.).,Om midlertidig genindførelse af fradrag i uddannelses- og kontanthjælp for samlevers indtægter m.v.
2454,57485,,1,2015-02-03 13:00:00,17,21423,3,L 72,"Forslag til lov om ændring af udlændingeloven. (Midlertidig beskyttelsesstatus for visse udlændinge samt afvisning af realitetsbehandling af asylansøgninger, når ansøgeren har opnået beskyttelse i et andet EU-land m.v.).",Om midlertidig beskyttelsesstatus for visse udlændinge samt afvisning af realitetsbehandling af visse asylansøgninger m.v.
2457,55480,,1,2015-02-05 10:00:00,17,21318,3,L 50,Forslag til lov om ændring af straffeloven og lov om fuldbyrdelse af straf m.v. (Samfundstjeneste m.v.).,Om samfundstjeneste m.v.
2458,57498,,1,2015-02-05 10:00:00,17,21424,3,L 69,Forslag til lov om ændring af færdselsloven. (Ændret aldersgrænse for forkortet gyldighedsperiode for kørekort m.v.).,Om ændret aldersgrænse for forkortet gyldighedsperiode for kørekort m.v.
2459,59110,,1,2015-02-05 10:00:00,17,21852,3,L 104,Forslag til lov om Miljøteknologisk Udviklings- og Demonstrationsprogram.,Om Miljøteknologisk Udviklings- og Demonstrationsprogram.
2460,55467,,1,2015-02-05 10:00:00,17,21317,3,L 52,Forslag til lov om ændring af lov om Aarhus Letbane og lov om trafikselskaber. (Transportministerens udtræden af Aarhus Letbane I/S).,Om transportministerens udtræden af Aarhus Letbane I/S.
2461,55493,,1,2015-02-05 10:00:00,17,21319,3,L 53,Forslag til lov om Odense Letbane.,Om Odense Letbane.
2462,57560,,1,2015-02-05 10:00:00,17,21429,3,L 68,"Forslag til lov om ændring af lov om en Cityring og lov om Metroselskabet I/S og Udviklingsselskabet By & Havn I/S. (Afgrening fra Cityringen til Sydhavnen, mulighed for udvidelse af afgreningen til Nordhavnen, reduktion af statens ejerandel af Udviklingsselskabet By & Havn I/S, projektering af en Nordhavnstunnel m.v.).","Om en Nordhavnstunnel, udvidelse af Cityringen og reducering af statens ejerandel af Udviklingsselskabet By & Havn I/S."
2470,55437,,1,2015-02-19 10:00:00,17,21315,3,L 54,Forslag til lov om ændring af lov om kommunernes styrelse og regionsloven. (Mulighed for indgåelse af aftale om grænsependleres ret til fravær fra arbejdet og afskaffelse af dispensation bl.a. for ikkekommunalbestyrelses-/ikkeregionsrådsmedlemmer som medlemmer i udvalg).,Om mulighed for indgåelse af aftale om grænsependleres ret til fravær fra arbejdet m.v.
2471,57511,,1,2015-02-19 10:00:00,17,21425,3,L 71,"Forslag til lov om ændring af lov om miljøbidrag og godtgørelse i forbindelse med ophugning og skrotning af biler og lov om miljøbeskyttelse. (Obligatorisk digital kommunikation, ændringer i administrationsordningen for udbetaling af skrotningsgodtgørelse og nedsættelse af betalingssats for indsamling af bærbare batterier m.v.).",Om obligatorisk digital kommunikation og administrationsordningen for udbetaling af skrotningsgodtgørelse m.v.
2472,58286,,1,2015-02-19 10:00:00,17,21606,3,L 85,"Forslag til lov om ændring af lov om råstoffer, lov om kystbeskyttelse og lov om havstrategi. (Ændringer af auktionsordningen og andre regler om indvinding af råstoffer på havet som følge af regeringens konkurrencepolitiske udspil og evaluering af råstofloven, ændringer som følge af overførelse af kystbeskyttelsesloven til Miljøministeriet og præcisering af gennemførelse af havstrategirammedirektivet m.v.).",Om råstofindvinding m.v.
2473,58834,,1,2015-02-19 10:00:00,17,21793,3,L 94,"Forslag til lov om ændring af lov om planlægning og lov om naturbeskyttelse. (Opfølgning på dele af Naturplan Danmark om etablering af et Grønt Danmarkskort, forbud mod gødskning og sprøjtning på § 3-beskyttede arealer og indførelse af et vejledende bødeniveau for overtrædelse af naturbeskyttelsesloven m.v.).",Om opfølgning på dele af Naturplan Danmark m.v.
2474,59201,,1,2015-02-19 10:00:00,17,21859,3,L 102,Forslag til lov om ændring af lov om udstationering af lønmodtagere m.v. (Forhøjelse af straffen for overtrædelser af grovere karakter af anmeldelsespligten til Register for Udenlandske Tjenesteydere).,Om Register for Udenlandske Tjenesteydere.
2475,59227,,1,2015-02-19 10:00:00,17,21861,3,L 111,Forslag til lov om kontantydelse.,Om kontantydelse.
2481,59214,,1,2015-02-26 10:00:00,17,21860,3,L 101,"Forslag til lov om ændring af lov om arbejdsløshedsforsikring m.v. (Forsøg vedrørende fradrag for frivilligt, ulønnet arbejde).","Om forsøg vedrørende fradrag for frivilligt, ulønnet arbejde."
2482,59095,,1,2015-02-26 10:00:00,17,21850,3,L 98,"Forslag til lov om ændring af kildeskatteloven, kursgevinstloven, selskabsskatteloven, virksomhedsskatteloven og forskellige andre love. (Exitskat og henstand for fysiske personer, gennemførelse af ændring af moder-/datterselskabsdirektivet, justering af rentefradragsbegrænsningsreglerne og opgørelsesprincipper for fordringer og gæld m.v.). ",Om harmonisering af reglerne for exitbeskatning m.v.
2483,58861,,1,2015-02-26 10:00:00,17,21796,3,L 89,Forslag til lov om ændring af lov om planlægning og lov om almene boliger m.v. (Blandet boligsammensætning).,Om blandet boligsammensætning.
2485,59667,,1,2015-02-26 10:00:00,17,21982,3,L 108,Forslag til lov om ændring af lov om almene boliger m.v. (Støtte til nedrivning af hele boligafdelinger).,Om nedrivning af hele afdelinger.
2486,59682,,1,2015-02-26 10:00:00,17,21984,3,L 109,Forslag til lov om ændring af lov om almene boliger m.v. (Sociale klausuler om uddannelses- og praktikaftaler).,Om sociale klausuler om uddannelses- og praktikaftaler.
2491,59710,,1,2015-03-10 13:00:00,17,21986,3,L 113,Forslag til lov om tillægsbevilling for 2014.,Om tillægsbevillingsloven for 2014.
2495,58900,,1,2015-03-17 13:00:00,17,21799,3,L 95,"Forslag til lov om ændring af udlændingeloven. (Styrkede kontrolmuligheder i grænseområder og lufthavne og skærpelse af bødeniveau for udlændinges ulovlige indrejse, ophold og arbejde).",Om styrkede kontrolmuligheder i grænseområder og lufthavne m.v.
2496,59188,,1,2015-03-19 10:00:00,17,21858,3,L 96,Forslag til lov om ændring af lov om ændring af lov om folkekirkens økonomi. (Ophævelse af revisionsklausul).,Om ophævelse af revisionsklausul.
2497,59149,,1,2015-03-19 10:00:00,17,21855,3,L 103,Forslag til lov om ændring af forældreansvarsloven og retsplejeloven. (Imødegåelse af samarbejdschikane m.v.).,Om at imødegå samarbejdschikane i sager om forældreansvar m.v.
2498,58273,,1,2015-03-19 10:00:00,17,21605,3,L 82,Forslag til lov om ændring af lov om leje af erhvervslokaler m.v. (Fremme af energirenovering i erhvervslejemål).,Om fremme af energirenovering i erhvervslejemål.
2499,58887,,1,2015-03-19 10:00:00,17,21798,3,L 90,"Forslag til lov om ændring af lov om statens voksenuddannelsesstøtte (SVU), lov om en aktiv beskæftigelsesindsats, ligningsloven og lov om institutioner for almengymnasiale uddannelser og almen voksenuddannelse m.v. (Forenkling af ordningen vedrørende statens voksenuddannelsesstøtte).",Om forenkling af ordningen vedrørende statens voksenuddannelsesstøtte.
2500,58874,,1,2015-03-19 10:00:00,17,21797,3,L 91,Forslag til lov om ændring af lov om akkreditering af videregående uddannelsesinstitutioner. (Ingen prækvalifikation af nye uddannelser ved sammenlægning af eksisterende uddannelser).,Om at fravige kravet om prækvalifikation ved sammenlægning af flere eksisterende uddannelser.
2501,60709,,1,2015-03-19 10:00:00,17,22149,3,L 123,"Forslag til lov om ændring af momsloven. (Importmoms på dansksprogede magasiner, tidsskrifter og lign. sendt fra lande uden for EU og bemyndigelse til lempelse og fritagelse vedrørende faktureringspligt).",Om importmoms på dansksprogede magasiner m.v.
2503,58847,,1,2015-03-24 13:00:00,17,21794,3,L 92,"Forslag til lov om ændring af varemærkeloven, designloven, patentloven og lov om brugsmodeller. (Styrket indsats mod piratkopiering ved etablering af en håndhævelsesenhed m.v.).",Om en styrket indsats mod piratkopiering ved etablering af en håndhævelsesenhed m.v.
2504,59899,,1,2015-03-24 13:00:00,17,22037,3,L 114,Forslag til lov om ændring af lov om finansiel virksomhed. (Gennemførelse af solvens II- og omnibus II-direktivet).,Om gennemførelse af solvens II- og omnibus II-direktivet.
2511,58563,,1,2015-03-26 10:00:00,17,21706,3,L 87,Forslag til lov om ændring af udlændingeloven. (Statsforvaltningens underretning af kommunerne ved udstedelse af registreringsbeviser og opholdskort efter EU-reglerne samt justering af boligkravet m.v.).,Om statsforvaltningens underretning af kommunerne ved udstedelse af registreringsbeviser og opholdskort m.v.
2512,59136,,1,2015-03-26 10:00:00,17,21854,3,L 100,Forslag til lov om restrukturering og afvikling af visse finansielle virksomheder.,Om restrukturering og afvikling af visse finansielle virksomheder.
2513,59123,,1,2015-03-26 10:00:00,17,21853,3,L 105,"Forslag til lov om ændring af lov om finansiel virksomhed, lov om finansiel stabilitet, lov om en garantifond for indskydere og investorer, lov om værdipapirhandel m.v. og ligningsloven. (Gennemførelse af direktiv om genopretning og afvikling af kreditinstitutter og investeringsselskaber (BRRD) og direktiv om indskudsgarantiordninger (DGSD)).",Om gennemførelse af direktiv om genopretning og afvikling af kreditinstitutter og investeringsselskaber og om indskudsgarantiordninger.
2515,60784,,1,2015-04-07 13:00:00,17,22155,3,L 116,"Forslag til lov om ændring af lov om anvendelse af Danmarks undergrund. (Gennemførelse af offshoresikkerhedsdirektivet, subsidiært ansvar for afvikling af anlæg, plan for afvikling af anlæg, sikkerhedsstillelse, forlængelse af geotermitilladelser, beredskab for forsyningsmæssige forhold, forsikring, digital kommunikation m.v.).",Om gennemførelse af resterende del af offshoresikkerhedsdirektivet m.v.
2518,60669,,1,2015-04-14 13:00:00,17,22145,3,L 125,Forslag til lov om ændring af lov om dansk indfødsret. (Overgang til obligatorisk digital selvbetjening ved ansøgning om dansk indfødsret ved naturalisation m.v.).,Om overgang til obligatorisk digital selvbetjening ved ansøgning om dansk indfødsret ved naturalisation m.v.
2523,59628,,1,2015-04-16 10:00:00,17,21979,3,L 110,Forslag til lov om ændring af lov om fremme af dopingfri idræt og ligningsloven. (Bekæmpelse af manipulation af idrætskonkurrencer).,Om bekæmpelse af manipulation af idrætskonkurrencer.
2524,60682,,1,2015-04-16 10:00:00,17,22146,3,L 131,Forslag til lov om ændring af lov om maritime uddannelser og lov om vurdering af udenlandske uddannelseskvalifikationer m.v. (Harmonisering af visse regler for de maritime uddannelser).,Om harmonisering af visse regler for de maritime uddannelser.
2525,57586,,1,2015-04-16 10:00:00,17,21431,3,L 67,Forslag til lov om ændring af lov om en rejsegarantifond. (Dækning af tab ved køb af flyrejser i tilfælde af rejseudbyderens konkurs m.v.).,Om dækning af tab ved køb af flyrejser i tilfælde af rejseudbyderens konkurs m.v.
2527,60810,,1,2015-04-16 10:00:00,17,22157,3,L 119,"Forslag til lov om sikkerhed ved elektriske anlæg, elektriske installationer og elektrisk materiel (elsikkerhedsloven).",Om elsikkerhedsloven.
2528,61181,,1,2015-04-16 10:00:00,17,22271,3,L 136,"Forslag til lov om ændring af sundhedsloven, lægemiddelloven og vævsloven. (Automatisk kronikertilskud, lægemiddelovervågning m.v.).","Om automatisk kronikertilskud, lægemiddelovervågning m.v."
2530,59886,,1,2015-04-16 10:00:00,17,22036,3,L 115,"Forslag til lov om ændring af lov om fremstilling, præsentation og salg af tobaksvarer. (Forbud mod salg af løs snus og lignende tobaksprodukter i Danmark).",Om forbud mod salg af løs snus og lignende tobaksprodukter i Danmark.
2534,62560,,1,2015-04-21 13:00:00,17,22604,3,L 145,"Forslag til lov om ændring af lov om Det Centrale Personregister. (Særlig adressebeskyttelse til personer, som udsættes for trusler mod deres person i forbindelse med æresrelaterede eller samlivsrelaterede konflikter m.v.).",Om særlig adressebeskyttelse til visse grupper af forfulgte personer.
2535,60797,,1,2015-04-21 13:00:00,17,22156,3,L 120,"Forslag til lov om ændring af lov om social service og lov om retssikkerhed og administration på det sociale område. (Faglig støtte til netværksplejefamilier m.fl., ændring af afgørelseskompetence i sager om ændring af anbringelsessted samt nedsættelse af alder for samtykke i afgørelser om ændring af anbringelsessted m.v.).","Om faglig støtte til netværksfamilier m.fl., ændring af afgørelseskompetence m.v."
2536,60748,,1,2015-04-21 13:00:00,17,22152,3,L 121,"Forslag til lov om ændring af adoptionsloven, lov om social service, forældreansvarsloven og lov om retssikkerhed og administration på det sociale område. (Lempelse af betingelserne for adoption uden samtykke m.v.).",Om lempelse af betingelserne for adoption uden samtykke m.v.
2537,62742,,1,2015-04-21 13:00:00,17,22618,3,L 148,"Forslag til lov om ændring af lov om Udbetaling Danmark og forskellige andre love. (Overførsel af myndighedsområder til Udbetaling Danmark og indførelse af beføjelser til, at Udbetaling Danmark kan foretage registersamkøringer på bl.a. kommunale ydelsesområder m.v.).","Om Udbetaling Danmark, registersamkøringer på bl.a. kommunale ydelsesområder m.v."
2538,62292,,1,2015-04-21 13:00:00,17,22506,3,L 139,"Forslag til lov om ændring af lov om friplejeboliger, lov om almene boliger m.v., lov om social service og lov om individuel boligstøtte. (Fri adgang til plejeboligmarkedet, ophævelse af krav om genudbud, ændring af afregningssystemet, pantsætningsforbud, forenkling af friplejeboligordningen m.v.).",Om forbedringer af friplejeboligloven m.v.
2539,63230,,1,2015-04-21 13:00:00,17,22784,3,L 161,Forslag til lov om ændring af lov om almene boliger m.v. og lov om individuel boligstøtte. (Kollektive bofællesskaber).,Om kollektive bofællesskaber.
2540,62690,,1,2015-04-21 13:00:00,17,22614,3,L 154,"Forslag til lov om ændring af lov om værdipapirhandel m.v., lov om finansiel virksomhed, lov om kreditaftaler, lov om finansielle rådgivere, lov om pantebrevsselskaber, lov om realkreditlån og realkreditobligationer m.v. og forskellige andre love. (Ret til basal indlånskonto, gennemførelse af ændringer til gennemsigtighedsdirektivet, modernisering af reglerne for indsendelse af årsrapporter, udvidelse af forsikringsselskabers drift af anden virksomhed, præcisering af regulering af refinansieringsrisiko for realkreditobligationer m.v. og gennemførelse af boligkreditdirektivet m.v.).",Om ret til basal indlånskonto m.v.
2542,61140,,1,2015-04-21 13:00:00,17,22267,3,L 133,Forslag til lov om anlæg af motorvej syd om Regstrup.,Om anlæg af motorvej syd om Regstrup.
2543,62612,,1,2015-04-21 13:00:00,17,22608,3,L 143,Forslag til lov om ændring af lov om anlæg af en jernbanestrækning København-Ringsted over Køge. (Bemyndigelse til etablering af niveaufri udfletning ved Ny Ellebjerg med dertilhørende anlæg).,Om bemyndigelse til etablering af niveaufri udfletning ved Ny Ellebjerg.
2544,60771,,1,2015-04-21 13:00:00,17,22154,3,L 126,"Forslag til lov om ændring af lov om miljøbeskyttelse og lov om planlægning. (Bemyndigelse til at fastsætte regler om anmeldelse, om vilkår for etablering og drift og om sagsbehandling).",Om bemyndigelse til at fastsætte regler om anmeldelse m.v. i  lov om miljøbeskyttelse og lov om planlægning.
2545,62599,,1,2015-04-21 13:00:00,17,22607,3,L 155,Forslag til lov om ændring af lov om vandforsyning m.v. og lov om afgift af ledningsført vand. (Grundvandskortlægning efter 2015 og nedsættelse og forlængelse af bidrag til drikkevandsbeskyttelse m.v.).,Om grundvandkortlægning efter 2015.
2546,63504,,1,2015-04-21 13:00:00,17,22870,3,L 165,Forslag til lov om ændring af lov om planlægning. (Midlertidige opholdssteder til flygtninge).,Om midlertidige opholdssteder til flygtninge.
2547,61168,,1,2015-04-21 13:00:00,17,22270,3,L 134,"Forslag til lov om ændring af dyreværnsloven og lov om dyrlæger. (Forbud mod seksuel omgang eller seksuelle handlinger med dyr, forbud mod salg af hunde på markeder, avl af familie- og hobbydyr, ændret rådsstruktur m.v.).",Om at forbedre velfærden for hunde og øvrige familie- og hobbydyr m.v.
2551,63191,,1,2015-04-28 13:00:00,17,22781,3,L 159,Forslag til lov om ændring af lov om kommunal udligning og generelle tilskud til kommuner. (Nedsættelse af færgetakster for godstransport til og fra øer).,Om nedsættelse af færgetakster for godstransport til og fra øer.
2552,62573,,1,2015-04-28 13:00:00,17,22605,3,L 152,Forslag til lov om internationale sikkerhedsrettigheder i flymateriel.,Om internationale sikkerhedsrettigheder i flymateriel.
2553,59695,,1,2015-04-28 13:00:00,17,21985,3,L 112,Forslag til lov om ændring af lov om jordbrugets anvendelse af gødning og om plantedække. (Justering af reglerne om plantedække m.v.).,Om justering af reglerne om plantedække m.v.
2554,62638,,1,2015-04-28 13:00:00,17,22610,3,L 141,Forslag til lov om anlæg og drift af en fast forbindelse over Femern Bælt med tilhørende landanlæg i Danmark.,Om anlæg og drift af en fast forbindelse over Femern Bælt.
2555,62625,,1,2015-04-28 13:00:00,17,22609,3,L 142,"Forslag til lov om ændring af lov om Sund og Bælt Holding A/S, lov om projektering af fast forbindelse over Femern Bælt med tilhørende landanlæg i Danmark og selskabsskatteloven. (Ophævelse af særbestemmelser vedrørende skat).",Om projektering af fast forbindelse over Femern Bælt med tilhørende landanlæg i Danmark og selskabsskatteloven.
2556,38471,,1,2015-04-28 13:00:00,17,13014,3,L 35,"Forslag til lov om ændring af lov om apoteksvirksomhed og lov om tinglysning. (Friere adgang til oprettelse m.v. af apoteksfilialer, veterinærafdelinger og apoteksudsalg, ændret procedure for Sundhedsstyrelsens meddelelse af apotekerbevilling og bidrag ved ansættelse af sygehusapotekere, ophævelse af apotekeres adgang til statsgaranti ved lånoptagelse m.v.).",Om lov om apoteksvirksomhed.
2557,61209,,1,2015-04-28 13:00:00,17,22274,3,L 137,"Forslag til lov om ændring af lov om anvendelse af tvang i psykiatrien. (Fastlæggelse af mindreårige psykiatriske patienters retsstilling, indførelse af ny formålsbestemmelse, skærpede kriterier for tvangsfiksering, ændring af kriterierne for åbning og kontrol af post, undersøgelse af patientstuer og ejendele samt kropsvisitation m.v.).",Om fastlæggelse af mindreårige psykiatriske patienters retsstilling m.v.
2558,62677,,1,2015-04-28 13:00:00,17,22613,3,L 150,Forslag til lov om statstilskud til elintensive virksomheder.,Om statstilskud til elintensive virksomheder.
2559,62664,,1,2015-04-28 13:00:00,17,22612,3,L 151,Forslag til lov om ændring af lov om elforsyning. (Justering og udskydelse af engrosmodellen og udskydelse af leveringspligten).,Om justering og udskydelse af engrosmodellen og udskydelse af leveringspligten.
2560,62586,,1,2015-04-28 13:00:00,17,22606,3,L 144,Forslag til lov om ændring af lov om afgift af elektricitet og momsloven. (Tilpasninger til engrosmodellen m.v. og indførelse af omvendt betalingspligt på gas- og elmarkedet).,"Om tilpasninger til engrosmodellen m.v.
"
2564,60696,,1,2015-04-30 10:00:00,17,22148,3,L 130,Forslag til lov om kommunale internationale grundskoler.,Om kommunale internationale grundskoler.
2572,62757,,1,2015-05-07 10:00:00,17,22619,3,L 149,"Forslag til lov om ændring af SU-loven, lov om erhvervsakademiuddannelser og professionsbacheloruddannelser og lov om specialpædagogisk støtte ved videregående uddannelser. (Statens uddannelsesstøtte til supplering i forbindelse med adgangskurset til ingeniøruddannelserne, hjemmel til elektronisk at indhente oplysninger fra indkomstregisteret og til at samkøre og sammenstille oplysningerne i kontroløjemed m.v.).",Om statens uddannelsesstøtte til supplering i forbindelse med adgangskurset til ingeniøruddannelserne m.v.
2579,61194,,1,2015-05-12 13:00:00,17,22272,3,L 132,"Forslag til lov om ændring af lov om social service og lov om socialtilsyn. (Tilbud om anonym, ambulant behandling af stofmisbrugere m.v.).","Om tilbud om anonym, ambulant behandling af stofmisbrugere m.v."
2580,62279,,1,2015-05-12 13:00:00,17,22505,3,L 138,"Forslag til lov om ændring af lov om social service. (Udvidet og styrket indsats for kvinder på krisecentre og orienteringspligt for kvindekrisecentre, forsorgshjem og herberger m.v.).",Om udvidet og styrket indsats for kvinder på krisecentre m.v.
2581,63217,,1,2015-05-12 13:00:00,17,22783,3,L 162,Forslag til jernbanelov.,Om en jernbanelov.
2582,62651,,1,2015-05-12 13:00:00,17,22611,3,L 156,Forslag til lov om ændring af lov om udendørs hold af svin. (Ophævelse af revisionsbestemmelse).,Om ophævelse af revisionsbestemmelse.
2583,63924,,1,2015-05-12 13:00:00,17,22955,3,L 168,Forslag til lov om ændring af arkivloven. (Særlig regulering i arkivloven af Dansk AlmenMedicinsk Database (DAMD)).,Om særlig regulering i arkivloven af Dansk AlmenMedicinsk Database (DAMD).
2588,63543,,1,2015-05-12 00:00:00,17,22873,3,L 163,"Forslag til lov om ændring af lov om fremme af vedvarende energi, lov om tilskud til fremme af vedvarende energi i virksomheders produktionsprocesser og lov om elforsyning. (Ny ansøgningsprocedure og grænse på 500 kW for støtte til bl.a. solcelleanlæg og husstandsvindmøller, investeringstilskud og driftsstøtte til kraft-varme-værker, afregningsvilkår for Horns Rev 3 og ophævelse af treledstariffen m.v.).",Om ny ansøgningsprocedure og grænse for støtte til bl.a. solcelleanlæg og husstandsvindmøller m.v.
2591,63872,,1,2015-05-19 13:00:00,17,22951,3,L 169,Forslag til lov om ændring af lov om aktiv socialpolitik. (Justering af regler om tilskud til tandpleje m.v.).,Om justering af regler om tilskud til tandpleje m.v.
2592,63815,,1,2015-05-19 13:00:00,17,22946,3,L 176,Forslag til lov om en ordning for økonomisk risikoafdækning i forbindelse med geotermiboringer.,Om en ordning for økonomisk risikoafdækning i forbindelse med geotermiboringer.
2593,63828,,1,2015-05-19 13:00:00,17,22947,3,L 177,Forslag til lov om ændring af lov om varmeforsyning og byggeloven. (Kommuners adgang til varetagelse af varmeforsyningsvirksomhed samt bygningsopvarmning baseret på vedvarende energi m.v.).,Om kommuners adgang til varetagelse af varmeforsyningsvirksomhed m.v.
2594,64872,,1,2015-05-19 13:00:00,17,23127,3,L 185,Forslag til lov om ændring af udlændingeloven og lov om ferie. (Udmøntning af aftalen om en bedre au pair-ordning m.v.).,Om udmøntning af aftalen om en bedre au pair-ordning m.v.
2595,63939,,1,2015-05-19 13:00:00,17,22957,3,L 180,"Forslag til lov om ændring af lov om friskoler og private grundskoler m.v. og lov om efterskoler og frie fagskoler. (Tilskud til inklusion, specialundervisning og anden specialpædagogisk bistand på frie skoler og enkeltfagsprøve på frie fagskoler m.v.).","Om tilskud til inklusion, specialundervisning og anden specialpædagogisk bistand på frie skoler m.v."
2597,63517,,1,2015-05-19 13:00:00,17,22871,3,L 166,Forslag til lov om ændring af lov om vederlag og pension m.v. for ministre. (Forlængelse af perioden for midlertidig nedsættelse af grundvederlag til ministre).,Om forlængelse af perioden for midlertidig nedsættelse af grundvederlag til ministre.
2610,60836,,1,2015-05-21 10:00:00,17,22159,3,L 117,"Forslag til lov om ændring af årsregnskabsloven og forskellige andre love. (Reduktion af administrative byrder, tilpasning til de internationale regnskabsstandarder, gennemførelse af det nye regnskabsdirektiv og af ændringer til gennemsigtighedsdirektivet m.v.).","Om reduktion af administrative byrder, tilpasning til de internationale regnskabsstandarder, gennemførelse af det nye regnskabsdirektiv og af ændringer til gennemsigtighedsdirektivet m.v."
2619,63911,,1,2015-05-26 13:00:00,17,22954,3,L 178,"Forslag til lov om ændring af lov om udenrigstjenesten. (Ansættelse af tjenestemænd på åremål, ændring af proceduren for at stille en tjenestemand til rådighed, ophævelse af reglerne om notarialforretninger m.v.).",Om regulering af ansættelse af tjenestemænd på åremål i udenrigstjenesten m.v.
2620,62716,,1,2015-05-26 13:00:00,17,22616,3,L 153,"Forslag til lov om ændring af lov om detailsalg fra butikker m.v., lov om forbrugerbeskyttelse ved erhvervelse af fast ejendom m.v., lov om søfarendes ansættelsesforhold m.v., lov om kommuners og regioners udførelse af opgaver for andre offentlige myndigheder og kommuners og regioners deltagelse i selskaber og forskellige andre love og om ophævelse af lov om translatører og tolke og ophævelse af lov om dispachører. (Lempelse af dispensationsadgang for detailsalg på helligdage, afskaffelse af maksimalpriser i huseftersynsordningen, minimumsbeskyttelse af visse personkategorier om bord på skibe, afskaffelse af indberetningspligten for kommuners og regioners deltagelse i selskaber og afskaffelse af beskikkelsesordning for translatører og tolke samt for dispachører m.v.).",Om lempelse af dispensationsadgang for detailsalg på helligdage m.v.
2621,62703,,1,2015-05-26 13:00:00,17,22615,3,L 157,"Forslag til lov om ændring af lov om graveadgang og ekspropriation m.v. til telekommunikationsformål, lov om elektroniske kommunikationsnet og -tjenester og konkurrenceloven. (Fælles udnyttelse af passiv fysisk infrastruktur, forberedelse af bygninger til højhastighedsnet, krav til øget sikring af ikkediskrimination ved lancering af nye eller væsentligt ændrede detailprodukter, sektorspecifik fusionskontrol og gratis wifi til turismeformål m.v.).",Om fælles udnyttelse af passiv fysisk infrastruktur m.v.
2622,63841,,1,2015-05-26 13:00:00,17,22948,3,L 172,"Forslag til lov om ændring af selskabsloven, lov om visse erhvervsdrivende virksomheder, lov om forebyggende foranstaltninger mod hvidvask af udbytte og finansiering af terrorisme og skattekontrolloven. (Gennemførelse af en del af initiativerne i skattelypakken på erhvervsområdet).",Om gennemførelse af en del af initiativerne i skattelypakken på erhvervsområdet.
2623,63952,,1,2015-05-26 13:00:00,17,22958,3,L 181,"Forslag til lov om ændring af lov om folkeskolen. (Indførelse af fælles prøve i fysik/kemi, biologi og geografi, ændring af bedømmelsesordning ved folkeskolens skriftlige prøver m.v.).","Om indførelse af fælles prøve i fysik/kemi, biologi og geografi m.v."
2624,63802,,1,2015-05-26 13:00:00,17,22945,3,L 174,"Forslag til lov om ændring af lov om godskørsel og lov om buskørsel. (Ansatte chauffører, ophævelse af chaufførudlånsordningen, aflønning af chaufførvikarer, udvidet anvendelse af overenskomstnævnet, ændring af domstolsprøvelse i visse sager m.v.).",Om anvendelse af egne chauffører m.v.
2625,63789,,1,2015-05-26 13:00:00,17,22944,3,L 175,Forslag til lov om anlæg af en ny Storstrømsbro og nedrivning af den eksisterende Storstrømsbro.,Om anlæg af en ny Storstrømsbro og nedrivning af den eksisterende Storstrømsbro.
2638,67003,,1,2015-08-26 13:00:00,17,27237,3,L 2,"Forslag til lov om ændring af lov om aktiv socialpolitik, lov om en aktiv beskæftigelsesindsats, integrationsloven og forskellige andre love. (Indførelse af en integrationsydelse, ændring af reglerne om ret til uddannelses- og kontanthjælp m.v.).","Om indførelse af en integrationsydelse, ændring af reglerne om ret til uddannelses- og kontanthjælp."
2639,67016,,1,2015-08-26 13:00:00,17,27238,3,L 5,Forslag til lov om ændring af ligningsloven. (Genindførelse af boligjobordningen).,Om genindførelse af boligjobordningen.
2640,67042,,1,2015-08-26 13:00:00,17,27241,3,L 6,Forslag til lov om ændring af opkrævningsloven og selskabsskatteloven. (Ændring af rentetillæg for afregning af selskabsskat og begrænsning af indestående på skattekontoen m.v.).,Om ændring af rentetillæg for afregning af selskabsskat og begrænsning af indestående på skattekontoen.
2641,67055,,1,2015-08-26 13:00:00,17,27242,3,L 7,Forslag til lov om ændring af lov om børnetilskud og forskudsvis udbetaling af børnebidrag og lov om en børne- og ungeydelse. (Genindførelse af optjeningsprincippet for ret til børnetilskud og børne- og ungeydelse for flygtninge m.v.).,Om optjeningsprincippet for ret til børnetilskud og børne- og ungeydelse for flygtninge.
2656,67990,,1,2015-11-12 10:00:00,17,27717,3,L 18,Forslag til lov om ændring af lov om inddrivelse af gæld til det offentlige. (Udskydelse af forældelse som følge af utilstrækkelig funktionalitet i Et Fælles Inddrivelsessystem).,Om udskydelse af forældelse som følge af utilstrækkelig funktionalitet i Et Fælles Inddrivelsessystem.
2666,68003,,1,2015-11-12 10:00:00,17,27718,3,L 29,Forslag til lov om omdannelse af retsforbeholdet til en tilvalgsordning.,Om omdannelse af retsforbeholdet til en tilvalgsordning.
2684,68029,,1,2015-11-19 10:00:00,17,27720,3,L 11,Forslag til lov om ændring af lov om elforsyning og lov om Energinet.dk. (Støtte til eksisterende naturgasfyrede industrielle kraft-varme-værker m.v.).,Om støtte til eksisterende naturgasfyrede industrielle kraft-varme-værker m.v.
2691,70894,,1,2015-11-20 15:00:00,17,28412,3,L 62,Forslag til lov om ændring af udlændingeloven. (Håndtering af flygtninge- og migrantsituationen).,Om håndtering af flygtninge- og migrantsituationen.
2693,69504,,1,2015-12-04 10:00:00,17,28069,3,L 37,"Forslag til lov om ændring af lov om finansiel virksomhed, lov om investeringsforeninger m.v., lov om værdipapirhandel m.v. og forskellige andre love. (Gennemførelse af UCITS V-direktivet, indfasning af nyt likviditetsdækningskrav for penge- og realkreditinstitutter og hjemmel for Finanstilsynet til at indsamle og offentliggøre priser på boliglån).",Om gennemførelse af UCITS V-direktivet m.v.
2694,69530,,1,2015-12-04 10:00:00,17,28071,3,L 38,"Forslag til lov om ændring af lov om betalingstjenester og elektroniske penge. (Loft over interbankgebyrer, tilsyn med forordningen om interbankgebyrer m.v.).",Om interbankgebyrer m.v.
2697,67964,,1,2015-12-08 13:00:00,17,27715,3,L 14,"Forslag til lov om ændring af lov om spil, lov om afgifter af spil og lov for Grønland om visse spil. (Justering af gebyrskalaen for væddemål og onlinekasino, månedsafregning for væddemål og onlinekasino m.v.).",Om justering af gebyrskalaen for væddemål og onlinekasino m.v.
2698,67938,,1,2015-12-08 13:00:00,17,27713,3,L 15,"Forslag til lov om ændring af lov om spil, lov om afgifter af spil, lov for Grønland om visse spil og forskellige andre love. (Natlukning af spillehaller med gevinstgivende spilleautomater og ophævelse af reglen om nedslag i afgiften for udlodninger m.v.).",Om natlukning af spillehaller med gevinstgivende spilleautomater m.v.
2699,68091,,1,2015-12-08 13:00:00,17,27725,3,L 20,Forslag til lov for Grønland om kapitalkrav og tilsynsmæssige krav for kreditinstitutter og investeringsselskaber.,Om kapitalkrav og tilsynsmæssige krav for kreditinstitutter og investeringsselskaber i Grønland.  
2700,67847,,1,2015-12-08 13:00:00,17,27706,3,L 27,Forslag til lov om ændring af lov om arbejdsskadesikring i Grønland. (Tekniske justeringer).,Om arbejdsskadesikring i Grønland (tekniske justeringer).
2706,68078,,1,2015-12-10 10:00:00,17,27724,3,L 9,"Forslag til lov om ændring af lov om Forsvarets Efterretningstjeneste (FE). (Styrket indsats mod aktiviteter i udlandet, der kan indebære en terrortrussel mod Danmark og danske interesser).",Om Forsvarets Efterretningstjeneste og indsats mod terrortrusler mod Danmark.
2707,68052,,1,2015-12-10 10:00:00,17,27722,3,L 10,Forslag til lov om net- og informationssikkerhed.,Om net- og informationssikkerhed.
2708,68143,,1,2015-12-10 10:00:00,17,27729,3,L 4,Forslag til lov om ændring af udlændingeloven. (Gennemførelse af den reviderede Eurodac-forordning).,Om gennemførelse af den reviderede Eurodac-forordning.
2709,68169,,1,2015-12-10 10:00:00,17,27731,3,L 5,"Forslag til lov om ændring af lov om social service. (Målrettet rådgivning til voksne, der er i risiko for radikalisering, eller som ønsker at forlade ekstremistiske miljøer).",Om målrettet rådgivning til voksne i risiko for radikalisering m.v. 
2710,67808,,1,2015-12-10 10:00:00,17,27703,3,L 25,Forslag til lov om ansættelsesklausuler.,Om ansættelsesklausuler.
2711,67834,,1,2015-12-10 10:00:00,17,27705,3,L 26,"Forslag til lov om ændring af lov om Arbejdsmarkedets Tillægspension, lov om Lønmodtagernes Dyrtidsfond, lov om arbejdsløshedsforsikring m.v. og forskellige andre love. (Ændring af investeringsregler som følge af solvens II, undtagelse af investeringsdel fra lov om offentlighed i forvaltningen, fritagelse for betaling af finansieringsbidrag m.v.).",Om ændring af investeringsregler som følge af solvens II m.v.
2712,67821,,1,2015-12-10 10:00:00,17,27704,3,L 28,"Forslag til lov om ændring af lov om Ligebehandlingsnævnet. (Indførelse af krav om retlig interesse, formandsafgørelser samt mulighed for, at Institut for Menneskerettigheder – Danmarks Nationale Menneskerettighedsinstitution kan indbringe visse sager for Ligebehandlingsnævnet m.v.).",Om Ligebehandlingsnævnets virksomhed.
2713,69452,,1,2015-12-10 10:00:00,17,28064,3,L 34,"Forslag til lov om ændring af lov om tilbagelevering af kulturgoder, som ulovligt er fjernet fra et EU-medlemslands område m.v., og lov om fuldbyrdelse af visse strafferetlige afgørelser i Den Europæiske Union. (Gennemførelse af Europa-Parlamentets og Rådets direktiv 2014/60/EU af 15. maj 2014 om tilbagelevering af kulturgoder).",Om gennemførelse af direktiv om tilbagelevering af kulturgoder.
2716,165355,,1,2015-12-11 10:00:00,17,67309,3,L 74,Forslag til lov om ændring af udlændingeloven. (Transportøransvar i forbindelse med midlertidig grænsekontrol ved indre Schengengrænser).,Om transportøransvar i forbindelse med midlertidig grænsekontrol.
2718,68117,,1,2015-12-15 13:00:00,17,27727,3,L 22,"Forslag til lov om ændring af retsplejeloven, lov om Domstolsstyrelsen og lov om retsafgifter. (Digitalisering af retsprocessen i borgerlige sager, oprettelse af en domsdatabase m.v.).","Om digitalisering af retsprocessen i borgerlige sager, domsdatabase m.v."
2719,68156,,1,2015-12-15 13:00:00,17,27730,3,L 24,Forslag til lov om ændring af straffeloven. (Tilslutning til fjendtlig væbnet styrke).,Om ændring af straffeloven med hensyn til tilslutning til fjendtlig væbnet styrke.
2806,67977,,1,2015-12-17 10:00:00,17,27716,3,L 1,Forslag til finanslov for finansåret 2016.,Forslag til finanslov for finansåret 2016.
2807,67886,,1,2015-12-17 10:00:00,17,27709,3,L 2,"Forslag til lov om fastsættelse af udgiftslofter for stat, kommuner og regioner for finansåret 2019.","Om udgiftslofter for stat, kommuner og regioner for finansåret 2019."
2808,67925,,1,2015-12-17 10:00:00,17,27712,3,L 3,"Forslag til lov om ændring af lov om fastsættelse af udgiftslofter for stat, kommuner og regioner for finansårene 2014-2017 og lov om fastsættelse af udgiftslofter for stat, kommuner og regioner for finansåret 2018. (Konsekvenser af regeringens forslag til finanslov for 2016).","Om fastsættelse af udgiftslofter for stat, kommuner og regioner for finansårene 2014-2017 og fastsættelse af udgiftsloft for finansåret 2018."
2809,70531,,1,2015-12-17 10:00:00,17,28313,3,L 49,"Forslag til lov om ændring af lov om institutioner for almengymnasiale uddannelser og almen voksenuddannelse m.v., lov om institutioner for erhvervsrettet uddannelse og forskellige andre love. (Tilskud til fjernundervisning m.v.).",Om tilskud til fjernundervisning m.v.
2810,68195,,1,2015-12-17 10:00:00,17,27733,3,L 6,Forslag til lov om ændring af forskellige lovbestemmelser om klageadgang og kompetence m.v. på det familieretlige område. (Ankestyrelsen som familieretlig klagemyndighed m.v.).,Om Ankestyrelsen som familieretlig klagemyndighed m.v.
2811,68182,,1,2015-12-17 10:00:00,17,27732,3,L 7,Forslag til lov om ændring af adoptionsloven. (Et nyt adoptionssystem m.v.).,Om et nyt adoptionssystem m.v.
2812,68208,,1,2015-12-17 10:00:00,17,27734,3,L 8,"Forslag til lov om ændring af lov om valg til Folketinget, lov om valg af danske medlemmer til Europa-Parlamentet, lov om kommunale og regionale valg og lov om økonomisk støtte til politiske partier m.v. (Anmeldelse af kandidatlister, afskaffelse af pligt til opstilling til kommunale og regionale valg, åbningstid på valgdagen, frister for brevstemmeafgivning m.v.).","Om anmeldelse af kandidatlister til valg, afskaffelse af pligt til opstilling til kommunale og regionale valg m.v."
2813,69478,,1,2015-12-17 10:00:00,17,28067,3,L 36,Forslag til lov om indfødsrets meddelelse.,Om indfødsrets meddelelse.
2814,69491,,1,2015-12-17 10:00:00,17,28068,3,L 39,Forslag til lov om ændring af lov om mæglings- og klageinstitutionen for ansvarlig virksomhedsadfærd. (Ophævelse af revisionsbestemmelse).,Om ophævelse af revisionsbestemmelse i lov om mæglings- og klageinstitutionen for ansvarlig virksomhedsadfærd.
2815,70518,,1,2015-12-17 10:00:00,17,28312,3,L 51,Forslag til lov om ændring af lov om planlægning og lov om midlertidig regulering af boligforholdene. (Udvidelse af fleksboligordningen).,Om udvidelse af fleksboligordningen.
2816,68065,,1,2015-12-17 10:00:00,17,27723,3,L 21,Forslag til lov om ændring af lov om fremgangsmåden ved ekspropriation vedrørende fast ejendom og lov om offentlige veje m.v. (Udvidelse af adgangen til udpegning af kommissarier og formænd for taksationskommissioner og overtaksationskommissioner).,Om udvidelse af adgangen til udpegning af kommissarier og formænd for taksationskommissioner og overtaksationskommissioner. 
2827,70036,,1,2015-12-18 10:00:00,17,28180,3,L 40,"Forslag til lov om ændring af lov om social pension, lov om arbejdsskadesikring og lov om afgift af bidraget til Arbejdsmarkedets Erhvervssygdomssikring og af arbejdsulykkeerstatninger m.v. (Regulering af folkepensionsalderen, ændring af revisionsbestemmelse m.v.)",Om regulering af folkepensionsalderen m.v.
2828,70479,,1,2015-12-18 10:00:00,17,28309,3,L 45,"Forslag til lov om ændring af kursgevinstloven, ligningsloven, pensionsafkastbeskatningsloven, statsskatteloven og forskellige andre love. (Skattemæssig behandling af negative renter, forrentning af pensionsafkastskat og renter vedrørende visse pensionsordninger m.v.).",Om skattemæssig behandling af negative renter m.v.
2829,70427,,1,2015-12-18 10:00:00,17,28305,3,L 46,"Forslag til lov om ændring af skattekontrolloven, arbejdsmarkedsbidragsloven, kildeskatteloven, ligningsloven og pensionsbeskatningsloven. (Indførelse af land for land-rapportering for store multinationale koncerner, gennemførelse af ændring af direktiv om administrativt samarbejde på beskatningsområdet m.v.).",Om indførelse af land for land-rapportering for store multinationale koncerner m.v.
2843,70062,,1,2015-12-21 10:00:00,17,28182,3,L 44,Forslag til lov om ændring af sundhedsloven og lov om socialtilsyn. (Øget kvalitet i alkoholbehandlingen).,Om øget kvalitet i alkoholbehandlingen.
2844,70505,,1,2015-12-21 10:00:00,17,28311,3,L 47,Forslag til lov om ændring af lov om social service. (Målretning af de forebyggende hjemmebesøg).,Om målretning af de forebyggende hjemmebesøg.
2845,68016,,1,2015-12-21 10:00:00,17,27719,3,L 12,"Forslag til lov om ændring af lov om miljøvenligt design af energirelaterede produkter, lov om energimærkning af energirelaterede produkter, lov om fremme af energibesparelser i bygninger, lov om fjernkøling og lov om fremme af besparelser i energiforbruget. (Skærpet håndhævelse af dokumentationskrav til ecodesign og energimærkning af energirelaterede produkter, justering af forpligtelsen til at lade udarbejde energimærkning for bygninger med ejerlejligheder, lettelse af vilkårene for godkendelse som bedre bolig-rådgiver og faktureringsoplysninger til fjernkølingskunder m.v.).",Om skærpet håndhævelse af dokumentationskrav til ecodesign og energimærkning af energirelaterede produkter m.v.
2846,68820,,1,2015-12-21 10:00:00,17,27955,3,L 30,Forslag til lov om ændring af lov om fremme af vedvarende energi. (Nedsættelse af støtte for husstandsvindmøller).,Om nedsættelse af støtte for husstandsvindmøller.
2847,69517,,1,2015-12-21 10:00:00,17,28070,3,L 33,"Forslag til lov om ændring af lov om luftfart. (Fri adgang til og fra ankomst- og afgangsterminaler, trafikledelsesordninger på flyvepladsernes områder og opkrævning af betaling).","Om fri adgang til og fra ankomst- og afgangsterminaler, trafikledelsesordninger m.v."
2848,69439,,1,2015-12-21 10:00:00,17,28061,3,L 32,Forslag til lov om anerkendelse af visse uddannelses- og erhvervsmæssige kvalifikationer.,Om anerkendelse af visse uddannelses- og erhvervsmæssige kvalifikationer.
2849,70388,,1,2015-12-21 10:00:00,17,28302,3,L 57,Forslag til lov om ændring af lov om fødevarer. (Ændret finansiering af kontrolkampagner og kosttilskudskontrol og indførelse af mulighed for rekvireret vejledning).,Om finansiering af kontrolkampagner og kosttilskudskontrol m.v.
2850,69426,,1,2015-12-21 09:00:00,17,28059,3,L 31,"Forslag til lov om ændring af lov om arbejdsmiljø. (Risikobaseret tilsyn, offentliggørelse af navne på virksomheder under skærpet tilsyn, skærpelse af straf og offentliggørelse af arbejdspladsvurdering vedrørende elektromagnetiske felter m.v.).",Om risikobaseret tilsyn m.v. på arbejdsmiljøområdet.
2851,70414,,1,2015-12-21 10:00:00,17,28304,3,L 54,Forslag til lov om ændring af lov om Fonden for Forebyggelse og Fastholdelse. (Ændring af organiseringen og administrationen af Fonden for Forebyggelse og Fastholdelse).,Om organiseringen og administrationen af Fonden for Forebyggelse og Fastholdelse.
2852,70401,,1,2015-12-21 10:00:00,17,28303,3,L 55,"Forslag til lov om ændring af lov om sygedagpenge, lov om en aktiv beskæftigelsesindsats, lov om organisering og understøttelse af beskæftigelsesindsatsen m.v., lov om aktiv socialpolitik og lov om ferie. (Midlertidig periode med ret til sygedagpenge ved livstruende, alvorlig sygdom m.v.).","Om midlertidig periode med ret til sygedagpenge ved livstruende, alvorlig sygdom m.v."
2853,71078,,1,2015-12-21 10:00:00,17,28466,3,L 66,"Forslag til lov om ændring af lov om en aktiv beskæftigelsesindsats og lov om kommunal udligning og generelle tilskud til kommuner. (Ændret minimumskrav til mentorindsats, sammenlægning af rammer for mentor og aktiv indsats m.v.).","Om ændret minimumskrav til mentorindsats på beskæftigelsesområdet, sammenlægning af rammer for mentor og aktiv indsats m.v."
2854,67912,,1,2015-12-21 10:00:00,17,27711,3,L 13,"Forslag til lov om ændring af kildeskatteloven, momsloven og skattekontrolloven. (Ophævelse af hjemmel til kontrol af udendørs byggeaktivitet på privat grund – retssikkerhedspakke I).",Om ophævelse af hjemmel til kontrol af udendørs byggeaktivitet på privat grund - Retssikkerhedspakke I.
2855,67873,,1,2015-12-21 10:00:00,17,27708,3,L 16,Forslag til lov om ændring af tonnageskatteloven og sømandsbeskatningsloven. (Udvidelse af tonnageskatteordningen med en række specialskibe).,Om udvidelse af tonnageskatteordningen med en række specialskibe.
2856,67899,,1,2015-12-21 10:00:00,17,27710,3,L 17,"Forslag til lov om ændring af lov om kommunal ejendomsskat
og lov om vurdering af landets faste ejendomme (Fritagelse for grundskyld for ejendomme ramt af kystnedbrydning og vurdering af visse ejendomme med hjemfaldspligt).",Om fritagelse for grundskyld for ejendomme ramt af kystnedbrydning.
2857,167590,,1,2015-12-21 09:00:00,17,67644,3,L 56 A,"Forslag til lov om ændring af momsloven og forskellige
andre love. (Momsgodtgørelse for ambassader m.v., bemyndigelse til momskontrol af betalingsoplysninger, tilpasning af reglerne om herboende repræsentant for motoransvars- og lystfartøjsforsikringer, tilpasning af adgangen til registrering af oplysninger i Køretøjsregisteret, afskaffelse af befordringsfradrag m.v. for skattefritagne personer m.v.)","Om momsgodtgørelse for ambassader, momskontrol, Køretøjsregisteret, befordringsfradrag m.v."
2858,167593,,1,2015-12-21 09:00:00,17,67645,3,L 56 B,"Forslag til lov om ændring af lov om registrering af køretøjer.
(Tilpasning af adgangen til indhentelse af oplysninger
i Køretøjsregisteret).","Om tilpasning af adgangen til indhentelse af oplysninger
i Køretøjsregisteret."
2859,70802,,1,2015-12-21 10:00:00,17,28401,3,L 61,"Forslag til lov om ændring af registreringsafgiftsloven, brændstofforbrugsafgiftsloven og forskellige andre love. (Indfasning af eldrevne og brændselscelledrevne køretøjer i grøn ejerafgift og registreringsafgift m.v.).",Om indfasning af eldrevne og brændselscelledrevne køretøjer i grøn ejerafgift og registreringsafgift m.v.
2860,70841,,1,2015-12-21 10:00:00,17,28404,3,L 64,Forslag til lov om ændring af ligningsloven. (Forhøjelse af fradrag for passage af Storebæltsforbindelsen).,Om forhøjelse af fradrag for passage af Storebæltsforbindelsen.
2861,70815,,1,2015-12-21 10:00:00,17,28402,3,L 65,Forslag til lov om ophævelse af reklameafgiftsloven. (Ophævelse af reklameafgiftsloven).,Om ophævelse af reklameafgiftsloven.
2862,71118,,1,2015-12-21 10:00:00,17,28471,3,L 69,Forslag til lov om ændring af registreringsafgiftsloven. (Nedsættelse af registreringsafgiftens højeste sats for personbiler m.v.).,Om nedsættelse af registreringsafgiftens højeste sats for personbiler m.v.
2863,70789,,1,2015-12-21 10:00:00,17,28400,3,L 70,"Forslag til lov om ændring af lov om afgift af kvælstofoxider og forskellige andre love. (Nedsættelse af NOx-afgiften, tilretning og senere ophævelse af NOx-afgiftsloven, indførelse af forbrugsregistrering for afgifterne på affaldsvarme og ændring af visse miljø- og energiafgifter).","Om bundfradraget i NOx-afgiften, senere ophævelse af NOx-afgiftsloven, afgifter på affaldsvarme m.v."
2864,70854,,1,2015-12-21 09:00:00,17,28405,3,L 60,Forslag til lov om indfødsretsprøven af 2015.,Om indfødsretsprøve.
2865,165368,,1,2015-12-21 09:00:00,17,67310,3,L 75,"Forslag til lov om ændring af integrationsloven og lov om planlægning. (Midlertidig indkvartering af flygtninge).
",Om midlertidig indkvartering af flygtninge.
2866,68130,,1,2015-12-21 09:00:00,17,27728,3,L 23,Forslag til lov om ændring af lov om Politiets Efterretningstjeneste (PET) og toldloven. (Politiets Efterretningstjenestes adgang til oplysninger om flypassagerer i terrorsager m.v. og SKATs håndtering af oplysninger om flypassagerer i forbindelse med toldkontrol m.v.).,Om adgang til og håndtering af oplysninger om flypassagerer m.v.
2870,69465,,1,2016-01-19 13:00:00,17,28065,3,L 35,"Forslag til lov om ændring af myndighedsloven for Grønland, lov om ikrafttræden for Grønland af lov om ægteskabets retsvirkninger, retsplejelov for Grønland og kriminallov for Grønland. (Ændringer som følge af ikraftsættelse for Grønland af forældreansvarslovgivningen og lovgivningen om ægteskab mellem to personer af samme køn).",Om ændringer af lovgivning for Grønland som følge af forældreansvarslovgivningen m.v.
2875,70492,,1,2016-01-21 10:00:00,17,28310,3,L 50,Forslag til lov om EKF Danmarks Eksportkredit.,Om EKF Danmarks Eksportkredit.
2876,70557,,1,2016-01-21 10:00:00,17,28315,3,L 52,Forslag til lov om ændring af lov om naturgasforsyning. (Bemyndigelse til fastsættelse af regler om opgørelse af produktions- og tilførselsomkostninger for opgraderet og renset biogas m.v.).,Om produktions- og tilførselsomkostninger for opgraderet og renset biogas m.v.
2877,70466,,1,2016-01-21 10:00:00,17,28308,3,L 59,Forslag til lov om ophævelse af lov om randzoner.,Om ophævelse af lov om randzoner.
2878,70867,,1,2016-01-21 10:00:00,17,28406,3,L 63,Forslag til lov om ændring af lov om friskoler og private grundskoler m.v. (Bedre rammer for skoletilbud på 27 småøer).,Om bedre rammer for skoletilbud på 27 småøer.
2879,70049,,1,2016-01-21 10:00:00,17,28181,3,L 41,"Forslag til lov om ændring af lov for Færøerne om rettens pleje, lov om ændring af færdselsloven og pasloven og lov om ændring af lov om Arbejdsmarkedets Tillægspension og forskellige andre love. (Videoafhøring af børn og unge i straffesager, bestemmelser om territorial gyldighed for Færøerne og Grønland m.v.).",Om videoafhøring af børn og unge i straffesager på Færøerne.
2887,165626,,1,2016-01-26 13:00:00,17,67380,3,L 87,"Forslag til lov om ændring af udlændingeloven. (Udskydelse af retten til familiesammenføring for personer med midlertidig beskyttelsesstatus, skærpelse af reglerne om tidsubegrænset opholdstilladelse, skærpelse af reglerne om inddragelse af flygtninges opholdstilladelse m.v.).","Om familiesammenføring, opholdstilladelse, gebyrer, inddragelse af asylansøgeres midler, ydelser på asylområdet m.v."
2890,168334,,1,2016-02-02 13:00:00,17,67919,3,L 53 A,Forslag til lov om ændring af lov om dansk indfødsret. (Ophævelse af erklæringsadgangen for unge født og opvokset i Danmark m.v.).,Om ophævelse af erklæringsadgang for børn og unge født og opvokset i Danmark m.v.
2891,168339,,1,2016-02-02 13:00:00,17,67920,3,L 53 B,Forslag til lov om ændring af lov om dansk indfødsret. (Omfattelse af børn som bipersoner ved afgivelse af erklæring i medfør af reglerne om dobbelt statsborgerskab).,Om omfattelse af børn som bipersoner ved afgivelse af erklæring i medfør af reglerne om dobbelt statsborgerskab.
2893,167353,,1,2016-02-04 10:00:00,17,67552,3,L 88,Forslag til lov om ophævelse af lov om barselsudligning for selvstændigt erhvervsdrivende.,Om ophævelse af lov om barselsudligning for selvstændigt erhvervsdrivende.
2894,167340,,1,2016-02-04 10:00:00,17,67551,3,L 89,Forslag til lov om ændring af lov om lige løn til mænd og kvinder. (Kønsopdelt lønstatistik).,Om kønsopdelt lønstatistik.
2901,165640,,1,2016-02-11 10:00:00,17,67383,3,L 76,"Forslag til lov om ændring af forældreansvarsloven og lov om social service. (Forældremyndighed, når den ene forælder har forvoldt den anden forælders død, overførsel af forældremyndighed til samlevende par m.v.).","Om forældremyndighed, når den ene forælder har forvoldt den anden forælders død, overførsel af forældremyndighed til samlevende par m.v."
2902,167457,,1,2016-02-11 10:00:00,17,67560,3,L 90,Forslag til lov om ændring af lov om radiofrekvenser og om ophævelse af lov om auktion over tilladelser til 3. generations mobilnet. (Ændring af auktions- og udbudsbestemmelser og ophævelse af lov om auktion over tilladelser til 3. generations mobilnet).,Om auktions- og udbudsbestemmelser vedrørende radiofrekvenser og om ophævelse af auktion over tilladelser til 3. generations mobilnet.
2903,167431,,1,2016-02-11 10:00:00,17,67558,3,L 91,"Forslag til lov om ændring af lov om vandsektorens organisering og økonomiske forhold, lov om vandforsyning m.v., lov om betalingsregler for spildevandsforsyningsselskaber m.v. og forskellige andre love. (Opfølgning på politisk forlig om en ny og forbedret regulering af den danske vandsektor).",Om ny og forbedret regulering af den danske vandsektor.
2904,167392,,1,2016-02-11 10:00:00,17,67555,3,L 95,Forslag til lov om ændring af ligningsloven. (Grøn boligjobordning i 2016 og 2017).,Om grøn boligjobordning i 2016 og 2017.
2905,70111,,1,2016-02-11 10:00:00,17,28185,3,L 43,Forslag til lov om ændring af retsplejeloven. (Videoafhøring af børn og unge i straffesager).,Om videoafhøring af børn og unge i straffesager.
2906,70570,,1,2016-02-11 10:00:00,17,28316,3,L 48,"Forslag til lov om ændring af retsplejeloven. (Udtagelse af blodprøve, anklagemyndighedens deltagelse i retsmøder via videokommunikation ved fristforlængelser m.v.).","Om blodprøveudtagelse, videokommunikation ved fristforlængelser m.v."
2907,118644,,1,2016-02-11 10:00:00,17,46075,3,L 73,"Forslag til lov om ændring af sundhedsloven. (Regler for private ambulanceberedskaber, honorarer til medlemmer af patientinddragelsesudvalg, personkreds i sundhedshuse m.v.).",Om regler for private ambulanceberedskaber m.v. 
2910,165600,,1,2016-02-23 13:00:00,17,67378,3,L 78,Forslag til lov om ændring af retsplejeloven. (Udveksling af oplysninger om tegn på radikalisering og ekstremisme).,Om udveksling af oplysninger om tegn på radikalisering og ekstremisme.
2911,165587,,1,2016-02-23 13:00:00,17,67377,3,L 79,Forslag til lov om ændring af lov om fuldbyrdelse af straf m.v. (Sektionering af radikaliserede og ekstremistiske indsatte).,Om sektionering af radikaliserede og ekstremistiske indsatte.
2912,165561,,1,2016-02-23 13:00:00,17,67375,3,L 80,Forslag til lov om ændring af straffeloven. (Kriminalisering af uretmæssig besiddelse af mobiltelefon og lignende kommunikationsudstyr i varetægtssurrogat).,Om kriminalisering af uretmæssig besiddelse af mobiltelefon m.v. i varetægtssurrogat.
2913,165574,,1,2016-02-23 13:00:00,17,67376,3,L 85,Forslag til lov om ændring af lov om DSB. (Vilkår for udlån af tjenestemænd og ophævelse af bestemmelser om DSB S-tog A/S).,Om  udlån af tjenestemænd og ophævelse af bestemmelser om DSB S-tog A/S m.v. 
2914,168051,,1,2016-02-23 13:00:00,17,67802,3,L 105,Forslag til lov om ændring af lov om social service. (Værdighedspolitikker for ældreplejen).,Om værdighedspolitikker for ældreplejen.
2915,167379,,1,2016-02-25 10:00:00,17,67554,3,L 96,Forslag til lov om ændring af lov om kommunal ejendomsskat og lov om kommunal udligning og generelle tilskud til kommuner. (Fastfrysning af grundskyld for ejerboliger i 2016).,Om fastfrysning af grundskyld for ejerboliger i 2016.
2916,70828,,1,2016-02-25 10:00:00,17,28403,3,L 68,Forslag til lov om ændring af lov om jordbrugets anvendelse af gødning og om plantedække. (Justering af reglerne om kvælstofnormer).,Om justering af reglerne om kvælstofnormer.
2917,165521,,1,2016-02-25 10:00:00,17,67371,3,L 86,"Forslag til lov om ændring af lov om assisteret reproduktion i forbindelse med behandling, diagnostik og forskning m.v. (Information og samtykke i forbindelse med behandling med assisteret reproduktion m.v.).",Om information og samtykke i forbindelse med behandling med assisteret reproduktion m.v.
2921,167366,,1,2016-03-01 13:00:00,17,67553,3,L 94,"Forslag til lov om ændring af selskabsloven, lov om visse erhvervsdrivende virksomheder, lov om erhvervsdrivende fonde og forskellige andre love. (Indførelse af register over reelle ejere).",Om indførelse af register over reelle ejere.
2925,167418,,1,2016-03-03 10:00:00,17,67557,3,L 92,Forslag til lov om radioudstyr og elektromagnetiske forhold.,Om radioudstyr og elektromagnetiske forhold.
2926,167469,,1,2016-03-03 10:00:00,17,67561,3,L 93,Forslag til lov om pilotudbud af pristillæg for elektricitet fremstillet på solcelleanlæg.,Om pilotudbud af pristillæg for elektricitet fremstillet på solcelleanlæg.
2927,167942,,1,2016-03-03 10:00:00,17,67768,3,L 104,Forslag til lov om tillægsbevilling for finansåret 2015.,Om tillægsbevillingsloven for finansåret 2015.
2928,167405,,1,2016-03-03 10:00:00,17,67556,3,L 97,Forslag til lov om ændring af lov om retshjælp til indgivelse og førelse af klagesager for internationale klageorganer i henhold til menneskerettighedskonventioner og retsplejeloven. (Ændring af betingelserne for retshjælp og indførelse af klageadgang til Procesbevillingsnævnet).,Om betingelserne for retshjælp i sager for internationale klageorganer og indførelse af klageadgang til Procesbevillingsnævnet.
2943,168199,,1,2016-03-17 10:00:00,17,67875,3,L 106,Forslag til lov om ændring af deltidslov. (Opfølgning på begrundet udtalelse fra Europa-Kommissionen om forskelsbehandling af deltidsansatte samt forenkling af loven).,Om forskelsbehandling af deltidsansatte og forenkling af loven.
2945,168449,,1,2016-03-17 10:00:00,17,67971,3,L 113,"Forslag til lov om ændring af lov om aktiv socialpolitik, lov om individuel boligstøtte, integrationsloven og forskellige andre love. (Kontanthjælpsloft, 225-timersregel, ferie til uddannelses- og kontanthjælpsmodtagere m.v.).","Om nyt kontanthjælpsloft, 225-timersregel og ferie til uddannelses- og kontanthjælpsmodtagere m.v."
2946,168277,,1,2016-03-17 10:00:00,17,67881,3,L 110,Forslag til lov om ændring af lov om almene boliger m.v. og lov om friplejeboliger. (Nedsættelse af grundkapital og kapitalindskud samt revision af reglerne for totaløkonomiske merinvesteringer m.v.).,"Om grundkapital, kapitalindskud og totaløkonomiske merinvesteringer m.v. på almenbolig- og friplejeboligområdet. "
2947,168225,,1,2016-03-17 10:00:00,17,67877,3,L 111,"Forslag til lov om ændring af lov om aktiv socialpolitik, integrationsloven og forskellige andre love. (Udvidelse af personkredsen for modtagelse af integrationsydelse m.v.).",Om udvidelse af personkredsen for modtagelse af integrationsydelse m.v.
2948,168660,,1,2016-03-17 10:00:00,17,68060,3,L 122,"Forslag til lov om ændring af lov om inddrivelse af gæld til det offentlige, lov om en børne- og ungeydelse og opkrævningsloven. (Restanceinddrivelsesmyndighedens inddrivelse i perioden til og med 2019, gennemførelse af modregning og indkomstaftrapning af børne- og ungeydelsen uden partshøring m.v.).",Om inddrivelse af gæld til det offentlige m.v.
2967,167874,,1,2016-03-31 10:00:00,17,67734,3,L 99,"Forslag til lov om ændring af toldloven, momsloven, opkrævningsloven og lov om anvendelse af Det Europæiske Fællesskabs forordning om toldmyndighedernes indgriben over for varer, der mistænkes for at krænke visse intellektuelle ejendomsrettigheder, og om de foranstaltninger, som skal træffes over for varer, der krænker sådanne rettigheder. (Ændringer som følge af forordning om EU-toldkodeksen).",Om ændringer af forskellige love som følge af forordning om EU-toldkodeksen.
2968,165509,,1,2016-03-31 10:00:00,17,67370,3,L 77,Forslag til lov om kollektiv forvaltning af ophavsret.,Om kollektiv forvaltning af ophavsret.
2971,168212,,1,2016-04-05 13:00:00,17,67876,3,L 112,Forslag til lov om ændring af lov om euforiserende stoffer. (Assisteret stofindtagelse i stofindtagelsesrum).,Om assisteret stofindtagelse i stofindtagelsesrum.
2974,165613,,1,2016-04-12 13:00:00,17,67379,3,L 83,Forslag til lov om ændring af færdselsloven. (Udøvelse af markedskontrol med udstyr til køretøjer og godkendelse af prøvningsinstanser).,Om markedskontrol med udstyr til køretøjer og godkendelse af prøvningsinstanser. 
2976,167861,,1,2016-04-12 13:00:00,17,67733,3,L 100,Forslag til lov om ændring af lov om international fuldbyrdelse af forældremyndighedsafgørelser m.v. (internationale børnebortførelser). (Øget fleksibilitet i anvendelsen af retshjælpsordningen i børnebortførelsessager).,Om øget fleksibilitet i anvendelsen af retshjælpsordningen i børnebortførelsessager.
2977,168264,,1,2016-04-12 13:00:00,17,67880,3,L 109,Forslag til lov om indfødsrets meddelelse.,Om indfødsrets meddelelse.
2980,168699,,1,2016-04-14 10:00:00,17,68063,3,L 121,"Forslag til lov om ændring af sundhedsloven og lov om autorisation af sundhedspersoner og om sundhedsfaglig virksomhed. (Mulighed for anvendelse af personlige alarm- og pejlesystemer på sygehuse, tilbageholdelse af patienter m.v.).",Om anvendelse af personlige alarm- og pejlesystemer på sygehuse og tilbageholdelse af patienter m.v.
2981,168238,,1,2016-04-14 10:00:00,17,67878,3,L 108,"Forslag til lov om ændring af lov om udlevering af lovovertrædere, lov om fuldbyrdelse af visse strafferetlige afgørelser i Den Europæiske Union, lov om international fuldbyrdelse af straf m.v. og retsplejeloven. (Overførsel af kompetence fra Justitsministeriets departement til anklagemyndigheden i sager om udlevering og fuldbyrdelse af visse strafferetlige afgørelser m.v.).",Om overførsel af kompetence til anklagemyndigheden i sager om udlevering m.v.
2982,167846,,1,2016-04-19 13:00:00,17,67731,3,L 103,Forslag til lov om betalingskonti.,Om betalingskonti.
2988,167820,,1,2016-04-21 10:00:00,17,67729,3,L 101,"Forslag til lov om ændring af byggeloven. (Indførelse af certificeringsordning for dokumentation af tekniske forhold, undtagelse af udlejningsejendomme for byggeskadeforsikring m.v.).",Om indførelse af certificeringsordning vedrørende tekniske forhold i byggeriet m.v.
2989,168251,,1,2016-04-21 10:00:00,17,67879,3,L 107,Forslag til lov om knive og blankvåben m.v.,Om knive og blankvåben m.v.
2990,168751,,1,2016-04-21 10:00:00,17,68068,3,L 117,"Forslag til lov om ændring af lov om social service. (Revision af hjemmetræningsordningen, herunder præcisering af kravet om udredning, fastsættelse af krav om inddragelse af sundhedsfaglige kompetencer, præcisering af reglerne for tabt arbejdsfortjeneste m.v.).",Om revision af hjemmetræningsordningen.
2991,169453,,1,2016-04-21 10:00:00,17,68252,3,L 129,Forslag til lov om ændring af lov om retssikkerhed og administration på det sociale område og forskellige andre love. (Betalings- og handlekommune ved ophold i veterantilbud m.v.).,Om betalings- og handlekommune ved ophold i veterantilbud m.v.
2992,169440,,1,2016-04-21 10:00:00,17,68251,3,L 130,Forslag til lov om ændring af lov om valg af danske medlemmer til Europa-Parlamentet og lov om kommunale og regionale valg. (Valgret til personer under værgemål med fratagelse af den retlige handleevne).,Om valgret til personer under værgemål med fratagelse af den retlige handleevne.
2994,168738,,1,2016-04-26 13:00:00,17,68066,3,L 116,"Forslag til lov om ændring af lov om søfarendes ansættelsesforhold m.v., lov om sikkerhed til søs og forskellige andre love. (Sikring af søfarendes økonomiske stilling ved rederens misligholdelse af ansættelsesforholdet, styrket sikkerhed ved større maritime anlægsprojekter, forsikring i forbindelse med vragfjernelse, effektivisering af synsvirksomheden på dykkerområdet m.v.).",Om sikring af søfarendes økonomiske stilling m.v.
2995,165653,,1,2016-04-26 13:00:00,17,67384,3,L 82,Forslag til lov om ændring af lov om ændring af lov om planlægning og lov om naturbeskyttelse. (Ophævelse af forbud mod gødskning og sprøjtning på § 3-beskyttede arealer).,Om ophævelse af forbud mod gødskning og sprøjtning på § 3-beskyttede arealer.
2996,169178,,1,2016-04-26 13:00:00,17,68224,3,L 140,Forslag til lov om den selvejende institution Arbejdsmarkedets Erhvervssikring.,Om den selvejende institution Arbejdsmarkedets Erhvervssikring.
2997,169165,,1,2016-04-26 13:00:00,17,68223,3,L 141,"Forslag til lov om ændring af lov om arbejdsskadesikring, lov om arbejdsløshedsforsikring m.v., lov om arbejdsmiljø og forskellige andre love. (Overførsel af Arbejdsskadestyrelsens opgaver til den selvejende institution Arbejdsmarkedets Erhvervssikring og til Styrelsen for Arbejdsmarked og Rekruttering samt nedlæggelse af Arbejdsmarkedets Erhvervssygdomssikring).",Om overførsel af Arbejdsskadestyrelsens opgaver og nedlæggelse af Arbejdsmarkedets Erhvervssygdomssikring.
2999,169265,,1,2016-05-03 13:00:00,17,68236,3,L 125,"Forslag til lov om ændring af universitetsloven, lov om erhvervsakademiuddannelser og professionsbacheloruddannelser, lov om videregående kunstneriske uddannelsesinstitutioner, lov om maritime uddannelser og lov om videregående kunstneriske uddannelsesinstitutioner under Kulturministeriet. (Justering af fremdriftsreformen m.v.).",Om justering af fremdriftsreformen m.v. for de videregående uddannelser.
3000,169291,,1,2016-05-03 13:00:00,17,68238,3,L 128,Forslag til lov om aktiviteter i det ydre rum.,Om aktiviteter i det ydre rum.
3001,169334,,1,2016-05-03 13:00:00,17,68243,3,L 133,"Forslag til lov om ændring af færdselsloven. (Højere lokale 
hastighedsgrænser på motortrafikveje og justering af bødetaksten for hastighedsoverskridelser på visse motortrafikveje).",Om hastighedsgrænser på motortrafikveje og bødetaksten for hastighedsoverskridelser på visse motortrafikveje.
3008,172689,,1,2016-05-03 16:00:00,17,69219,3,L 185,"Forslag til lov om ændring af lov om fremme af vedvarende energi.
(Ophævelse af 60-40-støtteordningen for solcelleanlæg).",Om ophævelse af 60-40-støtteordningen for solcelleanlæg.
3014,169774,,1,2016-05-10 13:00:00,17,68384,3,L 147,Forslag til lov om miljøvurdering af planer og programmer og af konkrete projekter (VVM).,Om miljøvurdering af planer og programmer og af konkrete projekter (VVM). 
3015,169787,,1,2016-05-10 13:00:00,17,68385,3,L 148,"Forslag til lov om ændring af lov om miljøgodkendelse m.v. af husdyrbrug, lov om planlægning, lov om anvendelse af Danmarks undergrund, lov om fremme af vedvarende energi og forskellige andre love. (Konsekvensændringer m.v. som følge af lov om miljøvurdering af planer og programmer og af konkrete projekter (VVM)).",Om konsekvensændringer m.v. som følge af lov om miljøvurdering af planer og programmer og af konkrete projekter (VVM). 
3016,169373,,1,2016-05-10 13:00:00,17,68246,3,L 142,Forslag til lov om kliniske forsøg med lægemidler.,Om kliniske forsøg med lægemidler.
3017,169399,,1,2016-05-10 13:00:00,17,68248,3,L 143,Forslag til lov om ændring af sundhedsloven. (Reel ret til hurtig udredning og udvidet frit sygehusvalg ved 30 dages ventetid på behandling m.v.).,Om ret til hurtig udredning og udvidet frit sygehusvalg ved 30 dages ventetid på behandling m.v.
3018,169347,,1,2016-05-10 13:00:00,17,68244,3,L 144,Forslag til lov om elektroniske cigaretter m.v.,Om elektroniske cigaretter m.v.
3020,169427,,1,2016-05-12 10:00:00,17,68250,3,L 135,Forslag til lov om fremtidsfuldmagter.,Om fremtidsfuldmagter.
3021,169308,,1,2016-05-12 10:00:00,17,68241,3,L 124,"Forslag til lov om ændring af lov om inddrivelse af gæld til det offentlige, kildeskatteloven, ligningsloven, opkrævningsloven og selskabsskatteloven. (Indførelse af beløbsmæssige bagatelgrænser i forbindelse med udbetaling og opkrævning m.v.).",Om indførelse af beløbsmæssige bagatelgrænser i forbindelse med det offentliges udbetaling og opkrævning m.v.
3022,172959,,1,2016-05-12 10:00:00,17,69340,3,L 149 A,Forslag til lov om ændring af ligningsloven. (Skattefrihed for godtgørelse til visse asbestofre).,Om skattefrihed for godtgørelse til visse asbestofre.
3024,172962,,1,2016-05-12 10:00:00,17,69341,3,L 149 B,"Forslag til lov om ændring af ligningsloven, aktieavancebeskatningsloven, kursgevinstloven og skattekontrolloven. (Skattebegunstigelse af individuelle medarbejderaktieordninger).",Om skattebegunstigelse af individuelle medarbejderaktieordninger.
3033,169250,,1,2016-05-17 13:00:00,17,68234,3,L 126,Forslag til lov om ændring af lov om befordringsrabat til studerende ved videregående uddannelser. (Målretning af befordringsrabatordningen).,Om målretning af befordringsrabatordningen for studerende ved videregående uddannelser.
3034,169224,,1,2016-05-17 13:00:00,17,68232,3,L 127,Forslag til lov om ændring af lov om statens voksenuddannelsesstøtte. (Målretning af målgruppen og nedsættelse af satsen for SVU til videregående uddannelse).,Om målgrupper og satse for statens voksenuddannelsesstøtte til videregående uddannelser.
3048,169748,,1,2016-05-19 10:00:00,17,68382,3,L 145,Forslag til lov om ændring af lov om social pension og lov om organisering og understøttelse af beskæftigelsesindsatsen m.v. (Undtagelse af visse førtidspensionssager fra forelæggelse for rehabiliteringsteamet).,Om undtagelse af visse førtidspensionssager fra forelæggelse for rehabiliteringsteamet.
3049,169412,,1,2016-05-19 10:00:00,17,68249,3,L 131,Forslag til lov om maritim fysisk planlægning.,Om maritim fysisk planlægning.
3050,169761,,1,2016-05-19 10:00:00,17,68383,3,L 146,Forslag til lov om ændring af revisorloven og forskellige andre love. (Gennemførelse af ændringer i revisordirektivet og valgmuligheder i forordningen om særlige krav til revision af virksomheder af interesse for offentligheden).,Om gennemførelse af ændringer i revisordirektivet m.v.
3051,168725,,1,2016-05-19 10:00:00,17,68065,3,L 120,Forslag til lov om ændring af lov om miljøbeskyttelse. (Landskabelige hensyn og inddragelse af offentligheden).,Om landskabelige hensyn og inddragelse af offentligheden på miljøbeskyttelsesområdet.
3055,170646,,1,2016-05-24 13:00:00,17,68679,3,L 160,Forslag til lov om ændring af lov om statstilskud til elintensive virksomheder. (Udvidelse af tilskudskredsen for målrettet PSO-tilskud).,Om udvidelse af tilskudskredsen for målrettet PSO-tilskud.
3064,170629,,1,2016-05-26 10:00:00,17,68676,3,L 167,"Forslag til lov om ændring af beredskabsloven, lov om beskyttelsesrum, lov om beskyttelse af havmiljøet og lov om fyrværkeri og andre pyrotekniske artikler. (Ændring af sammensætningen af beredskabskommissioner, hjemmel til operativt samarbejde på beredskabsområdet hen over landegrænserne, ændring af bestemmelse om brandsyn m.v.).",Om beredskabskommissioner og hjemmel til operativt samarbejde på beredskabsområdet m.v.
3065,173322,,1,2016-05-26 10:00:00,17,69560,3,L 98 A,Forslag til lov om ændring af straffeloven. (Skærpelse af straffen for voldtægt og for samleje med et barn under 15 år ved udnyttelse af fysisk eller psykisk overlegenhed).,Om skærpelse af straffen for voldtægt og for samleje med et barn under 15 år ved udnyttelse af fysisk eller psykisk overlegenhed.
3066,173325,,1,2016-05-26 10:00:00,17,69561,3,L 98 B,Forslag til lov om ændring af straffeloven. (Skærpelse af straffen for falsk anklage).,Om skærpelse af straffen for falsk anklage.
3069,168489,,1,2016-05-26 10:00:00,17,67985,3,L 114,"Forslag til lov om ændring af lov om offentlighed i forvaltningen. (Ophævelse af bestemmelser, som friholder kalenderføring, ministerbetjening og dokumenter udvekslet mellem ministre og folketingsmedlemmer fra at være omfattet af retten til aktindsigt).",Om offentlighed i forvaltningen.
3086,167833,,1,2016-05-31 13:00:00,17,67730,3,L 102,"Forslag til lov om ændring af lov om letbane på Ring 3, lov om Metroselskabet I/S og Udviklingsselskabet By & Havn I/S og lov om trafikselskaber. (Anlæg af letbanen på Ring 3, særlig regulering i anlægsperioden m.v.).",Om anlæg af letbanen på Ring 3 m.v.
3087,169360,,1,2016-05-31 13:00:00,17,68245,3,L 132,"Forslag til lov om ændring af lov om luftfart. (Regulering af mindre droner, justering af arbejdsmiljøregler samt afgifter og gebyrer).","Om droner, justering af arbejdsmiljøregler, og afgifter og gebyrer m.v. på luftfartsområdet."
3088,169278,,1,2016-05-31 13:00:00,17,68237,3,L 134,"Forslag til lov om ændring af lov om offentlige veje m.v., jernbaneloven og forskellige andre love. (Implementering af VVM-direktivet for statslige vej- og jernbaneprojekter samt havneprojekter).",Om implementering af VVM-direktivet for statslige vej- og jernbaneprojekter samt havneprojekter.  
3089,173310,,1,2016-05-31 13:00:00,17,69554,3,L 161 A,Forslag til lov om ændring af færdselsloven. (Forsøgsordning med kørekort til 17-årige betinget af ledsaget kørsel indtil det fyldte 18. år m.v.).,Om forsøgsordning med kørekort til 17-årige betinget af ledsaget kørsel indtil det fyldte 18. år m.v.
3090,173314,,1,2016-05-31 13:00:00,17,69555,3,L 161 B,Forslag til lov om ændring af færdselsloven. (Nedsættelse af aldersgrænsen for kørekort til lille knallert).,Om nedsættelse af aldersgrænsen for kørekort til lille knallert.
3091,170717,,1,2016-05-31 13:00:00,17,68691,3,L 150,"Forslag til lov om ændring af registreringsafgiftsloven, brændstofforbrugsafgiftsloven, lov om registrering af køretøjer og lov om spil. (Ændring af reglerne om forholdsmæssig registreringsafgift for leasingkøretøjer, ændring af reglerne om udbetaling af eksportgodtgørelse, fastsættelse af brændstofforbruget for særlig store biler, nedsættelse af pristillægget for ønskenummerplader m.v.).","Om forholdsmæssig registreringsafgift for leasingkøretøjer, udbetaling af eksportgodtgørelse, brændstofforbruget for særlig store biler m.v."
3092,170551,,1,2016-05-31 13:00:00,17,68662,3,L 162,Forslag til lov om voksenansvar for anbragte børn og unge.,Om voksenansvar for anbragte børn og unge.
3093,170564,,1,2016-05-31 13:00:00,17,68663,3,L 163,"Forslag til lov om ændring af lov om social service, lov om socialtilsyn og lov om folkeskolen. (Konsekvensændringer som følge af lov om voksenansvar for anbragte børn og unge m.v.).",Om konsekvensændringer som følge af lov om voksenansvar for anbragte børn og unge m.v.
3094,169237,,1,2016-05-31 13:00:00,17,68233,3,L 138,"Forslag til lov om ændring af lov om radio- og fjernsynsvirksomhed, lov om leje og lov om leje af almene boliger. (Frit valg af tv-distributør, 
distribution af digital radio m.v.).","Om frit valg af tv-distributør, distribution af digital radio m.v. "
3095,170730,,1,2016-05-31 13:00:00,17,68692,3,L 151,Forslag til lov om ændring af lov om Udbetaling Danmark og forskellige andre love. (Overførsel af opgaver fra Statens Administrations Finansservicecenter m.fl. til Udbetaling Danmark m.v.).,Om overførsel af opgaver fra Statens Administrations Finansservicecenter m.fl. til Udbetaling Danmark m.v.
3148,172412,,1,2016-06-02 10:00:00,17,69140,3,L 183,"Forslag til lov om ændring af lov om ændring af straffeloven, retsplejeloven, lov om konkurrence- og forbrugerforhold på telemarkedet, våbenloven, udleveringsloven samt lov om udlevering af lovovertrædere til Finland, Island, Norge og Sverige. (Ændring af revisionsbestemmelse).",Om ændring af revisionsbestemmelse i lov om ændring af straffeloven og forskellige andre love.
3149,172637,,1,2016-06-02 10:00:00,17,69215,3,L 186,"Forslag til lov om ændring af lov om fuldbyrdelse af straf m.v., straffeloven og retsplejeloven. (Styrket indsats mod mobiltelefoner i fængsler m.v.).",Om styrket indsats mod mobiltelefoner i fængsler m.v.
3150,172650,,1,2016-06-02 10:00:00,17,69216,3,L 187,"Forslag til lov om ændring af straffeloven og om ophævelse af Lov, hvorved det forbydes fra dansk Territorium at understøtte krigsførende Magter. (Væbnede konflikter i udlandet m.v.).",Om ændring af straffeloven om deltagelse i væbnede konflikter i udlandet m.v.
3151,70075,,1,2016-06-02 10:00:00,17,28183,3,L 42,Forslag til lov om ændring af retsplejelov for Grønland. (Videoafhøring af børn og unge i kriminalsager m.v.).,Om videoafhøring af børn og unge i kriminalsager i Grønland m.v.
3152,170463,,1,2016-06-02 10:00:00,17,68655,3,L 155,Forslag til lov for Grønland om kontrol med den fredelige udnyttelse af nukleart materiale.,Om kontrol med og den fredelige udnyttelse af nukleart materiale fra Grønland.
3153,169209,,1,2016-06-02 10:00:00,17,68230,3,L 139,Forslag til lov om ændring af lov om Dansk Institut for Internationale Studier. (Fastsættelse af instituttets hjemsted).,Om fastsættelse af Dansk Institut for Internationale Studiers hjemsted. 
3154,70440,,1,2016-06-02 10:00:00,17,28306,3,L 58,"Forslag til lov om ændring af lov om dyrkning m.v. af genetisk modificerede afgrøder og lov om miljø og genteknologi. (Dyrkningsforbud, obligatorisk digital kommunikation m.v.).",Om forbud mod GMO dyrkning m.v.
3155,169386,,1,2016-06-02 10:00:00,17,68247,3,L 137,"Forslag til lov om ændring af dyreværnsloven. (Skærpelse af straffen i grove dyreværnssager, præcisering af dyrs status som levende væsener, skærpelse af reglerne om rettighedsfrakendelse, meddelelse af påbud og forbud, ophævelse af krav om tilladelse til æglægningsbure).","Om strafskærpelse, påbuds- og forbudsordning på dyreværnsområdet og ophævelse af krav om tilladelse til æglægningsbure."
3156,171945,,1,2016-06-02 10:00:00,17,68954,3,L 172,Forslag til lov om ændring af lov om fremme af vedvarende energi. (Ændring af støtteordninger til biogas).,Om ændring af støtteordninger til biogas.
3157,171932,,1,2016-06-02 10:00:00,17,68953,3,L 173,"Forslag til lov om ændring af lov om Energinet.dk, lov om naturgasforsyning og lov om etablering og benyttelse af en rørledning til transport af råolie og kondensat. (Energinet.dk's varetagelse af gasopstrømssystem-, olierørlednings- og separationsvirksomhed samt økonomisk regulering af naturgasdistributionsvirksomhed varetaget af Energinet.dk m.v.).",Om Energinet.dk's naturgasdistributionsvirksomhed m.v.
3158,172215,,1,2016-06-02 10:00:00,17,69055,3,L 174,"Forslag til lov om ændring af arkivloven. (Kroers, foreningers og virksomheders anvendelse af kongekronen).","Om kroers, foreningers og virksomheders anvendelse af kongekronen."
3161,170661,,1,2016-06-02 10:00:00,17,68681,3,L 165,"Forslag til lov om ændring af sundhedsloven, lov om klage- og erstatningsadgang inden for sundhedsvæsenet og lov om tilbageholdelse af stofmisbrugere i behandling. (Styrket indsats for gravide med et misbrug af rusmidler).",Om styrket indsats for gravide med et misbrug af rusmidler.
3162,170691,,1,2016-06-02 10:00:00,17,68689,3,L 166,Forslag til lov om tobaksvarer m.v.,Om tobaksvarer m.v.
3164,169321,,1,2016-06-02 10:00:00,17,68242,3,L 123,"Forslag til lov om ændring af lov om indkomstbeskatning af aktieselskaber m.v., aktieavancebeskatningsloven, virksomhedsskatteloven og forskellige andre love og om ophævelse af lov om investeringsfonds. (Tilpasning i forhold til EU-retten med hensyn til genbeskatning af underskud i faste driftssteder, definition af datterselskabsaktier og nedsættelse af indkomstskattesatsen på udgående udbytter samt indgreb mod omgåelse af udbyttebeskatningen i forbindelse med investering i investeringsinstitutter, justering af indgrebet i virksomhedsordningen og andre justeringer af erhvervsbeskatningen).","Om ændring af lov om indkomstbeskatning af aktieselskaber m.v., aktieavancebeskatningsloven, virksomhedsskatteloven og forskellige andre love på flere punkter samt ophævelse af lov om investeringsfonds."
3165,170538,,1,2016-06-02 10:00:00,17,68661,3,L 153,Forslag til lov om ændring af lov om almene boliger m.v. og lov om leje af almene boliger. (Inklusionsboliger).,Om inklusionsboliger.
3166,170525,,1,2016-06-02 10:00:00,17,68660,3,L 154,Forslag til lov om ændring af lov om byfornyelse og udvikling af byer. (Målretning af byfornyelsesinstrumenter til at forbedre boliger og igangsætte udvikling af byer uden for vækstområder).,Om målretning af byfornyelsesinstrumenter til at forbedre boliger og igangsætte udvikling af byer uden for vækstområder.
3167,171340,,1,2016-06-02 10:00:00,17,68799,3,L 168,Forslag til lov om ændring af udlændingeloven. (Beløbsordningen).,Om ændring af udlændingeloven.
3168,171617,,1,2016-06-02 10:00:00,17,68850,3,L 169,Forslag til lov om ændring af udlændingeloven. (Ophævelse af greencardordningen).,Om ophævelse af greencardordningen.
3169,172228,,1,2016-06-02 10:00:00,17,69056,3,L 175,Forslag til lov om indfødsrets meddelelse.,Om meddelelse af indfødsret.
3193,172624,,1,2016-06-03 09:00:00,17,69214,3,L 190,Forslag til lov om kommunale særlige tilbud om grundskoleundervisning til visse udenlandske børn og unge.,Om kommunale særlige tilbud om grundskoleundervisning til visse udenlandske børn og unge.
3194,172676,,1,2016-06-03 09:00:00,17,69218,3,L 188,Forslag til lov om integrationsgrunduddannelse (igu).,Om integrationsuddannelse. 
3198,172663,,1,2016-06-03 09:00:00,17,69217,3,L 189,Forslag til lov om ændring af integrationsloven og forskellige andre love. (Bedre rammer for at modtage og integrere flygtninge og styrket virksomhedsrettet integrationsprogram m.v.).,Om bedre rammer for at modtage og integrere flygtninge.
3200,173580,,1,2016-06-03 09:00:00,17,69641,3,L 191 A,"Forslag til lov om ændring af udlændingeloven. (Ophævelse af 2-årsfristen i sager om familiesammenføring med børn).
",Om ophævelse af 2-årsfristen i sager om familiesammenføring med børn.
3201,173583,,1,2016-06-03 09:00:00,17,69642,3,L 191 B,"Forslag til lov om ændring af lov om ændring af lov om aktiv socialpolitik, integrationsloven og forskellige andre love. (Overgangsregel for ret til ferie for uddannelseshjælps- og kontanthjælpsmodtagere, der overgår til integrationsydelse).
","Om overgangsregel for ret til ferie for uddannelseshjælps- og kontanthjælpsmodtagere, der overgår til integrationsydelse."
3202,170512,,1,2016-06-03 09:00:00,17,68659,3,L 159,"Forslag til lov om ændring af lov om værdipapirhandel m.v., lov om finansiel virksomhed, lov om forvaltere af alternative investeringsfonde m.v., straffeloven og retsplejeloven. (Ændringer som følge af forordningen om markedsmisbrug samt gennemførelse af regler om provisionsbetalinger m.v. fra tredjeparter og oplysninger om omkostninger m.v. i direktivet om markeder for finansielle instrumenter (MiFID II)).",Om ændring af flere love som følge af forordning om markedsmisbrug m.v.
3203,170499,,1,2016-06-03 09:00:00,17,68658,3,L 158,Forslag til lov for Grønland om kontrol med eksport af produkter med dobbelt anvendelse.,Om kontrol med eksport af produkter med dobbelt anvendelse fra Grønland.
3204,170743,,1,2016-06-03 09:00:00,17,68693,3,L 152,"Forslag til lov om ændring af lov om arbejdsskadesikring i Grønland.
(Konsekvensændringer som følge af overførsel af Arbejdsskadestyrelsens opgaver til den selvejende institution Arbejdsmarkedets Erhvervssikring og nedlæggelse af Arbejdsmarkedets Erhvervssygdomssikring).
",Om visse konsekvensændringer af lov om arbejdsskadesikring i Grønland.
3205,171971,,1,2016-06-03 09:00:00,17,68956,3,L 177,Forslag til lov om Arbejdsmarkedets Fond for Udstationerede.,Om Arbejdsmarkedets Fond for Udstationerede.
3206,171958,,1,2016-06-03 09:00:00,17,68955,3,L 178,"Forslag til lov om ændring af lov om udstationering af lønmodtagere m.v., lov om Arbejdsretten og faglige voldgiftsretter og lov om Arbejdsmarkedets Tillægspension. (Implementering af håndhævelsesdirektivet).",Om implementering af håndhævelsesdirektivet på beskæftigelsesområdet.
3208,172451,,1,2016-06-03 09:00:00,17,69145,3,L 181,"Forslag til lov om ændring af lov om arbejdsløshedsforsikring m.v., lov om en aktiv beskæftigelsesindsats og forskellige andre love og om ophævelse af lov om akutjob og jobpræmie til arbejdsgivere og lov om uddannelsesordning for ledige, som har opbrugt deres dagpengeret. (Fleksibelt og indkomstbaseret dagpengesystem, månedsudbetaling af dagpenge m.v.).",Om fleksibelt og indkomstbaseret dagpengesystem og månedsudbetaling af dagpenge m.v.
3209,172425,,1,2016-06-03 09:00:00,17,69143,3,L 182,"Forslag til lov om ændring af lov om sygedagpenge, lov om aktiv socialpolitik, lov om organisering og understøttelse af beskæftigelsesindsatsen m.v., lov om social pension og lov om en aktiv beskæftigelsesindsats. (Forlængelse af forsøg med ret til at afvise lægebehandling uden ydelsesmæssige konsekvenser m.v.).",Om forlængelse af forsøg med ret til at afvise lægebehandling uden ydelsesmæssige konsekvenser m.v.
3210,172438,,1,2016-06-03 09:00:00,17,69144,3,L 184,"Forslag til lov om ændring af sundhedsloven, lov om autorisation af sundhedspersoner og om sundhedsfaglig virksomhed og forskellige andre love. (Styrelsen for Patientsikkerheds fremtidige tilsyn m.v.).",Om styrelsen for Patientsikkerheds fremtidige tilsyn m.v.
3212,172315,,1,2016-06-03 09:00:00,17,69116,3,L 179,"Forslag til lov om ændring af lov om kommunal udligning og generelle tilskud til kommuner. (Nedsættelse af færgetakster for biler, passagerer m.v. til og fra visse øer).",Om nedsættelse af færgetakster til og fra visse øer.
3213,172399,,1,2016-06-03 09:00:00,17,69139,3,L 180,Forslag til lov om ændring af lov om kommunal udligning og generelle tilskud til kommuner. (Nedlæggelse af den sociale særtilskudspulje).,Om nedlæggelse af den sociale særtilskudspulje.
3248,174501,,1,2016-11-24 10:00:00,17,70235,3,L 4,Forslag til lov om ændring af lov om aktiv socialpolitik og barselsloven. (Præciseringer af jobreform fase I og konsekvens for arbejdsgivers ret til refusion ved for sen anmeldelse af graviditetsbetinget sygefravær m.v.).,Om jobreform fase I og arbejdsgivers ret til refusion ved for sen anmeldelse af graviditetsbetinget sygefravær m.v.
3250,174851,,1,2016-12-01 10:00:00,17,70262,3,L 23,"Forslag til lov om ændring af selskabsloven og årsregnskabsloven. (Ændrede krav til ejerregistrering, betinget lovliggørelse af kapitalejerlån m.v.).",Om ejerregistrering og betinget lovliggørelse af kapitalejerlån m.v. på selskabsområdet. 
3251,174874,,1,2016-12-01 10:00:00,17,70264,3,L 24,Forslag til lov om ændring af varemærkeloven og forskellige andre love. (Styrket indsats mod piratkopiering ved etablering af en særlig enhed om håndhævelse og piratkopiering samt overførsel af gebyrindtægter).,Om styrket indsats mod piratkopiering ved etablering af en enhed om håndhævelse og piratkopiering m.v.  
3252,175287,,1,2016-12-01 10:00:00,17,70410,3,L 39,"Forslag til lov om ændring af lov om finansiel virksomhed, lov om investeringsforeninger m.v., lov om værdipapirhandel m.v. og forskellige andre love. (Forhøjelse af bødeniveauet for overtrædelse af lov om finansiel virksomhed, udpegning af systemisk vigtige finansielle institutter (SIFI), krav til egnethed og hæderlighed for nøglepersoner i SIFI'er, aflønningsregler for finansielle virksomheder m.v., lempelse af kapitalkrav for fondsmæglerselskaber, udvidelse af tilsyns- og kontrolbeføjelser for Finanstilsynet og Erhvervsstyrelsen for at imødegå markedsmisbrug m.v.).",Om styrkelse af den finansielle stabilitet og sikring af en effektiv håndhævelse af reglerne m.v.
3253,174566,,1,2016-12-01 10:00:00,17,70240,3,L 29,"Forslag til lov om ændring af lov om kuldioxidafgift af visse energiprodukter, lov om afgift af lønsum m.v., lov om afgift af elektricitet, lov om afgift af kvælstofoxider, lov om registrering af køretøjer og forskellige andre love. (Tilpasning af afgiftslovene til Europa-Kommissionens statsstøttereform, lønsumsafgiftsfritagelse for visse undervisningsaktiviteter, ændring af godtgørelsesbestemmelse for elektricitet leveret fra land til skibe, tekniske justeringer af lov om afgift af kvælstofoxider og ændring af reglerne for registrering og udstedelse af EU-registreringsbevis for blokvogne m.v.).",Om tilpasning af afgiftslovene til Europa-Kommissionens statsstøttereform og forskellige andre ændringer.
3254,174721,,1,2016-12-01 10:00:00,17,70252,3,L 35,Forslag til lov om ændring af lov om hjemmeværnet. (Nedlæggelse af Marinehjemmeværnsinspektoratet og Flyverhjemmeværnsinspektoratet).,Om nedlæggelse af Marinehjemmeværnsinspektoratet og Flyverhjemmeværnsinspektoratet.
3255,174965,,1,2016-12-01 10:00:00,17,70272,3,L 5,"Forslag til lov om ændring af lov om social service, lov om retssikkerhed og administration på det sociale område og lov om voksenansvar for anbragte børn og unge. (Fremtidsfuldmagter på det sociale område m.v.).",Om fremtidsfuldmagter på det sociale område m.v. 
3256,174978,,1,2016-12-01 10:00:00,17,70273,3,L 6,"Forslag til lov om ændring af lov om Det Centrale Personregister. (Indførelse af ret til at få indsat en markering i CPR om, at borgeren ønsker at advare mod kreditgivning i vedkommendes navn).","Om ret til at få indsat en markering i CPR om, at borgeren ønsker at advare mod kreditgivning i vedkommendes navn."
3261,174939,,1,2016-12-06 13:00:00,17,70270,3,L 8,"Forslag til lov om ændring af lov om socialtilsyn, lov om social service og lov om voksenansvar for anbragte børn og unge. (Opfølgning på socialtilsynsreformen m.v.).",Om opfølgning på socialtilsynsreformen m.v.
3262,174913,,1,2016-12-06 13:00:00,17,70268,3,L 10,"Forslag til lov om ændring af lov om almene boliger m.v., lov om leje af almene boliger og lov om friplejeboliger. (Effektivisering af den almene boligsektors drift, forsøg med varmeregnskaber m.v.).",Om effektivisering af den almene boligsektors drift og forsøg med varmeregnskaber m.v.
3263,174926,,1,2016-12-06 13:00:00,17,70269,3,L 11,Forslag til lov om ændring af udlændingeloven. (Ændring af Flygtningenævnets sammensætning m.v.).,Om ændring af Flygtningenævnets sammensætning m.v.
3264,174900,,1,2016-12-06 13:00:00,17,70267,3,L 12,"Forslag til lov om ændring af lov om dansk indfødsret. (Krav om forældremyndighedsindehavers samtykke og vandel, når børn som bipersoner erhverver dansk indfødsret m.v.).","Om forældremyndighedsindehavers samtykke og vandel, når børn som bipersoner erhverver dansk indfødsret m.v."
3266,174684,,1,2016-12-06 13:00:00,17,70249,3,L 36,Forslag til lov om ændring af lov om friskoler og private grundskoler m.v. og lov om efterskoler og frie fagskoler. (Styrkelse af kvaliteten på de frie grundskoler m.v.).,Om styrkelse af kvaliteten på de frie grundskoler m.v.
3267,177143,,1,2016-12-06 13:00:00,17,71022,3,L 37 A,Forslag til lov om ændring af dagtilbudsloven. (Internationale dagtilbud).,Om internationale dagtilbud.
3268,177146,,1,2016-12-06 13:00:00,17,71023,3,L 37 B,Forslag til lov om ændring af dagtilbudsloven. (Bedre vilkår for etablering af virksomhedsinstitutioner).,Om bedre vilkår for etablering af virksomhedsinstitutioner.
3269,174887,,1,2016-12-08 10:00:00,17,70265,3,L 22,Forslag til lov om ændring af lov om leje af erhvervslokaler m.v. (Vurdering af markedslejen).,Om tidsbegrænsning af erhvervslejeaftaler og vurdering af markedslejen m.v.
3270,177473,,1,2016-12-08 11:00:00,17,71139,3,L 96,Forslag til lov om ændring af lov om en garantifond for skadesforsikringsselskaber. (Dækning af krav fra danske forsikringstagere i det liechtensteinske forsikringsselskab Gable Insurance AG under konkurs).,Om udvidelse af dækningsområdet for garantifonden for skadesforsikringsselskaber m.v.
3280,174747,,1,2016-12-13 13:00:00,17,70254,3,L 16,"Forslag til lov om ændring af lov om tinglysning, lov om afgift af tinglysning og registrering af ejer- og panterettigheder m.v., lov om realkreditlån og realkreditobligationer m.v. og forskellige andre love. (Ændring af reglerne for tinglysning og realkreditbelåning vedrørende visse tele-, energiforsynings- og vandforsyningsvirksomheder).","Om ændring af reglerne for tinglysning og realkreditbelåning vedrørende visse tele-, energiforsynings- og vandforsyningsvirksomheder."
3281,174838,,1,2016-12-13 13:00:00,17,70261,3,L 17,Forslag til lov om ændring af lov om forbud mod besøgende i bestemte lokaler og lov om politiets virksomhed. (Initiativer mod handel med hash m.v. og politiets anvendelse af peberspray).,Om initiativer mod handel med hash m.v. og om politiets anvendelse af peberspray.
3283,174812,,1,2016-12-13 13:00:00,17,70259,3,L 19,"Forslag til lov om ændring af lov om tilhold, opholdsforbud og bortvisning. (Strakstilhold).",Om strakstilhold.
3284,174799,,1,2016-12-13 13:00:00,17,70258,3,L 20,Forslag til lov om ændring af retsplejeloven. (Sagkyndig bevisførelse m.v.).,Om sagkyndig bevisførelse m.v.
3312,174482,,1,2016-12-15 10:00:00,17,70226,3,L 1,Forslag til finanslov for finansåret 2017.,Om forslag til finanslov for finansåret 2017.
3313,174514,,1,2016-12-15 10:00:00,17,70236,3,L 2,"Forslag til lov om fastsættelse af udgiftslofter for stat, kommuner og regioner for finansåret 2020.","Om udgiftslofter for stat, kommuner og regioner for finansåret 2020."
3314,174540,,1,2016-12-15 10:00:00,17,70238,3,L 3,"Forslag til lov om ændring af lov om fastsættelse af udgiftslofter for stat, kommuner og regioner for finansårene 2014-2017, lov om fastsættelse af udgiftslofter for stat, kommuner og regioner for finansåret 2018 og lov om fastsættelse af udgiftslofter for stat, kommuner og regioner for finansåret 2019. (Konsekvenser af aftale om afskaffelse af PSO-afgiften og aftale om finansloven for 2017).","Om fastsættelse af udgiftslofter for stat, kommuner og regioner for finansårene 2014-2019 som konsekvens af regeringens 2025-plan."
3315,174579,,1,2016-12-15 10:00:00,17,70241,3,L 31,Forslag til lov om tilskud til Færøernes hjemmestyre for 2016-2019.,Om tilskud til Færøernes hjemmestyre for 2016-2019.
3316,176330,,1,2016-12-15 10:00:00,17,70714,3,L 57,Forslag til lov om ændring af lov om ændring af adoptionsloven og lov om ændring af lov om ægteskabs indgåelse og opløsning og forskellige andre love. (Ikraftsættelse for Færøerne af visse bestemmelser i adoptionsloven).,Om ikraftsættelse for Færøerne af visse bestemmelser i adoptionsloven.
3318,177979,,1,2016-12-15 00:00:00,17,71384,3,L 54 A,Forslag til lov om ændring af lov om social service. (Konsekvensrettelser m.v. som følge af lov om voksenansvar for anbragte børn).,Om konsekvensrettelser m.v. som følge af lov om voksenansvar for anbragte børn.
3319,174734,,1,2016-12-15 10:00:00,17,70253,3,L 30,"Forslag til lov om ændring af lov om ægteskabs indgåelse og opløsning. (Dekorumkrav og obligatorisk kursus i dansk familieret, frihed og folkestyre).","Om vielsesbemyndigedes dekorumkrav og deltagelse i obligatorisk kursus i dansk familieret, frihed og folkestyre m.v. "
3320,175981,,1,2016-12-15 10:00:00,17,70687,3,L 63,Forslag til lov om ændring af lov om arbejdsløshedsforsikring m.v. (Tidspunkt for skift af dagpengesats for unge under 25 år og ph.d.-studerendes ret til arbejdsløshedsdagpenge).,Om dagpenge for unge under 25 år og ph.d.-studerende.
3321,175994,,1,2016-12-15 10:00:00,17,70688,3,L 64,"Forslag til lov om ændring af lov om arbejdsmiljø, lov om arbejdsskadesikring, lov om udstationering af lønmodtagere m.v. og lov om ændring af lov om udstationering af lønmodtagere m.v. (Ændring af organisering og finansiering af arbejdsmarkedets parters arbejdsmiljøindsats m.v.).",Om organisering og finansiering af arbejdsmarkedets parters arbejdsmiljøindsats m.v.
3322,176161,,1,2016-12-15 10:00:00,17,70701,3,L 67,"Forslag til lov om ændring af lov om bæredygtige biobrændstoffer og om reduktion af drivhusgasser fra transport. (Indførelse af krav om anvendelse af 0,9 pct. avancerede biobrændstoffer i brændstof til landtransport, ændret definition af, hvilke virksomheder der er omfattet af loven, bemyndigelse til fastsættelse af regler til efterlevelse af MRV-forordning om fremme af reduktion af CO2-emissioner fra søtransport samt regler om adgang til skibe).",Om avancerede biobrændstoffer i brændstof til landtransport m.v.
3323,176125,,1,2016-12-15 10:00:00,17,70698,3,L 68,"Forslag til lov om ændring af lov om elforsyning og lov om naturgasforsyning. (It-beredskab i el- og naturgassektorerne, gebyr for tilladelser til Energinet.dk og forhøjelse af indtægtsrammer for netvirksomheder m.v.).",Om it-beredskab i el- og naturgassektorerne m.v.
3324,175589,,1,2016-12-15 10:00:00,17,70543,3,L 42,Forslag til lov om Planklagenævnet.,Om Planklagenævnet.
3325,175602,,1,2016-12-15 10:00:00,17,70544,3,L 46,Forslag til lov om indfødsrets meddelelse.,Om indfødsrets meddelelse.
3326,174592,,1,2016-12-15 10:00:00,17,70242,3,L 28,"Forslag til lov om ændring af skatteforvaltningsloven og ligningsloven. (Omkostningsgodtgørelse til skattepligtige selskaber og fonde, udskydelse af søgsmålsfristen ved klage til Folketingets Ombudsmand, overførelse af sager om fradrag for forbedring af grundværdi fra Landsskatteretten til vurderingsankenævnene, ingen omkostningsgodtgørelse ved påklage af afgørelser om godtgørelse og ved overspringelse af klageinstans i sager om ejendomsvurderinger, initiativer til imødegåelse af misbrug af godtgørelsesordningen m.v.).",Om opfølgning på retssikkerhedspakken på skatteområdet.
3335,174644,,1,2016-12-16 10:00:00,17,70246,3,L 38,Forslag til lov om ændring af lov om apotekervirksomhed og lov om lægemidler. (Bedre tilgængelighed til lægemidler ved etablering af apotekernes vagttjeneste og selvvalg af håndkøbslægemidler).,Om bedre tilgængelighed til lægemidler ved etablering af apotekernes vagttjeneste og selvvalg af håndkøbslægemidler.
3336,175628,,1,2016-12-16 10:00:00,17,70546,3,L 47,Forslag til lov om ændring af lov om autorisation af sundhedspersoner og om sundhedsfaglig virksomhed og lov om en brancheadministreret registreringsordning for alternative behandlere. (Ændring af kiropraktorers forbeholdte virksomhedsområde m.v.).,Om kiropraktorers forbeholdte virksomhedsområde m.v.
3337,176085,,1,2016-12-16 10:00:00,17,70695,3,L 74,"Forslag til lov om ændring af lov om regionernes finansiering. (Ændret kommunal medfinansiering, indførelse af regional omfordeling som følge af effektiviseringsgevinster ved kvalitetsfondsstøttede sygehusbyggerier m.v.).",Om ændret kommunal medfinansiering på det regionale område m.v.
3338,176072,,1,2016-12-16 10:00:00,17,70694,3,L 75,Forslag til lov om ændring af sundhedsloven. (Justering af takster for somatiske færdigbehandlingsdage).,Om justering af takster for somatiske færdigbehandlingsdage.
3343,176733,,1,2016-12-19 10:00:00,17,70867,3,L 86,Forslag til lov om ændring af lov om arbejdsløshedsforsikring m.v. (Optjening af ret til feriedagpenge for perioder med sygedagpenge ophæves).,Om ophævelse af optjening af ret til feriedagpenge i perioder med sygedagpenge.
3344,174618,,1,2016-12-19 10:00:00,17,70244,3,L 33,"Forslag til lov om ændring af lov om Det Økonomiske Råd og Det Miljøøkonomiske Råd. (Formandskabets vurdering af produktivitetsudviklingen, sammensætningen af rådene og lovfæstelse af følg eller forklar-princippet m.v.).",Om det Økonomiske Råd og Det Miljøøkonomiske Råd m.v.
3346,176239,,1,2016-12-19 10:00:00,17,70707,3,L 61,"Forslag til lov om ændring af lov om Sund og Bælt Holding A/S. (Oprettelse af nyt selskab til varetagelse af betalingsanlæg på brugerfinansieret infrastruktur, vilkår for A/S Femern Landanlæg, adgang til anvendelse af finansielle transaktioner m.v.).",Om varetagelse af betalingsanlæg på brugerfinansieret infrastruktur m.v.
3347,176265,,1,2016-12-19 10:00:00,17,70709,3,L 62,Forslag til lov om ændring af færdselsloven. (Ophævelse af hørekrav for førere af motorkøretøjer).,Om hørekrav for førere af visse motorkøretøjer.
3349,174527,,1,2016-12-19 10:00:00,17,70237,3,L 34,Forslag til lov om ændring af lov om vandplanlægning og forskellige andre love. (Inddragelse af kommuner og vandråd i afgrænsning af vandløb i vandområdeplaner og kvalificering af udpegning af kunstige og stærkt modificerede vandløb samt ny organisering i Miljø- og Fødevareministeriet).,Om afgrænsning af vandløb i vandområdeplaner.
3350,175641,,1,2016-12-19 10:00:00,17,70547,3,L 44,Forslag til lov om Miljø- og Fødevareklagenævnet.,Om Miljø- og Fødevareklagenævnet.
3351,176007,,1,2016-12-19 10:00:00,17,70689,3,L 78,Forslag til lov om ændring af lov om kystbeskyttelse. (Forenkling af kommunernes sagsbehandling m.v.).,Om forenkling af kommunernes sagsbehandling  for kystbeskyttelsesprojekter.
3352,176033,,1,2016-12-19 10:00:00,17,70691,3,L 79,Forslag til lov om ændring af lov om hold af malkekvæg og afkom af malkekvæg. (Midlertidige lempelser af visse krav).,Om midlertidige lempelser for hold af malkekvæg m.v.
3353,176187,,1,2016-12-19 10:00:00,17,70703,3,L 69,Forslag til lov om ændring af lov om adgangsregulering ved videregående uddannelser. (Begrænsning af dobbeltuddannelse).,Om begrænsning af dobbeltuddannelse ved videregående uddannelser.
3354,176317,,1,2016-12-19 10:00:00,17,70713,3,L 48,"Forslag til lov om ændring af udlændingeloven. (Indførelse af en offentlig sanktionsliste over udenlandske religiøse forkyndere m.fl., som kan udelukkes fra at indrejse).",Om en offentlig sanktionsliste over religiøse forkyndere m.fl.
3355,176356,,1,2016-12-19 10:00:00,17,70716,3,L 49,Forslag til lov om ændring af udlændingeloven. (Ændring af udvisningsreglerne m.v.).,Om udvisningsreglerne.
3356,176588,,1,2016-12-19 10:00:00,17,70804,3,L 82,"Forslag til lov om ændring af udlændingeloven og kildeskatteloven. (Opholdstilladelse med henblik på ansættelse på forskningscenteret European Spallation Source i Sverige, europæiske forskningsinfrastrukturkonsortiers anvendelse af skatteordningen for udenlandske forskere og nøglemedarbejdere m.v.).",Om opholdstilladelse med henblik på ansættelse på forskningscenteret European Spallation Source i Sverige m.v.
3357,176785,,1,2016-12-19 10:00:00,17,70871,3,L 90,"Forslag til lov om ændring af lov om elforsyning, lov om fremme af vedvarende energi og elsikkerhedsloven og om ophævelse af lov om tilskud til fremme af vedvarende energi i virksomheders produktionsprocesser. (Udfasning af PSO-opkrævning, ophævelse af ForskEL, finansiering af Sikkerhedsstyrelsens virksomhed på elsikkerhedsområdet og nedjustering af balanceringsgodtgørelse).",Om udfasning af PSO-opkrævningen m.v.
3358,176112,,1,2016-12-19 10:00:00,17,70697,3,L 58,Forslag til lov om de gymnasiale uddannelser.,Om de gymnasiale uddannelser.
3359,176099,,1,2016-12-19 10:00:00,17,70696,3,L 59,"Forslag til lov om ændring af lov om institutioner for almengymnasiale uddannelser og almen voksenuddannelse m.v., lov om institutioner for erhvervsrettet uddannelse og forskellige andre love. (Indførelse af folkeskolens afgangseksamen, adgangskrav til erhvervsuddannelserne og ændringer som følge af lovgivning om de gymnasiale uddannelsers indhold m.v.).",Om folkeskolens afgangseksamen og adgangskrav til erhvervsuddannelserne m.v.
3360,176614,,1,2016-12-19 10:00:00,17,70806,3,L 85,Forslag til lov om ændring af lov om Arbejdsgivernes Uddannelsesbidrag og lov om erhvervsuddannelser. (Justering af arbejdsgiverbidrag og midlertidige bonusordninger for 2017 m.v.).,Om justering af arbejdsgiverbidrag og midlertidige bonusordninger for 2017 m.v.
3362,176746,,1,2016-12-19 10:00:00,17,70868,3,L 87,Forslag til lov om ændring af lov om produktionsskoler. (Harmonisering af skoleydelse til et SU-lignende niveau m.v.).,Om harmonisering af skoleydelse på produktionsskoler til et SU-lignende niveau m.v.
3363,176759,,1,2016-12-19 10:00:00,17,70869,3,L 88,Forslag til lov om ændring af lov om efterskoler og frie fagskoler. (Øvre grænse for kursusuger i årselevberegning m.v.).,Om øvre grænse for kursusuger i årselevberegning på efterskoler m.v.
3364,176772,,1,2016-12-19 10:00:00,17,70870,3,L 89,Forslag til lov om ændring af lov om forberedende voksenundervisning og ordblindeundervisning for voksne. (FVU-tilbud for tosprogede m.m.).,Om voksenundervisning for tosprogede m.m.
3365,176138,,1,2016-12-19 10:00:00,17,70699,3,L 81,"Forslag til lov om ændring af lov om internationalt udviklingssamarbejde. (Opdatering af lovens formål, justering af kravet om udarbejdelse af 4-årsplan for udgiftsrammer for udviklingsaktiviteter, ændring af rammerne for Investeringsfonden for Udviklingslandes virke, herunder bl.a. fastsættelse af en udbyttepolitik, og ændring af organiseringen af den udviklingsfaglige rådgivning m.v.).",Om internationalt udviklingssamarbejde.
3366,176213,,1,2016-12-19 10:00:00,17,70705,3,L 80,Forslag til lov om jobordning for veteraner.,Om jobordning for veteraner.
3367,176601,,1,2016-12-19 10:00:00,17,70805,3,L 83,Forslag til lov om ændring af beredskabsloven. (Sikringsmæssige foranstaltninger for nukleart materiale og nukleare anlæg).,Om sikringsmæssige foranstaltninger for nukleart materiale og nukleare anlæg.
3368,175615,,1,2016-12-19 10:00:00,17,70545,3,L 43,Forslag til lov om ændring af lov om røgfri miljøer og lov om fuldbyrdelse af straf m.v. (Udvidelse af rygeforbuddet i kriminalforsorgens institutioner m.v.).,Om udvidelse af rygeforbuddet i kriminalforsorgens institutioner m.v.
3369,176304,,1,2016-12-19 10:00:00,17,70712,3,L 71,Forslag til lov om ændring af lov om Politiets Efterretningstjeneste (PET). (Ændring af PET’s opgaver i forhold til den alvorligste organiserede kriminalitet og PET’s forpligtelse til sletning af oplysninger).,Om PET’s opgaver i forhold til den alvorligste organiserede kriminalitet m.v.
3370,176291,,1,2016-12-19 10:00:00,17,70711,3,L 73,"Forslag til lov om ændring af straffeloven, lov om fuldbyrdelse af straf m.v. og forskellige andre love. (Øget respekt for det offentlige rum, offentlige myndigheder og personer i offentlig tjeneste m.v.).",Om øget respekt for det offentlige rum og offentlige myndigheder m.v.
3371,176046,,1,2016-12-19 10:00:00,17,70692,3,L 84,"Forslag til lov om ændring af lov for Grønland om visse spil. (Forhøjelse af det beløb, der årligt overføres til Grønlands Selvstyre for spil udbudt i Grønland).",Om beløb til Grønlands Selvstyre for visse spil.
3380,176798,,1,2016-12-19 10:00:00,17,70872,3,L 91,"Forslag til lov om ændring af lov om fremme af vedvarende energi. (Kommunal indsigelsesret, udvidelse af køberetsordningen og den grønne ordning, pristillæg og afregningsvilkår for havvindmølleparkerne Vesterhav Syd, Vesterhav Nord og Kriegers Flak samt midlertidig suspension af støtteordninger og indsættelse af loft for støtte til visse anlæg).",Om diverse ændringer på vindmølleområdet.
3382,178191,,1,2017-01-10 13:00:00,17,71429,3,L 92 A,Forslag til lov om ændring af lov om vurdering af landets faste ejendomme og lov om finansiel virksomhed. (Bestemmelser om indsamling og registrering af data m.v.).,Om videreførelse af vurderinger af landets faste ejendomme m.v.
3383,178194,,1,2017-01-10 13:00:00,17,71430,3,L 92 B,"Forslag til lov om ændring af lov om vurdering af landets faste ejendomme og lov om kommunal ejendomsskat. (Videreførelse af vurderingerne med 1 år, fremrykning af beskatningsgrundlaget og udvidelse af den ekstraordinære revisionsbestemmelse).",Om videreførelse af vurderinger af landets faste ejendomme m.v.
3384,176892,,1,2017-01-10 13:00:00,17,70905,3,L 93,Forslag til lov om ændring af registreringsafgiftsloven. (Nedsættelse af registreringsafgiften).,Om nedsættelse af registreringsafgiften.
3386,177126,,1,2017-01-19 10:00:00,17,71013,3,L 94,"Forslag til lov om ændring af lov om ægteskabs indgåelse og opløsning, udlændingeloven og værgemålsloven. (Afskaffelse af muligheden for dispensation fra alderskrav ved indgåelse af ægteskab, anerkendelse af udenlandske ægteskaber og forhøjelse af gebyret for prøvelse af ægteskabsbetingelserne).",Om afskaffelse af muligheden for dispensation fra alderskrav ved indgåelse af ægteskab m.v.
3387,176200,,1,2017-01-19 10:00:00,17,70704,3,L 65,"Forslag til lov om ændring af lov om udstykning og anden registrering i matriklen, lov om Geodatastyrelsen, lov om tinglysning og forskellige andre love. (Effektivisering af ejendomsregistrering og -forvaltning m.v.).",Om effektivisering af ejendomsregistrering og -forvaltning m.v.
3388,176174,,1,2017-01-19 10:00:00,17,70702,3,L 66,Forslag til adresseloven.,Om adresseloven.
3393,177828,,1,2017-01-26 10:00:00,17,71351,3,L 102,"Forslag til lov om ændring af lov om inddrivelse af gæld til det offentlige, lov om fremgangsmåden ved inddrivelse af skatter og afgifter m.v. og lov om kommunal ejendomsskat. (Overdragelse af inddrivelsesopgaven vedrørende fortrinsberettigede kommunale fordringer til kommunerne).",Om overdragelse af inddrivelsesopgaven vedrørende fortrinsberettigede kommunale fordringer til kommunerne.
3394,177113,,1,2017-01-26 10:00:00,17,71012,3,L 95,"Forslag til lov om ændring af sundhedsloven, lov om autorisation af sundhedspersoner og om sundhedsfaglig virksomhed og lov om klage- og erstatningsadgang inden for sundhedsvæsenet. (Etablering af en bisidderordning og praktiserende kiropraktorers mulighed for henvisning til billeddiagnostiske undersøgelser samt kvalitetsarbejde m.v.).",Om etablering af en bisidderordning på sundhedsområdet m.v.
3400,176278,,1,2017-02-02 10:00:00,17,70710,3,L 70,Forslag til lov om ændring af lov om offentlighed i forvaltningen. (Ændring af revisionsbestemmelse).,Om ændring af revisionsbestemmelse i lov om offentlighed i forvaltningen.
3401,176252,,1,2017-02-02 10:00:00,17,70708,3,L 72,"Forslag til lov om ændring af retsplejelov for Grønland og kriminallov for Grønland. (Telefonforkyndelse, magtanvendelse i grønlandske anstalter samt tilhold, opholdsforbud og bortvisning m.v.).","Om telefonforkyndelse, magtanvendelse i grønlandske anstalter samt tilhold, opholdsforbud og bortvisning m.v."
3402,176020,,1,2017-02-02 10:00:00,17,70690,3,L 77,Forslag til lov om ændring af lov om miljøbidrag og godtgørelse i forbindelse med ophugning og skrotning af biler. (Nedsættelse af miljøbidrag).,Om nedsættelse af miljøbidraget til skrotning af biler m.v.
3412,177776,,1,2017-02-09 10:00:00,17,71347,3,L 97,"Forslag til lov om ændring af lov om en aktiv beskæftigelsesindsats og lov om arbejdsløshedsforsikring m.v. (Trepartsaftale på Beskæftigelsesministeriets område om uddannelsesløft, voksenlærlingeordningen og 6 ugers jobrettet uddannelse).",Om trepartsaftale om uddannelsesløft og voksenlærlingeordningen m.v.
3413,176436,,1,2017-02-09 10:00:00,17,70723,3,L 56,"Forslag til lov om ændring af lov om kommunernes styrelse og regionsloven. (Overførsel af det kommunale og regionale tilsyn til Ankestyrelsen, befordringsgodtgørelse til kommunalbestyrelsesmedlemmer ved foretagelse af borgerlige vielser og målretning af Ankestyrelsens udvælgelse af tilsynssager m.v.).",Om befordringsgodtgørelse til kommunalbestyrelsesmedlemmer ved foretagelse af borgerlige vielser og målretning af Ankestyrelsens udvælgelse af tilsynssager m.v.).
3415,177698,,1,2017-02-21 13:00:00,17,71341,3,L 109,Forslag til lov om ændring af lov om folkeskolen og lov om institutioner for almengymnasiale uddannelser og almen voksenuddannelse m.v. (Opfølgning på folkeskolereformen m.v.).,Om opfølgning på folkeskolereformen m.v.
3416,176408,,1,2017-02-21 13:00:00,17,70720,3,L 52,"Forslag til lov om ændring af lov om psykologer m.v. (Offentliggørelse af tilsynssager, adgang til at give påbud, ændring af Psykolognævnets sammensætning m.v.).","Om offentliggørelse af tilsynssager, adgang til at give påbud, ændring af Psykolognævnets sammensætning m.v."
3417,176395,,1,2017-02-21 13:00:00,17,70719,3,L 51,"Forslag til lov om ændring af udlændingeloven, lov om fuldbyrdelse af straf m.v. og straffeloven. (Styrket kontrol med udlændinge på tålt ophold og kriminelle udviste, herunder indførelse af underretningspligt, skærpet straf, afsoning i fodlænke og særlig adgang til varetægtsfængsling, og ændring af klageadgang).",Om styrket kontrol med udlændinge på tålt ophold m.v.
3418,177815,,1,2017-02-21 13:00:00,17,71350,3,L 108,Forslag til lov om ændring af udlændingeloven. (Overførsel af opgaver fra Udlændinge- og Integrationsministeriet til Flygtningenævnet og Udlændingenævnet m.v.).,Om overførsel af opgaver fra Udlændinge- og Integrationsministeriet til Flygtningenævnet og Udlændingenævnet m.v. 
3419,177802,,1,2017-02-21 13:00:00,17,71349,3,L 101,Forslag til lov om ændring af personskatteloven og lov om skattefri kompensation for forhøjede energi- og miljøafgifter. (Forhøjelse af bundskatten og det skrå skatteloft og reduktion af den grønne check til finansiering af afskaffelsen af PSO-afgiften m.v.).,Om forhøjelse af bundskatten og reduktion af den grønne check til finansiering af afskaffelsen af PSO-afgiften m.v.
3423,177711,,1,2017-02-23 10:00:00,17,71342,3,L 105,"Forslag til lov om ændring af retsplejeloven, lov om fuldbyrdelse af straf m.v. og lov om elektroniske kommunikationsnet og -tjenester. (Udeblivelsesdomme, forkyndelse og anvendelse af digital kommunikation i straffesager m.v.).","Om udeblivelsesdomme, forkyndelse og anvendelse af digital kommunikation i straffesager m.v."
3424,175654,,1,2017-02-23 10:00:00,17,70548,3,L 45,"Forslag til lov om ændring af lov om hold af heste. (Ændring af opbindingsperiode for gruppeopstaldede heste, ændring af indretningsmæssige krav, ændring af krav om fold og adgang til fold og indførelse af undtagelse fra krav om håndtering af visse heste).",Om hold af heste og om opbindingsperiode for gruppeopstaldede heste m.v.
3425,178420,,1,2017-02-23 10:00:00,17,71513,3,L 114,"Forslag til lov om ændring af lov om miljøgodkendelse m.v. af husdyrbrug, lov om miljøbeskyttelse, lov om jordbrugets anvendelse af gødning og om plantedække og forskellige andre love. (Ny regulering af husdyrbrug m.v. og indførelse af generelle regler for anvendelse af gødning på arealer og for husdyrbrug m.v. som udmøntning af dele af fødevare- og landbrugspakken samt ændringer som følge af VVM-direktivet m.v.).",Om ny regulering af husdyrbrug og anvendelse af gødning m.v.
3430,177854,,1,2017-02-28 13:00:00,17,71353,3,L 99,"Forslag til lov om ændring af lov om klage- og erstatningsadgang inden for sundhedsvæsenet. (Godtgørelse til forældre, der har mistet et barn som følge af skade påført i sundhedsvæsenet).","Om godtgørelse til forældre, der har mistet et barn som følge af skade påført i sundhedsvæsenet.  "
3433,176343,,1,2017-03-02 10:00:00,17,70715,3,L 53,Forslag til lov om ændring af lov om social service. (Forsikring af frivillige m.v.).,Om forsikring af frivillige m.v. på det sociale område.
3434,176382,,1,2017-03-02 10:00:00,17,70718,3,L 55,Forslag til lov om udstedelse af legitimationskort.,Om udstedelse af legitimationskort.
3435,177841,,1,2017-03-02 10:00:00,17,71352,3,L 104,Forslag til lov om ændring af lov om kommunal ejendomsskat og lov om kommunal udligning og generelle tilskud til kommuner. (Fastfrysning af grundskylden i 2017 for alle ejendomme).,Om fastfrysning af grundskylden i 2017 for alle ejendomme.
3436,178504,,1,2017-03-02 00:00:00,17,71579,3,L 115,Forslag til lov om tillægsbevilling for finansåret 2016.,Om tillægsbevilling for finansåret 2016.
3437,178913,,1,2017-03-02 10:00:00,17,71750,3,L 119,Forslag til lov om ændring af udlændingeloven. (Ændring af reglerne om inddragelse af studieopholdstilladelse ved ulovligt arbejde).,Om inddragelse af studieopholdstilladelse ved ulovligt arbejde.
3443,176369,,1,2017-03-14 13:00:00,17,70717,3,L 50,"Forslag til lov om ændring af udlændingeloven. (Obligatorisk kursus i dansk familieret, frihed og folkestyre for religiøse forkyndere m.fl. og løfteerklæring om overholdelse af dansk lovgivning).","Om obligatorisk kursus i dansk familieret, frihed og folkestyre for religiøse forkyndere m.v. "
3444,179591,,1,2017-03-14 00:00:00,17,72015,3,L 126,Forslag til lov om ændring af udlændingeloven. (Ændring som følge af forordning om den europæiske grænse- og kystvagt m.v.).,Om ændring af udlændingeloven som følge af forordning om den europæiske grænse- og kystvagt m.v.
3447,174952,,1,2017-03-21 13:00:00,17,70271,3,L 7,Forslag til lov om Haagerkonventionen af 2007.,Om Haagerkonventionen af 2007.
3448,179407,,1,2017-03-21 00:00:00,17,71970,3,L 133,Forslag til lov om en midlertidig jobpræmie til langtidsledige m.v.,Om en midlertidig jobpræmie til langtidsledige m.v.
3451,179604,,1,2017-03-23 00:00:00,17,72016,3,L 128,"Forslag til lov om ændring af barselsloven, lov om barselsudligning på det private arbejdsmarked, lov om sygedagpenge og lov om kommunernes finansiering af visse offentlige ydelser udbetalt af kommunerne, Udbetaling Danmark og arbejdsløshedskasserne. (Digitalisering af barselslovens beskæftigelseskrav og beregning, mulighed for mere fleksibel afholdelse af fædreorlov, fastsættelse af klageadgang i sager om sygedagpengeforsikring, omregning af månedsbaserede arbejdsløshedsdagpenge til berørte uger m.v.).",Om digitalisering af barselslovens beskæftigelseskrav og andre ændringer på barsels- og sygedagpengeområdet m.v.
3452,180006,,1,2017-03-23 00:00:00,17,72141,3,L 137,Forslag til lov om ændring af lov om inddrivelse af gæld til det offentlige og forskellige andre love. (Forenkling af regler om inddrivelse af gæld til det offentlige m.v.).,Om forenkling af regler om inddrivelse af gæld til det offentlige m.v.
3465,178991,,1,2017-03-28 00:00:00,17,71756,3,L 116,Forslag til lov om stedbestemt information.,Om stedbestemt information.
3466,178939,,1,2017-03-28 00:00:00,17,71752,3,L 123,"Forslag til lov om ændring af lov om elevers og studerendes undervisningsmiljø og lov om folkeskolen. (Krav om antimobbestrategi, handlingsplan ved problemer med det psykiske undervisningsmiljø, oprettelse af klageinstans, tilsyn, genindførelse af kommunalbestyrelsens behandling af skolelederens beslutninger m.v.).",Om krav om antimobbestrategi m.v. i lov om elevers og studerendes undervisningsmiljø m.v.
3473,177685,,1,2017-04-04 00:00:00,17,71340,3,L 98,Forslag til lov om anlæg af Haderup Omfartsvej.,Om anlæg af Haderup Omfartsvej.
3474,179526,,1,2017-04-04 00:00:00,17,72010,3,L 131,Forslag til lov om anlæg af et nyt Statens Naturhistoriske Museum.,Om anlæg af et nyt Statens Naturhistoriske Museum.
3475,178407,,1,2017-04-04 00:00:00,17,71512,3,L 112,"Forslag til lov om ændring af lov om europæiske samarbejdsudvalg, lov om information og høring af lønmodtagere, lov om varsling m.v. i forbindelse med afskedigelser af større omfang og lov om lønmodtageres retsstilling ved virksomhedsoverdragelse. (Implementering af direktiv om ændring af visse direktiver på det arbejds- og ansættelsesretlige område, for så vidt angår søfarende, m.v.).",Om implementering af visse direktiver på det arbejds- og ansættelsesretlige område for søfarende m.v.
3484,178978,,1,2017-04-20 00:00:00,17,71755,3,L 117,Forslag til lov om videnskabelig uredelighed m.v.,Om videnskabelig uredelighed m.v.
3485,178952,,1,2017-04-20 00:00:00,17,71753,3,L 118,Forslag til lov om Danmarks Forsknings- og Innovationspolitiske Råd og Danmarks Frie Forskningsfond.,Om Danmarks Forsknings- og Innovationspolitiske Råd og Danmarks Frie Forskningsfond.
3486,179967,,1,2017-04-20 00:00:00,17,72138,3,L 143,"Forslag til lov om ændring af lov om almene boliger m.v., lov om friplejeboliger, lov om leje af almene boliger, lov om tvungen administration af udlejningsejendomme og lov om ejerlejligheder. (Medfinansiering af Center for Boligsocial Udvikling, mulighed for afskæring af klageadgang og ejerlejlighedsopdeling).","Om medfinansiering af Center for Boligsocial Udvikling, mulighed for afskæring af klageadgang og ejerlejlighedsopdeling."
3487,178394,,1,2017-04-20 00:00:00,17,71511,3,L 113,Forslag til lov om ændring af lov om restaurationsvirksomhed og alkoholbevilling m.v. (Ændring af alderskrav for unge personers beskæftigelse og alderskrav til bevillingshavere og bestyrere m.v.).,Om alderskrav for unge personers beskæftigelse og alderskrav til alkoholbevillingshavere og bestyrere m.v.
3497,175300,,1,2017-04-25 10:00:00,17,70411,3,L 40,Forslag til lov om markedsføring.,Om markedsføring.
3498,181090,,1,2017-04-25 00:00:00,17,72545,3,L 165,Forslag til lov om ændring af lov om realkreditlån og realkreditobligationer m.v. og lov om finansiel virksomhed. (Ændring af lånegrænse for fritidshuse).,Om ændring af lånegrænse for fritidshuse.
3499,179513,,1,2017-04-25 00:00:00,17,72009,3,L 129,Forslag til lov om ændring af lov for Færøerne om rettens pleje. (International kompetence i ægteskabssager).,Om international kompetence i ægteskabssager på Færøerne.
3500,177724,,1,2017-04-25 00:00:00,17,71343,3,L 107,Forslag til lov om ændring af dagtilbudsloven. (Udvidet obligatorisk dagtilbud og krav om dansk og fokus på demokrati i privat pasning).,Om udvidet obligatorisk dagtilbud m.v.
3512,179565,,1,2017-04-27 00:00:00,17,72013,3,L 132,Forslag til lov om ændring af sundhedsloven. (Bedre brug af helbredsoplysninger til kvalitetsarbejde og retslægeligt ligsyn og obduktion samt særligt om samtykke ved behandling af børn og unge).,Om bedre brug af helbredsoplysninger til kvalitetsarbejde og retslægeligt ligsyn m.v. og om samtykke ved behandling af børn og unge.
3513,179578,,1,2017-04-27 00:00:00,17,72014,3,L 127,Forslag til lov om ændring af lov om kommunal udligning og generelle tilskud til kommuner. (Oprettelse af ny særtilskudspulje og forlængelse af overgangsordningen i forbindelse med refusionsomlægning på beskæftigelsesområdet).,Om oprettelse af en ny særtilskudspulje for kommuner og forlængelse af overgangsordningen i forbindelse med refusionsomlægning på beskæftigelsesområdet.
3514,179552,,1,2017-04-27 00:00:00,17,72012,3,L 130,Forslag til lov om ændring af lov om fuldbyrdelse af straf m.v. (Skærpelse af afsoningsvilkårene for udvisningsdømte indsatte).,Om skærpelse af afsoningsvilkårene for udvisningsdømte indsatte.
3515,181369,,1,2017-04-27 00:00:00,17,72661,3,L 168,Forslag til lov om retshåndhævende myndigheders behandling af personoplysninger.,Om retshåndhævende myndigheders behandling af personoplysninger.
3516,181346,,1,2017-04-27 00:00:00,17,72659,3,L 169,Forslag til lov om Den Europæiske Unions Agentur for Retshåndhævelsessamarbejde (Europol).,Om agentur for Retshåndhævelsessamarbejde og Europol.
3522,179980,,1,2017-05-02 00:00:00,17,72139,3,L 138,"Forslag til lov om ændring af universitetsloven, SU-loven og andre love. (Lønnede projektorienterede forløb i visse lande og mulighed for erkendtlighed under ulønnede projektorienterede forløb, praktik og studieophold).",Om lønnede projektorienterede uddannelsesforløb i visse lande m.v.
3532,179941,,1,2017-05-04 00:00:00,17,72136,3,L 140,Forslag til lov om ændring af lov om arbejdsmiljø i Grønland og lov om arbejdsskadesikring i Grønland. (Betaling for tilsyn med råstof- og vandkraftaktiviteter og indsamling og videregivelse af oplysninger om arbejdsulykker og erhvervssygdomme m.v.).,Om arbejdsmiljø på Grønland og betaling for tilsyn med råstof- og vandkraftaktiviteter m.v.
3534,180716,,1,2017-05-04 00:00:00,17,72430,3,L 154,Forslag til lov om ændring af udlændingeloven. (Skærpelse af reglerne om tidsubegrænset opholdstilladelse).,Om skærpelse af reglerne om tidsubegrænset opholdstilladelse.
3544,183075,,1,2017-05-09 00:00:00,17,73132,3,L 141 A,"Forslag til lov om ændring af færdselsloven. (Tidsbegrænset parkering, vejmyndighedens mulighed for at overtage parkeringskontrollen m.v.).","Om tidsbegrænset parkering, vejmyndighedens mulighed for at overtage parkeringskontrollen m.v."
3545,183081,,1,2017-05-09 00:00:00,17,73133,3,L 141 B,Forslag til lov om ændring af færdselsloven. (Oprettelse af klagenævn).,Om oprettelse af klagenævn.
3546,179539,,1,2017-05-09 00:00:00,17,72011,3,L 134,Forslag til lov om ændring af lov om biblioteksafgift. (Indførelse af biblioteksafgift for e-bøger og netlydbøger og ændring af biblioteksafgiftens undergrænse m.v.).,Om biblioteksafgift for e-bøger og netlydbøger og ændring af biblioteksafgiftens undergrænse m.v.
3547,180690,,1,2017-05-09 00:00:00,17,72428,3,L 152,Forslag til lov om ændring af lov om mediestøtte. (Tilskud til nyhedsmedier i grænselandet).,Om tilskud til nyhedsmedier i grænselandet.
3548,180664,,1,2017-05-09 00:00:00,17,72425,3,L 160,Forslag til lov om forsøg i folkekirken.,Om forsøg i folkekirken.
3550,177763,,1,2017-05-09 00:00:00,17,71346,3,L 110,"Forslag til lov om ændring af lov om beskyttelse af havmiljøet, lov om miljøbeskyttelse og lov om sikkerhed til søs. (Implementering af dele af Hongkongkonventionen).",Om implementering af dele af Hongkongkonventionen.
3551,180032,,1,2017-05-09 00:00:00,17,72143,3,L 144,Forslag til lov om ændring af lov om drift af landbrugsjorder. (Permanent genopdyrkningsret).,Om permanent genopdyrkningsret af landbrugsjorder.
3552,179915,,1,2017-05-09 00:00:00,17,72134,3,L 146,Forslag til lov om ændring af lov om Forsvarets Efterretningstjeneste (FE) og toldloven. (FE’s adgang til oplysninger om flypassagerer og ændring af FE’s forpligtelse til sletning af oplysninger).,Om FE’s adgang til oplysninger om flypassagerer m.v.
3553,174631,,1,2017-05-09 10:00:00,17,70245,3,L 27,"Forslag til lov om ændring af fondsbeskatningsloven, ligningsloven og skattekontrolloven. (Justering af fondes adgang til fradrag for ikkealmennyttige uddelinger).",Om justering af fondes adgang til fradrag for ikkealmennyttige uddelinger.
3557,181527,,1,2017-05-11 00:00:00,17,72674,3,L 172,"Forslag til lov om ændring af lov om en garantifond for skadesforsikringsselskaber og lov om forsikringsformidling. (Mulighed for, at direkte tegnende skadesforsikringsselskaber i EU/EØS kan tilslutte sig Garantifonden for skadesforsikringsselskaber og nye informationsforpligtelser for forsikringsagenter m.fl. ved markedsføring og salg af skadesforsikringsaftaler til forbrugere).",Om markedsføring og salg af skadesforsikringsaftaler til forbrugere.
3558,183257,,1,2017-05-11 00:00:00,17,73225,3,L 182 A,"Forslag til lov om ændring af lov om kuldioxidafgift af visse energiprodukter, momsloven, tinglysningsafgiftsloven, toldloven og forskellige andre love. (Tilretning af elpatronordningen, betalingspligt for moms ved tvangsauktionssalg, adgang til tilbagebetaling af tinglysningsafgift ved tastefejl, ændring af sikkerhedsstillelsesordningen for potentiel toldskyld m.v.).",Om ændringer af diverse skatte- og afgiftsordninger.
3559,183260,,1,2017-05-11 00:00:00,17,73226,3,L 182 B,Forslag til lov om ændring af ligningsloven. (Skattefrihed for befordringsgodtgørelse under integrationsgrunduddannelse).,Om skattefrihed for befordringsgodtgørelse under integrationsgrunduddannelse.
3560,180742,,1,2017-05-11 00:00:00,17,72432,3,L 153,Forslag til lov om ændring af udlændingeloven. (Mulighed for i en krisesituation at afvise asylansøgere ved grænsen).,Om mulighed for i en krisesituation at afvise asylansøgere ved grænsen.
3564,177737,,1,2017-05-16 00:00:00,17,71344,3,L 100,Forslag til lov om ændring af lov om vederlag og pension m.v. for ministre. (Ændring af ministres vederlæggelse og pensionsforhold som opfølgning på Vederlagskommissionens anbefalinger m.v.).,Om ministres vederlæggelse og pensionsforhold m.v. 
3569,178010,,1,2017-05-16 00:00:00,17,71387,3,L 106,Forslag til lov om ændring af lov om valg til Folketinget. (Ændring af folketingsmedlemmernes vederlæggelse og pensionsforhold som opfølgning på Vederlagskommissionens anbefalinger m.v.).,Om folketingsmedlemmernes vederlæggelse og pensionsforhold m.v.
3571,183251,,1,2017-05-16 00:00:00,17,73223,3,L 139 B,Forslag til lov om ændring af lov om våben og eksplosivstoffer. (Ændring af forbuddet mod transport af våben m.v. mellem visse andre lande end Danmark).,Om ændring af forbuddet mod transport af våben m.v. mellem visse andre lande end Danmark.
3576,183441,,1,2017-05-18 00:00:00,17,73332,3,L 167 A,Forslag til lov om ændring af sundhedsloven og lov om klage- og erstatningsadgang inden for sundhedsvæsenet. (Afvikling af kontaktpersonordningen).,Om afvikling af kontaktpersonordningen.
3577,183444,,1,2017-05-18 00:00:00,17,73333,3,L 167 B,Forslag til lov om ændring af sundhedsloven. (Genindførelse af retten til frit valg af tandpleje for børn under 16 år og brugere af omsorgstandplejen).,Om genindførelse af retten til frit valg af tandpleje for børn under 16 år og brugere af omsorgstandplejen.
3578,181064,,1,2017-05-18 00:00:00,17,72543,3,L 162,Forslag til lov om ændring af udlændingeloven. (Ophævelse af 26-årsreglen i ægtefællesammenføringssager).,Om ophævelse af 26-årsreglen i ægtefællesammenføringssager.
3579,181051,,1,2017-05-18 00:00:00,17,72542,3,L 163,Forslag til lov om ændring af udlændingeloven. (Ny opholdsordning for medfølgende familie til hjemvendende udlandsdanskere med visse beskæftigelsesmæssige kvalifikationer).,Om ny opholdsordning for medfølgende familie til hjemvendende udlandsdanskere med visse beskæftigelsesmæssige kvalifikationer.
3580,181540,,1,2017-05-18 00:00:00,17,72675,3,L 173,Forslag til lov om ændring af udlændingeloven. (Politiets Efterretningstjenestes og Forsvarets Efterretningstjenestes adgang til udlændingemyndighedernes registre og systemer m.v.).,Om Politiets Efterretningstjenestes og Forsvarets Efterretningstjenestes adgang til udlændingemyndighedernes registre og systemer m.v.
3585,181408,,1,2017-05-23 00:00:00,17,72664,3,L 176,Forslag til lov om forsøg med personlige borgerstyrede budgetter til socialt udsatte borgere.,Om forsøg med personlige borgerstyrede budgetter til socialt udsatte borgere.
3586,181395,,1,2017-05-23 00:00:00,17,72663,3,L 177,Forslag til lov om ændring af lov om retssikkerhed og administration på det sociale område. (Mellemkommunal refusion ved efterværn).,Om mellemkommunal refusion ved efterværn på det sociale område.
3587,181434,,1,2017-05-23 00:00:00,17,72666,3,L 178,Forslag til lov om ægtefællers økonomiske forhold.,Om ægtefællers økonomiske forhold.
3588,181421,,1,2017-05-23 00:00:00,17,72665,3,L 179,"Forslag til lov om ændring af lov om ægteskabs indgåelse og opløsning, lov om ægtefælleskifte m.v. og forskellige andre love. (Ændringer som følge af lov om ægtefællers økonomiske forhold).",Om ændringer som følge af lov om ægtefællers økonomiske forhold.
3589,180755,,1,2017-05-23 00:00:00,17,72433,3,L 159,"Forslag til lov om ændring af lov om hold af dyr. (Bemyndigelse til fastsættelse af regler om obligatorisk hygiejnekursus for visse personer, der håndterer svin, m.v.).","Om hygiejnekursus for visse personer, der håndterer svin, m.v."
3590,181025,,1,2017-05-23 00:00:00,17,72540,3,L 166,Forslag til lov om ændring af lov om Landdistriktsfonden. (Mulighed for at undtage støtteordninger med standardomkostninger fra tilbudslovens regler).,Om at undtage støtteordninger med standardomkostninger fra tilbudslovens regler m.v.
3619,178926,,1,2017-05-30 00:00:00,17,71751,3,L 120,Forslag til lov om ændring af færdselsloven. (Bemyndigelse til at fastsætte regler om og give tilladelse til forsøg med selvkørende motorkøretøjer).,Om forsøg med selvkørende motorkøretøjer.
3620,179993,,1,2017-05-30 00:00:00,17,72140,3,L 142,Forslag til lov om ændring af færdselsloven. (Ændring af sanktionerne for kørsel i THC-påvirket tilstand og af regler om alkolåse).,Om ændring af sanktionerne for kørsel i THC-påvirket tilstand og af regler om alkolåse.
3621,180651,,1,2017-05-30 00:00:00,17,72424,3,L 158,Forslag til lov om ændring af færdselsloven. (Ændring af sanktionerne på køre- og hviletidsområdet m.v.).,Om sanktionerne på køre- og hviletidsområdet m.v.
3622,180255,,1,2017-05-30 00:00:00,17,72257,3,L 147,"Forslag til lov om ændring af lov om social pension og lov om højeste, mellemste, forhøjet almindelig og almindelig førtidspension m.v. (Ændrede regler om meddelelse om ret til folkepension, opsat pension m.v.).","Om ændrede regler om meddelelse om ret til folkepension, opsat pension m.v."
3623,182623,,1,2017-05-30 00:00:00,17,73008,3,L 205,"Forslag til lov om ændring af lov om arbejdsløshedsforsikring m.v. (Midlertidig forhøjelse af timebegrænsning for frivilligt, ulønnet arbejde).","Om midlertidig forhøjelse af timebegrænsning for frivilligt, ulønnet arbejde på arbejdsløshedsforsikringsområdet."
3624,183669,,1,2017-05-30 00:00:00,17,73452,3,L 149 A,Forslag til lov om ændring af retsplejeloven. (Ændring af reglerne for lægdommere).,Om ændring af reglerne for lægdommere
3625,183672,,1,2017-05-30 00:00:00,17,73453,3,L 149 B,"Forslag til lov om ændring af retsplejeloven, lov om Bruxelles I-forordningen m.v. og forskellige andre love. (Ændring af reglerne for lægdommere, gennemførelse af værnetingsaftalekonventionen m.v.).","Om lægdommere, gennemførelse af værnetingsaftalekonventionen m.v. "
3626,180625,,1,2017-05-30 00:00:00,17,72422,3,L 155,Forslag til lov om kapitalmarkeder.,Om kapitalmarkeder.
3627,180638,,1,2017-05-30 00:00:00,17,72423,3,L 156,"Forslag til lov om ændring af lov om finansiel virksomhed, lov om finansielle rådgivere og boligkreditformidlere og forskellige andre love. (Gennemførelse af direktiv om markeder for finansielle instrumenter (MiFID II) og ændringer som følge af forordning om markeder for finansielle instrumenter (MiFIR) m.v.).",Om gennemførelse af direktiv om markeder for finansielle instrumenter m.v. 
3644,178900,,1,2017-06-01 00:00:00,17,71749,3,L 121,"Forslag til lov om ændring af lov om planlægning, lov om naturbeskyttelse og lov om aktindsigt i miljøoplysninger. (Modernisering af planloven, bedre rammer for kommuner, borgere og virksomheder i hele landet).",Om modernisering af planloven m.v.
3646,182211,,1,2017-06-01 00:00:00,17,72815,3,L 187,"Forslag til lov om ændring af lov om finansiel virksomhed, lov om ejendomskreditselskaber og lov om realkreditlån og realkreditobligationer m.v. (Øget gennemsigtighed og mobilitet på realkreditmarkedet).",Om øget gennemsigtighed og mobilitet på realkreditmarkedet.
3647,180776,,1,2017-06-01 00:00:00,17,72438,3,L 148,Forslag til lov om ændring af lov om bygningsfredning og bevaring af bygninger og bymiljøer. (Det Særlige Bygningssyns sammensætning og kompetencer).,"Om Det Særlige Bygningssyns sammensætning og kompetencer.
"
3648,179088,,1,2017-06-01 00:00:00,17,71819,3,L 124,Forslag til lov om ændring af lov om valg til Folketinget. (Valg på personlige stemmer).,Om valg på personlige stemmer.
3649,179101,,1,2017-06-01 00:00:00,17,71820,3,L 125,Forslag til lov om ændring af lov om valg til Folketinget. (Indførelse af prioriteret sideordnet opstilling).,Om indførelse af prioriteret sideordnet opstilling.
3650,179928,,1,2017-06-01 00:00:00,17,72135,3,L 136,Forslag til lov om ændring af lov om et analyse- og forskningsinstitut for kommuner og regioner og lov om apoteksvirksomhed. (Oprettelse af Det Nationale Forsknings- og Analysecenter for Velfærd og adgang til oplysninger fra Lægemiddelstatistikregisteret).,Om oprettelse af Det Nationale Forsknings- og Analysecenter for Velfærd og adgang til oplysninger fra Lægemiddelstatistikregisteret.
3651,181077,,1,2017-06-01 00:00:00,17,72544,3,L 164,"Forslag til lov om ændring af lov om drift af landbrugsjorder, registreringsafgiftsloven, lov om kommunale borgerservicecentre og forskellige andre love. (Opfølgning på frikommuneforsøget 2012-2015).",Om opfølgning på frikommuneforsøget 2012-2015.
3652,182714,,1,2017-06-01 00:00:00,17,73015,3,L 199,"Forslag til lov om ændring af lov om kommunale og regionale valg og lov om valg af danske medlemmer til Europa-Parlamentet. (Afskaffelse af valgret for udlændinge på tålt ophold, udvisningsdømte udlændinge og administrativt udviste udlændinge m.v.).","Om afskaffelse af valgret for udlændinge på tålt ophold, udvisningsdømte udlændinge og administrativt udviste udlændinge m.v."
3653,182753,,1,2017-06-01 00:00:00,17,73018,3,L 200,Forslag til lov om frikommunenetværk.,Om frikommunenetværk.
3654,182740,,1,2017-06-01 00:00:00,17,73017,3,L 197,"Forslag til lov om ændring af lov om kommunal udligning og generelle tilskud til kommuner. (Kompensation for øget afgiftsbelastning og udvidelse af landevejsprincippet for biler, passagerer m.v. til og fra visse øer).",Om udvidelse af landevejsprincippet.
3655,182792,,1,2017-06-01 00:00:00,17,73021,3,L 198,Forslag til lov om ændring af lov om private bidrag til politiske partier og offentliggørelse af politiske partiers regnskaber og lov om økonomisk støtte til politiske partier m.v. (Øget åbenhed om den private økonomiske støtte til politiske partier m.v.).,Om øget åbenhed om den private økonomiske støtte til politiske partier m.v.
3656,181447,,1,2017-06-01 00:00:00,17,72667,3,L 171,Forslag til lov om ændring af lov om politiets virksomhed og toldloven. (Politiets anvendelse af databaserede analyseredskaber og adgang til oplysninger om flypassagerer).,Om politiets anvendelse af databaserede analyseredskaber og adgang til oplysninger om flypassagerer.
3657,182610,,1,2017-06-01 00:00:00,17,73007,3,L 190,"Forslag til lov om ændring af straffeloven, lov om forbud mod ophold i bestemte ejendomme og lov om fuldbyrdelse af straf m.v. (Styrket indsats mod rocker- og bandekriminalitet m.v.).",Om styrket indsats mod rocker- og bandekriminalitet m.v.
3658,182649,,1,2017-06-01 00:00:00,17,73010,3,L 193,Forslag til lov om forbud mod anvendelse af bestemte ejendomme som samlingssted for en gruppe.,Om forbud mod anvendelse af bestemte ejendomme som samlingssted for en gruppe.
3659,182597,,1,2017-06-01 00:00:00,17,73006,3,L 192,Forslag til lov om ændring af retsplejeloven og forskellige andre love. (Blokering af hjemmesider og stop af offentlige ydelser til fremmedkrigere).,Om blokering af hjemmesider og stop af offentlige ydelser til fremmedkrigere.
3660,182675,,1,2017-06-01 00:00:00,17,73012,3,L 191,"Forslag til lov om ændring af lov om ændring af straffeloven, retsplejeloven, lov om konkurrence- og forbrugerforhold på telemarkedet, våbenloven, udleveringsloven samt lov om udlevering af lovovertrædere til Finland, Island, Norge og Sverige. (Ændring af revisionsbestemmelse).",Om ændring af revisionsbestemmelse i lov om initiativer til bekæmpelse af terrorisme på telemarkedsområdet.
3662,177750,,1,2017-06-01 00:00:00,17,71345,3,L 111,Forslag til lov om ændring af lov om miljøbeskyttelse. (Kompenserende marine virkemidler ved etablering eller udvidelse af havbrug).,Om kompenserende marine virkemidler ved etablering eller udvidelse af havbrug.
3663,178965,,1,2017-06-01 00:00:00,17,71754,3,L 122,Forslag til lov om ændring af lov om naturbeskyttelse. (Nye muligheder for visse anlæg og indretninger på klitfredede arealer og inden for strandbeskyttelseslinjen samt inden for sø- og åbeskyttelseslinjen).,Om nye muligheder for visse anlæg og indretninger på klitfredede arealer og inden for strandbeskyttelseslinjen samt inden for sø- og åbeskyttelseslinjen.
3683,181501,,1,2017-06-02 00:00:00,17,72672,3,L 180,"Forslag til lov om ændring af lov om elforsyning, lov om fremme af vedvarende energi, lov om naturgasforsyning og lov om vandsektorens organisering og økonomiske forhold. (Økonomisk regulering af netvirksomheder, skærpelse af netvirksomheders særskilte identitet, ophævelse af støtteordninger for elektricitet fra særlige anlæg, der anvender biomasse som energikilde, og opkrævning af betaling for myndighedsbehandling m.v.).",Om økonomisk regulering af netvirksomheder m.v.
3684,183105,,1,2017-06-02 00:00:00,17,73162,3,L 213,"Forslag til lov om ændring af lov om varmeforsyning, lov om elforsyning, lov om naturgasforsyning og lov om kommunal udligning og generelle tilskud til kommuner. (Forhøjelse af procenten for modregning i den enkelte kommunes statstilskud ved overførsel af midler fra kommunale varmeforsyningsvirksomheder m.v.).  ",Om modregning i den enkelte kommunes statstilskud ved overførsel af midler fra kommunale varmeforsyningsvirksomheder m.v.
3685,182375,,1,2017-06-02 00:00:00,17,72890,3,L 189,Forslag til lov om indfødsrets meddelelse.,Om indfødsrets meddelelse.
3686,180049,,1,2017-06-02 00:00:00,17,72150,3,L 135,Forslag til lov om ændring af udlændingeloven. (Præcisering af kravene til aflønning efter beløbsordningen).,Om ændring af udlændingeloven.
3687,180821,,1,2017-06-02 00:00:00,17,72447,3,L 161,Forslag til lov om ændring af udlændingeloven. (Forhøjelse af mindstebeløbet i beløbsordningen).,Om ændring af udlændingeloven.
3688,181553,,1,2017-06-02 00:00:00,17,72676,3,L 174,"Forslag til lov om ændring af repatrieringsloven og udlændingeloven. (Øget støtte til repatriering, genindførelse af resultattilskud til kommunerne og indførelse af absolut tilbagebetalingskrav m.v.).",Om øget støtte til repatriering og genindførelse af resultattilskud til kommunerne m.v.
3689,181566,,1,2017-06-02 00:00:00,17,72677,3,L 175,"Forslag til lov om ændring af lov om danskuddannelse til voksne udlændinge m.fl. og forskellige andre love. (Mere virksomhedsrettet danskuddannelse til voksne udlændinge, krav om mellemkommunal aftale ved midlertidig boligplacering af flygtninge i en anden kommune m.v.).",Om mere virksomhedsrettet danskuddannelse til voksne udlændinge m.v.
3690,182224,,1,2017-06-02 00:00:00,17,72816,3,L 188,Forslag til lov om ændring af udlændingeloven. (Øget brug af biometri m.v.).,Om øget brug af biometri m.v. på udlændingeområdet.
3692,180729,,1,2017-06-02 00:00:00,17,72431,3,L 150,"Forslag til lov om ændring af lov om social service, lov om socialtilsyn og lov om retssikkerhed og administration på det sociale område. (Udvidelse og tydeliggørelse af muligheden for at yde en tidlig forebyggende indsats efter lov om social service, forenkling af udmålingssystemet for merudgiftsydelsen, indførelse af varsling ved afgørelser om frakendelse eller nedsættelse af hjælp efter lov om social service m.v.).","Om tidlig forebyggende indsats efter serviceloven, forenkling af udmålingssystemet for merudgiftsydelsen og visse andre ændringer på det sociale område."
3693,180703,,1,2017-06-02 00:00:00,17,72429,3,L 151,Forslag til lov om tilkøb af socialpædagogisk ledsagelse under ferie.,Om tilkøb af socialpædagogisk ledsagelse under ferie.
3694,182999,,1,2017-06-02 00:00:00,17,73106,3,L 206,Forslag til lov om ændring af lov om social service og lov om retssikkerhed og administration på det sociale område. (Udvidelse af reglerne om optagelse i et bestemt botilbud uden samtykke m.v.).,Om udvidelse af reglerne på det sociale område om optagelse i et bestemt botilbud uden samtykke m.v.
3695,175274,,1,2017-06-02 10:00:00,17,70409,3,L 41,Forslag til lov om forebyggende foranstaltninger mod hvidvask og finansiering af terrorisme (hvidvaskloven).,Om forebyggende foranstaltninger mod hvidvask og finansiering af terrorisme.
3696,180677,,1,2017-06-02 00:00:00,17,72427,3,L 157,Forslag til lov om betalinger.,Om betalinger.
3697,177789,,1,2017-06-02 00:00:00,17,71348,3,L 103,Forslag til lov om ændring af personskatteloven og virksomhedsskatteloven. (Kildeartsbegrænsning af underskud fra fysiske personers investeringer i visse anpartsprojekter).,Om kildeartsbegrænsning af underskud fra fysiske personers investeringer i visse anpartsprojekter.
3698,181460,,1,2017-06-02 00:00:00,17,72668,3,L 183,Forslag til lov om ændring af boafgiftsloven og forskellige andre love. (Nedsættelse af bo- og gaveafgiften ved generationsskifte af erhvervsvirksomheder og genoptagelse af skatteansættelsen for værdipapirer m.v.).,Om nedsættelse af bo- og gaveafgiften ved generationsskifte af erhvervsvirksomheder m.v.
3699,182727,,1,2017-06-02 00:00:00,17,73016,3,L 194,Forslag til lov om ændring af ligningsloven. (Kvalifikation af selvstændig erhvervsvirksomhed ved deltagelse i et skattemæssigt transparent selskab).,Om kvalifikation af selvstændig erhvervsvirksomhed ved deltagelse i et skattemæssigt transparent selskab på ligningsområdet.
3700,182701,,1,2017-06-02 00:00:00,17,73014,3,L 195,Forslag til lov om ændring af ligningsloven. (Skattefrihed for OL- og PL-præmiebonus).,Om skattefrihed for OL- og PL-præmiebonus.
3701,182688,,1,2017-06-02 00:00:00,17,73013,3,L 196,"Forslag til lov om ændring af lov om spil, lov om afgifter af spil og lov om Danske Spil A/S. (Liberalisering af onlinebingo, heste- og hundevæddemål og væddemål på kapflyvning med brevduer samt indførelse af et særligt bidrag til hestevæddeløbssporten).",Om liberalisering for visse spil og afgifter af spil m.v.
3702,182986,,1,2017-06-02 00:00:00,17,73105,3,L 210,"Forslag til lov om ændring af registreringsafgiftsloven, brændstofforbrugsafgiftsloven, lov om afgift af elektricitet og forskellige andre love. (Udskydelse af indfasning af registreringsafgift på eldrevne køretøjer m.v., midlertidigt fradrag for batterikapacitet, forlængelse af ordning med lav afgift på el til opladning af eldrevne køretøjer og særlig ordning for elbusser, ændring af beregning af brændstofforbrug for gasdrevne biler og gasdrevne pluginhybridbiler og nedsættelse af afgift af metanol iblandet vand).",Om udskydelse af indfasning af registreringsafgift på eldrevne køretøjer m.v.
3703,182958,,1,2017-06-02 00:00:00,17,73102,3,L 211,Forslag til ejendomsvurderingsloven.,Om ejendomsvurderingsloven.
3704,182971,,1,2017-06-02 00:00:00,17,73103,3,L 212,"Forslag til lov om ændring af skatteforvaltningsloven, lov om kommunal ejendomsskat, ejendomsværdiskatteloven og forskellige andre love. (Ny vurderingsankenævnsstruktur, regler om klagebehandling af vurderingssager og ændringer som følge af en ny ejendomsvurderingslov m.v.).",Om ny vurderingsankenævnsstruktur og ændringer som følge af en ny ejendomsvurderingslov m.v.
3705,181488,,1,2017-06-02 00:00:00,17,72671,3,L 185,Forslag til lov om anvendelse af tvang ved somatisk behandling af varigt inhabile.,Om anvendelse af tvang ved somatisk behandling af varigt inhabile.
3706,182932,,1,2017-06-02 00:00:00,17,73100,3,L 207,Forslag til lov om ændring af lov om anvendelse af tvang i psykiatrien og sundhedsloven. (Oprettelse af særlige pladser på psykiatrisk afdeling).,Om oprettelse af særlige pladser på psykiatrisk afdeling.
3707,182945,,1,2017-06-02 00:00:00,17,73101,3,L 208,Forslag til lov om ændring af lov om en brancheadministreret registreringsordning for alternative behandlere. (Ændring af forsikringsvilkår for registrerede alternative behandlere m.v.).,Om ændring af forsikringsvilkår for registrerede alternative behandlere m.v.
3708,183050,,1,2017-06-02 00:00:00,17,73120,3,L 209,Forslag til lov om forlængelse af økonomiprotokollatet for almen praksis.,Om forlængelse af økonomiprotokollatet for almen praksis.
3710,181589,,1,2017-06-02 00:00:00,17,72679,3,L 170,Forslag til lov om ændring af straffeloven. (Ophævelse af straffelovens blasfemibestemmelse).,Om ophævelse af straffelovens blasfemibestemmelse.
3711,182662,,1,2017-06-02 00:00:00,17,73011,3,L 203,Forslag til lov om ændring af universitetsloven. (Bedre rammer for ledelse).,Om bedre rammer for ledelse på universitetsområdet.
3712,181514,,1,2017-06-02 00:00:00,17,72673,3,L 181,"Forslag til lov om ændring af universitetsloven, lov om professionshøjskoler for videregående uddannelser, lov om erhvervsakademier for videregående uddannelser og forskellige andre love. (Indførelse af investeringsrammer på selvejeområdet og opfølgning på omlægning af tilskudssystem for maritime efter- og videreuddannelser m.v.).",Om investeringsrammer på selvejeområdet og opfølgning på omlægning af tilskudssystem for maritime efter- og videreuddannelser m.v.
3713,181382,,1,2017-06-02 00:00:00,17,72662,3,L 184,Forslag til lov om ændring af lov om institutioner for almengymnasiale uddannelser og almen voksenuddannelse m.v. og lov om institutioner for erhvervsrettet uddannelse. (Indførelse af investeringsrammer på selvejeområdet).,Om investeringsrammer på selvejeområdet for almengymnasiale uddannelser og almen voksenuddannelse m.v.
3714,182766,,1,2017-06-02 00:00:00,17,73019,3,L 202,"Forslag til lov om ændring af lov om Arbejdsgivernes Uddannelsesbidrag, lov om erhvervsuddannelser, lov om folkeskolen og forskellige andre love. (Praktikpladsafhængigt bidrag til AUB m.v.).",Om praktikpladsafhængigt bidrag til Arbejdsgivernes Uddannelsesbidrag m.v.
3736,185555,,1,2017-11-09 00:00:00,17,74193,3,L 4,"Forslag til lov om ændring af registreringsafgiftsloven og brændstofforbrugsafgiftsloven. (Ændring af registreringsafgiften, ændring af fradrag for sikkerhedsudstyr, forhøjelse af tærskelværdi og tillæg for energieffektivitet, stramning af regler om leasing m.v. af køretøjer, forhøjelse af reparationsgrænsen og forhøjelse og øget differentiering af brændstofforbrugsafgift m.v.).",Om ændring af forskellige bilafgifter i registreringsafgiftsloven og brændstofforbrugsafgiftsloven.
3737,186971,,1,2017-11-09 00:00:00,17,74590,3,L 39 A,"Forslag til lov om ændring af lov om fremme af vedvarende energi. (Indsættelse af frister for tilsagn om pristillæg samt puljer i visse støtteordninger, midlertidig drift af elproduktionsanlæg på havet uden elproduktionsanlæg og ophævelse af solcellepuljen for 2017 m.v.).",Om indsættelse af frister for tilsagn om pristillæg samt puljer i visse støtteordninger m.v.
3738,186976,,1,2017-11-09 00:00:00,17,74591,3,L 39 B,"Forslag til lov om ændring af lov om fremme af vedvarende energi. (Indsættelse af frister for tilsagn om tilskud, nettilslutning og ansøgning om udbetaling af tilskud i den grønne ordning samt nedjustering af balancegodtgørelse).","Om indsættelse af frister for tilsagn om tilskud, nettilslutning og ansøgning om udbetaling af tilskud i den grønne ordning."
3739,185334,,1,2017-11-09 00:00:00,17,74176,3,L 56,Forslag til lov om ændring af lov om hunde. (Undtagelse fra aflivning af visse ulovlige hunde i særlige tilfælde).,Om undtagelse fra aflivning af visse ulovlige hunde i særlige tilfælde.
3742,185620,,1,2017-11-28 00:00:00,17,74198,3,L 58,"Forslag til lov om ændring af sundhedsloven. (Bedre lægedækning ved udvidelse af perioden for regioners drift af alment medicinske klinikker, forenklet overdragelse af ydernumre mellem læger og ændret opkrævning af gebyr for regionale sygehusenheder m.v.).",Om bedre lægedækning samt ændret opkrævning af gebyr for regionale sygehusenheder m.v.
3743,185477,,1,2017-11-28 00:00:00,17,74187,3,L 17,"Forslag til lov om ændring af kulbrinteskatteloven, lov om ansættelse og opkrævning m.v. af skat ved kulbrinteindvinding, lov om fremskyndet tilbagebetaling af visse afgifter og fusionsskatteloven. (Lempelse af beskatningen af kulbrintevirksomhed for visse investeringer og afskaffelse af forskudsmomsordningen m.v.).",Om lempelse af beskatningen af kulbrintevirksomhed for visse investeringer og afskaffelse af forskudsmomsordningen m.v.
3744,187664,,1,2017-11-28 00:00:00,17,74771,3,L 64 A,"Forslag til lov om ændring af skatteforvaltningsloven og ligningsloven. (Ensretning af værnetingsregler ved indbringelse af skattesager, udvidelse af skattefriheden for statslige godtgørelser til asbestofre m.v.).","Om ensretning af værnetingsregler ved indbringelse af skattesager, udvidelse af skattefriheden for statslige godtgørelser til asbestofre m.v.."
3745,187667,,1,2017-11-28 00:00:00,17,74772,3,L 64 B,Forslag til lov om ændring af skatteforvaltningsloven. (Begrænsning af SKATs mulighed for at tilbagekalde bindende svar ved værdiansættelse af aktiver).,Om begrænsning af SKATs mulighed for at tilbagekalde bindende svar ved værdiansættelse af aktiver.
3746,185659,,1,2017-11-30 00:00:00,17,74201,3,L 40,"Forslag til lov om ændring af lov om elforsyning, lov om fremme af vedvarende energi, lov om naturgasforsyning, lov om Energinet.dk og lov om varmeforsyning. (Betaling for myndighedsbehandling og justering af bestemmelser om tilsyn med Energinet).",Om betaling for myndighedsbehandling og justering af bestemmelser om tilsyn med Energinet.
3747,185685,,1,2017-11-30 00:00:00,17,74203,3,L 42,"Forslag til lov om ændring af lov om anvendelse af Danmarks undergrund og lov om etablering og benyttelse af en rørledning til transport af råolie og kondensat. (Forbedret tredjepartsadgang i forbindelse med kulbrinteindvinding, reservationer af kapacitet og opkrævning af bidrag til afviklingsomkostninger i olierørledningen samt ny klageadgang i lov om etablering og benyttelse af en rørledning til transport af råolie og kondensat m.v.).",Om kulbrinteindvinding og andre ændringer på undergrundsområdet m.v. 
3748,185708,,1,2017-11-30 00:00:00,17,74205,3,L 43,Forslag til lov om ændring af lov om kontinentalsoklen. (Tilladelse til visse rørledningsanlæg på søterritoriet).,Om tilladelse til visse rørledningsanlæg på søterritoriet. 
3749,185153,,1,2017-11-30 00:00:00,17,74161,3,L 6,"Forslag til lov om ændring af konkurrenceloven. (Undtagelse fra forbuddet mod konkurrencebegrænsende aftaler, fusioner, egenacces, databeskyttelsesretlige regler, foreløbig ansøgning om straflempelse og nordisk samarbejde).",Om undtagelse fra forbuddet mod konkurrencebegrænsende aftaler m.v.
3750,187926,,1,2017-11-30 00:00:00,17,74820,3,L 7 A,"Forslag til lov om ændring af søloven og lov om sikkerhed til søs (Ansvarsbegrænsningsbeløb ved vragfjernelse, gennemførelse af internationale sanktioner vedrørende skibsregistrering, privatretlige havneafgifter m.v.).","Om ansvarsbegrænsningsbeløb ved vragfjernelse, gennemførelse af internationale sanktioner vedrørende skibsregistrering, privatretlige havneafgifter m.v."
3751,187929,,1,2017-11-30 00:00:00,17,74821,3,L 7 B,Forslag til lov om ændring af søloven og tinglysningsafgiftsloven.  (Justering og klarificering af reglerne om udenlandske ejeres adgang til at få skibe under dansk flag og forenklet registrering af rettigheder i mellemstore fritidsfartøjer).,Om justering og klarificering af reglerne om udenlandske ejeres adgang til at få skibe under dansk flag og forenklet registrering af rettigheder i mellemstore fritidsfartøjer.
3752,185225,,1,2017-11-30 00:00:00,17,74167,3,L 10,"Forslag til lov om ændring af lov om finansiel virksomhed, lov om kapitalmarkeder, lov om investeringsforeninger m.v. og forskellige andre love. (Forhandlede retningslinjer på det finansielle område, sikring af vandrende arbejdstageres ret til at optjene og bevare pensionsrettigheder, gennemførelse af ændringer som følge af benchmarkforordningen og PRIIP-forordningen, udpegning af systemisk vigtige finansielle institutter (SIFI) m.v.).",Om forhandlede retningslinjer og forskellige andre ændringer på det finansielle område.
3753,185101,,1,2017-11-30 00:00:00,17,74157,3,L 25,Forslag til lov om ændring af lov om leje. (Friplejeboliger i lejede lokaler).,Om friplejeboliger i lejede lokaler.
3754,185036,,1,2017-11-30 00:00:00,17,74152,3,L 27,Forslag til lov om infrastruktur for alternative drivmidler.,Om infrastruktur for alternative drivmidler.
3755,185140,,1,2017-11-30 00:00:00,17,74160,3,L 30,Forslag til lov om ændring af færdselsloven. (Ændring af sanktioner for foretagelse af ulovlige konstruktive ændringer i motordrevne køretøjers forureningsbegrænsende udstyr).,Om sanktioner for ulovlige ændringer i motordrevne køretøjers forureningsbegrænsende udstyr.
3756,184983,,1,2017-11-30 00:00:00,17,74146,3,L 35,"Forslag til lov om ændring af straffeloven, lov om en børne- og ungeydelse og lov om børnetilskud og forskudsvis udbetaling af børnebidrag. (Initiativer mod rocker- og bandekriminalitet m.v.).",Om initiativer mod rocker- og bandekriminalitet m.v.
3757,185490,,1,2017-11-30 00:00:00,17,74188,3,L 47,"Forslag til lov om ændring af lov om akkreditering af videregående uddannelsesinstitutioner. (Justering af akkrediteringsprocesser, undtagelse af visse maritime uddannelsesinstitutioner fra institutionsakkreditering, udvidelse af Danmarks Akkrediteringsinstitutions udbud af vurderingskompetence m.v.).",Om justering af akkrediteringsprocesser og udvidelse af Danmarks Akkrediteringsinstitutions udbud af vurderingskompetence m.v.
3758,185516,,1,2017-11-30 00:00:00,17,74190,3,L 48,"Forslag til lov om ændring af universitetsloven, lov om videregående kunstneriske uddannelsesinstitutioner, SU-loven og lov om arbejdsløshedsforsikring m.v. (Erhvervskandidatuddannelse).",Om erhvervskandidatuddannelse.
3760,185049,,1,2017-12-05 00:00:00,17,74153,3,L 36,"Forslag til lov om ændring af militær straffelov, militær disciplinarlov og militær retsplejelov. (Anvendelsesområde i forhold til tjenstgørende militært personel m.v.).",Om militær straffelovs anvendelsesområde for tjenstgørende militært personel m.v.
3762,185464,,1,2017-12-05 00:00:00,17,74186,3,L 18,"Forslag til lov om ændring af lov om registrering af køretøjer, registreringsafgiftsloven, brændstofforbrugsafgiftsloven, lov om vægtafgift af motorkøretøjer m.v. og lov om afgift af naturgas og bygas m.v. (Krav om sovepladser i campingbiler, afgiftsgrundlag for veterankøretøjer, brug af prøveskilte og prøvemærker, fastsættelse af lovregler om registrering og afgiftsfritagelse for visse køretøjer, kørsel i uregistrerede køretøjer m.v. som led i offentligt hverv, adgang for forsvaret til at registrere og afmelde egne køretøjer og nedsættelse af afgiftssats for gas til motorbrændstof m.v.).",Om forskellige afgiftsændringer for køretøjer m.v.
3767,185212,,1,2017-12-07 00:00:00,17,74166,3,L 44,Forslag til lov om ændring af lov om bygningsfredning og bevaring af bygninger og bymiljøer. (Ændrede retsvirkninger for visse fredede bygninger).,Om ændrede retsvirkninger for visse fredede bygninger.
3768,185238,,1,2017-12-07 00:00:00,17,74168,3,L 45,Forslag til lov om udlodning af overskud og udbytte fra lotteri.,Om udlodning af overskud og udbytte fra lotteri.
3769,185179,,1,2017-12-07 00:00:00,17,74163,3,L 19,Forslag til lov om trossamfund uden for folkekirken.,Om trossamfund uden for folkekirken.
3770,185321,,1,2017-12-07 00:00:00,17,74175,3,L 12,"Forslag til lov om ændring af lov om social service, lov om almene boliger m.v. og lov om psykologer m.v. (Ændring af reglerne om udvidet lån til betaling af handicapbil, forsøg på det sociale område, stikprøvekontrol af indberetninger til Tilbudsportalen og forenkling af rammeaftalekonceptet samt demensmærkning m.v.).","Om ændring af reglerne om udvidet lån til betaling af handicapbil, forsøg på det sociale område og demensmærkning m.v."
3771,185542,,1,2017-12-07 00:00:00,17,74192,3,L 13,Forslag til skattekontrollov.,Om skattekontrol.
3772,185529,,1,2017-12-07 00:00:00,17,74191,3,L 14,Forslag til skatteindberetningslov.,Om skatteindberetningsloven.
3773,185503,,1,2017-12-07 00:00:00,17,74189,3,L 15,"Forslag til lov om ændring af aktieavancebeskatningsloven, kildeskatteloven, skattekontrolloven og forskellige andre love. (Konsekvensændringer som følge af skattekontrolloven og skatteindberetningsloven, gennemførelse af ændringsdirektiv om skattemyndighedernes adgang til oplysninger indberettet efter hvidvaskregulering m.v.).","Om konsekvensændringer som følge af skattekontrolloven og skatteindberetningsloven, gennemførelse af ændringsdirektiv om skattemyndighedernes adgang til oplysninger indberettet efter hvidvaskregulering m.v."
3774,185399,,1,2017-12-07 00:00:00,17,74181,3,L 53,Forslag til lov om beskyttelse af havmiljøet i den eksklusive økonomiske zone ved Grønland.,Om beskyttelse af havmiljøet i den eksklusive økonomiske zone ved Grønland.
3775,185373,,1,2017-12-07 00:00:00,17,74179,3,L 54,Forslag til lov om ændring af lov om miljøbeskyttelse. (Implementering af dele af udvindingsaffaldsdirektivet og MCP-direktivet).,Om implementering af dele af udvindingsaffaldsdirektivet og MCP-direktivet.
3776,185360,,1,2017-12-07 00:00:00,17,74178,3,L 55,Forslag til lov om ændring af lov om naturbeskyttelse og lov om havstrategi. (National liste med handelsforbud m.v. over for visse invasive arter og nyaffattelse af bilag 1 til lov om havstrategi).,Om handelsforbud m.v. over for visse invasive arter og nyaffattelse af bilag i lov om havstrategi.
3777,186340,,1,2017-12-07 00:00:00,17,74421,3,L 72,Forslag til lov om ændring af dyreværnsloven og lov om hold af dyr. (Uddannelseskrav og offentliggørelse af kontrolresultater).,Om uddannelseskrav på dyresundhedsområdet og offentliggørelse af kontrolresultater.
3778,186894,,1,2017-12-07 00:00:00,17,74567,3,L 81,"Forslag til lov om ændring af lov om jagt og vildtforvaltning og lov om naturbeskyttelse. (Mulighed for fastsættelse af nærmere regler om jagt med visse rovfugle, jagttider, tidsbegrænsede initiativer, jagtformer, fodring af vildt og ændring af regler om jagttegn samt ophævelse af krav om dispensation til visse til- og ombygninger inden for skovbyggelinjen i landzone).","Om  jagt med visse rovfugle, jagttider m.v. og om ophævelse af krav om dispensation til visse til- og ombygninger inden for skovbyggelinjen."
3779,185451,,1,2017-12-07 00:00:00,17,74185,3,L 52,Forslag til lov om ændring af fiskeriloven. (Oplysning om den sidste tredjedel af ejerkredsen i erhvervsfiskerselskaber).,Om oplysning om den sidste tredjedel af ejerkredsen i erhvervsfiskerselskaber.
3780,185277,,1,2017-12-07 00:00:00,17,74171,3,L 49,"Forslag til lov om ændring af lov om folkeskolen, lov om friskoler og private grundskoler m.v. og lov om efterskoler og frie fagskoler. (Lempelse af bindinger i regelsættet om »Fælles Mål«).",Om lempelse af bindinger i regelsættet om »Fælles Mål« for folkeskoler m.v.
3787,185264,,1,2017-12-12 00:00:00,17,74170,3,L 50,"Forslag til lov om ændring af lov om efterskoler og frie fagskoler og lov om folkehøjskoler. (Lempelse af tilskudsbetingelser for bygninger og arealer, varetagelse af opgaver ud over skole- og undervisningsvirksomhed m.v.).",Om lempelse af tilskudsbetingelser for efterskoler m.v.
3788,185075,,1,2017-12-12 00:00:00,17,74155,3,L 26,"Forslag til lov om ændring af jernbaneloven. (Certificering af virksomheder, der udfører opgaver for andre end jernbanevirksomheder og infrastrukturforvaltere).","Om certificering af virksomheder, der udfører opgaver for andre end jernbanevirksomheder og infrastrukturforvaltere."
3789,185023,,1,2017-12-12 00:00:00,17,74151,3,L 28,Forslag til lov om ændring af færdselsloven. (Bemyndigelse til at fastsætte regler om små motoriserede køretøjer).,Om bemyndigelse til at fastsætte regler om små motoriserede køretøjer.
3795,185425,,1,2017-12-14 00:00:00,17,74183,3,L 46,"Forslag til lov om ændring af udlændingeloven. (Skærpelse af muligheden for at opnå tidsubegrænset opholdstilladelse for udlændinge, der aktivt har modarbejdet afklaringen af deres identitet i forbindelse med ansøgning om opholdstilladelse her i landet).","Om skærpelse af muligheden for at opnå tidsubegrænset opholdstilladelse for udlændinge, som har modarbejdet afklaring af identitet m.v."
3796,186405,,1,2017-12-14 00:00:00,17,74426,3,L 70,Forslag til lov om ændring af udlændingeloven. (Etablering af Nationalt ID-center).,Om etablering af Nationalt ID-center på udlændingeområdet.
3797,186379,,1,2017-12-14 00:00:00,17,74424,3,L 71,Forslag til lov om indfødsrets meddelelse.,Om indfødsrets meddelelse.
3798,185166,,1,2017-12-14 00:00:00,17,74162,3,L 23,Forslag til lov om ændring af lov om trafikselskaber. (Implementering af takstreformer i Øst- og Vestdanmark og mulighed for overdragelse af trafikkøberansvar m.v.).,Om implementering af takstreformer i Øst- og Vestdanmark og mulighed for overdragelse af trafikkøberansvar m.v.
3799,185114,,1,2017-12-14 00:00:00,17,74158,3,L 24,Forslag til taxilov.,Om forslag til taxilov.
3800,185062,,1,2017-12-14 00:00:00,17,74154,3,L 29,Forslag til lov om ændring af lov om leje og lov om leje af almene boliger. (Fremme af digital kommunikation i boliglejeforhold).,Om fremme af digital kommunikation i boliglejeforhold.
3801,186327,,1,2017-12-14 00:00:00,17,74418,3,L 65,Forslag til lov om ændring af lov om byfornyelse og udvikling af byer. (Tilpasning og forenkling af lovens anvendelses- og støttemuligheder).,Om  byfornyelse og udvikling af byer.
3802,185386,,1,2017-12-14 00:00:00,17,74180,3,L 20,"Forslag til lov om ændring af offshoresikkerhedsloven og lov om kontinentalsoklen. (Sikkerhedszoner, nye anlægstyper og præciseringer i forhold til offshoresikkerhedsdirektivet).",Om sikkerhedszoner m.v. på offshoreområdet og kontinentalsoklen.
3803,185412,,1,2017-12-14 00:00:00,17,74182,3,L 21,Forslag til lov om ændring af lov om arbejdsmiljø. (Ændring af reglerne om arbejdsmiljøcertifikat m.v.).,Om ændring af reglerne om arbejdsmiljøcertifikat m.v.
3804,186907,,1,2017-12-14 00:00:00,17,74569,3,L 77,"Forslag til lov om ændring af lov om arbejdsløshedsforsikring m.v. og lov om fleksydelse. (Nye regler om fradrag for frivilligt, ulønnet arbejde for dagpengemodtagere m.v.).","Om arbejdsløshedsforsikring og nye regler for frivilligt, ulønnet arbejde m.v. "
3805,187289,,1,2017-12-14 00:00:00,17,74672,3,L 90,"Forslag til lov om ændring af lov om sygedagpenge. (Ordningen med ret til sygedagpenge ved livstruende, alvorlig sygdom gøres permanent).","Om ordningen med ret til sygedagpenge ved livstruende, alvorlig sygdom."
3806,186764,,1,2017-12-14 00:00:00,17,74557,3,L 75,"Forslag til lov om ændring af lov om EKF Danmarks Eksportkredit. (Bestemmelse om udbyttepolitik, rammer for en udbyttepolitik og bestemmelse om omfattelse af arkivloven).",Om udbyttepolitik m.v. i EFK Danmarks Eksportkredit.
3807,185290,,1,2017-12-14 00:00:00,17,74172,3,L 51,"Forslag til lov om ændring af lov om gebyrer og morarenter vedrørende visse ydelser, der opkræves af regioner og kommuner og inddrives af restanceinddrivelsesmyndigheden, og skattekontrolloven. (Gebyr for underretninger om udlægsforretninger).",Om gebyr for underretninger om udlægsforretninger.
3808,186041,,1,2017-12-14 00:00:00,17,74322,3,L 61,Forslag til lov om ændring af lov om frikommunenetværk. (Yderligere forsøgsmuligheder for frikommunenetværkene).,Om forsøgsmuligheder for frikommunenetværk.
3809,187250,,1,2017-12-14 00:00:00,17,74669,3,L 92,Forslag til lov om ændring af lov om kommunernes styrelse og regionsloven. (Beskyttelse af kommunalbestyrelses- og regionsrådsmedlemmers behandling af oplysninger som led i varetagelsen af deres hverv).,Om beskyttelse af kommunalbestyrelses- og regionsrådsmedlemmers behandling af oplysninger som led i varetagelsen af deres hverv.
3811,185646,,1,2017-12-15 00:00:00,17,74200,3,L 57,Forslag til lov om forsøgsordning med medicinsk cannabis.,Om forsøgsordning med medicinsk cannabis.
3812,185607,,1,2017-12-15 00:00:00,17,74197,3,L 59,"Forslag til lov om ændring af lov om lægemidler, lov om apoteksvirksomhed og lov om medicinsk udstyr. (Fremstilling, indførsel, forhandling og udlevering af lægemidler til redningsberedskab m.v. og delegation af kompetence vedrørende medicinsk udstyr).",Om lægemidler til redningsberedskab m.v. og delegation af kompetence vedrørende medicinsk udstyr.
3813,185009,,1,2017-12-15 00:00:00,17,74148,3,L 32,Forslag til lov om ændring af retsplejeloven. (Begrænsning af pligten til at erstatte sagsomkostninger i straffesager).,Om begrænsning af pligten til at erstatte sagsomkostninger i straffesager.
3814,184970,,1,2017-12-15 00:00:00,17,74145,3,L 34,"Forslag til lov om ændring af straffeloven, retsplejeloven og udlændingeloven. (Selvstændig bestemmelse om indbrudstyveri).",Om selvstændig bestemmelse om indbrudstyveri.
3815,186353,,1,2017-12-15 00:00:00,17,74422,3,L 67,Forslag til lov om ændring af lov om våben og eksplosivstoffer og lov om vagtvirksomhed. (Initiativer mod rocker- og bandekriminalitet m.v.).,Om initiativer på våbenlovsområdet mod rocker- og bandekriminalitet m.v.
3834,185581,,1,2017-12-19 00:00:00,17,74195,3,L 60,"Forslag til lov om ændring af lov om assisteret reproduktion i forbindelse med behandling, diagnostik og forskning m.v. og sundhedsloven. (Ophævelse af forbuddet mod dobbeltdonation og ændring af reglerne for kastration).",Om ophævelse af forbuddet mod dobbeltdonation i lov om assisteret reproduktion og ændring af reglerne for kastration.
3835,187354,,1,2017-12-19 00:00:00,17,74677,3,L 106,Forslag til lov om ændring af lov for Grønland om visse spil. (Bevarelse af monopolet for udbuddet af onlinebingo og heste- og hundevæddemål m.v.).,Om bevarelse af monopolet for udbuddet af onlinebingo i lov for Grønland om visse spil m.v.
3837,185438,,1,2017-12-19 00:00:00,17,74184,3,L 16,Forslag til lov om ændring af pensionsbeskatningsloven og forskellige andre love. (Målretning af aldersopsparing og regulering af fejlagtige pensionsindbetalinger).,Om målretning af aldersopsparing og regulering af fejlagtige pensionsindbetalinger.
3838,186067,,1,2017-12-19 00:00:00,17,74324,3,L 63,Forslag til lov om indgåelse af dobbeltbeskatningsoverenskomst mellem Danmark og Aserbajdsjan.,Om indgåelse af dobbeltbeskatningsoverenskomst mellem Danmark og Aserbajdsjan.
3839,187328,,1,2017-12-19 00:00:00,17,74675,3,L 104,Forslag til lov om ændring af ligningsloven. (Udvidelse af fradragsretten for erhvervsmæssige lønudgifter m.v.).,Om udvidelse af fradragsretten for erhvervsmæssige lønudgifter m.v.
3840,187302,,1,2017-12-19 00:00:00,17,74673,3,L 105,Forslag til lov om ændring af selskabsskatteloven og fondsbeskatningsloven. (Skattefritagelse for selvejende teatre og daginstitutioner m.v. og erklæringsordning for visse foreninger og fonde).,Om skattefritagelse for selvejende teatre og daginstitutioner m.v. og erklæringsordning for visse foreninger og fonde.
3841,188630,,1,2017-12-19 00:00:00,17,74699,3,L 109,"Forslag til lov om ændring af chokoladeafgiftsloven, lov om forskellige forbrugsafgifter, kildeskatteloven, lov om afgift af konsum-is, spiritusafgiftsloven og øl- og vinafgiftsloven. (Annullering af indeksering af en række punktafgifter, nedsættelse og efterfølgende afskaffelse af råstofafgiften, afskaffelse af afgiften på te og tillægsafgiften på alkoholsodavand og ændringer af forskerskatteordningen).","Om annullering af indeksering af en række punktafgifter, afskaffelse af en række afgifter og ændring af forskerskatteordningen m.v."
3842,187533,,1,2017-12-19 00:00:00,17,74703,3,L 108,Forslag til lov om etablering af en ordning for borgerforslag med henblik på behandling i Folketinget.,Om etablering af en ordning for borgerforslag med henblik på behandling i Folketinget.
3843,184957,,1,2017-12-19 00:00:00,17,74143,3,L 33,Forslag til lov om pakkerejser og sammensatte rejsearrangementer.,Om pakkerejser og sammensatte rejsearrangementer.
3844,185088,,1,2017-12-19 00:00:00,17,74156,3,L 5,Forslag til lov om ændring af lov om en rejsegarantifond. (Sammensatte rejsearrangementer og ændring af finansierings- og bestyrelsesstruktur).,Om sammensatte rejsearrangementer og ændring af finansierings-og bestyrelsesstruktur i lov om en rejsegarantifond.
3845,188648,,1,2017-12-19 00:00:00,17,74165,3,L 9,Forslag til lov om ændring af lov om Det Centrale Virksomhedsregister og forskellige andre love. (Ændring af reglerne om offentliggørelse af privatadresser i CVR m.v.).,Om ændring af reglerne om offentliggørelse af privatadresser i CVR m.v.
3850,185568,,1,2017-12-20 00:00:00,17,74194,3,L 37,Forslag til lov om ændring af lov om registrering af ledningsejere. (Ændring af arbejdsgang med udlevering af standardiserede ledningsoplysninger og udvidelse af lovens anvendelsesområde).,Om ændring af arbejdsgang med udlevering af standardiserede ledningsoplysninger og udvidelse af anvendelsesområdet for lov om registrering af ledningsejere.
3851,185633,,1,2017-12-20 00:00:00,17,74199,3,L 38,Forslag til lov om ændring af lov om naturgasforsyning og lov om kommunal udligning og generelle tilskud til kommuner. (Øget incitament til konsolidering af naturgasdistributionssektoren og udvidet mulighed for at undtage transmissionsselskabers anlæg fra lov om naturgasforsyning).,Om øget incitament til konsolidering af naturgasdistributionssektoren m.v.
3852,185672,,1,2017-12-20 00:00:00,17,74202,3,L 41,Forslag til lov om ændring af lov om elektroniske kommunikationsnet og -tjenester. (Offentlige institutioners adgang til etablering af wi-fi-hotspots).,Om offentlige institutioners adgang til etablering af wifi-hotspots.
3853,186366,,1,2017-12-20 00:00:00,17,74423,3,L 66,"Forslag til lov om ændring af lov om elforsyning, lov om fremme af vedvarende energi, lov om naturgasforsyning, lov om Energinet.dk, lov om afgift af elektricitet og forskellige andre love. (Overførsel af opgaver fra Energinet til energi-, forsynings- og klimaministeren m.v.).","Om overførsel af opgaver fra Energinet til energi-, forsynings- og klimaministeren m.v."
3855,187341,,1,2017-12-20 00:00:00,17,74676,3,L 88,Forslag til lov om ændring af lov om arbejdsløshedsforsikring m.v. (Et nyt dagpengesystem for fremtidens arbejdsmarked).,Om et nyt dagpengesystem for fremtidens arbejdsmarked.
3856,187315,,1,2017-12-20 00:00:00,17,74674,3,L 89,Forslag til lov om kontant og skattefri udbetaling af efterlønsbidrag og fleksydelsesbidrag.,Om kontant og skattefri udbetaling af efterlønsbidrag og fleksydelsesbidrag.
3857,186803,,1,2017-12-20 00:00:00,17,74560,3,L 83,Forslag til lov om ændring af lov om erhvervsuddannelser og lov om Arbejdsgivernes Uddannelsesbidrag. (Øget søgning til erhvervsuddannelse for voksne m.v.).,Om øget søgning til erhvervsuddannelse for voksne m.v.
3858,186842,,1,2017-12-20 00:00:00,17,74563,3,L 84,"Forslag til lov om ændring af lov om Arbejdsgivernes Uddannelsesbidrag og forskellige andre love. (Modelparametre for erhvervsuddannelser til brug for beregning af praktikpladsafhængigt arbejdsgiverbidrag, indførelse af modregningsadgang, ændring af klageproces m.v.).",Om modelparametre til brug for beregning af praktikpladsafhængigt arbejdsgiverbidrag m.v. 
3859,187211,,1,2017-12-20 00:00:00,17,74666,3,L 107,"Forslag til lov om ændring af lov om Arbejdsgivernes Uddannelsesbidrag, lov om godtgørelse og tilskud til befordring ved deltagelse i erhvervsrettet voksen- og efteruddannelse og lov om statens voksenuddannelsesstøtte. (Nedsættelse af VEU-bidrag, forbedret praktikbonus til arbejdsgivere og forhøjelse af VEU-godtgørelse og Statens Voksenuddannelsesstøtte (SVU) m.v.).",Om VEU-bidrag i  lov om Arbejdsgivernes Uddannelsesbidrag m.v.
3863,187367,,1,2017-12-20 00:00:00,17,74678,3,L 97,Forslag til lov om ændring af integrationsloven og lov om danskuddannelse til voksne udlændinge m.fl. (Forenkling og justering af reglerne om fordeling og boligplacering af flygtninge og præcisering af personkreds for danskuddannelse m.v.).,Om boligplacering af flygtninge og præcisering af personkreds for danskuddannelse m.v.
3910,184770,,1,2017-12-22 00:00:00,17,74084,3,L 1,Forslag til finanslov for finansåret 2018.,Om forslag til finanslov for finansåret 2018.
3911,184783,,1,2017-12-22 00:00:00,17,74085,3,L 2,"Forslag til lov om fastsættelse af udgiftslofter for stat, kommuner og regioner for finansåret 2021.","Om udgiftslofter for stat, kommuner og regioner for finansåret 2021."
3912,184796,,1,2017-12-22 00:00:00,17,74087,3,L 3,"Forslag til lov om ændring af lov om fastsættelse af udgiftslofter for stat, kommuner og regioner for finansårene 2014-2017, lov om fastsættelse af udgiftslofter for stat, kommuner og regioner for finansåret 2018, lov om fastsættelse af udgiftslofter for stat, kommuner og regioner for finansåret 2019 og lov om fastsættelse af udgiftslofter for stat, kommuner og regioner for finansåret 2020. (Konsekvenser af aftale om tryghed om boligbeskatningen m.v.).","Om udgiftslofter for stat, kommuner og regioner for finansårene 2014-2017, 2018, 2019 og 2020."
3913,187817,,1,2018-01-09 00:00:00,17,74805,3,L 114,Forslag til lov om ioniserende stråling og strålebeskyttelse (strålebeskyttelsesloven). ,Om strålebeskyttelsesloven.
3918,185127,,1,2018-01-16 00:00:00,17,74159,3,L 8,Forslag til lov om forsikringsformidling.,Om forsikringsformidling.
3922,187224,,1,2018-01-18 00:00:00,17,74667,3,L 100,Forslag til lov om ændring af lov om kystbeskyttelse. (Ændring af formålet med kystbeskyttelse og mulighed for forsøgsprojekter).,Om formålet med kystbeskyttelse.
3923,187263,,1,2018-01-18 00:00:00,17,74670,3,L 101,Forslag til lov om ændring af lov om vandforsyning m.v. (Underretning om forhold vedrørende vand).,Om underretning om forhold om vandforsyning.
3924,187276,,1,2018-01-18 00:00:00,17,74671,3,L 102,Forslag til lov om ændring af lov om miljøbeskyttelse og lov om vandforsyning m.v. (Målrettet arealbeskyttelse for at beskytte grundvandet mod pesticider).,Om beskyttelse af grundvandet mod pesticider.
3925,187237,,1,2018-01-18 00:00:00,17,74668,3,L 103,Forslag til lov om udstykning og salg af statslige arealer med campingpladser.,Om salg af statslige arealer med campingpladser.
3967,188123,,1,2018-01-25 00:00:00,17,74897,3,L 116,Forslag til lov om ferie.,Om lov om ferie.
3968,188110,,1,2018-01-25 00:00:00,17,74896,3,L 117,Forslag til lov om forvaltning og administration af tilgodehavende feriemidler.,Om forvaltning og administration af tilgodehavende feriemidler.
3969,188857,,1,2018-01-25 00:00:00,17,75034,3,L 121,"Forslag til lov om ændring af barselsloven. (Fraværsret til fædre og medmødre, hvis barnet er dødfødt, dør eller bliver bortadopteret inden den 32. uge efter fødslen, og fraværsret til begge adoptanter, hvis barnet dør inden den 32. uge efter modtagelsen af barnet).","Om fraværsret efter barselsloven til fædre, medmødre og adoptanter hvis barnet dør."
3970,186816,,1,2018-01-25 00:00:00,17,74561,3,L 73,"Forslag til lov om sikkerhed for gasanlæg, gasinstallationer og gasmateriel (gassikkerhedsloven).","Om sikkerhed for gasanlæg, gasinstallationer og gasmateriel."
3971,189489,,1,2018-01-25 00:00:00,17,75317,3,L 86 A,Forslag til lov om ændring af lov om planlægning. (Forebyggelse af skader ved oversvømmelse eller erosion).,Om forebyggelse af skader ved oversvømmelse eller erosion.
3972,189492,,1,2018-01-25 00:00:00,17,75318,3,L 86 B,Forslag til lov om ændring af lov om planlægning. (Mulighed for at etablere kystbeskyttelsesanlæg uden tilvejebringelse af en lokalplan).,Om mulighed for at etablere kystbeskyttelsesanlæg uden tilvejebringelse af en lokalplan.
3973,187185,,1,2018-01-25 00:00:00,17,74664,3,L 87,"Forslag til lov om ændring af lov om stormflod og stormfald. (Udvidelse af dækningsomfang ved stormflod og oversvømmelser fra vandløb og søer, ny organisering af oversvømmelsesordningen samt justering af stormfaldsordningen).",Om dækningsomfang m.v. ved stormflod og oversvømmelser samt justering af stormfaldsordningen.
3974,187804,,1,2018-01-25 00:00:00,17,74804,3,L 113,Forslag til lov om ændring af lov om institutioner for almengymnasiale uddannelser og almen voksenuddannelse m.v. (Kapacitetsloft).,Om kapacitetsloft for institutioner for almengymnasiale uddannelser og almen voksenuddannelse m.v.
3990,186881,,1,2018-02-08 00:00:00,17,74566,3,L 78,Forslag til lov om ændring af lov om kommunernes styrelse og forskellige andre love. (Ophævelse af godkendelseskravet for små kommunale fællesskaber).,Om kommunernes styrelse og ophævelse af godkendelseskravet for små kommunale fællesskaber.
3991,186855,,1,2018-02-08 00:00:00,17,74564,3,L 79,Forslag til lov om ændring af lov om kommunernes styrelse. (Afskaffelse af halvårsregnskab).,Om afskaffelse af halvårsregnskab i kommunerne.
3992,187830,,1,2018-02-08 00:00:00,17,74806,3,L 110,Forslag til lov om ændring af lov om Danmarks Statistik. (Introduktion af officiel offentligt produceret statistik og gennemførelse af forordning om europæiske statistikker).,Om officiel statistik i Danmark og gennemførelse af forordning om europæiske statistikker.
3993,184996,,1,2018-02-08 00:00:00,17,74147,3,L 31,"Forslag til lov om ændring af straffeloven, lov om forældelse af fordringer, lov om erstatningsansvar og lov om erstatning fra staten til ofre for forbrydelser. (Ophævelse af forældelsesfrister for gerningsmandens strafansvar i sager om seksuelt misbrug af børn og for erstatningskrav mod forvaltningsmyndigheder for svigt i sager om overgreb mod børn, forhøjelse af niveauet for tortgodtgørelse for seksuelle krænkelser samt ophævelse af 72-timersreglen i sager om voldtægt, incest og seksuelt misbrug af børn m.v.).",Om ophævelse af forældelsesfrister for gerningsmandens strafansvar i sager om seksuelt misbrug af børn m.v.
3994,188870,,1,2018-02-08 00:00:00,17,75035,3,L 122,"Forslag til lov om ændring af lov om afgift af elektricitet, lov om afgift af ledningsført vand, spiritusafgiftsloven, lov om energiafgift af mineralolieprodukter m.v., lov om afgift af kvælstofoxider og øl- og vinafgiftsloven. (Lempelser i elafgiften og vandafgiften for campingpladser og lystbådehavne, afgiftslempelse for små producenter af spiritus (moderation), justering af moderationsordningen for små producenter af øl og afgiftsfritagelse for gas indeholdt i lightere ved indførsel).",Om lempelser i elafgift og vandafgift for campingpladser og lystbådehavne og andre afgiftslempelser.
6420,187172,,1,2018-02-20 00:00:00,17,74663,3,L 91,Forslag til lov om ændring af straffeloven. (Skærpelse af straffen for vidnetrusler og visse former for hærværk).,Om skærpelse af straffen for vidnetrusler og visse former for hærværk.
6421,187843,,1,2018-02-20 00:00:00,17,74807,3,L 111,Forslag til lov om ændring af retsplejeloven. (Begrænsning af surrogatfængsling i eget hjem).,Om begrænsning af surrogatfængsling i eget hjem.
6422,189961,,1,2018-02-20 00:00:00,17,75497,3,L 95 A,Forslag til lov om ændring af udlændingeloven. (Forlængelse af perioden for økonomisk sikkerhed i ægtefællesammenføringssager).,Om forlængelse af perioden for økonomisk sikkerhed i ægtefællesammenføringssager.
6423,189964,,1,2018-02-20 00:00:00,17,75498,3,L 95 B,"Forslag til lov om ændring af udlændingeloven. (Ophævelse af den særlige, lette adgang til domstolsprøvelse i sager om familiesammenføring med børn).",Om ophævelse af den særlige lette adgang til domstolsprøvelse i sager om familiesammenføring med børn.
6424,187445,,1,2018-02-20 00:00:00,17,74684,3,L 96,Forslag til lov om ændring af udlændingeloven. (Øget kontrol på udlændingeområdet).,Om øget kontrol på udlændingeområdet.
6425,186829,,1,2018-02-20 00:00:00,17,74562,3,L 82,"Forslag til lov om ændring af lov om erhvervsfaglig studentereksamen i forbindelse med erhvervsuddannelse (eux) m.v. (Indførelse af erhvervsområde, erhvervsområdeprojekt, undervisningstid, fordybelsestid m.v.).","Om indførelse af erhvervsområde, erhvervsområdeprojekt, undervisningstid og fordybelsestid m.v. på erhvervsuddannelsen EUX."
6426,186868,,1,2018-02-20 00:00:00,17,74565,3,L 85,"Forslag til lov om ændring af lov om vejledning om uddannelse og erhverv samt pligt til uddannelse, beskæftigelse m.v. (Uddannelsesparathedsvurdering).",Om uddannelsesparathedsvurdering.
6427,189040,,1,2018-02-22 00:00:00,17,75130,3,L 124,"Forslag til lov om ændring af lov om sikkerhed til søs, søloven og lov om Handelsflådens Velfærdsråd. (Sammenlægning af Handelsflådens Velfærdsråd og Søfartens Arbejdsmiljøråd og justering af den årlige afgift for mindre erhvervsfartøjer).",Om sammenlægning af Handelsflådens Velfærdsråd og Søfartens Arbejdsmiljøråd m.v.
6428,188742,,1,2018-02-22 00:00:00,17,74999,3,L 118,Forslag til lov om ændring af lov om politiets virksomhed. (Udvidet bemyndigelse til at fastsætte regler om zoneforbud).,Om udvidet bemyndigelse for politiet til at fastsætte regler om zoneforbud.
6431,185308,,1,2018-02-27 00:00:00,17,74174,3,L 11,Forslag til lov om ændring af adoptionsloven. (Bemyndigelse til at indgå aftale med Færøerne om danske og færøske regler om adoption).,Om bemyndigelse til at indgå aftale med Færøerne om danske og færøske regler om adoption.
6434,185347,,1,2018-03-01 00:00:00,17,74177,3,L 22,Forslag til lov om ændring af lov om indretning m.v. af visse produkter. (Konsekvensændringer som følge af EU-forordninger om tovbaneanlæg og personlige værnemidler m.v.).,Om konsekvensændringer som følge af EU-forordninger om tovbaneanlæg og personlige værnemidler m.v.
6435,189461,,1,2018-03-01 00:00:00,17,75309,3,L 130,Forslag til lov om ændring af lov om produktionsskoler og lov om Arbejdsgivernes Uddannelsesbidrag. (Justering af skoleydelse og indsættelse af bilag 2 til lov om Arbejdsgivernes Uddannelsesbidrag).,Om produktionsskoler og justering af skoleydelse.
6436,189448,,1,2018-03-01 00:00:00,17,75308,3,L 131,Forslag til lov om ændring af lov om friskoler og private grundskoler m.v. (Permanent tilskudsmodel for inklusion på frie grundskoler).,Om permanent tilskudsmodel for inklusion på frie grundskoler.
6437,186790,,1,2018-03-01 00:00:00,17,74559,3,L 74,Forslag til lov om ændring af lov om medarbejderinvesteringsselskaber. (Ophævelse af revisionsbestemmelse).,Om ophævelse af revisionsbestemmelse i lov om  medarbejderinvesteringsselskaber.
6442,189165,,1,2018-03-15 00:00:00,17,75178,3,L 127,Forslag til lov om tillægsbevilling for finansåret 2017.,Om tillægsbevilling for finansåret 2017.
6443,188716,,1,2018-03-15 00:00:00,17,74997,3,L 119,"Forslag til lov om ændring af lov om social service. (Mulighed for forbud mod enheder, der muliggør internetadgang, undersøgelse af effekter samt brug af afskærmningslokale m.v. i boformer med sikrede afdelinger).",Om mulighed for forbud mod internetadgang og undersøgelse af effekter m.v. i boformer med sikrede afdelinger.
6444,189255,,1,2018-03-15 00:00:00,17,75221,3,L 129,Forslag til lov om ændring af landbrugsstøtteloven. (Pant i betalingsrettigheder efter grundbetalingsordningen).,Om landbrugsstøtteordningen og pant i betalingsrettigheder efter grundbetalingsordningen.
6448,189835,,1,2018-03-20 00:00:00,17,75475,3,L 137,"Forslag til lov om ændring af lov om valg til Folketinget, lov om kommunale og regionale valg og lov om kommunernes styrelse. (Reform af valgbarhedsområdet).",Om reform af valgbarhedsområdet for Folketinget og kommuner m.v.
6449,187380,,1,2018-03-20 00:00:00,17,74679,3,L 99,"Forslag til lov om ændring af sundhedsloven og lov om anvendelse af tvang ved somatisk behandling af varigt inhabile. (Øget selvbestemmelse for patienter i forhold til fravalg af behandling, herunder oprettelse af en behandlingstestamenteordning).",Om øget selvbestemmelse for patienter til fravalg af behandling m.v.
6454,187406,,1,2018-04-05 00:00:00,17,74681,3,L 98,"Forslag til lov om ændring af lov om klage- og erstatningsadgang inden for sundhedsvæsenet. (Udvidelse af patienterstatningsordningen, fredning af udbetalte erstatninger m.v.).",Om udvidelse af patienterstatningsordningen og fredning af udbetalte erstatninger m.v. inden for sundhedsvæsenet.
6455,188149,,1,2018-04-05 00:00:00,17,74899,3,L 115,Forslag til lov om ændring af straffeloven. (Skærpelse af straffen for blufærdighedskrænkelse og digitale sexkrænkelser).,Om skærpelse af straffen for blufærdighedskrænkelse og digitale sexkrænkelser.
6456,190221,,1,2018-04-05 00:00:00,17,75601,3,L 148,"Forslag til lov om ændring af lov om inddrivelse af gæld til det offentlige og lov om Udbetaling Danmark. (Genoptagelse af sager med mulige fejl i restanceinddrivelsesmyndighedens inddrivelse, endelig afskrivning af fordringer med tvivlsom retskraft m.v.).",Om genoptagelse af sager om inddrivelse af gæld til det offentlige og om endelig afskrivning af fordringer med tvivlsom retskraft m.v.
6461,189268,,1,2018-04-10 00:00:00,17,75222,3,L 128,"Forslag til lov om ændring af lov om valg til menighedsråd. (Orienteringsmøde, valgforsamling og mulighed for afstemningsvalg m.v.).",Om valg til menighedsråd m.v.
6462,189053,,1,2018-04-10 00:00:00,17,75131,3,L 125,Forslag til lov om forretningshemmeligheder.,Om forretningshemmeligheder.
6464,186777,,1,2018-04-12 00:00:00,17,74558,3,L 76,Forslag til lov om ændring af folkeoplysningsloven. (Ny struktur for Folkeuniversitetet).,Om ny struktur for Folkeuniversitetet.
6465,187791,,1,2018-04-12 00:00:00,17,74803,3,L 112,Forslag til lov om beskyttelse af kulturværdier i tilfælde af væbnet konflikt.,Om beskyttelse af kulturværdier i tilfælde af væbnet konflikt.
6466,190683,,1,2018-04-12 00:00:00,17,75687,3,L 171,"Forslag til lov om ændring af lov om lån til betaling af ejendomsskatter, ejendomsvurderingsloven og forskellige andre love. (Indefrysning af stigninger i grundskylden for 2018-2020, forsigtighedsprincip ved fastsættelse af beskatningsgrundlag for grundskyld, dækningsafgift af erhvervsejendomme og ejendomsværdiskat m.v.).",Om lån til betaling af stigninger i grundskylden for 2018-2020 m.v.
6475,189878,,1,2018-04-19 00:00:00,17,75482,3,L 136,Forslag til lov om ændring af lov om trafikselskaber. (Individuel handicapkørsel for blinde og stærkt svagsynede).,Om individuel handicapkørsel til blinde og stærkt svagsynede.
6476,189599,,1,2018-04-19 00:00:00,17,75383,3,L 132,Forslag til lov om Studievalg Danmark.,Om Studievalg Danmark.
6477,190371,,1,2018-04-19 00:00:00,17,75663,3,L 179,Forslag til lov om ændring af lov om udenrigstjenesten. (Implementering af direktiv 2015/637/EU om koordinations- og samarbejdsforanstaltninger for at lette konsulær beskyttelse af ikkerepræsenterede unionsborgere i tredjelande og obligatorisk digital kommunikation i forhold til tjenestehandlinger i udenrigstjenesten).,Om implementering af direktiv om konsulær beskyttelse og om obligatorisk digital kommunikation ved tjenestehandlinger i udenrigstjenesten m.v. 
6478,188729,,1,2018-04-19 00:00:00,17,74998,3,L 120,"Forslag til lov om ændring af lov om aktiv socialpolitik, integrationsloven, lov om en aktiv beskæftigelsesindsats og ligningsloven. (Nedsættelse af integrationsydelse og omlægning af dansktillæg).",Om nedsættelse af integrationsydelse og omlægning af dansktillæg.
6479,189930,,1,2018-04-19 00:00:00,17,75486,3,L 140,Forslag til lov om ændring af udlændingeloven og integrationsloven. (Opholdstilladelse ved pensionering til tidligere ansatte ved herværende internationale organisationer m.v.).,Om opholdstilladelse ved pensionering til tidligere ansatte ved herværende internationale operationer m.v.
6480,192567,,1,2018-04-19 00:00:00,17,76141,3,L 145 A,"Forslag til lov om ændring af udlændingeloven. (Indkvartering og forsørgelse af flygtninge og asylansøgere, advisering af kommunerne om visse afgørelser i klagesager og ændring af beregningen af varigheden af et indrejseforbud m.v.).",Om indkvartering og forsørgelse af flygtninge og asylansøgere og varighed af indrejseforbud m.v. 
6481,192570,,1,2018-04-19 00:00:00,17,76142,3,L 145 B,Forslag til lov om ændring af udlændingeloven. (Kodificering af praksis for privat indkvartering hos herboende forældre og justering af Udlændingestyrelsens forsørgelsespligt for mindreårige asylansøgere).,Om kodificering af praksis for privat indkvartering hos herboende forældre og justering af Udlændingestyrelsens forsørgelsespligt for mindreårige asylansøgere.
6487,189790,,1,2018-04-24 00:00:00,17,75466,3,L 142,Forslag til lov om ændring af straffeloven. (Skærpelse af straffen for grov vold).,Om skærpelse af straffen for grov vold.
6488,190553,,1,2018-04-24 00:00:00,17,75677,3,L 175,"Forslag til lov om ændring af lov om sikkerhed til søs og søloven. (Skærpede regler for sejlads med speedbåde, vandscootere og lignende fartøjer m.v.).","Om skærpede regler for sejlads med speedbåde, vandscootere og lignende fartøjer m.v."
6489,190527,,1,2018-04-24 00:00:00,17,75675,3,L 176,"Forslag til lov om ændring af lov om en garantifond for skadesforsikringsselskaber og lov om finansiel virksomhed. (Fastsættelse af krav om medlemskab af Garantifonden for skadesforsikringsselskaber (Fonden) for direkte tegnende skadesforsikringsselskaber i EU/EØS, som via filial eller grænseoverskridende tjenesteydelsesvirksomhed driver forsikringsvirksomhed i Danmark, og ændring af Fondens dækningsområde m.v.).",Om medlemskab af Garantifonden for skadesforsikringsselskaber og ændring af Fondens dækningsområde m.v.
6492,190208,,1,2018-04-26 00:00:00,17,75600,3,L 150,Forslag til lov om udstedelse af NemID med offentlig digital signatur til fysiske personer og til medarbejdere i juridiske enheder.,Om offentlig digital signatur til fysiske personer og til medarbejdere i juridiske enheder.
6493,190670,,1,2018-04-26 00:00:00,17,75686,3,L 173,"Forslag til lov om ændring af ligningsloven og forskellige andre love. (Permanent boligjobordning, ophævelse af beskatningen af fri telefon og internet, afskaffelse af udligningsskatten og forhøjelse af beløbsgrænser for børneopsparing).","Om permanent boligjobordning, ophævelse af beskatningen af fri telefon og internet m.v."
6494,190657,,1,2018-04-26 00:00:00,17,75685,3,L 174,"Forslag til lov om ændring af kildeskatteloven, ligningsloven, sømandsbeskatningsloven og tinglysningsafgiftsloven. (Bedre vilkår for tildeling af medarbejderaktier, udvidelse af DIS-ordningen med søfolk, der arbejder om bord på en række specialskibe, afskaffelse af registreringsafgiften for skibe i danske skibsregistre, ændret forrentning ved opkrævning af personers skat m.v.).","Om bedre vilkår for tildeling af medarbejderaktier, udvidelse af DIS-ordningen med søfolk m.v."
6495,189852,,1,2018-04-26 00:00:00,17,75480,3,L 138,"Forslag til lov om ændring af lov om social pension, lov om Arbejdsmarkedets Tillægspension, pensionsbeskatningsloven og lov om retssikkerhed og administration på det sociale område. (Skærpede krav til optjening af folkepension og førtidspension, hurtigere udbetaling af tillæg for opsat pension m.v.).",Om skærpede krav til optjening af folkepension og førtidspension m.v.
6496,190462,,1,2018-04-26 00:00:00,17,75670,3,L 178,Forslag til lov om ændring af lov om friskoler og private grundskoler m.v. og lov om folkeskolen. (Bedre rammer for tilsyn med frie grundskoler m.v.).,Om bedre rammer for tilsyn med frie grundskoler m.v.
6500,190475,,1,2018-05-03 00:00:00,17,75671,3,L 155,Forslag til lov om ændring af lov om Center for Cybersikkerhed. (Konsekvensændringer som følge af databeskyttelsesforordningen og databeskyttelsesloven).,Om konsekvensændringer for Center for Cybersikkerhed som følge af databeskyttelsesforordningen og databeskyttelsesloven.
6501,189803,,1,2018-05-03 00:00:00,17,75467,3,L 139,Forslag til lov om sikkerhed i net- og informationssystemer for operatører af væsentlige internetudvekslingspunkter m.v.,Om sikkerhed i net-og informationssystemer for operatører af væsentlige internetudviklingsprodukter m.v.
6502,189817,,1,2018-05-03 00:00:00,17,75469,3,L 144,Forslag til lov om net- og informationssikkerhed for domænenavnssystemer og visse digitale tjenester.,Om net- og informationssikkerhed for domænenavnssystemer og visse digitale tjenester.
6503,190182,,1,2018-05-03 00:00:00,17,75598,3,L 149,Forslag til lov om Erhvervsstyrelsens behandling af data.,Om Erhvervsstyrelsens behandling af data.
6504,189865,,1,2018-05-03 00:00:00,17,75481,3,L 135,Forslag til lov om sikkerhed i net- og informationssystemer i transportsektoren.,Om sikkerhed i net- og informationssystemer i transportsektoren.
6505,189904,,1,2018-05-03 00:00:00,17,75484,3,L 143,Forslag til lov om krav til sikkerhed for net- og informationssystemer inden for sundhedssektoren.,Om krav til sikkerhed for net- og informationssystemer inden for sundhedssektoren.
6507,190605,,1,2018-05-08 00:00:00,17,75681,3,L 156,Forslag til lov om ændring af udlændingeloven. (Skærpede regler om udvisning af kriminelle udlændinge).,Om skærpede regler om udvisning af kriminelle udlændinge.
6508,190709,,1,2018-05-08 00:00:00,17,75689,3,L 172,"Forslag til lov om ændring af lov om afgift af vejbenyttelse og lov om registrering af køretøjer. (Ændring af satser og øget differentiering heraf ud fra emissionsnormer og adgang til Køretøjsregisteret for virksomheder, der opkræver betaling for brug af veje, broer, færger eller tunneler).",Om ændring af afgiftssatser for vejbenyttelse m.v. og om adgang til Køretøjsregisteret.
6509,190566,,1,2018-05-08 00:00:00,17,75678,3,L 167,"Forslag til lov om ændring af lov om fødevarer. (Strafskærpelse, administrative tvangsbøder og virksomhedskarantæne).","Om strafskærpelse, administrative tvangsbøder og virksomhedskarantæne på fødevareområdet."
6510,190592,,1,2018-05-08 00:00:00,17,75680,3,L 168,Forslag til lov om ændring af lov om naturbeskyttelse. (Nye muligheder for friluftsreklamer i det åbne land).,Om nye muligheder for friluftsreklamer i det åbne land.
6511,190618,,1,2018-05-08 00:00:00,17,75682,3,L 169,Forslag til lov om ændring af lov om miljøbeskyttelse. (Indfasning af kvælstof til akvakulturerhvervet).,Om indfasning af kvælstof til akvakulturerhvervet.
6520,189612,,1,2018-05-15 00:00:00,17,75384,3,L 133,"Forslag til lov om ændring af lov om kliniske forsøg med lægemidler og lov om videnskabsetisk behandling af sundhedsvidenskabelige forskningsprojekter. (Habilitetskrav, forsøgsdata fra afdøde, udenlandsk inspektion m.v.).",Om kliniske forsøg med lægemidler og forsøgsdata fra afdøde m.v.
6521,190722,,1,2018-05-15 00:00:00,17,75690,3,L 170,"Forslag til lov om ændring af lov om autorisation af sundhedspersoner og om sundhedsfaglig virksomhed og lov om anvendelse af tvang ved somatisk behandling af varigt inhabile. (Autorisation af osteopater, udvidelse af tandlægernes virksomhedsområde m.v.).",Om autorisation af osteopater og om udvidelse af tandlægernes virksomhedsområde m.v.
6522,190423,,1,2018-05-15 00:00:00,17,75667,3,L 152,Forslag til lov om ændring af færdselsloven og lov om registrering af køretøjer. (Indførelse af dagsgebyr ved manglende betaling af ansvarsforsikringspræmie for motordrevne køretøjer m.v.).,Om indførelse af dagsgebyr ved manglende betaling af ansvarsforsikring for motordrevne køretøjer.
6523,190410,,1,2018-05-15 00:00:00,17,75666,3,L 154,"Forslag til lov om ændring af lov om luftfart. (Service- og kapacitetsmål, oplysningspligt for flyvepladser, fastsættelse af safetybidrag m.v.).","Om service- og kapacitetsmål, oplysningspligt, fastsættelse af safetybidrag m.v. på luftfartsområdet."
6524,192400,,1,2018-05-15 00:00:00,17,76076,3,L 217,Forslag til lov om ændring af lov om afgift af elektricitet. (Nedsættelse af elvarmeafgiften).,Om nedsættelse af elvarmeafgiften.
6525,191096,,1,2018-05-15 00:00:00,17,75799,3,L 181,Forslag til lov om ændring af lov om arbejdsmiljø. (Arbejdstilsynets adgang til samtaler med ansatte og anvendelse af midler til tværgående aktiviteter).,Om Arbejdstilsynets adgang til samtaler med ansatte m.v.
6526,190995,,1,2018-05-15 00:00:00,17,75790,3,L 186,"Forslag til lov om tilbagebetaling af ulovlig statsstøtte, der er uforenelig med det indre marked i forbindelse med afgift til drikkevandsbeskyttelse.",Om lov om tilbagebetaling af ulovlig og uforenelig statsstøtte i forbindelse med afgift til drikkevandsbeskyttelse.
6527,191021,,1,2018-05-15 00:00:00,17,75792,3,L 187,"Forslag til lov om ændring af lov om kystbeskyttelse, lov om miljøvurdering af planer og programmer og af konkrete projekter (VVM), lov om naturbeskyttelse, lov om jagt og vildtforvaltning og forskellige andre love. (Ny kompetencefordeling og forenkling af sagsbehandling i forbindelse med kystbeskyttelse m.v.).",Om ny kompetencefordeling og forenkling af sagsbehandling i forbindelse med kystbeskyttelse m.v.
6528,192185,,1,2018-05-15 00:00:00,17,76006,3,L 216,Forslag til lov om ændring af lov om jordbrugets anvendelse af gødning og om plantedække og lov om husdyrbrug og anvendelse af gødning m.v. (Målrettet kvælstofregulering m.v.).,Om målrettet kvælstofregulering på jordbrugsområdet m.v.
6529,190195,,1,2018-05-15 00:00:00,17,75599,3,L 151,"Forslag til lov om ændring af fiskeriloven. (Opfølgning på fiskeripakken, Bierhvervsfiskernævnets sammensætning m.v.).","Om opfølgning på fiskeripakken, Bierhvervsfiskernævnets sammensætning m.v."
6543,190631,,1,2018-05-17 00:00:00,17,75683,3,L 164,Forslag til lov om Forsyningstilsynet.,Om Forsyningstilsynet.
6544,190644,,1,2018-05-17 00:00:00,17,75684,3,L 166,Forslag til lov om ændring af lov om fremme af vedvarende energi. (Afholdelse af et udbud af pristillæg for elektricitet produceret på solcelleanlæg).,Om afholdelse af et udbud af pristillæg for elektricitet produceret på solcelleanlæg m.v. 
6545,191640,,1,2018-05-17 00:00:00,17,75917,3,L 190,"Forslag til lov om ændring af lov om fremme af vedvarende energi, lov om elforsyning og lov om Energinet. (Afholdelse af udbud af pristillæg, særordning for forsøgsmøller og overgangsordning for landmøller samt udvidelse af værditabsordningen, køberetsordningen og garantifonden for visse solcelleanlæg m.v.).","Om forskellige ordninger inden for fremme af vedvarende energi, elforsyning og Energinet m.v."
6546,193277,,1,2018-05-17 00:00:00,17,76446,3,L 185 A,Forslag til lov om ændring af selskabsloven. (Nedsættelse af minimumskrav til aktieselskabers selskabskapital).,Om nedsættelse af minimumskrav til aktieselskabers selskabskapital.
6547,193280,,1,2018-05-17 00:00:00,17,76447,3,L 185 B,"Forslag til ændring af selskabsloven, lov om visse erhvervsdrivende virksomheder og lov om erhvervsdrivende fonde. (Ændrede krav til ejerregistrering m.v.).",Om ændrede krav til ejerregistering m.v.
6548,186392,,1,2018-05-17 00:00:00,17,74425,3,L 68,Forslag til lov om supplerende bestemmelser til forordning om beskyttelse af fysiske personer i forbindelse med behandling af personoplysninger og om fri udveksling af sådanne oplysninger (databeskyttelsesloven).,Om databeskyttelsesloven.
6550,190169,,1,2018-05-17 00:00:00,17,75597,3,L 147,"Forslag til lov om ændring af straffeloven. (Selvstændig bestemmelse om hvidvask).
",Om selvstændig bestemmelse i straffeloven om hvidvask.
6551,190436,,1,2018-05-17 00:00:00,17,75668,3,L 157,"Forslag til lov om ændring af retsplejeloven. (Vidneudelukkelse for patentrådgivere, obligatorisk digital selvbetjening ved ansøgning om fri proces m.v.).",Om vidneudelukkelse for patentrådgivere og digital selvbetjening ved ansøgning om fri proces m.v.
6552,190397,,1,2018-05-17 00:00:00,17,75665,3,L 158,Forslag til lov om ændring af retsplejeloven. (Øget beskyttelse af vidner).,Om øget beskyttelse af vidner i retsplejen.
6553,190384,,1,2018-05-17 00:00:00,17,75664,3,L 159,"Forslag til lov om ændring af lov om politiets virksomhed, retsplejeloven, lov om forsvarets formål, opgaver og organisation m.v. og militær straffelov. (Forsvarets bistand til politiet og udvidelse af politiklageordningen m.v.).",Om forsvarets bistand til politiet og udvidelse af politiklageordningen.
6554,191375,,1,2018-05-17 00:00:00,17,75886,3,L 205,"Forslag til lov om ændring af lov om tv-overvågning og lov om retshåndhævende myndigheders behandling af personoplysninger. (Videreførelse af regler om behandling af personoplysninger i forbindelse med tv-overvågning, mulighed for deling mellem erhvervsdrivende af billed- og lydoptagelser fra tv-overvågning af formodede gerningspersoner m.v.).",Om videreførelse af regler om behandling af personoplysninger i forbindelse med tv-overvågning m.v.
6555,191057,,1,2018-05-17 00:00:00,17,75795,3,L 183,"Forslag til lov om ændring af universitetsloven, lov om professionshøjskoler for videregående uddannelser, lov om erhvervsakademier for videregående uddannelser og forskellige andre love. (Opfølgning på nyt bevillingssystem for de videregående uddannelser m.v.).",Om opfølgning på nyt bevillingssystem for de videregående uddannelser m.v.
6561,190540,,1,2018-05-22 00:00:00,17,75676,3,L 177,"Forslag til lov om ændring af lov om andelsboligforeninger og andre boligfællesskaber, lov om leje, lov om byfornyelse og udvikling af byer og lov om midlertidig regulering af boligforholdene. (Mere robuste andelsboligforeninger).",Om mere robuste andelsboligforeninger.
6569,192706,,1,2018-05-24 00:00:00,17,76205,3,L 226,Forslag til lov om ændring af lov om inddrivelse af gæld til det offentlige og forskellige andre love og om ophævelse af lov om forsøg med eftergivelse af gæld til det offentlige for socialt udsatte grupper. (Forenkling af regler om inddrivelse af gæld til det offentlige m.v. og forældelseshåndtering m.v.).,Om forenkling af regler om inddrivelse af gæld til det offentlige m.v. og forældelseshåndtering m.v.
6570,191575,,1,2018-05-24 00:00:00,17,75912,3,L 192,"Forslag til lov om ændring af lov om arbejdsløshedsforsikring m.v., barselsloven og forskellige andre love. (Konsekvensændringer af ydelseslovgivningen som følge af indførelse af samtidighedsferie i ferieloven, kompensation af private arbejdsgivere ved indførelse af samtidighedsferie m.v.).",Om konsekvensændringer som følge af indførelse af samtidighedsferie i ferieloven m.v.
6571,191653,,1,2018-05-24 00:00:00,17,75918,3,L 193,Forslag til lov om ændring af lov om en aktiv beskæftigelsesindsats og lov om social pension. (Ressourceforløb og dokumentationskrav for tilkendelse af førtidspension).,Om ressourceforløb og dokumentationskrav for tilkendelse af førtidspension.
6572,191627,,1,2018-05-24 00:00:00,17,75916,3,L 194,Forslag til lov om ændring af lov om udstationering af lønmodtagere m.v. (Styrket håndhævelse af Registret for Udenlandske Tjenesteydere (RUT) med mulighed for administrative tvangsbøder).,Om styrket håndhævelse vedrørende Registret for Udenlandske Tjenesteydere (RUT) med mulighed for administrative tvangsbøder.
6573,191614,,1,2018-05-24 00:00:00,17,75915,3,L 212,"Forslag til lov om ændring af sundhedsloven, lægemiddelloven og lov om kliniske forsøg med lægemidler. (Frit valg til genoptræning og gebyrlettelser for kliniske forsøg med lægemidler).",Om frit valg til genoptræning efter sundhedsloven og gebyrlettelser for kliniske forsøg med lægemidler.
6574,191601,,1,2018-05-24 00:00:00,17,75914,3,L 214,Forslag til lov om godtgørelse til andenhåndseksponerede asbestofre.,Om godtgørelse til andenhåndseksponerede asbestofre.
6575,192959,,1,2018-05-24 00:00:00,17,76281,3,L 235,"Forslag til lov om ændring af sundhedsloven, lov om klage- og erstatningsadgang inden for sundhedsvæsenet, lov om social pension og lov om højeste, mellemste, forhøjet almindelig og almindelig førtidspension m.v. (Tandpleje til voksne i privat praksis, tilskud, klageadgang m.v.).","Om tandpleje til voksne i privat praksis, tilskud og klageadgang m.v."
6576,191471,,1,2018-05-24 00:00:00,17,75901,3,L 209,Forslag til lov om ændring af lov om social service. (Forebyggelse af konkurser på hjemmehjælpsområdet).,Om forebyggelse af konkurser på hjemmehjælpsområdet.
6577,191426,,1,2018-05-24 00:00:00,17,75890,3,L 210,Forslag til lov om ændring af lov om social service og lov om socialtilsyn. (Styrket tilsyn på ældreområdet).,Om styrket tilsyn på ældreområdet.
6578,191458,,1,2018-05-24 00:00:00,17,75900,3,L 211,Forslag til lov om ændring af lov om social service. (Plejehjemsoversigten).,Om at etablere en plejehjemsoversigt.
6579,191083,,1,2018-05-24 00:00:00,17,75797,3,L 180,Forslag til lov om ændring af lov om ændring af udlændingeloven. (Ophævelse af bestemmelse om revision af reglerne om midlertidig beskyttelsesstatus for visse udlændinge).,Om ophævelse af bestemmelse om revision af reglerne om midlertidig beskyttelsesstatus for visse udlændinge.
6580,192784,,1,2018-05-24 00:00:00,17,76212,3,L 224,Forslag til lov om ændring af lov om offentlighed i forvaltningen. (Ændring af revisionsbestemmelse).,Om ændring af revisionsbestemmelse i  lov om offentlighed i forvaltningen.
6581,190514,,1,2018-05-24 00:00:00,17,75674,3,L 160,"Forslag til lov om ændring af dagtilbudsloven og lov om folkeskolen. (Styrket kvalitet i dagtilbud, øget fleksibilitet og frit valg for forældre).",Om styrket kvalitet i dagtilbud og øget fleksibilitet og frit valg for forældre.
6589,189079,,1,2018-05-29 00:00:00,17,75133,3,L 126,Forslag til lov om tilgængelighed af offentlige organers websteder og mobilapplikationer.,Om tilgængelighed af offentlige organers websteder og mobilapplikationer.
6590,190488,,1,2018-05-29 00:00:00,17,75672,3,L 162,"Forslag til lov om ændring af lov om retssikkerhed og administration på det sociale område. (Sagsbehandlingsfrister for hjemviste sager, pligt til tydelig offentliggørelse af sagsbehandlingsfrister på kommunens hjemmeside og pligt til at behandle danmarkskortet over omgørelsesprocenter på et møde i kommunalbestyrelsen).",Om sagsbehandlingsfrister m.v. på det sociale område.
6591,190579,,1,2018-05-29 00:00:00,17,75679,3,L 163,"Forslag til lov om ændring af lov om Det Centrale Personregister. (Udvidelse af kredsen af personer, som kan tildeles særlig adressebeskyttelse).","Om udvidelse af kredsen af personer, som kan tildeles særlig adressebeskyttelse."
6592,191443,,1,2018-05-29 00:00:00,17,75897,3,L 191,"Forslag til lov om ændring af lov om kommunernes styrelse, lov om kommunale og regionale valg og regionsloven. (Bindende kommunale folkeafstemninger).",Om bindende kommunale folkeafstemninger.
6593,190449,,1,2018-05-29 00:00:00,17,75669,3,L 153,"Forslag til lov om ændring af byggeloven. (Henlæggelse af afgørelseskompetencer vedrørende brandmæssige forhold til § 60-selskaber, pristalsregulering af byggesagsgebyr m.v.).",Om afgørelseskompetencer vedrørende brandmæssige forhold til § 60-selskaber m.v.
6595,191484,,1,2018-05-29 00:00:00,17,75904,3,L 206,Forslag til lov om ændring af lov om almene boliger m.v. (Finansiering af almene boliger med lån ydet på grundlag af statsgaranterede obligationer).,Om finansiering af almene boliger med lån ydet på grundlag af statsgaranterede obligationer.
6596,191070,,1,2018-05-29 00:00:00,17,75796,3,L 184,"Forslag til lov om ændring af lov om finansiel virksomhed, hvidvaskloven, lov om forvaltere af alternative investeringsfonde m.v. og forskellige andre love. (Styrket indsats mod hvidvask m.v. i den finansielle sektor, indførelse af nye former for alternative investeringsfonde, ændring af grænsen for prospektpligt m.v.).",Om styrket indsats mod hvidvask m.v. i den finansielle sektor m.v.
6597,191403,,1,2018-05-29 00:00:00,17,75888,3,L 198,Forslag til lov om ændring af lov om et testcenter for store vindmøller ved Østerild. (Udvidelse af vindmølletestcentrene ved Høvsøre og Østerild).,Om udvidelse af vindmølletestcentrene ved Høvsøre og Østerild.
6598,191712,,1,2018-05-29 00:00:00,17,75924,3,L 195,Forslag til lov om ændring af udlændingeloven. (Gennemførelse af den reviderede Eurodac-forordning vedrørende retshåndhævende myndigheders adgang til at foretage søgninger i Eurodac-systemet m.v.).,Om Eurodac-forordningen.
6599,191725,,1,2018-05-29 00:00:00,17,75925,3,L 196,"Forslag til lov om ændring af repatrieringsloven, integrationsloven, lov om sygedagpenge og lov om arbejdsløshedsforsikring m.v. (Styrkede incitamenter til at repatriere samt systematisk kommunal vejledningspligt).",Om styrkede incitamenter til at repatriere m.v.
6600,191679,,1,2018-05-29 00:00:00,17,75920,3,L 197,"Forslag til lov om ændring af udlændingeloven og lov om ændring af lov om planlægning. (Ophævelse af revisionsbestemmelser, forlængelse af udløbsbestemmelse og frist for domstolsprøvelse af frihedsberøvelse i en suspensionsperiode m.v.).","Om ophævelse af revisionsbestemmelser, forlængelse af udløbsbestemmelse og frist for domstolsprøvelse af frihedsberøvelse i en suspensionsperiode m.v. indenfor udlændingeområdet."
6601,191536,,1,2018-05-29 00:00:00,17,75908,3,L 199,Forslag til lov om forberedende grunduddannelse.,Om forberedende grunduddannelse.
6602,191523,,1,2018-05-29 00:00:00,17,75907,3,L 200,Forslag til lov om institutioner for forberedende grunduddannelse.,Om institutioner for forberedende grunduddannelse.
6603,191510,,1,2018-05-29 00:00:00,17,75906,3,L 201,"Forslag til lov om ændring af lov om vejledning om uddannelse og erhverv samt pligt til uddannelse, beskæftigelse m.v. (Kommunal indsats for unge under 25 år).",Om kommunal indsats om vejledning om uddannelse og erhverv for unge under 25 år.
6604,191497,,1,2018-05-29 00:00:00,17,75905,3,L 202,"Forslag til lov om ændring af avu-loven, lov om befordringsrabat til uddannelsessøgende i ungdomsuddannelser m.v., lov om Danmarks Evalueringsinstitut, lov om forberedende voksenundervisning og ordblindeundervisning for voksne, lov om individuel boligstøtte og forskellige andre love og om ophævelse af lov om erhvervsgrunduddannelse m.v., lov om kombineret ungdomsuddannelse, lov om produktionsskoler og lov om Rådet for Ungdomsuddannelser. (Ændringer som følge af lovgivning om forberedende grunduddannelse m.v.).",Om ændringer af forskellige love som følge af lovgivning om forberedende grunduddannelse m.v.
6605,189917,,1,2018-05-29 00:00:00,17,75485,3,L 146,"Forslag til lov om ændring af sundhedsloven. (Organiseringen i Sundheds- og Ældreministeriet, oprettelse af Nationalt Genomcenter m.v.).",Om organiseringen i Sundheds- og Ældreministeriet og oprettelse af Nationalt Genomcenter m.v.
6635,190696,,1,2018-05-31 00:00:00,17,75688,3,L 165,"Forslag til lov om ændring af lov om elforsyning, lov om naturgasforsyning, lov om varmeforsyning, lov om fremme af vedvarende energi og lov om afgift af elektricitet. (Styrkelse af rammerne for overvågning af elforsyningssikkerheden og klare regler for sikring af kapacitet, ændringer som følge af forordninger om EU-netregler, flytning af ansvar for måling af elektricitet hos elforbrugere direkte tilsluttet transmissionsnettet og samkøring af oplysninger om realiserede energibesparelser m.v.).","Om overvågning af elforsyningssikkerheden, regler for sikring af kapacitet og ændringer som følge af forordninger om EU-netregler m.v."
6636,190501,,1,2018-05-31 00:00:00,17,75673,3,L 161,Forslag til lov om forsøg med et socialt frikort.,Om forsøg med et socialt frikort.
6637,191549,,1,2018-05-31 00:00:00,17,75910,3,L 221,Forslag til lov om forbud mod forskelsbehandling på grund af handicap.,Om forbud mod forskelsbehandling på grund af handicap.
6638,189627,,1,2018-05-31 00:00:00,17,75386,3,L 134,Forslag til tatoveringslov.,Om tatoveringslov.
6639,191588,,1,2018-05-31 00:00:00,17,75913,3,L 213,Forslag til lov om ændring af sundhedsloven. (Egenbetaling for tolkebistand).,Om egenbetaling for tolkebistand efter sundhedsloven.
6640,192732,,1,2018-05-31 00:00:00,17,76207,3,L 233,Forslag til lov om ændring af sundhedsloven og lov om klage- og erstatningsadgang inden for sundhedsvæsenet. (Oprettelse af Styrelsen for Patientklager og ændrede registrerings- og gebyrregler for det risikobaserede tilsyn med behandlingssteder).,Om oprettelse af Styrelsen for Patientklager og ændrede registrerings- og gebyrregler for det risikobaserede tilsyn med behandlingssteder.
6641,191008,,1,2018-05-31 00:00:00,17,75791,3,L 182,Forslag til lov om ændring af lov om våben og eksplosivstoffer. (Mærkning og registrering af skydevåben m.v.).,Om mærkning og registrering af skydevåben m.v.
6642,191349,,1,2018-05-31 00:00:00,17,75884,3,L 203,"Forslag til lov om ændring af lov om fuldbyrdelse af straf m.v., lov om arbejdsmarkedsuddannelser m.v., lov om åben uddannelse (erhvervsrettet voksenuddannelse) m.v. og retsplejeloven. (Udvidet besøgsafskæring for bandemedlemmer m.v., tvungen opsparing, adgang til AMU-kurser, alkoholkontrol, udvidet adgang til konfiskation m.v.).",Om udvidet besøgsafskæring for bandemedlemmer og andre ændringer vedrørende indsatte m.v.
6643,191362,,1,2018-05-31 00:00:00,17,75885,3,L 204,Forslag til lov om ændring af retsplejeloven. (Nedbringelse af sagsbehandlingstiden i straffesager).,Om nedbringelse af sagsbehandlingstiden i straffesager.
6644,191390,,1,2018-05-31 00:00:00,17,75887,3,L 208,Forslag til lov om ændring af straffeloven og retsplejeloven. (Retsvirkninger af et foreløbigt forbud mod eller en opløsning af en forening).,Om retsvirkninger af et foreløbigt forbud mod eller opløsning af en forening. 
6645,192361,,1,2018-05-31 00:00:00,17,76073,3,L 218,"Forslag til lov om ændring af lov om ændring af straffeloven, retsplejeloven, lov om konkurrence- og forbrugerforhold på telemarkedet, våbenloven, udleveringsloven samt lov om udlevering af lovovertrædere til Finland, Island, Norge og Sverige. (Ændring af revisionsbestemmelse).",Om ændring af revisionsbestemmelse i lov om gennemførelse af initiativer til bekæmpelse af terrorisme m.v. 
6646,192374,,1,2018-05-31 00:00:00,17,76074,3,L 219,Forslag til lov om ændring af straffeloven. (Tildækningsforbud).,Om et tildækningsforbud.
6647,192771,,1,2018-05-31 00:00:00,17,76211,3,L 223,Forslag til lov om ændring af straffeloven. (Udskydelse af forældelsesfristen i visse sager om vold mod børn i hjemmet og skærpelse af straffen for gentagen simpel vold i nære relationer).,Om udskydelse af forældelsesfristen i visse sager om vold mod børn i hjemmet og skærpelse af straffen for gentagen simpel vold i nære relationer.
6656,191562,,1,2018-06-01 00:00:00,17,75911,3,L 207,Forslag til lov om ændring af fusionsskatteloven. (Beskatning af løbende indtægter ved grænseoverskridende omstruktureringer).,Om beskatning af løbende indtægter ved grænseoverskridende omstruktureringer på fusionsskatteområdet.
6658,192985,,1,2018-06-01 00:00:00,17,76284,3,L 238,Forslag til lov om ændring af ligningsloven og personskatteloven. (Lavere skat på arbejdsindkomst og større fradrag for pensionsindbetalinger m.v.).,Om lavere skat på arbejdsindkomst og større fradrag for pensionsindbetalinger m.v.
6660,192533,,1,2018-06-01 00:00:00,17,76132,3,L 222,Forslag til lov om indfødsrets meddelelse.,Om indfødsrets meddelelse.
6661,189943,,1,2018-06-01 00:00:00,17,75487,3,L 141,Forslag til lov om ændring af udlændingeloven. (Smidigere regler for bibeskæftigelse og frivilligt arbejde for udenlandske arbejdstagere m.v.).,Om smidigere regler for bibeskæftigelse og frivilligt arbejde for udenlandske arbejdstagere m.v.
6670,192835,,1,2018-06-04 00:00:00,17,76233,3,L 234,Forslag til lov om ændring af lov om godskørsel. (Tilladelsesordning for varebiler).,Om tilladelsesordning for varebiler.
6671,192387,,1,2018-06-04 00:00:00,17,76075,3,L 220,Forslag til lov om ændring af lov om frikommunenetværk. (Forsøgsmuligheder efter tredje ansøgningsrunde).,Om frikommunenetværk og forsøgsmuligheder efter tredje ansøgningsrunde.
6674,192933,,1,2018-06-04 00:00:00,17,76279,3,L 236,Forslag til lov om nedsættelse af statstilskuddet til kommuner som følge af indtægter fra parkering.,Om nedsættelse af statstilskuddet til kommuner som følge af indtægter fra parkering.
6675,192719,,1,2018-06-04 00:00:00,17,76206,3,L 232,"Forslag til lov om ændring af lov om en aktiv beskæftigelsesindsats, lov om social service, lov om integration af udlændinge i Danmark og forskellige andre love. (Mulighed for at udarbejde en helhedsorienteret plan til borgere med komplekse og sammensatte problemer).","Om mulighed for at udarbejde en helhedsorienteret plan til borgere med komplekse og sammensatte problemer på beskæftigelsesområdet, socialområdet og udlændinge- og integrationsområdet."
6676,192667,,1,2018-06-04 00:00:00,17,76202,3,L 228,Forslag til lov om projektering og anlæg af et vildsvinehegn langs den dansk-tyske landegrænse.,Om projektering og anlæg af et vildsvinehegn langs den dansk-tyske landegrænse.
6677,192680,,1,2018-06-04 00:00:00,17,76203,3,L 229,"Forslag til lov om ændring af lov om hold af dyr, lov om fødevarer og lov om foderstoffer. (Strafskærpelse som led i indsatsen mod afrikansk svinepest).",Om strafskærpelse som led i indsatsen mod afrikansk svinepest.
6678,192654,,1,2018-06-04 00:00:00,17,76199,3,L 230,Forslag til lov om ændring af lov om ophavsret. (Gennemførelse af Marrakeshdirektivet m.v.).,Om gennemførelse af Marrakeshdirektivet m.v.
6679,192745,,1,2018-06-04 00:00:00,17,76208,3,L 225,"Forslag til lov om ændring af lov om danskuddannelse til voksne udlændinge m.fl. (Indførelse af deltagerbetaling for danskuddannelse til udenlandske arbejdstagere, studerende m.v.).",Om deltagerbetaling for danskuddannelse til udenlandske arbejdstagere og studerende m.v.
6680,192758,,1,2018-06-04 00:00:00,17,76210,3,L 231,"Forslag til lov om ændring af udlændingeloven. (Reform af reglerne om ægtefællesammenføring med nyt integrationskrav i stedet for tilknytningskravet, skærpet boligkrav m.v.).",Om reform af reglerne om ægtefællesammenføring.
6681,192946,,1,2018-06-04 00:00:00,17,76280,3,L 239,"Forslag til lov om ændring af lov om aktiv socialpolitik, lov om Udbetaling Danmark og udlændingeloven. (Indførelse af beskæftigelseskrav for ret til uddannelses- og kontanthjælp og forlængelse af opholdskravet samt ophævelse af bestemmelsen om opholdstilladelse på baggrund af arbejdsmarkedstilknytning).",Om indførelse af beskæftigelseskrav for ret til uddannelses- og kontanthjælp og forlængelse af opholdskravet m.v.
6682,191666,,1,2018-06-04 00:00:00,17,75919,3,L 189,Forslag til lov om ændring af udlændingeloven. (Justering af kravene i beløbsordningen).,Om justering af kravene i beløbsordningen.
6709,195187,,1,2018-11-15 00:00:00,17,77279,3,L 31,Forslag til lov om indgåelse af dobbeltbeskatningsoverenskomst og tilhørende protokol mellem Danmark og Armenien.,Om indgåelse af dobbeltbeskatningsoverenskomst og tilhørende protokol mellem Danmark og Armenien.
6710,195213,,1,2018-11-15 00:00:00,17,77281,3,L 32,Forslag til lov om indgåelse af dobbeltbeskatningsoverenskomst og tilhørende protokol mellem Danmark og Japan.,Om  indgåelse af dobbeltbeskatningsoverenskomst og tilhørende protokol mellem Danmark og Japan.
6711,195226,,1,2018-11-15 00:00:00,17,77282,3,L 33,Forslag til lov om indgåelse af protokol om ændring af dobbeltbeskatningsoverenskomsten mellem Danmark og Nederlandene.,Om  indgåelse af protokol om ændring af dobbeltbeskatningsoverenskomsten mellem Danmark og Nederlandene.
6712,195239,,1,2018-11-15 00:00:00,17,77283,3,L 34,Forslag til lov om indgåelse af protokol om ændring af dobbeltbeskatningsoverenskomst mellem de nordiske lande.,Om indgåelse af protokol om ændring af dobbeltbeskatningsoverenskomst mellem de nordiske lande.
6713,194585,,1,2018-11-20 00:00:00,17,77231,3,L 48,Forslag til lov om elektronisk fakturering ved offentlige udbud.,Om elektronisk fakturering ved offentlige udbud.
6714,194667,,1,2018-11-20 00:00:00,17,77239,3,L 49,"Forslag til lov om ændring af varemærkeloven og forskellige andre love og om ophævelse af fællesmærkeloven. (Behandling af ansøgninger, registreringshindringer, gengivelse af varemærker, varer i transit, overførsel af gebyrindtægter m.v.).",Om behandling af ansøgninger efter varemærkeloven og forskellige andre love og om ophævelse af fællesmærkeloven m.v.
6715,194652,,1,2018-11-20 00:00:00,17,77237,3,L 50,Forslag til lov om ændring af lov om Dansk Internationalt Skibsregister. (Overenskomstdækning ved offshoreaktiviteter på skibe på dansk søterritorium og kontinentalsokkelområde).,Om overenskomstdækning ved offshoreaktiviteter på skibe på dansk søterritorium og kontinentalsokkelområde.
6719,194940,,1,2018-11-22 00:00:00,17,77260,3,L 9,Forslag til lov om ændring af lov om ægteskabs indgåelse og opløsning og udlændingeloven. (Forbud mod proformaægteskab og Nationalt ID-centers rolle og funktioner m.v.).,Om forbud mod proformaægteskab og om Nationalt ID-centers rolle og funktioner m.v.
6720,195018,,1,2018-11-22 00:00:00,17,77266,3,L 38,"Forslag til lov om ændring af lov om almene boliger m.v., lov om leje af almene boliger og lov om leje. (Nye kriterier for udsatte boligområder og ghettoområder, initiativer til udvikling eller afvikling af ghettoområder, skærpelse af anvisnings- og udlejningsregler, ophævelse af lejekontrakt på grund af kriminalitet m.v.).",Om nye kriterier for udsatte boligområder og ghettoområder m.v.
6721,195096,,1,2018-11-22 00:00:00,17,77272,3,L 57,Forslag til lov om et nationalt naturfagscenter.,Om et nationalt naturfagscenter.
6722,195135,,1,2018-11-22 00:00:00,17,77275,3,L 59,Forslag til lov om ændring af lov om folkeskolen. (Mulighed for at oprette talentklasser i musik og integrerede biblioteker).,Om mulighed for at oprette talentklasser i musik og om integrerede biblioteker.
6725,195252,,1,2018-11-27 00:00:00,17,77284,3,L 23,"Forslag til lov om ændring af lov om elektroniske kommunikationsnet og -tjenester. (Kommuners tilskud til udrulning af elektroniske kommunikationsnet, tildeling af koder til machine to machine-kommunikation (m2m-kommunikation) og ophævelse af regler om Bredbåndsgarantiordningen).",Om kommuners tilskud til udrulning af elektroniske kommunikationsnet m.v.
6726,195278,,1,2018-11-27 00:00:00,17,77286,3,L 24,Forslag til lov om supplerende bestemmelser til forordning om opstilling af rammer for energimærkning m.v. (produktenergimærkningsloven).,Om supplerende bestemmelser til forordning om opstilling af rammer for energimærkning m.v. (produktenergimærkningsloven).
6727,194810,,1,2018-11-27 00:00:00,17,77250,3,L 53,"Forslag til lov om ændring af lov om hold af dyr. (Smittebeskyttelse, forenkling af reglerne om sundhedsrådgivning og påbud om rådgivning om Salmonella Dublin).","Om smittebeskyttelse, forenkling af reglerne om sundhedsrådgivning i lov om hold af dyr."
6728,195304,,1,2018-11-27 00:00:00,17,77288,3,L 61,"Forslag til lov om ændring af sundhedsloven, lov om lægemidler, lov om apoteksvirksomhed og lov om medicinsk udstyr. (Kontrolforanstaltninger mod poliovirus og andre biologiske stoffer, opsplitning af lægemiddelpakninger til veterinær brug og gebyr for visse opgaver vedrørende medicinsk udstyr m.v.).",Om kontrolforanstaltninger mod poliovirus og andre biologiske stoffer m.v.
6729,195343,,1,2018-11-27 00:00:00,17,77291,3,L 62,"Forslag til lov om ændring af lov om forsøgsordning med medicinsk cannabis og lov om euforiserende stoffer. (Eksport af cannabisbulk, brug af pesticider, kontraktudlægning, tilskudsordning, gebyrer m.v.).",Om tilskudsordning i tilknytning til forsøgsordning med medicinsk cannabis m.v.
6730,195382,,1,2018-11-27 00:00:00,17,77294,3,L 63,"Forslag til lov om ændring af lov om autorisation af sundhedspersoner og om sundhedsfaglig virksomhed, lov om apoteksvirksomhed, sundhedsloven og forskellige andre love. (Autorisation af ambulancebehandlere og registrering af ambulancebehandlere med særlig kompetence (paramedicinere), opgavespecifik autorisation af behandlerfarmaceuter, genordination af receptpligtig medicin, ordination af dosisdispensering med tilskud, organisatorisk ansvar m.v.).",Om autorisation af ambulancebehandlere m.v.
6731,195395,,1,2018-11-27 00:00:00,17,77295,3,L 64,Forslag til lov om ændring af sundhedsloven. (Indførelse af forsøgsordning med risikodeling i medicintilskudssystemet).,Om indførelse af forsøgsordning med risikodeling i medicintilskudssystemet.
6732,197635,,1,2018-11-27 00:00:00,17,77968,3,L 65 A,Forslag til lov om ændring af lov om lægemidler. (Flytning af inspektionsopgaver fra Lægemiddelstyrelsen til Sikkerhedsstyrelsen).,Om flytning af inspektionsopgaver fra Lægemiddelstyrelsen til Sikkerhedsstyrelsen m.v.
6733,197639,,1,2018-11-27 00:00:00,17,77969,3,L 65 B,Forslag til lov om ændring af lov om forbud mod salg af tobak og alkohol til personer under 18 år og lov om elektroniske cigaretter m.v. (Tilførsel af kontrolopgave til Sikkerhedsstyrelsen).,Om tilførsel af kontrolopgave til Sikkerhedsstyrelsen.
6738,195330,,1,2018-11-29 00:00:00,17,77290,3,L 25,Forslag til lov om ændring af kildeskatteloven og forskellige andre love. (Initiativer mod sort arbejde m.v.).,Om initiativer mod sort arbejde m.v.
6739,195356,,1,2018-11-29 00:00:00,17,77292,3,L 26,Forslag til aktiesparekontolov.,Om aktiesparekonto.
6740,197845,,1,2018-11-29 00:00:00,17,78025,3,L 29 A,"Forslag til lov om ændring af emballageafgiftsloven, lov om registrering af køretøjer og forskellige andre love og om ophævelse af lov om tilskud til visse miljøvenlige lastbiler. (Indførelse af bagatelgrænser i visse afgiftslove, udvidelse af bemyndigelsesbestemmelsen for terminaladgang til Køretøjsregisteret, undtagelse for udligningsafgift for visse påhængskøretøjer, udskydelse af tidspunkt for offentliggørelse og anvendelse af standardkontrakter ved leasing m.v.).",Om indførelse af bagatelgrænser i visse afgiftslove m.v.
6741,197851,,1,2018-11-29 00:00:00,17,78024,3,L 29 B,Forslag til lov om ændring af emballageafgiftsloven og opkrævningsloven og om ophævelse af pvc-afgiftsloven. (Ophævelse af pvc-afgiften og emballageafgiften på pvc-folier).,Om ophævelse af pvc-afgiften og emballageafgiften på pvc-folier.
6742,197856,,1,2018-11-29 00:00:00,17,78029,3,L 30 A,Forslag til lov om ændring af kildeskatteloven. (Afbureaukratisering af forskerskatteordningen).,Om forskerskatteordningen.
6743,197861,,1,2018-11-29 00:00:00,17,78028,3,L 30 B,"Forslag til lov om ændring af kildeskatteloven, lov om skattenedslag for seniorer, ligningsloven og lov om forsøg med et socialt frikort. (Genoptagelse af afgørelser om skattenedslag og indførelse af skattefrihed for godtgørelse til thalidomidofre m.v.).",Om genoptagelse af afgørelser om skattenedslag og skattefrihed for godtgørelse til thalidomidofre m.v.
6744,195070,,1,2018-11-29 00:00:00,17,77270,3,L 35,Forslag til lov om ændring af lov om folkehøjskoler. (Tilladelse til at fravige lovens krav om gennemførelse af lange kurser (seniorhøjskoler) m.v.).,Om tilladelse for seniorhøjskoler til at fravige lovens krav om gennemførelse af lange kurser m.v.
6745,195044,,1,2018-11-29 00:00:00,17,77268,3,L 36,"Forslag til lov om ændring af lov om radio- og fjernsynsvirksomhed, personskatteloven, lov om social pension og forskellige andre love. (Gennemførelse af aftale om fokusering af DR og afskaffelse af medielicensen m.v.).",Om gennemførelse af aftale om fokusering af DR og afskaffelse af medielicensen m.v.
6746,195031,,1,2018-11-29 00:00:00,17,77267,3,L 37,Forslag til lov om ændring af lov om radio- og fjernsynsvirksomhed. (Gennemførelse af dele af medieaftalen for 2019-2023 m.v.).,Om gennemførelse af dele af medieaftalen for 2019-2023 m.v.
6747,195122,,1,2018-11-29 00:00:00,17,77274,3,L 58,Forslag til lov om ændring af lov om kommunale internationale grundskoler. (Udskydelse af revisionsbestemmelse).,Om udskydelse af revisionsbestemmelse i lov om kommunale internationale grundskoler. 
6748,195005,,1,2018-11-29 00:00:00,17,77265,3,L 39,Forslag til lov om ændring af lov om almene boliger m.v. (Anvendelse af Landsbyggefondens midler og Landsbyggefondens refusion af ydelsesstøtte).,Om anvendelse af Landsbyggefondens midler og Landsbyggefondens refusion af ydelsesstøtte.
6749,194992,,1,2018-11-29 00:00:00,17,77264,3,L 40,"Forslag til lov om ændring af færdselsloven. (Forhøjelse af bøde for parkering på ramper, forhøjelse af parkeringsafgifter for store køretøjer, Færdselsstyrelsens mulighed for overtagelse af parkeringskontrollen og ændring af klagemyndighed).",Om forhøjelse af parkeringsafgifter for store køretøjer m.v.
6750,194953,,1,2018-11-29 00:00:00,17,77261,3,L 41,Forslag til lov om ændring af lov om Metroselskabet I/S og Udviklingsselskabet By & Havn I/S. (Ny arealinddeling og arealanvendelse i Københavns Ydre Nordhavn).,Om ny arealinddeling og arealanvendelse i Københavns Ydre Nordhavn.
6751,194639,,1,2018-11-29 00:00:00,17,77236,3,L 18,Forslag til lov om ændring af retsplejeloven og lov om fuldbyrdelse af straf m.v. (Initiativer vedrørende forsvarsadvokater og advokattilsyn).,Om initiativer vedrørende forsvarsadvokater og advokattilsyn.
6754,194598,,1,2018-12-04 00:00:00,17,77232,3,L 21,"Forslag til lov om ændring af lov om fuldbyrdelse af straf m.v., retsplejeloven, straffeloven og lov om folkeskolen. (Forhold for indsatte i kriminalforsorgens institutioner, varetægtssurrogat m.v.).","Om forhold for indsatte i kriminalforsorgens institutioner, varetægtssurrogat m.v."
6755,197918,,1,2018-12-04 00:00:00,17,78053,3,L 22 A,"Forslag til lov om ændring af straffeloven og lov om pas til danske statsborgere m.v. (Kriminalisering af udlandsophold, der bringer et barns sundhed eller udvikling i alvorlig fare).","Om kriminalisering af udlandsophold, der bringer et barns sundhed eller udvikling i alvorlig fare."
6756,197922,,1,2018-12-04 00:00:00,17,78054,3,L 22 B,"Forslag til lov om ændring af straffeloven og lov om politiets 
virksomhed. (Skærpet straf-zone og skærpet straf for ledende medarbejderes pligtforsømmelse i offentlig tjeneste eller hverv).",Om skærpet straf-zone og skærpet straf for ledende medarbejderes pligtforsømmelse i offentlig tjeneste eller hverv.
6757,194836,,1,2018-12-04 00:00:00,17,77252,3,L 4,"Forslag til lov om ændring af værnepligtsloven. (Fritagelse for værnepligtstjeneste for visse personer, der er blevet udskrevet til tjeneste før 2010).","Om fritagelse for værnepligtstjeneste for visse personer, der er blevet udskrevet til tjeneste før 2010."
6758,194797,,1,2018-12-04 00:00:00,17,77249,3,L 5,Forslag til lov om ændring af lov om forsvarets personel. (Udvidelse af ordninger om pensionslignende ydelse og kulancemæssig godtgørelse for svie og smerte for udsendt personel).,Om udvidelse af ordninger om pensionslignende ydelse og kulancemæssig godtgørelse for svie og smerte for udsendt forsvarspersonel.
6769,196217,,1,2018-12-06 00:00:00,17,77583,3,L 78,"Forslag til lov om ændring af lov om fremme af vedvarende energi og lov om elforsyning. (Pristillæg til elektricitet produceret ved afbrænding af biomasse, digitalisering m.v.).","Om pristillæg til elektricitet produceret ved afbrænding af biomasse, digitalisering m.v."
6770,195369,,1,2018-12-06 00:00:00,17,77293,3,L 56,Forslag til lov om Den Sociale Investeringsfond.,Om Den Sociale Investeringsfond.
6771,195057,,1,2018-12-06 00:00:00,17,77269,3,L 10,Forslag til lov om ændring af lov om brug af køberet eller tegningsret til aktier m.v. i ansættelsesforhold. (Udvidelse af aftalefriheden i optionsordninger).,Om udvidelse af aftalefriheden i aktieoptionsordninger m.v. i ansættelsesforhold.
6772,195174,,1,2018-12-06 00:00:00,17,77278,3,L 12,"Forslag til lov om ændring af lov om arbejdsløshedsforsikring m.v. (Dagpenge efter udløb af retten til supplerende dagpenge i et månedsbaseret dagpengesystem, periodisering af indkomst til opfyldelse af indkomstkravet, undtagelse fra opfølgning på visse sager efter samkøring af oplysning om løntimer m.m.).",Om dagpenge efter udløb af retten til supplerende dagpenge i et månedsbaseret dagpengesystem m.v.
6773,195931,,1,2018-12-06 00:00:00,17,77480,3,L 69,"Forslag til lov om ændring af lov om sygedagpenge og lov om aktiv socialpolitik. (Arbejdsgivers ret til at blive gjort bekendt med 
helbredsmæssige og lægelige oplysninger om lønmodtageren i sager om sygedagpenge og jobafklaringsforløb).
",Om helbredsmæssige oplysninger om lønmodtageren i sager om sygedagpenge m.v.
6774,196595,,1,2018-12-06 00:00:00,17,77683,3,L 87,"Forslag til lov om ændring af lov om Udbetaling Danmark og pensionsbeskatningsloven. (Udsøgning af målgrupper til brug for rådgivning om aldersforsikring, aldersopsparing eller supplerende engangssum i obligatoriske arbejdsmarkedspensioner).
","Om målgrupper til brug for rådgivning om aldersforsikring, aldersopsparing eller engangssum i obligatoriske arbejdsmarkedspensioner m.v."
6775,195944,,1,2018-12-06 00:00:00,17,77481,3,L 70,"Forslag til lov om ændring af lov om arbejdsskadesikring i Grønland. (Ændringer som følge af gradvis forhøjelse af pensionsalderen i Grønland).
",Om arbejdsskadesikring i Grønland som følge af den gradvis  forhøjede pensionsalder. 
6777,198167,,1,2018-12-11 00:00:00,17,78181,3,L 47 A,"Forslag til lov om ændring af lov om finansiel virksomhed,
lov om kapitalmarkeder og forskellige andre love. (Gennemførelse
af anbefalingerne fra arbejdsgruppen for eftersyn
af den finansielle regulering og ændring af reglerne for udpegning
af SIFI’er i Danmark m.v.).","Om regulering og ændring af reglerne for udpegning
af SIFI’er i Danmark."
6778,198172,,1,2018-12-11 00:00:00,17,78182,3,L 47 B,"Forslag til lov om ændring af hvidvaskloven. (Skærpelse
af hvidvaskreglerne).",Om skærpelse af hvidvaskreglerne m.v.
6779,198087,,1,2018-12-11 00:00:00,17,78124,3,L 17 A,Forslag til lov om ændring af retsplejeloven. (Tilfældighedsfund som bevis i sager om opløsning af en forening).,Om tilfældighedsfund som bevis i sager om opløsning af en forening.
6780,196308,,1,2018-12-11 00:00:00,17,77590,3,L 83,Forslag til lov om ændring af lov om våben og eksplosivstoffer. (Delvis lovliggørelse af peberspray).,Om delvis lovliggørelse af peberspray. 
6791,194771,,1,2018-12-13 00:00:00,17,77247,3,L 16,"Forslag til lov om ændring af lov om befordringsrabat til studerende ved videregående uddannelser, lov om befordringsrabat til uddannelsessøgende i ungdomsuddannelser m.v. og lov om Udbetaling Danmark. (Målretning af befordringsrabat og godtgørelse efter en kilometersats, hjemmel til at kræve for meget modtaget godtgørelse tilbagebetalt m.v.).",Om målretning af befordringsrabat til studerende m.v.
6792,196709,,1,2018-12-13 00:00:00,17,77707,3,L 88,Forslag til lov om ændring af SU-loven og lov om statens voksenuddannelsesstøtte. (Sammenlægning af flere krav om tilbagebetaling af SU eller SVU til ét tilbagebetalingskrav og forhøjelse af fribeløb under lønnet praktik på uddannelsen til transportbetjent).,Om sammenlægning af flere krav om tilbagebetaling af SU eller SVU til ét tilbagebetalingskrav m.v.
6793,196722,,1,2018-12-13 00:00:00,17,77709,3,L 89,Forslag til lov om ændring af lov om Danmarks Grundforskningsfond. (Etablering og finansiering af forskningsenheder med særligt fokus på transformativ forskning m.v.).,Om etablering og finansiering af forskningsenheder med særligt fokus på transformativ forskning m.v.
6794,194979,,1,2018-12-13 00:00:00,17,77263,3,L 6,Forslag til lov om ændring af dagtilbudsloven. (Bedre fordeling i daginstitutioner).,Om bedre fordeling i daginstitutioner. 
6795,194966,,1,2018-12-13 00:00:00,17,77262,3,L 7,Forslag til lov om ændring af dagtilbudsloven og lov om en børne- og ungeydelse. (Obligatorisk læringstilbud til 1-årige børn i udsatte boligområder).,Om obligatorisk læringstilbud til 1-årige børn i udsatte boligområder.
6796,195450,,1,2018-12-13 00:00:00,17,77301,3,L 8,"Forslag til lov om ændring af lov om social service, lov om socialtilsyn, lov om voksenansvar for anbragte børn og unge og ligningsloven. (Mere kvalitet i plejefamilier).",Om mere kvalitet i plejefamilier m.v.
6797,194927,,1,2018-12-13 00:00:00,17,77259,3,L 42,Forslag til lov om ændring af færdselsloven. (Klip i kørekortet for benyttelse af håndholdt teleudstyr og andre håndholdte kommunikationsapparater under kørsel m.v.).,Om klip i kørekortet for benyttelse af håndholdt teleudstyr og andre håndholdte kommunikationsapparater under kørsel m.v.
6798,194914,,1,2018-12-13 00:00:00,17,77258,3,L 43,"Forslag til lov om ændring af lov om letbane på Ring 3 og lov om Metroselskabet I/S og Udviklingsselskabet By & Havn I/S. (Transport-, bygnings- og boligministerens udtræden af Hovedstadens Letbane I/S).","Om transport-, bygnings- og boligministerens udtræden af Hovedstadens Letbane I/S."
6799,194875,,1,2018-12-13 00:00:00,17,77255,3,L 44,Forslag til lov om ændring af lov om trafikselskaber. (Overdragelse af statens praktiske trafikkøberansvar for øresundstogtrafikken til Skånetrafiken).,Om overdragelse af statens praktiske trafikkøberansvar for øresundstogtrafikken til Skånetrafiken.
6800,194862,,1,2018-12-13 00:00:00,17,77254,3,L 45,Forslag til lov om ændring af jernbanelov. (Master til brug for mobil- og internetdækning i tog).,Om master til brug for mobil- og internetdækning i tog.
6801,194849,,1,2018-12-13 00:00:00,17,77253,3,L 46,Forslag til lov om ændring af lov om en Cityring og lov om Metroselskabet I/S og Udviklingsselskabet By & Havn I/S. (Udvikling af området ved Ny Ellebjerg Station).,Om udvikling af området ved Ny Ellebjerg Station.
6802,195970,,1,2018-12-13 00:00:00,17,77483,3,L 71,"Forslag til lov om ændring af lov om almene boliger m.v. og lov om
friplejeboliger. (Nedsættelse af grundkapital for almene boliger og kapitalindskud for friplejeboliger, differentieret grundkapital for almene familieboliger og udlejning af kommunalt ejede almene ældreboliger som almene ungdomsboliger).
",Om nedsættelse af grundkapital for almene boliger og kapitalindskud for friplejeboliger m.v.
6803,194823,,1,2018-12-13 00:00:00,17,77251,3,L 52,"Forslag til lov om ændring af lov om beskyttelse af havmiljøet. (Bemyndigelse vedrørende offentliggørelse af navne på rederier, der overtræder reglerne om svovlindhold i skibsbrændstoffer).","Om offentliggørelse af navne på rederier, der overtræder reglerne om svovlindhold i skibsbrændstoffer."
6804,194784,,1,2018-12-13 00:00:00,17,77248,3,L 54,Forslag til lov om ophævelse af en række love på Miljø- og Fødevareministeriets og Udenrigsministeriets områder.,Om ophævelse af en række love på Miljø- og Fødevareministeriets og Udenrigsministeriets områder.
6805,196191,,1,2018-12-13 00:00:00,17,77581,3,L 82,Forslag til lov om ændring af lov om miljøbeskyttelse. (Obligatorisk digital kommunikation om rottebekæmpelse og autorisation hertil).,Om obligatorisk digital kommunikation om rottebekæmpelse og autorisation hertil.
6806,198095,,1,2018-12-13 00:00:00,17,78125,3,L 55 A,Forslag til lov om ændring af lov om ændring af udlændingeloven. (Revision af reglerne om transportøransvar i forbindelse med midlertidig grænsekontrol ved indre Schengengrænser).,Om transportøransvar i forbindelse med midlertidig grænsekontrol ved indre Schengengrænser m.v.
6807,198100,,1,2018-12-13 00:00:00,17,78126,3,L 55 B,Forslag til lov om ændring af udlændingeloven. (Justering af de supplerende overførte betingelser for ægtefællesammenføring).,Om justering af de supplerende overførte betingelser for ægtefællesammenføring.
6808,196269,,1,2018-12-13 00:00:00,17,77587,3,L 76,"Forslag til lov om ændring af lov om en aktiv beskæftigelsesindsats, lov om aktiv socialpolitik, lov om kommunal udligning og generelle tilskud til kommuner og lov om organisering og understøttelse af beskæftigelsesindsatsen m.v. (Forenkling af den økonomiske styring af beskæftigelsesindsatsen og bemyndigelse til at fastsætte nærmere regler, som supplerer EURES-forordningen).","Om forenkling af den økonomiske styring af  kommunernes beskæftigelsesindsats og bemyndigelse til at fastsætte nærmere regler, som supplerer EURES-forordningen."
6809,196295,,1,2018-12-13 00:00:00,17,77589,3,L 77,Forslag til lov om ændring af lov om aktiv socialpolitik og forskellige andre love. (Karantæneordning i ydelsessystemet for bandekriminelle m.v.).,Om karantæneordning i ydelsessystemet for bandekriminelle efter lov om aktiv socialpolitik m.v.
6810,197106,,1,2018-12-13 00:00:00,17,77798,3,L 92,Forslag til lov om ændring af lov om forhøjelse af hædersgaver. (Ekstraordinære hædersgaver).,Om ekstraordinære hædersgaver.
6811,194719,,1,2018-12-13 00:00:00,17,77243,3,L 67,"Forslag til lov om ændring af lov om dansk turisme og lov om Visitdenmark. (Ændringer af sammensætningen af Det Nationale Turismeforum, overflytning af turismeudviklingsselskaber til staten samt styrket koordination af international markedsføring).","Om ændringer af sammensætningen af Det Nationale Turismeforum, overflytning af turismeudviklingsselskaber til staten m.v."
6812,194732,,1,2018-12-13 00:00:00,17,77244,3,L 68,Forslag til lov om ændring af lov om administration af tilskud fra Den Europæiske Regionalfond og Den Europæiske Socialfond. (Ændringer af indstillingsretten af midler fra EU’s Regionalfond og Socialfond m.v.).,Om ændringer af indstillingsretten af midler fra EU’s Regionalfond og Socialfond m.v.
6813,194758,,1,2018-12-13 00:00:00,17,77246,3,L 73,Forslag til lov om erhvervsfremme.,Om lov om erhvervsfremme.
6818,198612,,1,2018-12-18 00:00:00,17,78303,3,L 51 A,"Forslag til lov om ændring af lov om planlægning og
lov om maritim fysisk planlægning. (Planlægning i områder
belastet af lugt, støv eller anden luftforurening, helårsbeboelse
i sommerhuse på Læsø, ekspropriation til virkeliggørelse
af lokalplaner, havplanlægning for transportinfrastruktur
m.v.).",Om strategisk planlægning for landsbyer og andre ændringer i  lov om planlægning og lov om maritim fysisk planlægning.
6819,198618,,1,2018-12-18 00:00:00,17,78304,3,L 51 B,Forslag til lov om ændring af lov om planlægning. (Strategisk planlægning for landsbyer).,Om strategisk planlægning for landsbyer.
6820,196178,,1,2018-12-18 00:00:00,17,77580,3,L 79,Forslag til lov om firmapensionskasser.,Om firmapensionskasser.
6821,195265,,1,2018-12-18 00:00:00,17,77285,3,L 27,Forslag til lov om ændring af fondsbeskatningsloven og ligningsloven. (Mere robuste skatteregler for truster som opfølgning på Skattelovrådets rapport).,Om mere robuste skatteregler for truster som opfølgning på Skattelovrådets rapport.
6822,196441,,1,2018-12-18 00:00:00,17,77642,3,L 86,Forslag til lov om ændring af lov om afgift af elektricitet og lov om skattefri kompensation for forhøjede energi- og miljøafgifter. (Nedsættelse af elvarmeafgiften og den almindelige elafgift og fremrykning af reduktion af den grønne check).,Om nedsættelse af elvarmeafgiften og elafgiften og fremrykning af reduktion af den grønne check.
6823,197093,,1,2018-12-18 00:00:00,17,77797,3,L 100,Forslag til lov om ændring af lov om spil og lov om afgifter af spil. (Justering af spilaftale).,Om justering af spilaftalen.
6824,197066,,1,2018-12-18 00:00:00,17,77795,3,L 101,Forslag til investorfradragslov.,Om en investorfradragslov.
6825,194706,,1,2018-12-18 00:00:00,17,77242,3,L 19,Forslag til lov om ændring af retsplejelov for Grønland og kriminallov for Grønland. (Anbringelse af forvaringsdømte m.v.).,Om anbringelse af forvaltningsdømte efter kriminallov for Grønland m.v.
6827,194680,,1,2018-12-18 00:00:00,17,77240,3,L 20,"Forslag til lov om ændring af straffeloven, retsplejeloven, lov om erstatningsansvar og medieansvarsloven. (Freds- og ærekrænkelser m.v.).",Om freds- og ærekrænkelser m.v.
6828,196204,,1,2018-12-18 00:00:00,17,77582,3,L 84,Forslag til lov om bekæmpelse af ungdomskriminalitet.,Om bekæmpelse af ungdomskriminalitet.
6829,196243,,1,2018-12-18 00:00:00,17,77585,3,L 85,"Forslag til lov om ændring af lov om social service, lov om voksenansvar for anbragte børn og unge, lov om socialtilsyn og lov om røgfri miljøer. (Udvidet anvendelse af unge- og forældrepålæg, ensretning af indsatsen for anbragte kriminalitetstruede unge og styrkelse af sikkerheden på delvis lukkede og sikrede døgninstitutioner).","Om udvidet anvendelse af unge- og forældrepålæg, ensretning af indsatsen for anbragte kriminalitetstruede unge m.v."
6883,194414,,1,2018-12-20 00:00:00,17,77169,3,L 1,Forslag til finanslov for finansåret 2019.,Om finanslov for finansåret 2019.
6885,194427,,1,2018-12-20 00:00:00,17,77170,3,L 2,"Forslag til lov om fastsættelse af udgiftslofter for stat, kommuner og regioner for finansåret 2022.","Om udgiftslofter for stat, kommuner og regioner for finansåret 2022."
6887,194440,,1,2018-12-20 00:00:00,17,77171,3,L 3,"Forslag til lov om ændring af lov om fastsættelse af udgiftslofter for stat, kommuner og regioner for finansåret 2018, lov om fastsættelse af udgiftslofter for stat, kommuner og regioner for finansåret 2019, lov om fastsættelse af udgiftslofter for stat, kommuner og regioner for finansåret 2020 og lov om fastsættelse af udgiftslofter for stat, kommuner og regioner for finansåret 2021. (Konsekvenser af aftale om lavere skat på arbejdsindkomst m.v.).","Om udgiftslofter for stat, kommuner og regioner for finansårene 2018, 2019, 2020 og 2021."
6888,195957,,1,2018-12-20 00:00:00,17,77482,3,L 72,"Forslag til lov om ændring af lov om arbejdsmarkedsuddannelser m.v., lov om forberedende voksenundervisning og ordblindeundervisning for voksne, lov om Arbejdsgivernes Uddannelsesbidrag, lov om godtgørelse og tilskud til befordring ved deltagelse i erhvervsrettet voksen- og efteruddannelse og forskellige andre love. (Styrket og mere fleksibel voksen-, efter- og videreuddannelse og flytning af administrationen af VEU-godtgørelsen m.v. til Arbejdsgivernes Uddannelsesbidrag).",Om styrket og mere fleksibel voksenuddannelse m.v. og flytning af administrationen af VEU-godtgørelsen m.v.
6889,197013,,1,2018-12-20 00:00:00,17,77791,3,L 104,"Forslag til lov om ændring af lov om Arbejdsgivernes Uddannelsesbidrag, lov om erhvervsuddannelser og lov om arbejdsmarkedsuddannelser m.v. (Modelparametre for erhvervsuddannelser til brug for beregning af praktikpladsafhængigt arbejdsgiverbidrag, justering af det aktivitetsafhængige VEU-bidrag, merbidragsfritagelse m.v.).",Om modelparametre for erhvervsuddannelser til brug for beregning af praktikpladsafhængigt arbejdsgiverbidrag m.v.
6890,197040,,1,2018-12-20 00:00:00,17,77793,3,L 105,Forslag til lov om ændring af forskellige love på Undervisningsministeriets område samt lov om specialpædagogisk støtte ved videregående uddannelser og lov om folkehøjskoler. (Frit leverandørvalg på tegnsprogs- og skrivetolkeområdet og adgang til specialpædagogisk bistand på voksen- og efteruddannelsesområdet og i overgangen mellem uddannelsesniveauer).,Om frit leverandørvalg på tegnsprogs- og skrivetolkeområdet m.v. 
6891,194901,,1,2018-12-20 00:00:00,17,77257,3,L 14,Forslag til lov om ændring af lov om kommunernes styrelse. (Ghettorepræsentanter).,Om ghettorepræsentanter efter lov om kommunernes styrelse. 
6892,194888,,1,2018-12-20 00:00:00,17,77256,3,L 15,"Forslag til lov om ændring af lov om valg til Folketinget, lov om kommunale og regionale valg, lov om valg af danske medlemmer til Europa-Parlamentet, partiregnskabsloven og lov om kommunernes styrelse. (Ændring af antallet af danske medlemmer af Europa-Parlamentet, forbud mod ens listebetegnelser, valgret til Europa-Parlamentsvalg til udlandsdanskere under værgemål med fratagelse af den retlige handleevne, sikring af udøvelsen af herboende EU-statsborgeres valgret og valgbarhed fra bopælstidspunktet, lovfæstelse af en særlig vederlagsordning for stedfortrædere i kommunalbestyrelsen og regionsrådet m.v.).",Om ændring af antallet af danske medlemmer af Europa-Parlamentet og forbud mod ens listebetegnelse m.v.
6893,196748,,1,2018-12-20 00:00:00,17,77711,3,L 90,Forslag til lov om Familieretshuset.,Om lov om Familieretshuset.
6894,196735,,1,2018-12-20 00:00:00,17,77710,3,L 91,"Forslag til lov om ændring af forældreansvarsloven, lov om ægteskabs indgåelse og opløsning og forskellige andre love. (Ændringer som følge af lov om Familieretshuset og skærpet fokus på beskyttelsen af barnet i sager efter forældreansvarsloven).",Om ændringer som følge af lov om Familieretshuset og skærpet fokus på beskyttelsen af barnet i sager efter forældreansvarsloven.
6895,196256,,1,2018-12-20 00:00:00,17,77586,3,L 80,"Forslag til lov om ændring af lov om dansk indfødsret og lov om danskuddannelse til voksne udlændinge m.fl. (Henlæggelse til kommunalbestyrelserne af grundlovsceremonier, forhøjelse af gebyr for ansøgning om dansk indfødsret ved naturalisation og fastsættelse af nærmere regler om udlændinges fravær i undervisning i dansk m.v.).",Om henlæggelse til kommunalbestyrelserne af grundlovsceremonier m.v.
6897,197146,,1,2018-12-20 00:00:00,17,77801,3,L 93,Forslag til lov om ændring af lov om ligebehandling af mænd og kvinder med hensyn til beskæftigelse m.v. (Styrket fokus på omgangstonen på arbejdspladsen i sager om seksuel chikane og forhøjelse af godtgørelsesniveauet i sager om seksuel chikane).,Om forhøjelse af godtgørelser i sager om seksuel chikane m.v.
6898,195148,,1,2018-12-20 00:00:00,17,77276,3,L 13,"Forslag til lov om ændring af lov om arbejdsløshedsforsikring m.v., lov om sygedagpenge og barselsloven. (Opholdskrav for ret til arbejdsløshedsdagpenge m.v.).",Om opholdskrav for ret til arbejdsløshedsdagpenge m.v.
6899,197224,,1,2018-12-20 00:00:00,17,77807,3,L 97,"Forslag til lov om ændring af lov om varmeforsyning og lov om planlægning. (Ophævelse af adgangen til at pålægge ny tilslutningspligt, indregning af overskud for varmepumper m.v.).","Om ophævelse af adgangen til at pålægge ny tilslutningspligt, indregning af overskud for varmepumper m.v."
6900,198119,,1,2018-12-20 00:00:00,17,78152,3,L 119,Forslag til lov om ændring af lov om miljøbeskyttelse. (Ophævelse af affaldsadministrationsgebyret for virksomheder). ,Om ophævelse af affaldsadministrationsgebyret for virksomheder.  
6901,197000,,1,2018-12-20 00:00:00,17,77790,3,L 98,Forslag til lov om ændring af lov om midlertidig regulering af boligforholdene. (Kontrol og sanktion vedrørende bopælspligt).,Om kontrol og sanktion vedrørende bopælspligt.
6902,197185,,1,2018-12-20 00:00:00,17,77804,3,L 112,Forslag til lov om ændring af fiskeriloven. (Indsats mod kvotekoncentration i dansk fiskeri).,Om indsats mod kvotekoncentration i dansk fiskeri.
6903,198759,,1,2018-12-20 00:00:00,17,78346,3,L 28 A,"Forslag til lov om ændring af selskabsskatteloven, lov 
om ophævelse af dobbeltbeskatning i forbindelse med regulering 
af forbundne foretagenders overskud (EF-voldgiftskonventionen), 
momsloven og forskellige andre love. (Implementering 
af dele af direktivet om skatteundgåelse og direktivet 
om skattetvistbilæggelse og forskellige ændringer af 
momssystemdirektivet).",Om implementering af direktivet om skatteundgåelse og direktivet om skattetvistbilæggelse og forskellige ændringer af momssystemdirektivet.
6904,197132,,1,2018-12-20 00:00:00,17,77800,3,L 102,"Forslag til lov om ændring af ligningsloven, ejendomsværdiskatteloven, lov om et indkomstregister, personskatteloven og skatteindberetningsloven. (Bedre vilkår for vækst og korrekt skattebetaling i dele- og platformsøkonomien).",Om bedre vilkår for vækst og korrekt skattebetaling i dele- og platformsøkonomien.
6905,197119,,1,2018-12-20 00:00:00,17,77799,3,L 103,Forslag til lov om ændring af tinglysningsafgiftsloven og forskellige andre love og om ophævelse af lov om afgift af antibiotika og vækstfremmere anvendt i foderstoffer. (Afgiftssaneringspakke m.v.).,Om en afgiftssaneringspakke m.v.
6906,197476,,1,2018-12-20 00:00:00,17,77892,3,L 115,"Forslag til lov om ændring af ejendomsvurderingsloven og forskellige andre love. (Videreførelse af vurderingerne, ændring af vurderingsterminen, udskydelse af fremrykning af beskatningsgrundlaget m.v.).",Om videreførelse af ejendomsvurderingerne m.v.
6907,198323,,1,2018-12-20 00:00:00,17,78221,3,L 120,"Forslag til lov om ændring af registreringsafgiftsloven, brændstofforbrugsafgiftsloven og lov om vægtafgift af motorkøretøjer m.v. (Udskydelse af indfasning af registreringsafgift m.v. og ændring af bundfradrag for eldrevne køretøjer m.v.).",Om udskydelse af indfasning af registreringsafgift m.v. og ændring af bundfradrag for eldrevne køretøjer m.v.
6908,196961,,1,2018-12-20 00:00:00,17,77787,3,L 99,"Forslag til lov om ændring af årsregnskabsloven, revisorloven og lov om anvendelsen af visse af Den Europæiske Unions retsakter om økonomiske forbindelser til tredjelande m.v. (Tilpasninger til Europa-Parlamentets og Rådets direktiv 2013/34/EU, ændring af kravene til revisorers efteruddannelse og styrket kontrol i forbindelse med ansøgninger om tilladelse til eksport af cyberovervågningsudstyr).",Om implementering af EU's regnskabsdirektiv og styrket kontrol i forbindelse med eksport af cyberovervågningsudstyr m.v.
6909,196282,,1,2018-12-20 00:00:00,17,77588,3,L 75,Forslag til lov om ændring af lov om sikkerhed ved bestemte idrætsbegivenheder. (Gennemførelse af initiativer mod fodbolduroligheder).,Om gennemførelse af initiativer mod fodbolduroligheder. 
6910,196974,,1,2018-12-20 00:00:00,17,77788,3,L 107,"Forslag til lov om indsamling, anvendelse og opbevaring af oplysninger om flypassagerer. (PNR-loven).","Om indsamling, anvendelse og opbevaring af oplysninger om flypassagerer. "
6911,197502,,1,2018-12-20 00:00:00,17,77894,3,L 113,"Forslag til lov om ændring af værgemålsloven, lov om valg til Folketinget, lov om tinglysning og lov om Det Centrale Personregister. (Valgret til personer under værgemål og forvaltning af tortgodtgørelse tilkendt personer under værgemål).",Om valgret til personer under værgemål m.v.
6912,195421,,1,2018-12-20 00:00:00,17,77297,3,L 66,Forslag til lov om ændring af lov om regionernes finansiering. (Ændring af det statslige bidrag til finansiering af regionerne).,Om ændring af det statslige bidrag til finansiering af regionerne. 
6913,197172,,1,2018-12-20 00:00:00,17,77803,3,L 110,"Forslag til lov om ændring af sundhedsloven og lov om videnskabsetisk behandling af sundhedsvidenskabelige forskningsprojekter. (Ændring af aldersgrænsen for stillingtagen til organdonation og transplantationsrelateret forskning på hjernedøde samt obduktion af personer, der dør pludseligt og uventet).","Om ændring af aldersgrænsen for stillingtagen til organdonation og transplantationsrelateret forskning på hjernedøde samt obduktion af personer, der dør pludseligt og uventet."
6924,197211,,1,2019-01-24 00:00:00,17,77806,3,L 108,Forslag til lov om ændring af lov om tobaksvarer m.v. og lov om forbud mod salg af tobak og alkohol til personer under 18 år. (Udvælgelse af id-udsteder og udstedelse af sikkerhedsstempelmærker samt skærpede sanktioner ved salg af tobak til personer under 18 år).,Om udvælgelse af id-udsteder og udstedelse af sikkerhedsstempelmærker samt skærpede sanktioner ved salg af tobak til personer under 18 år.
6926,197079,,1,2019-01-24 00:00:00,17,77796,3,L 96,Forslag til lov om ændring af lov om politiets virksomhed. (Frihedsberøvelse).,Om ændring af frihedsberøvelsesbegrebet.
6927,197769,,1,2019-01-24 00:00:00,17,77997,3,L 117,"Forslag til lov om ændring af lov om indsamling m.v. og lov om fonde og visse foreninger. (Indsamlinger blandt juridiske personer, testamentariske dispositioner m.v.).","Om indsamlinger blandt juridiske personer, testamentariske dispositioner m.v. efter lov om fonde og visse foreninger."
6928,197489,,1,2019-01-24 00:00:00,17,77893,3,L 114,"Forslag til lov om ændring af aktieavancebeskatningsloven, kildeskatteloven, ligningsloven og forskellige andre love. (Bedre vilkår for tildeling af medarbejderaktier i nye, mindre virksomheder, for opsparing i investeringsinstitutter og for tiltrækning af kapital til danske investeringsinstitutter).",Om bedre vilkår for tildeling af medarbejderaktier m.v.
6931,198700,,1,2019-01-29 00:00:00,17,78335,3,L 132,"Forslag til lov om ændring af lov om afgift af elektricitet, lystfartøjsforsikringsafgiftsloven og lov om ændring af tinglysningsafgiftsloven og forskellige andre love og om ophævelse af lov om afgift af antibiotika og vækstfremmere anvendt i foderstoffer. (Lempet elvarmeafgift for sommerhuse m.v. og nedsættelse af afgiften på lystfartøjsforsikringer m.v.).",Om lempet elvarmeafgift for sommerhuse m.v. og nedsættelse af afgiften på lystfartøjsforsikringer m.v.
6935,195109,,1,2019-01-31 00:00:00,17,77273,3,L 11,Forslag til lov om ændring af lov om Lønmodtagernes Garantifond. (Overdragelse af krav til Lønmodtagernes Garantifond ved tvivl om virksomhedsoverdragelse forud for konkurs m.v.).,Om overdragelse af krav til Lønmodtagernes Garantifond ved tvivl om virksomhedsoverdragelse forud for konkurs m.v.
6936,198726,,1,2019-01-31 00:00:00,17,78337,3,L 135,"Forslag til lov om ændring af lov om social pension og lov om højeste, mellemste, forhøjet almindelig og almindelig førtidspension m.v. (Forhøjelse af satser for folkepension, forhøjelse af fradragsbeløb for folkepension og førtidspension og forhøjelse af fradragsbeløb for ægtefælles eller samlevers indkomst). ",Om ændring af lov om forhøjelse af satser for folkepension og fradragsbeløb for folkepension og førtidspension m.v.
6941,199531,,1,2019-02-05 00:00:00,17,78616,3,L 106 A,Forslag til lov om ændring af lov om naturbeskyttelse. (Kommunal adgang til at begrænse sejlads med visse hurtigtsejlende fartøjer ved udlagte badeområder).,Om kommunal adgang til at begrænse sejlads med visse hurtigtsejlende fartøjer ved udlagte badeområder.
6942,199535,,1,2019-02-05 00:00:00,17,78617,3,L 106 B,Forslag til lov om ændring af lov om jagt og vildtforvaltning. (Udvidet bemyndigelse til at fastsætte regler om hold af hjemmehørende rovfugle og ugler).,Om udvidet bemyndigelse til at fastsætte regler om hold af hjemmehørende rovfugle og ugler.
6943,199539,,1,2019-02-05 00:00:00,17,78618,3,L 106 C,Forslag til lov om ændring af lov om naturbeskyttelse og straffeloven. (Strafskærpelse for visse overtrædelser af CITES-regler).,Om strafskærpelse for visse overtrædelser af CITES-regler.
6960,197198,,1,2019-02-21 00:00:00,17,77805,3,L 109,Forslag til lov om en certificeringsordning for fremmedsprogstolke på sundhedsområdet.,Om certificeringsordning for fremmedsprogstolke på sundhedsområdet.
6961,198443,,1,2019-02-21 00:00:00,17,78245,3,L 121,Forslag til lov om ændring af lov om efterskoler og frie fagskoler. (Ændringer af tilskudsbestemmelser for efterskoler og elevstøtte m.v.).,Om ændring af tilskudsbestemmelser for efterskoler og elevstøtte m.v.
6962,198378,,1,2019-02-21 00:00:00,17,78240,3,L 122,Forslag til lov om ændring af lov om våben og eksplosivstoffer. (Indførelse af registreringsordning for sikkerhedsveste og afgiftsfritagelse for tilladelser til salutkanoner).,Om registreringsordning for sikkerhedsveste og afgiftsfritagelse for tilladelser til salutkanoner.
6963,198391,,1,2019-02-21 00:00:00,17,78241,3,L 123,Forslag til lov om ændring af kriminallov for Grønland og retsplejelov for Grønland. (Seksualforbrydelser m.v.).,Om seksualforbrydelser efter kriminallov for Grønland m.v. 
6964,197782,,1,2019-02-21 00:00:00,17,77998,3,L 118,"Forslag til lov om ændring af udlændingeloven og lov om dansk indfødsret. (Ændring af reglerne om anbringelse af uledsagede mindreårige udlændinge, justering af klageadgang i sager om frihedsberøvelse, præcisering af reglerne vedrørende politiets visitation af udlændinge ved udsendelse, kompetenceændringer som følge af nedlæggelse af Statsforvaltningen m.v.).",Om ændring af reglerne om anbringelse af uledsagede mindreårige udlændinge m.v.
6965,199096,,1,2019-02-21 00:00:00,17,78454,3,L 140,"Forslag til lov om ændring af udlændingeloven, integrationsloven, repatrieringsloven og forskellige andre love. (Videre adgang til inddragelse af opholdstilladelser for flygtninge, loft over antallet af familiesammenføringer, skærpet straf for overtrædelse af indrejseforbud og overtrædelse af opholds-, underretnings- og meldepligt, ydelsesnedsættelse for forsørgere m.v.).",Om inddragelse af opholdstilladelser for flygtninge m.v.
6966,198672,,1,2019-02-21 00:00:00,17,78330,3,L 130,Forslag til lov om ændring af lov om Sund og Bælt Holding A/S. (Justering af selskabets retlige rammer).,Om justering af de retlige rammer for Sund og Bælt Holding A/S.
6969,198470,,1,2019-02-26 00:00:00,17,78247,3,L 125,Forslag til lov om ændring af udbudsloven. (Offentliggørelse af alle dele af evalueringsmodellen og krav om evaluering af kvalitet uden kendskab til pris ved visse større bygge- og anlægskontrakter). ,Om ændring af udbudsloven.
7003,199307,,1,2019-03-14 00:00:00,17,78536,3,L 142,Forslag til lov om tillægsbevilling for finansåret 2018.,Om tillægsbevilling for finansåret 2018.
7004,199440,,1,2019-03-14 00:00:00,17,78570,3,L 145,"Forslag til lov om ophævelse af lov om afgift af mineralsk fosfor i foderfosfat og ændring af opkrævningsloven, selskabsskatteloven, lov om afgift af tinglysning og registrering af ejer- og panterettigheder m.v. (tinglysningsafgiftsloven) og øl- og vinafgiftsloven. (Nedsættelse af afgift på øl og vin, afskaffelse af registreringsafgiften på fly, ophævelse af lov om afgift af mineralsk fosfor i foderfosfat og forhøjelse af restskatteprocenten for selskabsskat).","Om nedsættelse af afgift på øl og vin, afskaffelse af registreringsafgiften på fly, ophævelse af lov om afgift af mineralsk fosfor i foderfosfat og forhøjelse af restskatteprocenten for selskabsskat."
7005,199453,,1,2019-03-14 00:00:00,17,78571,3,L 146,"Forslag til lov om ændring af ligningsloven og personskatteloven. (Permanent forhøjet befordringsfradrag i yderkommuner og på visse øer, indførelse af øfradrag i yderkommuner og på visse øer, fradrag for passage af Fjordforbindelsen Frederikssund, nedsættelse af bundskatten m.v.).",Om forhøjet befordringsfradrag i yderkommuner og nedsættelse af bundskatten m.v.
7006,201641,,1,2019-03-14 00:00:00,17,79166,3,L 60 A,"Forslag til lov om ændring af lov om folkeskolen, lov om institutioner for almengymnasiale uddannelser og almen voksenuddannelse m.v. og lov om institutioner for erhvervsrettet uddannelse. (Konsekvent indgriben over for dårligt præsterende folkeskoler og ungdomsuddannelsesinstitutioner).",Om konsekvent indgriben over for dårligt præsterende folkeskoler og ungdomsuddannelsesinstitutioner
7007,201645,,1,2019-03-14 00:00:00,17,79165,3,L 60 B,"Forslag til lov om ændring af lov om folkeskolen, lov om friskoler og private grundskoler m.v., lov om social service og lov om en børne- og ungeydelse. (Obligatoriske sprogprøver i udsatte boligområder og styrket forældreansvar gennem mulighed for standsning af børnecheck m.v.).",Om obligatoriske sprogprøver i udsatte boligområder m.v.
7008,197159,,1,2019-03-14 00:00:00,17,77802,3,L 111,Forslag til lov om ændring af sundhedsloven. (Betaling for akut og fortsat sygehusbehandling af visse personer uden bopæl i Danmark).,Om betaling for akut og fortsat sygehusbehandling af visse personer uden bopæl i Danmark.
7009,198430,,1,2019-03-14 00:00:00,17,78244,3,L 127,"Forslag til lov om ændring af sundhedsloven. (Bedre digitalt samarbejde i sundhedsvæsenet, påmindelser til forældre vedrørende børnevaccination og bestemmelser om territorial gyldighed for Færøerne og Grønland).","Om digitalt samarbejde i sundhedsvæsenet, børnevaccination og bestemmelser om territorial gyldighed for Færøerne og Grønland m.v."
7017,200216,,1,2019-03-19 00:00:00,17,78798,3,L 166,Forslag til lov om videreførelse af visse rettigheder i forbindelse med Det Forenede Kongeriges udtræden af Den Europæiske Union uden en aftale.,Om videreførelse af visse rettigheder i forbindelse med Det Forenede Kongeriges udtræden af Den Europæiske Union uden en aftale.
7018,199825,,1,2019-03-19 00:00:00,17,78678,3,L 163,Forslag til lov om ændring af lov om institutioner for forberedende grunduddannelse. (Bestyrelsessammensætning).,Om bestyrelsessammensætning for institutioner for forberedende grunduddannelse.
7019,198713,,1,2019-03-19 00:00:00,17,78336,3,L 134,"Forslag til lov om ændring af lov om anvendelse af tvang i psykiatrien m.v. (Præcisering af målgruppen for de særlige pladser på psykiatrisk afdeling, indstillingsret for regionsrådet og justering af visitationskriterierne for de særlige pladser på psykiatrisk afdeling).",Om målgruppen for de særlige pladser på psykiatrisk afdeling m.v.
7021,199786,,1,2019-03-19 00:00:00,17,78675,3,L 154,Forslag til lov om ændring af lov om DSB. (Kommerciel ejendomsudvikling).,Om kommerciel ejendomsudvikling efter lov om DSB.
7022,197053,,1,2019-03-19 00:00:00,17,77794,3,L 95,Forslag til lov om ændring af straffeloven. (Ulovlig påvirkningsvirksomhed).,Om samarbejde med fremmede efterretningstjenester om ulovlig påvirkningsvirksomhed.
7026,198954,,1,2019-03-26 00:00:00,17,78398,3,L 139,Forslag til lov om ændring af straffeloven og forskellige andre love. (Selvstændig bestemmelse om psykisk vold).,Om selvstændig straffebestemmelse om psykisk vold.
7027,199669,,1,2019-03-26 00:00:00,17,78664,3,L 149,"Forslag til lov om ændring af straffeloven. (Betydningen af tro, kulturelle forhold og lign. i forbindelse med straffens fastsættelse).",Om betydningen af tro og kulturelle forhold ved fastsættelse af straf.
7028,200542,,1,2019-03-26 00:00:00,17,78902,3,L 168,"Forslag til lov for Færøerne om oplysninger, der skal medsendes ved pengeoverførsler.","Om lov for Færøerne om oplysninger, der skal medsendes ved pengeoverførsler."
7029,200529,,1,2019-03-26 00:00:00,17,78901,3,L 169,"Forslag til lov for Grønland om oplysninger, der skal medsendes ved pengeoverførsler.","Om lov for Grønland om oplysninger, der skal medsendes ved pengeoverførsler."
7030,199851,,1,2019-03-26 00:00:00,17,78680,3,L 161,"Forslag til lov om ændring af lov om kuldioxidafgift af visse energiprodukter, lov om afgift af elektricitet og forskellige andre love. (Nedsættelse af elafgiften for liberale erhverv og EU-retlig tilpasning af visse miljø- og energiafgifter).",Om nedsættelse af elafgiften for liberale erhverv og EU-retlig tilpasning af visse miljø- og energiafgifter.
7031,199864,,1,2019-03-26 00:00:00,17,78681,3,L 162,"Forslag til lov om ændring af lov om inddrivelse af gæld til det offentlige, opkrævningsloven og forskellige andre love. (Modregning med opkrævningsfordringer og udskydelse af betalingsfrist ved banklukkedage m.v.).",Om modregning med opkrævningsfordringer og udskydelse af betalingsfrist ved banklukkedage m.v.
7040,201730,,1,2019-03-28 00:00:00,17,79190,3,L 207,Forslag til lov om ændring af lov om ændring af selskabsskatteloven og forskellige andre love. (Forlængelse af overgangsperiode for fastsættelse af bilers brændstofforbrug).,Om forlængelse af overgangsperiode for fastsættelse af bilers brændstofforbrug.
7041,199799,,1,2019-03-28 00:00:00,17,78676,3,L 152,Forslag til lov om ændring af udlændingeloven. (Skærpelser som følge af kriminalisering af psykisk vold).,Om skærpelser efter udlændingeloven som følge af kriminalisering af psykisk vold.
7042,199401,,1,2019-03-28 00:00:00,17,78567,3,L 143,Forslag til lov om ændring af lov om Arbejdsmarkedets Tillægspension og forskellige andre love. (Indførelse af obligatorisk pensionsordning for overførselsindkomstmodtagere og tillæg til refusion til arbejdsgivere samt ændring af satsregulering af forskellige overførselsindkomster).,Om indførelse af obligatorisk pensionsordning for overførselsindkomstmodtagere m.v. 
7043,199427,,1,2019-03-28 00:00:00,17,78569,3,L 144,Forslag til lov om en skattefri seniorpræmie.,Om en skattefri seniorpræmie.
7044,199388,,1,2019-03-28 00:00:00,17,78566,3,L 147,Forslag til lov om jordbrugets anvendelse af gødning og om næringsstofreducerende tiltag.,Om jordbrugets anvendelse af gødning og om næringsstofreducerende tiltag.
7050,202310,,1,2019-04-04 00:00:00,17,79392,3,L 141 B,Forslag til lov om ændring af lov om autorisation af sundhedspersoner og om sundhedsfaglig virksomhed. (Forbud mod konstruktion af en kunstig hymen (jomfruhinde)).,Om forbud mod konstruktion af en kunstig hymen.
7051,196165,,1,2019-04-04 00:00:00,17,77579,3,L 74,"Forslag til lov om ændring af retsplejeloven. (Sagsomkostninger til statslige myndigheder, indførelse af adgang til at klage over advarsler meddelt dommere og dommerfuldmægtige m.v.).","Om sagsomkostninger til statslige myndigheder, indførelse af adgang til at klage over advarsler meddelt dommere og dommerfuldmægtige m.v."
7052,200842,,1,2019-04-04 00:00:00,17,78925,3,L 177,"Forslag til lov om ændring af lov om fremme af vedvarende energi. (Støtteordninger til forsøgsvindmøller, ophør af støtteordning for husstandsvindmøller i 2020 og udvidelse af den kommunale indsigelsesret m.v.).",Om støtteordninger til forsøgsvindmøller og ophør af støtteordning for husstandsvindmøller i 2020 m.v.
7053,200829,,1,2019-04-04 00:00:00,17,78924,3,L 178,"Forslag til lov om ændring af lov om Energinet, lov om elforsyning og lov om naturgasforsyning. (Nye rammer for Energinets selskabsstruktur, gebyrfinansiering af overflyttede tilsynsopgaver fra Energinet til Energistyrelsen og supplerende regler til forordning om foranstaltninger til opretholdelse af gasforsyningssikkerheden m.v.).",Om nye rammer for Energinets selskabsstruktur m.v. og foranstaltninger til opretholdelse af gasforsyningssikkerheden m.v.
7054,200868,,1,2019-04-04 00:00:00,17,78927,3,L 179,"Forslag til lov om ændring af lov om anvendelse af Danmarks undergrund. (Stop for tilladelse til efterforskning og indvinding af kulbrinter på land og i de indre danske farvande, subsidiært økonomisk ansvar, rettighedshaveres indsendelse af oplysninger, præcisering af dækningsområde m.v.).",Om stop for tilladelse til efterforskning og indvinding af kulbrinter på land og i de indre danske farvande m.v.
7055,199721,,1,2019-04-04 00:00:00,17,78670,3,L 157,"Forslag til lov om ændring af selskabsloven, lov om kapitalmarkeder, lov om finansiel virksomhed og forskellige andre love. (Gennemførelse af ændringer i aktionærrettighedsdirektivet om tilskyndelse til langsigtet aktivt ejerskab).",Om gennemførelse af ændringer i aktionærrettighedsdirektivet om tilskyndelse til langsigtet aktivt ejerskab.
7056,199695,,1,2019-04-04 00:00:00,17,78668,3,L 159,Forslag til lov om en terrorforsikringsordning på skadesforsikringsområdet.,Om en terrorforsikringsordning på skadesforsikringsområdet.
7057,200568,,1,2019-04-04 00:00:00,17,78904,3,L 188,"Forslag til lov om ændring af lov om sommerhuse og campering m.v., lov om midlertidig regulering af boligforholdene og byggeloven. (Udlejning af egen fulde helårsbolig til ferie- og fritidsformål m.v.).",Om udlejning af egen helårsbolig til ferie- og fritidsformål m.v.
7060,200229,,1,2019-04-09 00:00:00,17,78799,3,L 165,"Forslag til lov om ændring af udlændingeloven. (Nyaffattelse af bestemmelserne om opholds-, underretnings- og meldepligt, orienteringspligt for udlændinge på tålt ophold, der ikke er pålagt opholdspligt, og fastlæggelse af omfanget af Udlændingestyrelsens kontrolpligt).",Om orienteringspligt m.v. for udlændinge på tålt ophold og fastlæggelse af omfanget af Udlændingestyrelsens kontrolpligt m.v.
7061,199747,,1,2019-04-09 00:00:00,17,78672,3,L 158,Forslag til lov om forbrugslånsvirksomheder.,Om forbrugslånsvirksomheder.
7062,200516,,1,2019-04-09 00:00:00,17,78900,3,L 190,Forslag til lov om ændring af selskabsloven og årsregnskabsloven. (Afskaffelse af iværksætterselskaber og nedsættelse af minimumskrav til anpartsselskabers selskabskapital).,Om afskaffelse af iværksætterselskaber og nedsættelse af minimumskrav til anpartsselskabers selskabskapital.
7066,199682,,1,2019-04-23 00:00:00,17,78667,3,L 155,"Forslag til lov om ændring af adoptionsloven, lov om social service og forskellige andre love. (Kontinuitet og enkle forløb for børn, der adopteres uden samtykke).","Om kontinuitet og enkle forløb for børn, der adopteres uden samtykke."
7067,199708,,1,2019-04-23 00:00:00,17,78669,3,L 156,"Forslag til lov om ændring af lov om social service, lov om almene boliger m.v., lov om leje af almene boliger og forskellige andre love. (Ændrede regler om magtanvendelse og andre indgreb i selvbestemmelsesretten over for voksne og indførelse af mulighed for målretning af botilbud til unge og kommunal dækning af skader forvoldt af lejere i almene boliger).","Om ændrede regler om magtanvendelse over for voksne, målretning af botilbud til unge og kommunal dækning af skader forvoldt af lejere i almene boliger m.v."
7068,200725,,1,2019-04-23 00:00:00,17,78916,3,L 183,Forslag til lov om ændring af lov om biblioteksvirksomhed. (Kommunalt ansvar for en række opgaver vedrørende den nationale fælles bibliotekskatalog).,Om kommunalt ansvar for en række opgaver vedrørende det nationale fælles bibliotekskatalog.
7069,200672,,1,2019-04-23 00:00:00,17,78912,3,L 185,Forslag til lov om ændring af lov om byfornyelse og udvikling af byer. (Støtte til styrket indsats i landsbyer).,"Om støtte til styrket indsats i landsbyer.
"
7070,200659,,1,2019-04-23 00:00:00,17,78911,3,L 186,Forslag til lov om ændring af færdselsloven. (Forhøjelse af hastighedsgrænsen for lastbiler og vogntog fra 70 km i timen til 80 km i timen uden for tættere bebygget område og på motortrafikveje).,Om forhøjelse af hastighedsgrænsen for lastbiler samt lette og tunge vogntog uden for tættere bebygget område og på motortrafikveje.
7071,200594,,1,2019-04-23 00:00:00,17,78906,3,L 182,Forslag til lov om ændring af SU-loven. (Tillægsstipendium til uddannelsessøgende med en funktionsnedsættelse i erhvervsuddannelse og forhøjelse af fribeløb).,Om tillægsstipendium til uddannelsessøgende med en funktionsnedsættelse i erhvervsuddannelse m.v.
7072,202509,,1,2019-04-23 00:00:00,17,79477,3,L 170 A,Forslag til lov om ændring af straffeloven. (Skærpelse af strafniveauet for flugt og medvirken til flugt fra lukkede fængsler og arresthuse).,Om skærpelse af strafniveauet for flugt og medvirken til flugt fra lukkede fængsler og arresthuse.
7073,202513,,1,2019-04-23 00:00:00,17,79478,3,L 170 B,Forslag til lov om ændring af retsplejeloven og straffeloven. (Undersøgelse af arrestanter m.v. i forbindelse med transporter).,Om undersøgelse af arrestanter m.v. i forbindelse med transporter.
7082,198417,,1,2019-04-25 00:00:00,17,78243,3,L 128,Forslag til lov om fjernelse af tatovering med laser.,Om fjernelse af tatovering med laser.
7083,202728,,1,2019-04-25 00:00:00,17,79550,3,L 164 A,"Forslag til lov om ændring af lov om anvendelse af tvang i psykiatrien m.v., lov om retspsykiatrisk behandling m.v. og sundhedsloven. (Anvendelse af kropsscannere og narkohunde, ambulant behandling af retspsykiatriske patienter på privathospitaler og justering af takster for psykiatriske færdigbehandlingsdage).",Om anvendelse af kropsscannere og narkohunde og justering af takster for psykiatriske færdigbehandlingsdage m.v.
7084,202734,,1,2019-04-25 00:00:00,17,79551,3,L 164 B,Forslag til lov om ændring af lov om anvendelse af tvang i psykiatrien m.v. og retsplejeloven. (Ophør af tvungen opfølgning efter udskrivning).,Om ophør af tvungen opfølgning efter udskrivning.
7085,202738,,1,2019-04-25 00:00:00,17,79552,3,L 164 C,Forslag til lov om ændring af lov om anvendelse af tvang i psykiatrien m.v. og lov om autorisation af sundhedspersoner og om sundhedsfaglig virksomhed. (Udarbejdelse af udskrivningsaftaler og koordinationsplaner og sikring af straksbehandling af akutte abstinenser hos personer med et stofmisbrug).,"Om udskrivningsaftaler, koordinationsplaner og sikring af straksbehandling hos personer med stofmisbrug. "
7086,200790,,1,2019-04-25 00:00:00,17,78921,3,L 194,Forslag til lov om ændring af sundhedsloven og lov om autorisation af sundhedspersoner og om sundhedsfaglig virksomhed. (Styrket indsats på høreapparatområdet).,Om styrket indsats på høreapparatområdet. 
7087,199414,,1,2019-04-25 00:00:00,17,78568,3,L 148,Forslag til lov om ændring af lov om social service. (Målretning af de forebyggende hjemmebesøg).,Om målretning af forebyggende hjemmebesøg efter lov om social service.
7088,201570,,1,2019-04-25 00:00:00,17,79124,3,L 198,"Forslag til lov om ændring af lov om kommunal udligning og generelle tilskud til kommuner. (Justering af tilskudsordning til nedsættelse af færgetakster for personbefordring til og fra visse øer, etablering af en særlig godsordning for Mandø og adgang til at yde støtte ved et eventuelt driftsunderskud ved en afløserfærge).",Om justering af tilskudsordning til nedsættelse af færgetakster til og fra visse øer m.v.
7089,201492,,1,2019-04-25 00:00:00,17,79118,3,L 201,"Forslag til lov om ændring af universitetsloven, lov om erhvervsakademiuddannelser og professionsbacheloruddannelser, lov om maritime uddannelser og lov om arbejdsløshedsforsikring m.v. (Akademisk overbygningsuddannelse, særlig anvendelse af adgangsprøver til universitetsuddannelser, bachelorers ret til optagelse på en kandidatuddannelse m.v.).","Om akademisk overbygningsuddannelse, adgangsprøver til universitetsuddannelser og bachelorers ret til optagelse på en kandidatuddannelse m.v."
7090,200881,,1,2019-04-25 00:00:00,17,78928,3,L 195,Forslag til lov om ændring af lov om ligestilling af kvinder og mænd. (Forenkling af reglerne om indberetning af ligestillingsredegørelser).,Om forenkling af reglerne om indberetning af ligestillingsredegørelser.
7091,201544,,1,2019-04-25 00:00:00,17,79122,3,L 200,"Forslag til lov om ændring af lov om forberedende grunduddannelse, lov om folkeskolen, lov om de gymnasiale uddannelser og lov om erhvervsuddannelser. (Måling af elevers trivsel).",Om måling af elevers trivsel.
7092,200751,,1,2019-04-25 00:00:00,17,78918,3,L 172,Forslag til lov om ændring af lov om erstatning fra staten til ofre for forbrydelser. (Nedbringelse af sagsbehandlingstiden i Erstatningsnævnet m.v.).,Om nedbringelse af sagsbehandlingstiden i Erstatningsnævnet m.v. vedrørende ofre for forbrydelser.
7093,200764,,1,2019-04-25 00:00:00,17,78919,3,L 174,Forslag til lov om ændring af retsplejeloven. (Udeblivelsesdomme i sager med påstand om udvisning og anvendelse af telekommunikation med billede i retsmøder).,Om udeblivelsesdomme i retssager og anvendelse af telekommunikation med billede i retsmøder m.v.
7094,200698,,1,2019-04-25 00:00:00,17,78914,3,L 184,"Forslag til lov om ændring af jernbaneloven.
(Implementering af dele af den tekniske del af 4. jernbanepakke, herunder nye beføjelser for Den Europæiske Unions Jernbaneagentur, justeringer af den retlige ramme for Havarikommissionen for Civil Luftfart og Jernbanes arbejde m.v.).",Om forskellige ændringer på jernbanelovsområdet.
7095,200816,,1,2019-04-25 00:00:00,17,78923,3,L 180,Forslag til lov om ændring af lov om sygedagpenge og forskellige andre love. (Ret til at afvise lægebehandling uden ydelsesmæssige konsekvenser).,Om ret til at afvise lægebehandling uden ydelsesmæssige konsekvenser efter lov om sygedagpenge.
7096,200855,,1,2019-04-25 00:00:00,17,78926,3,L 181,"Forslag til lov om ændring af lov om ferie og lov om forvaltning og administration af tilgodehavende feriemidler med flere love. (Præcisering af antallet af fondsferiedage, indførelse af modregningsadgang, ensretning af rentebestemmelse og udbetaling fra fonden ved dødsfald m.v.).",Om præcisering af antallet af fondsferiedage og andre ændringer på ferielovsområdet.
7119,201557,,1,2019-04-30 00:00:00,17,79123,3,L 199,"Forslag til lov om ændring af lov om erhvervsuddannelser, lov om folkeskolen, lov om vejledning om uddannelse og erhverv samt pligt til uddannelse, beskæftigelse m.v. og forskellige andre love. (Styrkede erhvervsuddannelser, mere praksisfaglighed i grundskolen, uddannelsesparathedsvurdering til alle ungdomsuddannelser m.v.)",Om styrkede erhvervsuddannelser m.v.
7122,201973,,1,2019-04-30 00:00:00,17,79295,3,L 218,"Forslag til lov om ændring af lov om friskoler og private grundskoler m.v., lov om efterskoler og frie fagskoler og lov om private institutioner for gymnasiale uddannelser. (Øgede frihedsgrader, rammer for donationer og styrket tilsyn med de frie skoler m.v.).","Om øgede frihedsgrader, rammer for donationer og styrket tilsyn med de frie skoler m.v."
7123,202777,,1,2019-04-30 00:00:00,17,79571,3,L 220 A,Forslag til lov om ændring af fiskeriloven. (Auktion m.v. over fangstrettigheder samt frivilligt kystfiskermærke).,Om auktion m.v. over fangstrettigheder samt frivilligt kystfiskermærke.
7124,202781,,1,2019-04-30 00:00:00,17,79570,3,L 220 B,Forslag til lov om ændring af fiskeriloven. (Digitaliseret fiskerikontrol).,Om digitaliseret fiskerikontrol.
7125,202761,,1,2019-04-30 00:00:00,17,79567,3,L 151 A,"Forslag til lov om ændring af udlændingeloven. (Ny landespecifik beløbsordning, udvidelse af positivlisten, afskaffelse af kravet om dansk bankkonto, nedsættelse af antallet af ansatte som betingelse for virksomhedscertificering og et ensrettet og lavere selvforsørgelseskrav).",Om forskellige ændringer på udlændingeområdet m.v.
7126,202769,,1,2019-04-30 00:00:00,17,79568,3,L 151 C,"Forslag til lov om ændring af udlændingeloven. (Ændring af fast track-ordningen og certificeringsbetingelserne, ændring af reglerne om indgivelse af ansøgning om opholdstilladelse, forenkling af reglerne for forskere, ph.d.-studerende og etableringskortet, mere enkel ordning for autorisationsophold for læger og tandlæger, ny ordning for autorisationsophold for sygeplejersker og hjælp til arbejdsgivere m.v.).",Om ændring af regler for udenlandsk arbejdskraft og om fast track-ordningen m.v.
7127,202773,,1,2019-04-30 00:00:00,17,79569,3,L 151 D,Forslag til lov om ændring af udlændingeloven. (Skærpet bødeniveau).,Om skærpet bødeniveau.
7128,202061,,1,2019-04-30 00:00:00,17,79302,3,L 217,Forslag til lov om ændring af lov om integrationsgrunduddannelse (igu) og lov om Arbejdsgivernes Uddannelsesbidrag. (Videreførelse af igu-ordningen og egu-bonusordningen).,Om videreførelse af igu-ordningen og egu-bonusordningen.
7129,201583,,1,2019-04-30 00:00:00,17,79125,3,L 196,Forslag til lov om ændring af lov om arbejdsmiljø. (Andre målrettede indsatser end risikobaserede tilsyn m.v.).,Om andre målrettede arbejdsmiljøindsatser end risikobaserede tilsyn m.v.
7130,202100,,1,2019-04-30 00:00:00,17,79305,3,L 209,Forslag til lov om en aktiv beskæftigelsesindsats.,Om en aktiv beskæftigelsesindsats.
7131,202113,,1,2019-04-30 00:00:00,17,79306,3,L 210,"Forslag til lov om ændring af lov om organisering og understøttelse af beskæftigelsesindsatsen m.v., lov om aktiv socialpolitik, lov om sygedagpenge, integrationsloven og forskellige andre love. (Konsekvenser af aftale om en forenklet beskæftigelsesindsats m.v.).",Om konsekvenser af aftale om en forenklet beskæftigelsesindsats m.v.
7132,202074,,1,2019-04-30 00:00:00,17,79303,3,L 211,"Forslag til lov om ændring af lov om arbejdsskadesikring, lov om den selvejende institution Arbejdsmarkedets Erhvervssikring og lov om retssikkerhed og administration på det sociale område. (En lempeligere vurdering af anerkendelsesspørgsmålet ved arbejdsulykker, opdatering og forenkling af arbejdsskadesystemet m.v.).",Om en lempeligere vurdering af  anerkendelsesspørgsmålet ved arbejdsulykker m.v.
7142,201505,,1,2019-05-02 00:00:00,17,79119,3,L 202,Forslag til lov om ændring af færdselsloven. (Forhøjelse af bødeniveauet for alvorlige sikkerhedskritiske fejl og mangler ved tunge motorkøretøjer og for ulovlig støj fra motordrevne køretøjer).,Om forhøjelse af bødeniveauet for alvorlige sikkerhedskritiske fejl og mangler ved tunge motorkøretøjer m.v.
7143,201531,,1,2019-05-02 00:00:00,17,79121,3,L 203,Forslag til lov om ændring af taxiloven. (Reservation af 50 tilladelser til nulemissionsbiler pr. kvartal i overgangsperioden).,Om reservation af 50 taxitilladelser til nulemissionsbiler pr. kvartal.
7144,200555,,1,2019-05-02 00:00:00,17,78903,3,L 189,Forslag til lov om ændring af lov om finansiel virksomhed og forskellige andre love og om ophævelse af lov om statsligt kapitalindskud i kreditinstitutter. (Gennemførelse af den politiske aftale om yderligere initiativer til styrkelse af indsatsen mod hvidvask og terrorfinansiering og gennemførelse af anbefalinger fra arbejdsgruppen for eftersyn af den finansielle regulering).,Om styrkelse af indsatsen mod hvidvask og terrorfinansiering m.v.
7145,201479,,1,2019-05-02 00:00:00,17,79117,3,L 204,Forslag til lov om ændring af hvidvaskloven og lov om finansiel virksomhed. (Gennemførelse af 5. hvidvaskdirektiv).,Om gennemførelse af 5. hvidvaskdirektiv.
7146,201466,,1,2019-05-02 00:00:00,17,79116,3,L 205,"Forslag til lov om ændring af selskabsloven, lov om visse erhvervsdrivende virksomheder, lov om erhvervsdrivende fonde og forskellige andre love. (Ændring af reglerne om reelle ejere som følge af 5. hvidvaskdirektiv).",Om ændring af reglerne om reelle ejere som følge af 5. hvidvaskdirektiv.
7147,202035,,1,2019-05-02 00:00:00,17,79300,3,L 215,Forslag til lov om ændring af lov om Center for Cybersikkerhed. (Initiativer til styrkelse af cybersikkerheden).,Om Center for Cybersikkerhed og styrkelsen af cybersikkerheden. 
7148,202452,,1,2019-05-02 00:00:00,17,79448,3,L 226,"Forslag til lov om ændring af lov om folkeskolen. (Justering af fagrækken og den understøttende undervisning, afkortning af skoleugens længde, ansættelse af skoleledere og kompetencedækning m.v.).",Om justeringer af folkeskolereformen m.v.
7152,200607,,1,2019-05-07 00:00:00,17,78907,3,L 191,Forslag til lov om ændring af lov om miljøbeskyttelse. (Skærpede miljøzonekrav til tunge køretøjer og varebiler).,Om skærpede miljøzonekrav til tunge køretøjer og varebiler.
7153,202270,,1,2019-05-07 00:00:00,17,79379,3,L 222,Forslag til lov om ændring af lov om afgift af lønsum m.v. og momsloven. (Indførelse af nulmoms på elektronisk leverede aviser m.v.).,Om indførelse af nulmoms på elektronisk leverede aviser m.v.
7159,203226,,1,2019-09-12 00:00:00,17,80006,3,L 1,Forslag til lov om ændring af lov om valg til Folketinget og lov om valg af danske medlemmer til Europa-Parlamentet. (Sanktioner for retsstridig indsamling af vælgererklæringer).,Om sanktioner for retsstridig indsamling af vælgererklæringer.
7171,204995,,1,2019-10-24 00:00:00,17,80676,3,L 38,Forslag til lov om ændring af lov om dansk indfødsret og udlændingeloven. (Fratagelse af statsborgerskab fra fremmedkrigere m.v.).,Om fratagelse af statsborgerskab fra fremmedkrigere m.v.
7175,204004,,1,2019-11-05 00:00:00,17,80333,3,L 19,"Forslag til lov om ændring af lov om social pension, lov om højeste, mellemste, forhøjet almindelig og almindelig førtidspension m.v. og lov om en skattefri seniorpræmie. (Forhøjelse af fradragsbeløb for folkepension og førtidspension og forøgelse af skattefri seniorpræmie).",Om forhøjelse af fradragsbeløb for folkepension og førtidspension og forøgelse af skattefri seniorpræmie.
7176,204269,,1,2019-11-07 00:00:00,17,80354,3,L 26,"Forslag til lov om ændring af lov om inddrivelse af gæld til det offentlige, lov om retsafgifter og forskellige andre love. (Forenkling af regler om forældelseshåndtering, modregning ved transporter, flere skyldnere på samme fordring, eftergivelse og afskrivning, retsafgift m.v.).",Om forenklinger på inddrivelsesområdet m.v.
7179,204282,,1,2019-11-14 00:00:00,17,80355,3,L 22,"Forslag til lov om ændring af ligningsloven, kursgevinstloven og pensionsafkastbeskatningsloven. (Ophævelse af visse regler om beskatning af renter og kursgevinster og -tab på hybrid kernekapital m.v.).",Om ophævelse af visse regler om beskatning af renter og kursgevinster m.v.
7180,204308,,1,2019-11-14 00:00:00,17,80357,3,L 23,Forslag til lov om ændring af skatteforvaltningsloven. (En ny ankenævnsstruktur og en hurtigere vej gennem klagesystemet samt ingen omkostningsgodtgørelse ved klage over tilbagekaldelser af afgørelser om refusion af udbytteskat eller afslag på anmodninger om refusion af udbytteskat).,Om ny ankenævnsstruktur m.v. samt ingen omkostningsgodtgørelse ved klage over refusion af udbytteskat.
7181,204335,,1,2019-11-14 00:00:00,17,80360,3,L 24,"Forslag til lov om ændring af registreringsafgiftsloven og forskellige andre love. (Styrket regelefterlevelse på motorområdet, skærpet bødepraksis ved overtrædelse af registreringsafgiftsloven og øvrige punktafgiftslove og øvrige tilpasninger af reglerne på motorområdet).",Om styrket regelefterlevelse på motorområdet m.v.
7191,203913,,1,2019-11-21 00:00:00,17,80326,3,L 5,Forslag til lov om ændring af lov om valg til menighedsråd. (Valgret til personer under værgemål med fratagelse af den retlige handleevne og tilintetgørelse af valgkort og valglister).,Om valgret ved valg til menighedsråd for personer under værgemål med fratagelse af den retlige handleevne.
7193,204095,,1,2019-11-21 00:00:00,17,80340,3,L 14,Forslag til lov om anlæg af en ny jernbane over Vestfyn.,Om anlæg af en ny jernbane over Vestfyn.
7194,204082,,1,2019-11-21 00:00:00,17,80339,3,L 15,"Forslag til lov om ændring af lov om godkendelse og syn af køretøjer. (Gebyr og tilsyn med toldsyn, øgede beføjelser ved vejsidesyn m.v.).",Om gebyr og tilsyn med toldsyn af køretøjer m.v.
7195,204017,,1,2019-11-21 00:00:00,17,80334,3,L 18,"Forslag til lov om ændring af lov om social pension, lov om højeste, mellemste, forhøjet almindelig og almindelig førtidspension m.v., lov om aktiv socialpolitik, lov om individuel boligstøtte og ligningsloven. (Lettelse af grænsehindring ved flytning mellem rigsdelene m.v.).",Om lettelse på førtidspensionsområdet af grænsehindring ved flytning mellem rigsdelene m.v.
7197,204152,,1,2019-11-26 00:00:00,17,80345,3,L 28,Forslag til lov om ændring af lov om dyrlæger. (Afgift til finansiering af drift af medicinregisteret VetStat m.v.).,Om afgift til finansiering af drift af medicinregisteret VetStat m.v.
7198,204178,,1,2019-11-26 00:00:00,17,80347,3,L 29,Forslag til lov om ændring af landbrugsstøtteloven. (Obligatorisk digital kommunikation).,Om obligatorisk digital kommunikation på landbrugsstøtteområdet.
7199,204139,,1,2019-11-26 00:00:00,17,80344,3,L 30,Forslag til lov om ændring af økologiloven og lov om hold af dyr. (Indførelse af mulighed for rekvireret vejledning).,Om indførelse af mulighed for rekvireret vejledning for økologiloven og for lov om hold af dyr. 
7200,204056,,1,2019-11-26 00:00:00,17,80337,3,L 32,"Forslag til lov om ændring af lov om markedsføring. (Opdeling af fysiske og juridiske personer i forbrugerbegrebet, præcisering af bestemmelsen om aggressiv handelspraksis og tilpasning af samtykkekrav m.v.).",Om opdeling af fysiske og juridiske personer i markedsføringslovens forbrugerbegreb m.v.
7201,204030,,1,2019-11-26 00:00:00,17,80335,3,L 33,"Forslag til lov om ændring af udbudsloven. (Bortfald af retten til at dokumentere sin pålidelighed, hvis ansøger eller tilbudsgiver er udelukket som følge af endelig dom, præcisering af kravene til indholdet af opfordringer til at afgive tilbud m.v.).",Om gennemførelse af direktiv om udbud.
7203,204191,,1,2019-11-28 00:00:00,17,80348,3,L 7,Forslag til lov om ændring af lov om social service og ligningsloven. (Styrket behandlingsgaranti for personer med et stofmisbrug m.v.).,Om styrket social behandlingsgaranti for personer med et stofmisbrug m.v.
7204,204217,,1,2019-11-28 00:00:00,17,80350,3,L 8,"Forslag til lov om ændring af lov om social service. (Afskaffelse af forudgående børnesamtale ved økonomisk støtte til forældremyndighedsindehaveren, afskaffelse af særhandleplaner og afskaffelse af afgørelse om revision af handleplan m.v.).

",Om afskaffelse af forudgående børnesamtale ved økonomisk støtte til forældremyndighedsindehaveren m.v.
7205,204230,,1,2019-11-28 00:00:00,17,80351,3,L 16,"Forslag til lov om ændring af lov om elforsyning, lov om Energinet og lov om fremme af vedvarende energi. (Supplerende regler til forordning om det indre marked for elektricitet, ændrede regler for kabellægning m.v. af eltransmissionsnet samt udløb af støtteordning for elektricitet produceret på decentrale kraft-varme-anlæg med naturgas eller biogas m.v.).",Om supplerende regler til elmarkedsforordningen og udløb af støtteordning for elektricitet produceret på decentrale kraft-varme-anlæg med naturgas.
7206,204204,,1,2019-11-28 00:00:00,17,80349,3,L 17,"Forslag til lov om ændring af lov om naturgasforsyning og lov om Energinet. (Gennemførelse af ændret gasdirektiv, præcisering af transmissionsselskabers ansvar for gasforsyningssikkerhed og præcisering af ekspropriationsadgang for gasinfrastruktur m.v.).",Om gennemførelse af gasdirektivet m.v.
7207,204113,,1,2019-11-28 00:00:00,17,80342,3,L 34,"Forslag til lov om ændring af lov om klage- og erstatningsadgang inden for sundhedsvæsenet og sundhedsloven. (Begrænsning af ressourcereglen ved kræftscreeninger, udvidelse af lægemiddelskadeordningen i nød- og beredskabssituationer m.v.).",Om begrænsning af ressourcereglen ved kræftscreeninger m.m.
7208,204126,,1,2019-11-28 00:00:00,17,80343,3,L 35,"Forslag til lov om ændring af lov om videnskabsetisk behandling af sundhedsvidenskabelige forskningsprojekter, sundhedsloven, lov om klage- og erstatningsadgang inden for sundhedsvæsenet og lægemiddelloven. (Styrkelse af borgernes tryghed og tillid til sundhedsforskning samt forbedrede rammer for sundhedsforskning).",Om styrkelse af borgernes tryghed og tillid til sundhedsforskning m.v.
7209,203965,,1,2019-11-28 00:00:00,17,80330,3,L 12,Forslag til lov om ændring af lov om almene boliger m.v. (Tilsagn til nybyggeri opført i samarbejde med privat part).,Om tilsagn til alment nybyggeri opført i samarbejde med privat part.
7210,206550,,1,2019-11-28 00:00:00,17,81204,3,L 27 A,"Forslag til lov om ændring af chokoladeafgiftsloven, lov om forskellige forbrugsafgifter, momsloven og forskellige andre love. (Godtgørelse af visse punktafgifter til godkendte humanitære organisationer m.v., ændring vedrørende konsignationslagre, kædehandel og bekæmpelse af momssvig ved EU-handel, overførsel af varer til andre EU-lande, ændring af reglerne om udtagning af varer, ydelser og aktiver og præcisering af EU-regel om levering mod vederlag m.v.)",Om gennemførelse af nye EU-momsregler m.v.
7211,204243,,1,2019-11-28 10:00:00,17,80352,3,L 21,"Forslag til lov om ændring af momsloven, kildeskatteloven og lov om inddrivelse af gæld til det offentlige. (Digitale salgsregistreringssystemer og ændring af reglerne om udstedelse af skattekort til tredjelandsstatsborgere).",Om digitale salgsregistreringssystemer og udstedelse af skattekort til tredjelandsstatsborgere.
7215,203952,,1,2019-12-05 00:00:00,17,80329,3,L 31,Forslag til lov om ændring af lov om vandforsyning m.v. (Obligatorisk kommunal vurdering af boringsnære beskyttelsesområder og pligt til indberetning m.v.).,Om obligatorisk kommunal vurdering af boringsnære beskyttelsesområder og pligt til indberetning m.v. på vandforsyningsområdet.
7216,205129,,1,2019-12-05 00:00:00,17,80728,3,L 40,"Forslag til lov om ændring af lov om registrering af ledningsejere. (Indsættelse af overgangsbestemmelse, bestemmelse om at udstille graveforespørgsler m.m.).",Om indsættelse af overgangsbestemmelse og andre ændringer på ledningsejerområdet.
7217,205593,,1,2019-12-05 00:00:00,17,80917,3,L 46,"Forslag til lov om ændring af lov om finansiel virksomhed, lov om betalinger, lov om kapitalmarkeder, lov om investeringsforeninger m.v. og selskabsloven og forskellige andre love. (Direkte debitering, håndtering af erstatningskrav i henhold til en byggeskadeforsikring tegnet i Qudos Insurance A/S, whistleblowerordning for virksomheder med begrænset tilladelse, revisors meddelelsespligt til Finanstilsynet og ændring af procedure ved indløsning af minoritetsaktionærer m.v.).",Om direkte debitering og whistleblowerordning for virksomheder med begrænset tilladelse m.v.
7219,206561,,1,2019-12-10 00:00:00,17,81205,3,L 27 B,Forslag til lov om ændring af momsloven. (Værnsregel mod misbrug af særordningen for rejsebureauer).,Om værnsregel mod misbrug af særordningen for rejsebureauer.
7220,204753,,1,2019-12-10 00:00:00,17,80537,3,L 37,"Forslag til lov om ændring af udlændingeloven. (Bemyndigelse til at fastsætte integrationsrelevante krav som betingelse for tidsubegrænset opholdstilladelse på Færøerne, hjemmel til delegation af kompetence til at træffe afgørelse i 1. instans om ophold på Færøerne til færøske myndigheder og ændring af klageadgang i sådanne sager til Udlændingenævnet).",Om bemyndigelse til at fastsatte integrationsrelevante krav som betingelse for tidsubegrænset opholdstilladelse på Færøerne m.v. 
7228,204375,,1,2019-12-12 00:00:00,17,80363,3,L 9,Forslag til lov om ændring af straffeloven. (Forbud til dømte seksualforbrydere).,Om forbud til dømte seksualforbrydere.
7229,204043,,1,2019-12-12 00:00:00,17,80336,3,L 10,Forslag til lov om ændring af straffeloven. (Begrænsning af brugen af betinget dom med vilkår om samfundstjeneste i sager om vold).,Om begrænsning af brugen af samfundstjeneste i sager om vold m.v.
7230,203978,,1,2019-12-12 00:00:00,17,80331,3,L 11,"Forslag til lov om ændring af retsplejelov for Grønland. (Gengivelse af forklaringer i kriminalsager, revision af reglerne om legemsundersøgelse, normering af Retten i Grønland m.v.).",Om forskellige ændringer af retsplejeloven for Grønland. 
7231,203939,,1,2019-12-12 00:00:00,17,80328,3,L 20,Forslag til lov om ændring af lov om scenekunst. (Udmøntning af stemmeaftale om ændringer på scenekunstområdet af 20. marts 2019).,Om udmøntning af aftale om ændringer på scenekunstområdet.
7316,203877,,1,2019-12-19 00:00:00,17,80321,3,L 2,"Forslag til lov om fastsættelse af udgiftslofter for stat, kommuner og regioner for finansåret 2023.","Om udgiftslofter for stat, kommuner og regioner for finansåret 2023."
7317,203890,,1,2019-12-19 00:00:00,17,80322,3,L 3,"Forslag til lov om ændring af lov om fastsættelse af udgiftslofter for stat, kommuner og regioner for finansåret 2020, lov om fastsættelse af udgiftslofter for stat, kommuner og regioner for finansåret 2021 og lov om fastsættelse af udgiftslofter for stat, kommuner og regioner for finansåret 2022. (Konsekvenser af regeringens forslag til finanslov for 2020).","Om udgiftslofter for stat, kommuner og regioner for finansåret 2020, 2021 og 2022."
7318,205102,,1,2019-12-19 00:00:00,17,80726,3,L 41,Forslag til lov om indfødsrets meddelelse.,Om indfødsrets meddelelse.
7321,205370,,1,2019-12-19 00:00:00,17,80836,3,L 43,Forslag til lov om ændring af udlændingeloven. (Afskaffelse af kravet om vellykket integration i sager om familiesammenføring med børn og indførelse af en frist på 3 måneder for indgivelse af ansøgning).,Om afskaffelse af kravet om vellykket integration og indførelse af en frist på 3 måneder for indgivelse af ansøgning om familiesammenføring.
7322,206026,,1,2019-12-19 00:00:00,17,81038,3,L 58,"Forslag til lov om ændring af hvidvaskloven, lov om finansiel virksomhed og forskellige andre love. (Styrkelse af indsatsen mod finansiel kriminalitet og gennemførelse af 4. og 5. hvidvaskdirektiv).",Om styrkelse af indsatsen mod finansiel kriminalitet.
7323,205116,,1,2019-12-19 00:00:00,17,80727,3,L 39,"Forslag til lov om ændring af lov om fremme af vedvarende energi, lov om naturgasforsyning og lov om elforsyning. (Ændring af støtteordninger til anvendelse af biogas).",Om ændring af støtteordninger til anvendelse af biogas.
7324,205961,,1,2019-12-19 00:00:00,17,81032,3,L 50,"Forslag til lov om ændring af lov om vandsektorens organisering og økonomiske forhold, lov om elforsyning, lov om varmeforsyning og selskabsskatteloven. (Hjemmel til forberedelse og implementering af justeret økonomisk regulering af vandsektoren, mindre, forbrugerejede vandselskabers mulighed for at udtræde af den økonomiske regulering og skattepligt m.v.)",Om hjemmel til forberedelse af justeret økonomisk regulering af vandsektoren m.v.
7325,206013,,1,2019-12-19 00:00:00,17,81037,3,L 51,Forslag til lov om ændring af biobrændstofloven. (Ændring af krav til anvendelse af bæredygtige biobrændstoffer i brændstof til landtransport og ændring af dobbelttællingsbestemmelse m.v.).,Om anvendelse af bæredygtige biobrændstoffer i brændstof til landtransport og præcisering af dobbelttællingsbestemmelse.
7326,205580,,1,2019-12-19 00:00:00,17,80916,3,L 47,Forslag til lov om ændring af lov om offentlighed i forvaltningen. (Ophævelse af revisionsbestemmelse).,Om ophævelse af revisionsbestemmelse i lov om offentlighed i forvaltningen.
7327,206065,,1,2019-12-19 00:00:00,17,81041,3,L 59,"Forslag til lov om ændring af lov om institutioner for almengymnasiale uddannelser og almen voksenuddannelse m.v., lov om institutioner for erhvervsrettet uddannelse, lov om private institutioner for gymnasiale uddannelser, lov om de gymnasiale uddannelser, lov om erhvervsuddannelser og lov om kommunal indsats for unge under 25 år. (Ny udbudsmulighed på gymnasier, nyt henvisningstaxameter, afskaffelse af muligheden for at udskifte oldtidskundskab med andre fag på uddannelsen til almen studentereksamen på private gymnasier, optag på adgangskurser og grundforløb plus og sammensætning af Rådet for de Grundlæggende Erhvervsrettede Uddannelser).",Om dispensation til udbud af grundforløb i erhvervsuddannelse på offentlige og private gymnasiale institutioner m.v.
7328,206052,,1,2019-12-19 00:00:00,17,81040,3,L 60,Forslag til lov om ændring af lov om Arbejdsgivernes Uddannelsesbidrag. (Modelparametre for erhvervsuddannelser til brug for beregning af praktikpladsafhængigt arbejdsgiverbidrag for 2020 og justering af det aktivitetsafhængige VEU-bidrag for 2020 m.v.).,Om modelparametre for erhvervsuddannelser til beregning af Arbejdsgivernes Uddannelsesbidrag og justering af VEU-bidrag m.v.
7329,206039,,1,2019-12-19 00:00:00,17,81039,3,L 61,Forslag til lov om ændring af lov om institutioner for almengymnasiale uddannelser og almen voksenuddannelse m.v. og lov om institutioner for erhvervsrettet uddannelse. (Mulighed for fastsættelse af lokale elevfordelingsregler).,Om mulighed for fastsættelse af lokale elevfordelingsregler på gymnasieområdet m.v.
7330,206078,,1,2019-12-19 00:00:00,17,81042,3,L 62,Forslag til lov om ændring af lov om jordbrugets anvendelse af gødning og om næringsstofreducerende tiltag og lov om Landdistriktsfonden. (Frivillig ordning om kvælstofreducerende virkemidler og kriterier for anvendelse af brødhvedenormen).,Om frivillig ordning om kvælstofreducerende virkemidler og kriterier for anvendelse af brødhvedenormen m.v.
7332,203991,,1,2019-12-19 00:00:00,17,80332,3,L 13,Forslag til lov om ændring af byggeloven. (Bemyndigelse til fastsættelse af regler om ladestandere og bygningsautomatiserings- og kontrolsystemer).,Om bemyndigelse til fastsættelse af regler om ladestandere og bygningsautomatiserings- og kontrolsystemer.
7333,205647,,1,2019-12-19 00:00:00,17,80921,3,L 49,"Forslag til lov om ændring af skatteindberetningsloven, skattekontrolloven, kildeskatteloven, ligningsloven og pensionsbeskatningsloven. (Gennemførelse af direktiv om obligatorisk automatisk udveksling af oplysninger på beskatningsområdet i forbindelse med indberetningspligtige grænseoverskridende ordninger).",Om obligatorisk automatisk udveksling af oplysninger på beskatningsområdet i forbindelse med indberetningspligtige grænseoverskridende ordninger.
7335,207657,,1,2019-12-19 00:00:00,17,81605,3,L 64 B,Forslag til lov om ændring af lov om inddrivelse af gæld til det offentlige og skatteindberetningsloven. (Ophævelse af fradragsret for renter af fordringer under inddrivelse).,Om ophævelse af fradragsret for renter af fordringer under inddrivelse.
7337,204348,,1,2019-12-20 09:00:00,17,80361,3,L 4,"Forslag til lov om ændring af aktieavancebeskatningsloven, kursgevinstloven, ligningsloven og forskellige andre love. (Hovedaktionærers delsalg af aktier i selskaber med flere aktieklasser, beskatning ved nedsættelse af gæld, beskatning af kapitalfondspartnere og omdannelsesdatoen ved skattefri virksomhedsomdannelse).",Om hovedaktionærers delsalg af aktier i selskaber med flere aktieklasser m.v.
7338,204295,,1,2019-12-20 09:00:00,17,80356,3,L 25,"Forslag til lov om ændring af pensionsbeskatningsloven, pensionsafkastbeskatningsloven, selskabsskatteloven og forskellige andre love. (Videregivelse af oplysninger om diskvalificerende pensionsudbetalinger, smidiggørelse af regler for flytning af pensionsindbetalinger, justering af reglerne om omdannelse af pensionskasser til livsforsikringsselskaber og goodwillbeskatning m.v.).",Om forskellige ændringer af regler for pensionsudbetalinger og pensionsindbetalinger samt justering af reglerne om omdannelse af pensionskasser til livsforsikringsselskaber m.v.
7339,204777,,1,2019-12-20 00:00:00,17,80541,3,L 36,Forslag til lov om ændring af lov om beskatning af fortjeneste ved afståelse af fast ejendom og virksomhedsskatteloven. (Indførelse af en sælgerpantebrevsmodel).,Om beskatning af fortjeneste ved afståelse af fast ejendom og virksomhedsskatteloven.
7340,207701,,1,2019-12-20 00:00:00,17,81597,3,L 71 A,"Forslag til lov om ændring af ejendomsvurderingsloven, 
ejendomsavancebeskatningsloven, ejendomsværdiskatteloven, 
lov om kommunal ejendomsskat og skatteforvaltningsloven. 
(Fastsættelse af grund- og ejendomsværdier, afgrænsning af afledt virkning af klage- og retssager, afledt skattemæssig virkning ved ekstraordinær genoptagelse af ejendomsvurderinger, samtidighed for ejendomsværdiskat og grundskyld samt andre tilpasninger på vurderingsområdet m.v.).",Om fastsættelse af grund- og ejendomsværdier og andre tilpasninger på vurderingsområdet m.v.  
7341,207706,,1,2019-12-20 00:00:00,17,81596,3,L 71 B,Forslag til lov om ændring af skatteforvaltningsloven. (Afledt skattemæssig virkning ved ekstraordinær genoptagelse af ejendomsvurderinger).,Om afledt skattemæssig virkning ved ekstraordinær genoptagelse af ejendomsvurderinger.
7343,207694,,1,2019-12-20 00:00:00,17,81598,3,L 72 B,"Forslag til lov om ændring af sømandsbeskatningsloven, 
tonnageskatteloven og forskellige andre love. (Tilpasning af 
refusionsordningen for sandsugere til EU-retten, justering af 
værnsregler i tonnageskatteordningen, udvidelse af sømandsfradraget til søfolk på forsknings- og havundersøgelsesskibe m.v.).",Om tilpasning af refusionsordningen for sandsugere til EU-retten m.v.
7344,206475,,1,2019-12-20 00:00:00,17,81161,3,L 73,Forslag til lov om ændring af lov om ændring af ligningsloven og forskellige andre love. (Fastholdelse af beskatningen af fri telefon og internet m.v.).,Om fastholdelse af beskatningen af fri telefon og internet m.v.
7345,207677,,1,2019-12-20 00:00:00,17,81601,3,L 74 A,Forslag til lov om ændring af lov om afgift af elektricitet og forskellige andre love. (Forlængelse af ordning med lav afgift på el til erhvervsmæssig opladning af eldrevne køretøjer og lovtekniske ændringer af elpatronordningen).,Om lav afgift på el til erhvervsmæssig opladning af eldrevne køretøjer og lovtekniske ændringer af elpatronordningen.
7346,207682,,1,2019-12-20 00:00:00,17,81600,3,L 74 B,"Forslag til lov om ændring af lov om energiafgift af mineralolieprodukter m.v. og lov om kuldioxidafgift af visse energiprodukter. (Standardsats for afgift af blyfri benzin iblandet 9,8 pct. biobrændstoffer).","Om standardsats for afgift af blyfri benzin iblandet 9,8 pct. biobrændstoffer."
7347,207665,,1,2019-12-20 00:00:00,17,81602,3,L 75 A,"Forslag til lov om ændring af lov om afgift af visse emballager, 
poser, engangsservice og pvc-folier (emballageafgiftsloven), 
lov om midlertidig nedsættelse af straffen for overtrædelse af skatte- og afgiftslovgivningen vedrørende midler på udenlandske konti m.v. og opkrævningsloven. (Forhøjelse af afgiften på bæreposer og engangsservice m.v.).","Om forhøjelse af afgiften på bæreposer og engangsservice
m.v."
7348,207670,,1,2019-12-20 00:00:00,17,81603,3,L 75 B,Forslag til lov om ændring af tobaksafgiftsloven og lov om forskellige forbrugsafgifter. (Forhøjelse af afgiften på tobak).,Om forhøjelse af afgiften på tobak.
7349,206501,,1,2019-12-20 00:00:00,17,81163,3,L 76,Forslag til lov om ændring af boafgiftsloven og skatteforvaltningsloven. (Ensartet bo- og gaveafgift ved generationsskifte og indførelse af retskrav på henstand og forlænget henstandsperiode).,Om ensartet bo- og gaveafgift ved generationsskifte m.v.
7350,206409,,1,2019-12-20 00:00:00,17,81154,3,L 70,Forslag til lov om ændring af lov om vederlag og pension m.v. for ministre. (Forlængelse af perioden for midlertidig nedsættelse af grundvederlag til ministre).,Om forlængelse af perioden for midlertidig nedsættelse af grundvederlag til ministre.
7351,205567,,1,2019-12-20 09:00:00,17,80915,3,L 45,Forslag til lov om et midlertidigt børnetilskud til visse forsørgere.,Om et midlertidigt børnetilskud til visse forsørgere.
7352,206000,,1,2019-12-20 00:00:00,17,81036,3,L 52,Forslag til lov om ændring af lov om sygedagpenge. (En enklere tilrettelæggelse af første sygedagpengeopfølgning m.v.).,Om en enklere tilrettelæggelse af første sygedagpengeopfølgning m.v.
7353,205987,,1,2019-12-20 00:00:00,17,81035,3,L 53,Forslag til lov om ændring af lov om en aktiv beskæftigelsesindsats. (Afskaffelse af dokumentationskrav for fastholdelsesfleksjob for seniorer).,Om afskaffelse af dokumentationskrav for fastholdelsesfleksjob for seniorer.
7354,206435,,1,2019-12-20 00:00:00,17,81156,3,L 66,"Forslag til lov om ændring af lov om aktiv socialpolitik, integrationsloven og forskellige andre love. (Enklere og skærpede sanktioner, styrket kontrol med snyd og færre fejludbetalinger m.v.).",Om enklere og skærpede sanktioner i kontanthjælpssystemet m.v.
7355,206422,,1,2019-12-20 00:00:00,17,81155,3,L 67,Forslag til lov om ændring af lov om social pension og forskellige andre love. (Indførelse af seniorpension).,Om indførelse af seniorpension.
7356,205974,,1,2019-12-20 00:00:00,17,81034,3,L 54,Forslag til lov om ændring af lov om en aktiv beskæftigelsesindsats og forskellige andre love. (Obligatorisk pensionsordning for personer i fleksjobordningen m.v. og konsekvensændringer som følge af den forenklede beskæftigelsesindsats m.v.).,Om obligatorisk pensionsordning for personer i fleksjobordningen m.v. og konsekvensændringer af den forenklede beskæftigelsesindsats m.v.
7357,206448,,1,2019-12-20 00:00:00,17,81157,3,L 65,Forslag til lov om ændring af lov om arbejdsmiljø og lov om arbejdsskadesikring. (Gennemførelse af aftale om en ny og forbedret arbejdsmiljøindsats og ordnede forhold på arbejdsmarkedet m.v.).,Om gennemførelse af aftale om en ny og forbedret arbejdsmiljøindsats og ordnede forhold på arbejdsmarkedet m.v.
7358,205620,,1,2019-12-20 00:00:00,17,80919,3,L 44,Forslag til lov om ændring af lov om videreførelse af visse rettigheder i forbindelse med Det Forenede Kongeriges udtræden af Den Europæiske Union uden en aftale. (Ændring af perioden for hjælp til dækning af tabt arbejdsfortjeneste samt plejevederlag efter lov om social service i forbindelse med Det Forenede Kongeriges udtræden af Den Europæiske Union uden en aftale).,Om ændring af perioden for hjælp til dækning af tabt arbejdsfortjeneste i forbindelse med Storbritanniens udtræden af EU uden en aftale m.v. 
7359,205922,,1,2019-12-20 00:00:00,17,81029,3,L 56,Forslag til lov om ændring af lov om social service og lov om socialtilsyn. (Sikring af borgernes retsstilling ved indgåelse af aftaler med foreninger og private virksomheder om overdragelse af arbejdsgiverfunktionen i ordninger efter §§ 95 og 96 i lov om social service m.v.),Om sikring af borgernes retsstilling ved indgåelse af aftaler med foreninger og private virksomheder om hjælpeordninger efter lov om social service m.v.
7360,206345,,1,2019-12-20 00:00:00,17,81149,3,L 69,Forslag til lov om ændring af lov om social service. (Ændring af reguleringsbestemmelse vedrørende ydelsesloftet for tabt arbejdsfortjeneste).,Om ydelsesloftet for tabt arbejdsfortjeneste.
7373,205935,,1,2020-01-23 00:00:00,17,81030,3,L 55,Forslag til lov om ændring af lov om valg til Folketinget og lov om valg af danske medlemmer til Europa-Parlamentet. (Ny procedure for indsamling af vælgererklæringer m.v.),Om ny procedure for indsamling af vælgererklæringer m.v.
7374,207339,,1,2020-01-23 00:00:00,17,81500,3,L 83,"Forslag til lov om ændring af lov om dansk indfødsret og lov om udenrigstjenesten. (Børns erhvervelse af statsborgerskab i områder med indrejse- og opholdsforbud, vandelskrav for bipersoner, fortabelse af dansk indfødsret og begrænsning af adgang til bistand fra udenrigstjenesten m.v.).",Om at styrke indsatsen over for fremmedkrigere m.v.
7375,206759,,1,2020-01-23 00:00:00,17,81255,3,L 79,"Forslag til lov om ændring af lov om de gymnasiale uddannelser. (Lempelse af krav om, at interne prøver skal afholdes som årsprøver).","Om lempelse af krav om, at interne prøver afholdes som årsprøver på gymnasieområdet."
7376,207593,,1,2020-01-23 00:00:00,17,81581,3,L 85,Forslag til lov om ændring af lov om arbejdsløshedsforsikring m.v. (Afskaffelse af opholdskrav for ret til dagpenge m.v.).,Om afskaffelse af opholdskrav for ret til dagpenge m.v.
7377,205948,,1,2020-01-23 00:00:00,17,81031,3,L 63,Forslag til lov om ændring af lov om miljøbeskyttelse og emballageafgiftsloven. (Forbud mod gratis udlevering af bæreposer og forbud mod udlevering af tynde plastikbæreposer).,Om forbud mod gratis udlevering af bæreposer og forbud mod udlevering af tynde plastikbæreposer.
7378,207352,,1,2020-01-23 00:00:00,17,81501,3,L 84,Forslag til lov om planter og plantesundhed m.v.,Om planter og plantesundhed m.v.
7380,205357,,1,2020-01-28 00:00:00,17,80833,3,L 42,Forslag til lov om ændring af lov om indsamling m.v. (Styrket kontrol med indsamlinger som led i indsatsen mod terrorfinansiering og hvidvask).,Om styrket kontrol med indsamlinger som led i indsatsen mod terrorfinansiering og hvidvask.
7384,207554,,1,2020-01-30 00:00:00,17,81578,3,L 90,"Forslag til lov om ændring af registreringsafgiftsloven og ligningsloven. (Annullering af stigning i registreringsafgift for eldrevne køretøjer og pluginhybridbiler i 2020 samt lavere beskatning af eldrevne biler, pluginhybridbiler og brændselscelledrevne biler, der anvendes som fri bil).",Om registreringsafgiften for eldrevne køretøjer og pluginhybridbiler i 2020 m.v.
7386,208610,,1,2020-01-30 00:00:00,17,81955,3,L 91 A,Forslag til lov om ændring af aktieavancebeskatningsloven og dødsboskatteloven. (Ophævelse af hovedaktionærnedslaget).,Om ophævelse af hovedaktionærnedslaget.
7387,208616,,1,2020-01-30 00:00:00,17,81956,3,L 91 B,Forslag til lov om ændring af ligningsloven. (Beskatning af fri bil ved genberegning af registreringsafgiftspligtig værdi).,Om beskatning af fri bil ved genberegning af registreringsafgiftspligtig værdi.
7388,208621,,1,2020-01-30 00:00:00,17,81957,3,L 91 C,Forslag til lov om ændring af personskatteloven. (Nedsættelse af bundskatten).,Om nedsættelse af bundskatten.
7398,206712,,1,2020-02-06 00:00:00,17,81250,3,L 80,Forslag til lov om dyrevelfærd (dyrevelfærdsloven).,Om dyrevelfærd.
7399,206736,,1,2020-02-06 00:00:00,17,81253,3,L 77,Forslag til lov om ændring af færdselsloven. (Forhøjelse af bødeniveauet for ulovlig afholdelse af hvil i køretøjet m.v.).,Om forhøjelse af bødeniveauet for ulovlig hvil i køretøjet m.v.
7400,207076,,1,2020-02-06 00:00:00,17,81377,3,L 82,"Forslag til lov om ændring af lov om afgift af elektricitet, lov om afgift af naturgas og bygas m.v., lov om afgift af stenkul, brunkul og koks m.v. og lov om energiafgift af mineralolieprodukter m.v. (Omlægning af beskatningen af overskudsvarme).",Om omlægning af beskatningen af overskudsvarme.
7401,206699,,1,2020-02-06 00:00:00,17,81249,3,L 78,Forslag til lov om udlevering til og fra Danmark (udleveringsloven).,Om udlevering til og fra Danmark.
7407,209293,,1,2020-02-20 00:00:00,17,82153,3,L 68 A,Forslag til lov om ændring af lov om social service. (Ro og stabilitet for udsatte børn og unge og fuldbyrdelse af tvangsmæssige afgørelser om ændret anbringelsessted uden samtykke).,Om udsatte børn og unge og fuldbyrdelse af tvangsmæssige afgørelser om ændret anbringelsessted uden samtykke.
7408,209299,,1,2020-02-20 00:00:00,17,82154,3,L 68 B,"Forslag til lov om ændring af lov om social service. (Styrkelse af forældres retssikkerhed i anbringelsessager, hensyn til barnets skolegang ved valg af anbringelsessted og ophævelse af adgang til at fastsætte regler om anbragte børns og unges egenbetaling m.v.).",Om styrkelse af forældres retssikkerhed i anbringelsessager.
7409,209307,,1,2020-02-20 00:00:00,17,82156,3,L 81 A,"Forslag til lov om ændring af lov om planlægning, lov om midlertidig regulering af boligforholdene og lov om maritim fysisk planlægning. (Frist ved udlæg af sommerhusområder, kommuneplanredegørelse for Grønt Danmarkskort, overførsel af fleksboligordningen og mulighed for at vedtage planer eller meddele tilladelse m.v. efter offentliggørelse af forslag til havplan m.v.).",Om udlæg af sommerhusområder m.v.
7410,209312,,1,2020-02-20 00:00:00,17,82157,3,L 81 B,Forslag til lov om ændring af lov om planlægning og lov om naturbeskyttelse. (Boliger på arealer belastet af lugt og realisering af forsøgsprojekter).,Om boliger på arealer belastet af lugt og realisering af forsøgsprojekter.
7411,208117,,1,2020-02-20 00:00:00,17,81781,3,L 96,Forslag til lov om ændring af lov om adgangsregulering ved videregående uddannelser. (Ophævelse af begrænsning af dobbeltuddannelse).,Om ophævelse af begrænsning af dobbeltuddannelse ved videregående uddannelser.
7413,207948,,1,2020-02-25 00:00:00,17,81678,3,L 92,Forslag til lov om ændring af lov om pas til danske statsborgere m.v. (Opretholdelse og styrkelse af indsats mod rekruttering til væbnede konflikter i udlandet samt modernisering af regler om gæsteprotokoller).,Om opretholdelse og styrkelse af indsats efter pasloven mod rekruttering til væbnede konflikter i udlandet m.v.
7416,208362,,1,2020-02-27 00:00:00,17,81869,3,L 97,"Forslag til lov om ændring af lov om afgift af tinglysning af ejer- og panterettigheder m.v. (tinglysningsafgiftsloven), emballageafgiftsloven, lov om afgift af bekæmpelsesmidler og forskellige andre love. (Indeksering af de faste tinglysningsafgifter og en række miljøafgifter og genindførelse af registreringsafgiften på luftfartøjer m.v.).",Om indeksering af de faste tinglysningsafgifter og en række miljøafgifter og genindførelse af registreringsafgiften på luftfartøjer m.v
7425,208578,,1,2020-03-19 13:00:00,17,81946,3,L 100,"Forslag til lov om ændring af lov om de gymnasiale uddannelser, lov om kommunal indsats for unge under 25 år og lov om erhvervsfaglig studentereksamen i forbindelse med erhvervsuddannelse (eux) m.v. (Ændring af adgangsforudsætningerne til de gymnasiale uddannelser, genberegning af karaktergennemsnit og anvendelse af timepuljen).",Om ændring af adgangsforudsætningerne til de gymnasiale uddannelser m.v.
7427,210741,,1,2020-03-19 00:00:00,17,82485,3,L 140,Forslag til lov om midlertidige foranstaltninger på børne- og undervisningsområdet og folkehøjskoleområdet og for den frie folkeoplysende virksomhed til forebyggelse og afhjælpning i forbindelse med covid-19.,Om midlertidige foranstaltninger på børne- og undervisningsområdet til forebyggelse og afhjælpning i forbindelse med covid-19.
7428,209729,,1,2020-03-24 00:00:00,17,82252,3,L 126,Forslag til lov om ændring af lov om folkeskolen. (Gennemførelse af nationale test i skoleåret 2019/20).,Om gennemførelse af nationale test i skoleåret 2019/20.
7429,210786,,1,2020-03-24 00:00:00,17,82503,3,L 141,Forslag til lov om arbejdsgiveres og lønmodtageres retsstilling ved lønkompensation af virksomheder i forbindelse med covid-19.,Om arbejdsgiveres og lønmodtageres retsstilling ved lønkompensation af virksomheder i forbindelse med covid-19.
7431,210814,,1,2020-03-26 00:00:00,17,82517,3,L 142,"Forslag til lov om ændring af lov om arbejdsløshedsforsikring m.v. og lov om arbejdsgiveres og lønmodtageres retsstilling ved lønkompensation af virksomheder i forbindelse med covid-19. (Perioder, der ses bort fra ved forbrug af dagpenge m.v.)","Om arbejdsløshedsforsikring og perioder, der ses bort fra ved forbrug af dagpenge m.v.)"
7432,210827,,1,2020-03-26 00:00:00,17,82518,3,L 143,Forslag til lov om ændring af lov om sygedagpenge. (Midlertidig forlængelse af retten til sygedagpenge).,Om midlertidig forlængelse af retten til sygedagpenge.
7433,210852,,1,2020-03-31 00:00:00,17,82530,3,L 144,Forslag til lov om ændring af SU-loven. (Udvidede muligheder for studielån og slutlån samt forhøjelse af fribeløb som følge af covid-19). ,Om udvidede muligheder for studielån og slutlån samt forhøjelse af fribeløb som følge af covid-19.
7434,211060,,1,2020-03-31 00:00:00,17,82559,3,L 153,"Forslag til lov om kommuners og regioners indkøb i forbindelse med håndtering af covid-19.

","Om kommuners og regioners indkøb i forbindelse med covid-19.
"
7435,211075,,1,2020-03-31 00:00:00,17,82561,3,L 154,Forslag til lov om ændring af lov om radio- og fjernsynsvirksomhed. (Forlængelse af tilladelse til distribution af antenne-tv).,Om forlængelse af tilladelse til distribution af antenne-tv.
7438,211115,,1,2020-03-31 00:00:00,17,82572,3,L 158,Forslag til lov om ændring af lov om foranstaltninger mod smitsomme og andre overførbare sygdomme og forskellige andre love. (Yderligere foranstaltninger for at forebygge og inddæmme smitte med covid-19 m.v.).,Om yderligere foranstaltninger for at forebygge og inddæmme smitte med covid-19.
7439,211100,,1,2020-04-02 00:00:00,17,82570,3,L 157,"Forslag til lov om ændring af straffeloven, retsplejeloven og udlændingeloven. (Skærpet straf for lovovertrædelser med baggrund i eller sammenhæng med covid-19 og blokering af hjemmesider, hvorfra der begås visse lovovertrædelser, som har baggrund i eller sammenhæng med covid-19).",Om skærpet straf for lovovertrædelser med baggrund i eller sammenhæng med covid-19.
7440,211152,,1,2020-04-02 00:00:00,17,82588,3,L 161,Forslag til lov om udskydelse af ferie i forbindelse med covid-19.,Om udskydelse af ferie i forbindelse med covid-19.
7441,211288,,1,2020-04-02 00:00:00,17,82624,3,L 168 B,"Forslag til lov om bemyndigelse til midlertidig fravigelse af reglerne om begrænsning af butikkernes åbningstider i forbindelse med covid-19.
",Om bemyndigelse til midlertidig fravigelse af reglerne om begrænsning af butikkernes åbningstider i forbindelse med covid-19.
7444,210724,,1,2020-04-21 00:00:00,17,82482,3,L 136,"Forslag til lov om ændring af lov om aktiv socialpolitik, lov om en aktiv beskæftigelsesindsats og forskellige andre love. (Justering af retten til ferie med ledighedsydelse, justering af mulighederne for befordringsgodtgørelse og af overgangsbestemmelsen for voksenlærlingeordningen m.v.).",Om ret til ferie med ledighedsydelse og mulighed for befordringsgodtgørelse m.v.
7445,211393,,1,2020-04-21 00:00:00,17,82659,3,L 169,"Forslag til lov om ændring af lov om aktiv socialpolitik, lov om
arbejdsløshedsforsikring m.v. og lov om sygedagpenge. (Forlængelse af 12-månedersperioden i 225-timersreglen som følge af covid-19, forlængelse af perioder, der ses bort fra ved forbrug af arbejdsløshedsdagpenge m.v., og udvidelse af perioden, hvor der sker en midlertidig forlængelse af sygedagpengeperioden).",Om forlængelse af 12-månedersperioden i 225-timersreglen som følge af covid-19.
7447,211673,,1,2020-04-28 00:00:00,17,82786,3,L 172,Forslag til lov om ændring af lov om fremme af vedvarende energi og lov om naturgasforsyning. (Bemyndigelse til midlertidig fravigelse af frister og andre betingelser som følge af covid-19). ,Om midlertidig fravigelse af frister m.v. inden for vedvarende energi og naturgas som følge af covid-19. 
7448,211652,,1,2020-04-30 00:00:00,17,82780,3,L 171,Forslag til lov om ændring af SU-loven. (Udvidet mulighed for slutlån som følge af covid-19).,Om udvidet mulighed for slutlån som følge af covid-19.
7449,211687,,1,2020-04-30 00:00:00,17,82787,3,L 175,Forslag til lov om rentefrie lån svarende til angivet moms og lønsumsafgift og fremrykket udbetaling af skattekreditter m.v. i forbindelse med covid-19.,Om rentefrie lån svarende til angivet moms og lønsumsafgift og fremrykket udbetaling af skattekreditter m.v. i forbindelse med covid-19.
7451,207528,,1,2020-05-07 00:00:00,17,81576,3,L 86,"Forslag til lov om ændring af lov om socialtilsyn. (Ændring af formålsbestemmelser i vedtægter for fonde, krav om indhentelse af straffeattest og præcisering af rækkevidden af socialtilsynets godkendelse og tilsyn).",Om krav om straffeattest for botilbud og plejefamilier m.v. 
7454,208949,,1,2020-05-12 00:00:00,17,82047,3,L 109,"Forslag til lov om ændring af lov om finansiel virksomhed, lov om forvaltere af alternative investeringsfonde m.v., lov om investeringsforeninger m.v. og forskellige andre love. (Ændringer som følge af PEPP-forordningen, ændring af reglerne for outsourcing og præcisering af reglerne om forsikringsmægleres uafhængighed).","Om investeringsfonde, outsourcing og forsikringsmægleres uafhængighed m.v."
7455,212350,,1,2020-05-12 00:00:00,17,83178,3,L 110 A,"Forslag til lov om ændring af årsregnskabsloven, selskabsloven, lov om visse erhvervsdrivende virksomheder, revisorloven og forskellige andre love. (Kontrolpakken).",Om styrkelse af Erhvervsstyrelsens selskabs- og regnskabskontrol.
7456,212357,,1,2020-05-12 00:00:00,17,83177,3,L 110 B,Forslag til lov om ændring af revisorloven og lov om formidling af fast ejendom m.v. (Gebyrfinansiering af hvidvasktilsyn).,Om gebyrfinansiering af hvidvasktilsyn.
7457,207515,,1,2020-05-12 13:00:00,17,81575,3,L 87,"Forslag til lov om ændring af lov om ændring af straffeloven, retsplejeloven, lov om konkurrence- og forbrugerforhold på telemarkedet, våbenloven, udleveringsloven samt lov om udlevering af lovovertrædere til Finland, Island, Norge og Sverige. (Ændring af revisionsbestemmelse).",Om ændring af revisionsbestemmelse.
7458,208104,,1,2020-05-14 00:00:00,17,81780,3,L 94,Forslag til lov om ændring af lov om miljøbeskyttelse. (Nationale affaldshåndteringsplaner og affaldsforebyggelsesplaner).,Om nationale affaldshåndteringsplaner og affaldsforebyggelsesplaner.
7460,211921,,1,2020-05-14 00:00:00,17,82928,3,L 181,"Forslag til lov om ændring af lov om en rejsegarantifond. (Ændret tilbagebetalingsmodel i forbindelse med udvidet dækningsområde for Rejsegarantifonden i ekstraordinære situationer). 
",Om ændret tilbagebetalingsmodel i forbindelse med udvidet dækningsområde for Rejsegarantifonden. 
7463,208962,,1,2020-05-19 10:00:00,17,82048,3,L 107,"Forslag til lov om ændring af SU-loven, lov om statens voksenuddannelsesstøtte, lov om befordringsrabat til studerende ved videregående uddannelser og lov om befordringsrabat til uddannelsessøgende i ungdomsuddannelser m.v. (SU til adgangskurser på institutioner for erhvervsrettet uddannelse, indfrielse af tidligere studielån ved optagelse af nyt studielån, udlandsstipendium til ikketrindelte uddannelser på kandidatniveau, hjemmel til at fastsætte regler om fælles dataansvar m.v.).",Om SU til adgangskurser på institutioner for erhvervsrettet uddannelse m.v.
7464,208565,,1,2020-05-19 00:00:00,17,81945,3,L 99,Forslag til lov om tillægsbevilling for finansåret 2019.,Om tillægsbevilling for finansåret 2019.
7468,212839,,1,2020-05-20 00:00:00,17,83403,3,L 190,"Forslag til lov om ændring af lov om sygedagpenge. (Midlertidig periode med ret til sygedagpenge for lønmodtagere, der er i øget risiko ved smitte med covid-19, og for lønmodtagere, der er pårørende til personer, der er i øget risiko ved smitte med covid-19).","Om midlertidig periode med ret til sygedagpenge for lønmodtagere, der er i øget risiko ved smitte med covid-19 m.v."
7469,209515,,1,2020-05-26 00:00:00,17,82233,3,L 114,"Forslag til lov om ændring af lov om fremme af vedvarende energi, lov om elforsyning, ligningsloven og personskatteloven. (Afholdelse af udbud af pristillæg i 2020-2024, ændring af værditabsordning, ophævelse af køberetsordning og oprettelse af salgsoptionsordning, VE-bonusordning, grøn puljeordning m.v.).

",Om forskellige tiltag til fremme af vedvarende energi.
7470,209489,,1,2020-05-26 00:00:00,17,82231,3,L 116,"Forslag til lov om ændring af lov om fremme af besparelser i energiforbruget, lov om fremme af energibesparelser i bygninger, afskrivningsloven og ligningsloven samt ophævelse af en række love under Klima-, Energi- og Forsyningsministeriets område. (Tilskud til energibesparelser og energieffektiviseringer m.v.).",Om tilskud til energibesparelser og energieffektiviseringer m.v. 
7471,212656,,1,2020-05-26 00:00:00,17,83339,3,L 124 A,Forslag til lov om håndhævelse af Europa-Parlamentets og Rådets forordning om fremme af retfærdighed og gennemsigtighed for brugere af onlineformidlingstjenester.,Om brugere af onlineformidlingstjenester.
7472,212661,,1,2020-05-26 00:00:00,17,83340,3,L 124 B,Forslag til lov om ændring af årsregnskabsloven. (Krav om rapportering af dataetik).,Om krav om rapportering af dataetik.
7479,208858,,1,2020-05-28 00:00:00,17,82040,3,L 108,Forslag til lov om ændring af lov om radio- og fjernsynsvirksomhed og lov om film. (Gennemførelse af direktivet om audiovisuelle medietjenester m.v.).,Om gennemførelse af direktivet om audiovisuelle medietjenester m.v.
7480,208923,,1,2020-05-28 00:00:00,17,82045,3,L 102,"Forslag til lov om ændring af lov om tv-overvågning. (Styrkelse af trygheden og sikkerheden, herunder udvidelse af adgangen til tv-overvågning for private og offentlige myndigheder samt obligatorisk registrering af tv-overvågning).",Om udvidelse af adgangen til tv-overvågning for private og offentlige myndigheder m.v.
7481,208910,,1,2020-05-28 00:00:00,17,82044,3,L 103,Forslag til lov om ændring af retsplejeloven. (Politiets overtagelse af tv-overvågning).,Om politiets overtagelse af tv-overvågning efter retsplejeloven.
7482,209476,,1,2020-05-28 00:00:00,17,82230,3,L 113,Forslag til lov om ændring af lov om ændring af straffeloven. (Ophævelse af udløbsklausul for skærpelse af straffen for utryghedsskabende tiggeri).,Om ophævelse af udløbsklausul for skærpelse af straffen for utryghedsskabende tiggeri.
7483,210534,,1,2020-05-28 00:00:00,17,82417,3,L 137,"Forslag til lov om ændring af momsloven, kildeskatteloven, skatteindberetningsloven og lov om afgifter af spil. (Modernisering af momsreglerne for grænseoverskridende handel med varer og ydelser solgt til forbrugere i EU, digitale salgsregistreringssystemer, håndtering af A-skat m.v. i forbindelse med udbetaling fra feriegarantiordninger m.v. og udskydelse af ikrafttrædelsestidspunktet for den digitale logbog m.v.).",Om momsreglerne for grænseoverskridende handel m.v.
7484,211014,,1,2020-05-28 00:00:00,17,82550,3,L 155,Forslag til lov om ændring af chokoladeafgiftsloven og forskellige andre love. (Ligestilling af kakaodrikke med kakaomælk m.v.).,Om ligestilling af kakaodrikke med kakaomælk m.v.
7485,213115,,1,2020-05-28 00:00:00,17,83592,3,L 165 A,Forslag til lov om ændring af aktiesparekontoloven. (Forhøjelse af loftet for indskud på aktiesparekontoen).,Om forhøjelse af loftet for indskud på aktiesparekontoen.
7486,213120,,1,2020-05-28 00:00:00,17,83593,3,L 165 B,"Forslag til lov om ændring af kildeskatteloven, selskabsskatteloven og skatteindberetningsloven. (Genindførelse af skattefriheden ved investering i danske obligationsbaserede investeringsinstitutter med minimumsbeskatning m.v.).",Om genindførelse af skattefriheden ved investering i danske obligationsbaserede investeringsinstitutter med minimumsbeskatning m.v..
7487,211341,,1,2020-05-28 00:00:00,17,82654,3,L 174,"Forslag til lov om ændring af lov om inddrivelse af gæld til det offentlige, pensionsbeskatningsloven og lov om fremgangsmåden ved inddrivelse af skatter og afgifter m.v. (Restanceinddrivelsesmyndighedens håndtering af fordringer med dataproblemer, forældelse m.v. samt fradrag for seniormedlemskabskontingent i arbejdsløshedskasser).",Om restanceinddrivelsesmyndighedens håndtering af fordringer med dataproblemer og fradrag for seniormedlemskabskontingent i arbejdsløshedskasser m.v.
7488,207567,,1,2020-05-28 00:00:00,17,81579,3,L 88,Forslag til lov om ændring af tatoveringsloven. (Regulering af kosmetisk tatovering og undtagelser fra loven for personer i exitforløb).,Om kosmetisk tatovering m.v. 
7489,207580,,1,2020-05-28 00:00:00,17,81580,3,L 89,Forslag til lov om ændring af lov om autorisation af sundhedspersoner og om sundhedsfaglig virksomhed. (Udvidelse af virksomhedsområdet for tandplejere).,Om udvidelse af virksomhedsområdet for tandplejere.
7506,218306,,1,2020-11-19 00:00:00,17,85665,3,L 76,"Forslag til lov om ændring af lov om arbejdsløshedsforsikring m.v., lov om sygedagpenge, lov om aktiv socialpolitik og lov om seniorjob. (Forlængelse af dagpengeperioden og retten til sygedagpenge, genindførelse af forlængelse af 12-månedersperioden i 225-timersreglen og konsekvensrettelse i lov om seniorjob som følge af dagpengeperiodens forlængelse).",Om forlængelse af dagpengeperioden og retten til sygedagpenge samt genindførelse af forlængelse af 12-månedersperioden i 225-timersreglen.
7507,218757,,1,2020-11-19 00:00:00,17,85772,3,L 102,Forslag til lov om arbejdsgiveres adgang til at pålægge lønmodtagere at blive testet for covid-19 m.v.,Om arbejdsgiveres adgang til at pålægge lønmodtagere at blive testet for covid-19 m.v. 
7509,216143,,1,2020-11-24 00:00:00,17,84963,3,L 26,Forslag til lov om ændring af lov om Studievalg Danmark. (Udvidelse af Studievalg Danmarks vejledningsområde).,Om udvidelse af Studievalg Danmarks vejledningsområde.
7510,216117,,1,2020-11-24 00:00:00,17,84961,3,L 27,Forslag til lov om ændring af lov om akkreditering af videregående uddannelsesinstitutioner. (Forlængelse af institutionsakkreditering som følge af covid-19).,Om forlængelse af institutionsakkreditering som følge af covid-19.
7511,216283,,1,2020-11-24 00:00:00,17,84974,3,L 52,Forslag til lov om ændring af lov om ændring af lov om institutioner for almengymnasiale uddannelser og almen voksenuddannelse m.v. og lov om institutioner for erhvervsrettet uddannelse. (Udskydelse af solnedgangsklausul).,Om mulighed for fastsættelse af lokale elevfordelingsregler.
7514,216091,,1,2020-11-26 00:00:00,17,84959,3,L 13,"Forslag til lov om ændring af revisorloven. (Ændring af reglerne for revisoreksamen, skærpede krav til revisor som offentlighedens tillidsrepræsentant og gennemførelse af dele af revisordirektivet).",Om ændring af regler for revisoreksamen m.v. og gennemførelse af dele af revisordirektivet.
7515,216208,,1,2020-11-26 00:00:00,17,84968,3,L 33,"Forslag til lov om ændring af lov om net- og informationssikkerhed. (Implementering af direktivet om oprettelse af en europæisk kodeks for elektronisk kommunikation, for så vidt angår sikkerhed i net og tjenester).",Om implementering af direktivet om en europæisk kodeks for elektronisk kommunikation for sikkerhed i net og tjenester.
7516,216182,,1,2020-11-26 00:00:00,17,84966,3,L 34,Forslag til lov om ændring af lov om elektroniske kommunikationsnet og -tjenester. (Etablering af mobilbaseret varslingssystem).,Om etablering af mobilbaseret varslingssystem.
7517,216296,,1,2020-11-26 00:00:00,17,84975,3,L 51,Forslag til lov om ændring af lov om folkeskolen. (Muligheder for andet udtræk af prøvefag og etablering af fælles ledelse i forbindelse med skolesammenlægning m.v.).,Om  udtræk af prøvefag og etablering af fælles ledelse ved skolesammenlægning m.v.
7530,216104,,1,2020-12-03 00:00:00,17,84960,3,L 59,Forslag til lov om ændring af sundhedsloven. (Styrelsen for Patientklagers vurdering af lægeerklæringer på indfødsretsområdet).,Om Styrelsen for Patientklagers vurdering af lægeerklæringer på indfødsretsområdet.
7569,215556,,1,2020-12-10 00:00:00,17,84915,3,L 47,"Forslag til lov om ændring af lov om Digital Post fra offentlige afsendere. (Hjemtagelse til Digitaliseringsstyrelsen af dataansvar, strategisk ejerskab og beslutningskompetence for Digital Post, etablering af visningsklienter og flytning af borgeres og virksomheders post).",Om hjemtagelse til Digitaliseringsstyrelsen af dataansvar m.v. for Digital Post m.v.
7570,216000,,1,2020-12-10 00:00:00,17,84952,3,L 43,"Forslag til lov om ændring af lov om CO2-kvoter. (Tilpasning af regler som følge af ændringer i kvotedirektiv 2003/87/EF og tilhørende EU-retsakter forud for 4. kvotehandelsperiode, herunder justering af klageregler m.v.)",Om tilpasning af regler om CO2-kvoter som følge af ændringer i kvotedirektivet og tilhørende EU-retsakter m.v.
7571,216052,,1,2020-12-10 00:00:00,17,84956,3,L 12,"Forslag til lov om ændring af lov om betalinger, hvidvaskloven, lov om kapitalmarkeder og forskellige andre love. (Gennemførelse af 2. betalingstjenestedirektiv, 4. og 5. hvidvaskdirektiv, ændringer til benchmarkforordningen og disclosureforordningen).","Om gennemførelse af 2. betalingstjenestedirektiv, 4. og 5. hvidvaskdirektiv og ændringer til benchmarkforordningen og disclosureforordningen."
7572,217423,,1,2020-12-10 00:00:00,17,85356,3,L 71,Forslag til lov om ændring af lov om udstationering af lønmodtagere m.v. (Implementering af det reviderede udstationeringsdirektiv og målretning af anmeldelsespligten til Registret for Udenlandske Tjenesteydere (RUT) for selvstændigt erhvervsdrivende uden ansatte m.v.).,Om implementering af det reviderede udstationeringsdirektiv m.v.
7573,215776,,1,2020-12-10 00:00:00,17,84934,3,L 31,Forslag til lov om ændring af lov om en børne- og ungeydelse og lov om skattefri kompensation for forhøjede energi- og miljøafgifter. (Ligedeling og individuel indkomstaftrapning af børne- og ungeydelsen og ligedeling af den supplerende grønne check m.v.).,Om ligedeling og individuel indkomstaftrapning af børne- og ungeydelsen og ligedeling af den supplerende grønne check m.v.
7574,215909,,1,2020-12-10 00:00:00,17,84945,3,L 6,"Forslag til lov om ændring af lov om byfornyelse og udvikling af byer, lov om almene boliger m.v., lov om leje og byggeloven. (Sammenlægning af Byggeskadefonden og Byggeskadefonden vedrørende Bygningsfornyelse og ophør af fremtidig skadesdækning ved bygningsfornyelse m.v.).",Om sammenlægning af Byggeskadefonden og Byggeskadefonden vedrørende Bygningsfornyelse m.v.
7575,215839,,1,2020-12-10 00:00:00,17,84939,3,L 7,Forslag til lov om ændring af lov om almene boliger m.v. og lov om leje af almene boliger. (Støtte til etablering og drift af midlertidigt husly til uddannelsessøgende og den almene boligsektors overgang til Digital Post).,Om midlertidigt husly til uddannelsessøgende og den almene boligsektors overgang til Digital Post.
7576,215826,,1,2020-12-10 00:00:00,17,84938,3,L 8,"Forslag til lov om ændring af byggeloven. (Hjemmel til, at kommunalbestyrelsen kan henlægge kompetencen til at udstede påbud og forbud til redningsberedskaberne ved brandsyn m.v.).",Om påbud og forbud til redningsberedskaberne ved brandsyn m.v.
7577,215525,,1,2020-12-10 00:00:00,17,84913,3,L 18,Forslag til lov om ændring af arkivloven. (Ret til indsigt i egne personoplysninger).,Om ret til indsigt i egne personoplysninger efter arkivloven.
7580,215596,,1,2020-12-10 10:00:00,17,84919,3,L 53,Forslag til lov om undersøgelse af visse forhold vedrørende Forsvarets Efterretningstjeneste.,Om undersøgelse af visse forhold vedrørende Forsvarets Efterretningstjeneste.
7581,215570,,1,2020-12-10 00:00:00,17,84917,3,L 24,Forslag til lov om ændring af lov om fuldbyrdelse af straf m.v. og retsplejeloven. (Adgang til sociale behandlingstilbud mod stofmisbrug for indsatte i kriminalforsorgens institutioner m.v.).,Om adgang til sociale behandlingstilbud mod stofmisbrug for indsatte i kriminalforsorgens institutioner m.v.
7593,216366,,1,2020-12-15 00:00:00,17,84981,3,L 49,Forslag til lov om ændring af lov om Arbejdsgivernes Uddannelsesbidrag. (Praktikpladstaxametertilskud m.v.).,Om praktikpladstaxametertilskud m.v.
7594,216270,,1,2020-12-15 00:00:00,17,84973,3,L 50,"Forslag til lov om ændring af lov om friskoler og private grundskoler m.v., lov om efterskoler og frie fagskoler og lov om private institutioner for gymnasiale uddannelser. (Inddragelse af elever i forbindelse med udskrivning).",Om inddragelse af elever i forbindelse med udskrivning.
7595,216130,,1,2020-12-15 13:00:00,17,84962,3,L 61,"Forslag til lov om ændring af lov om forbud mod tobaksreklame m.v., lov om tobaksvarer m.v., lov om elektroniske cigaretter m.v. og forskellige andre love. (Udmøntning af national handleplan mod børn og unges rygning).",Om udmøntning af national handlingsplan mod børn og unges rygning.
7596,220266,,1,2020-12-15 00:00:00,17,86402,3,L 63 A,"Forslag til lov om ændring af sundhedsloven og lov om apoteksvirksomhed. (Digitalt supplement til sundhedskortet, opdatering af Statens Serum Instituts formål og videregivelse af lægemiddeloplysninger til forsknings- og statistikformål m.v.).",Om digitalt supplement til sundhedskortet m.v.
7597,216335,,1,2020-12-15 00:00:00,17,84978,3,L 36,"Forslag til lov om ændring af færdselsloven. (Tilbageholdelse og henstilling af køretøjer og adgang til kontrolbesøg i virksomheder, der udfører vejtransport af farligt gods).",Om kontrolbesøg i virksomheder der udfører vejtransport af farligt gods.
7598,216309,,1,2020-12-15 00:00:00,17,84976,3,L 38,"Forslag til lov om ændring af lov om offentlige veje m.v., lov om private fællesveje og færdselsloven. (Ændring af reglerne om særlig råden over vejareal for udlejningscykler og visse udlejningskøretøjer, kommunernes mulighed for at fjerne cykler m.v.).",Om særlig råden over vejareal for udlejningscykler og visse udlejningskøretøjer.
7599,216384,,1,2020-12-15 00:00:00,17,84983,3,L 39,Forslag til lov om ændring af færdselsloven. (Indførelse af pligt til at anvende styrthjelm ved kørsel på trehjulede og visse firehjulede motorkøretøjer m.v.).,Om indførelse af pligt til at anvende styrthjelm ved kørsel på trehjulede og visse firehjulede motorkøretøjer m.v.
7600,216169,,1,2020-12-15 00:00:00,17,84965,3,L 35,Forslag til lov om ændring af lov om hjemmeværnet. (Afskaffelse af alderskriteriet for frivillige befalingsmænd).,Om afskaffelse af alderskriteriet for frivillige befalingsmænd.
7601,217972,,1,2020-12-15 00:00:00,17,85513,3,L 74,Forslag til lov om ændring af lov om vederlag og pension m.v. for ministre. (Forlængelse af perioden for midlertidig nedsættelse af grundvederlag til ministre).,Om forlængelse af perioden for midlertidig nedsættelse af grundvederlag til ministre.
7602,216026,,1,2020-12-15 00:00:00,17,84954,3,L 46,"Forslag til lov om ændring af udlændingeloven. (Justering af reglerne for ulønnet, frivilligt arbejde).","Om justering af reglerne for ulønnet, frivilligt arbejde."
7604,215499,,1,2020-12-15 00:00:00,17,84911,3,L 25,Forslag til lov om ændring af lov om ansættelse i stillinger i folkekirken m.v. (Udvidelse af adgangen til at søge præstestillinger).,Om udvidelse af adgangen til at søge præstestillinger.
7605,217410,,1,2020-12-15 00:00:00,17,85355,3,L 70,Forslag til lov om ændring af lov om folkekirkens økonomi. (Revision af kirkernes og præsteembedernes kapitaler).,Om revision af kirkernes og præsteembedernes kapitaler.
7606,219766,,1,2020-12-15 00:00:00,17,86192,3,L 56 A,Forslag til lov om ændring af lov om miljøvurdering af planer og programmer og af konkrete projekter (VVM) og lov om husdyrbrug og anvendelse af gødning m.v. (Implementering af VVM-direktivet).,Om implementering af VVM-direktivet.
7624,215948,,1,2020-12-17 00:00:00,17,84948,3,L 20,"Forslag til lov om ændring af barselsloven, lov om sygedagpenge og forskellige andre love. (Ret til fravær i 26 uger for forældre, der mister et barn under 18 år, (sorgorlov) og bemyndigelse til at fastsætte særlige regler om revision af nogle kommuners regnskaber for regnskabsåret 2021 på områder med statsrefusion eller statstilskud).",Om sorgorlov m.v.
7625,215974,,1,2020-12-17 00:00:00,17,84950,3,L 21,Forslag til lov om ændring af lov om social pension og forskellige andre love. (Overførsel af myndighedsansvar for seniorpension til Seniorpensionsenheden m.v.).,Om overførsel af myndighedsansvar for seniorpension til Seniorpensionsenheden m.v.
7626,215987,,1,2020-12-17 00:00:00,17,84951,3,L 22,"Forslag til lov om ændring af lov om arbejdsskadesikring, lov om den selvejende institution Arbejdsmarkedets Erhvervssikring og lov om erstatningsansvar. (Anmeldelse af arbejdsulykker, opdatering af kapitaliseringsfaktorer m.v.).",Om anmeldelse af arbejdsulykker og opdatering af kapitaliseringsfaktorer m.v.
7627,218399,,1,2020-12-17 00:00:00,17,85673,3,L 79,"Forslag til lov om ændring af lov om en aktiv beskæftigelsesindsats, lov om organisering og understøttelse af beskæftigelsesindsatsen m.v., lov om aktiv socialpolitik og lov om kompensation til handicappede i erhverv m.v. (Styrket og forenklet indgang til korte erhvervsrettede kurser, udvidelse af mindre intensiv indsats, varslingspuljens anvendelsesområde og fritagelse for indsats og rådighed for unge, der deltager i særligt tilrettelagt ungdomsuddannelse (STU), m.v.).",Om styrket og forenklet indgang til korte erhvervsrettede kurser m.v.
7628,218414,,1,2020-12-17 00:00:00,17,85675,3,L 80,Forslag til lov om ændring af barselsudligningsloven. (Optagelse af selvstændigt erhvervsdrivende i barselsudligningsordningen og justering af klageadgang).,Om optagelse af selvstændigt erhvervsdrivende i barselsudligningsordningen og justering af klageadgang.
7629,218505,,1,2020-12-17 00:00:00,17,85682,3,L 82,Forslag til lov om ændring af selskabsloven og lov om bemyndigelse til midlertidig fravigelse af virksomheders pligter på selskabs- og regnskabsområdet i forbindelse med covid-19. (Lempeligere krav til omregistrering af iværksætterselskaber til anpartsselskaber og bemyndigelse til midlertidig fravigelse af bestemmelser om fysisk fremmøde ved generalforsamling i virksomheders vedtægter eller tilsvarende aftaler i forbindelse med covid-19 m.v.).,Om lempeligere krav til omregistrering af iværksætterselskaber til anpartsselskaber m.v.
7630,217488,,1,2020-12-17 00:00:00,17,85361,3,L 109,"Forslag til lov om ændring af lov om finansiel virksomhed, lov om restrukturering og afvikling af visse finansielle virksomheder og lov om kapitalmarkeder og om ophævelse af lov om finansiel stabilitet. (Ændringer som følge af revision af kapitalkravsdirektivet (CRD V) og krisehåndteringsdirektivet (BRRD II) m.v.).",Om revision af kapitalkravsdirektivet og krisehåndteringsdirektivet m.v.
7631,218332,,1,2020-12-17 00:00:00,17,85667,3,L 94,Forslag til lov om Den Danske Klimaskovfond.,Om Den Danske Klimaskovfond.
7632,218373,,1,2020-12-17 00:00:00,17,85671,3,L 95,"Forslag til lov om ændring af lov om kemikalier, lov om miljøbeskyttelse og lov om gødning og jordforbedringsmidler m.v. (Supplerende bestemmelser til markedsovervågningsforordningen samt offentliggørelsesordning, registreringsordning og andre justeringer af tilsyns- og håndhævelsesbestemmelser i lov om kemikalier).",Om markedsovervågningsforordningen og om kemikalier m.v.
7633,217397,,1,2020-12-17 00:00:00,17,85354,3,L 68,Forslag til lov om afgift af polyvinylklorid og ftalater (pvc-afgiftsloven).,Om pvc-afgiftsloven.
7634,218293,,1,2020-12-17 00:00:00,17,85664,3,L 85,Forslag til lov om ændring af straffeloven. (Samtykkebaseret voldtægtsbestemmelse).,Om samtykkebaseret voldtægtsbestemmelse.
7641,217475,,1,2020-12-18 00:00:00,17,85360,3,L 67,"Forslag til lov om ændring af lov om elforsyning. (Gennemførelse af elmarkedsdirektivet, ensretning af udløbsdatoer for netbevillinger m.v.).",Om gennemførelse af elmarkedsdirektivet og ensretning af udløbsdatoer for netbevillinger m.v.
7642,218518,,1,2020-12-18 00:00:00,17,85683,3,L 97,Forslag til lov om ændring af biobrændstofloven. (Ændring af krav om anvendelse af bæredygtige og avancerede biobrændstoffer i brændstof til landtransport m.v.).,Om ændring af krav om anvendelse af bæredygtige og avancerede biobrændstoffer i brændstof til landtransport m.v.
7643,218570,,1,2020-12-18 00:00:00,17,85687,3,L 98,"Forslag til lov om ændring af lov om betalingsregler for spildevandsforsyningsselskaber m.v., lov om miljøbeskyttelse, vandsektorloven, lov om vandløb og lov om vandforsyning m.v. (Spildevandsforsyningsselskabers klimatilpasning, vandselskabernes foreninger til fremme af vandsektorens effektivitet og kvalitet m.v.)","Om spildevandsforsyningsselskabers klimatilpasning, vandselskabernes foreninger til fremme af vandsektorens effektivitet og kvalitet m.v."
7644,218544,,1,2020-12-18 00:00:00,17,85685,3,L 99,"Forslag til lov om ændring af lov om Energinet, lov om elforsyning og lov om naturgasforsyning. (Ændring af formålsbestemmelsen for Energinet, ny transparent proces for Energinets investeringer og ny fremsynet økonomisk regulering af Energinet m.v.).",Om ny transparent proces for Energinets investeringer og ny fremsynet økonomisk regulering af Energinet m.v.
7645,217462,,1,2020-12-18 00:00:00,17,85359,3,L 72,Forslag til lov om ændring af lov for Færøerne om udlændinges adgang til opholdstilladelse med henblik på visse former for beskæftigelse. (Ændring af bestemmelsen om arbejdsmarkedstilknytning).,Om arbejdsmarkedstilknytning for udlændinge på Færøerne.
7646,216013,,1,2020-12-18 00:00:00,17,84953,3,L 45,Forslag til lov om ændring af lov om ændring af dansk indfødsret og udlændingeloven. (Ophævelse af solnedgangsklausul).,Om ophævelse af solnedgangsklausul for lov om ændring af dansk indfødsret og udlændingeloven.
7647,217449,,1,2020-12-18 00:00:00,17,85358,3,L 73,Forslag til lov om indfødsrets meddelelse.,Om indfødsrets meddelelse.
7656,216039,,1,2020-12-21 12:00:00,17,84955,3,L 58,"Forslag til lov om ændring af økologiloven. (Justering af regler vedrørende økologiforordningen, sanktionsskærpelse, indhentning af oplysninger fra andre myndigheder med henblik på udarbejdelse af bedre risikovurdering m.v.).","Om økologiforordningen, sanktionsskærpelse og indhentning af oplysninger fra andre myndigheder med henblik på bedre risikovurderinger m.v."
7658,218626,,1,2020-12-21 00:00:00,17,85700,3,L 77,"Forslag til lov om aflivning af og midlertidigt forbud mod hold af mink.
","Om aflivning af og midlertidigt forbud mod hold af mink.
"
7659,220707,,1,2020-12-21 00:00:00,17,86570,3,L 30 A,Forslag til lov om ændring af afskrivningsloven og ligningsloven. (Midlertidig forhøjelse af fradrag for udgifter til forsøgs- og forskningsvirksomhed og af bundfradrag ved udlejning af fritidsboliger).,Om midlertidig forhøjelse af fradrag for udgifter til forsøgs- og forskningsvirksomhed og af bundfradrag ved udlejning af fritidsboliger.
7660,220711,,1,2020-12-21 00:00:00,17,86569,3,L 30 B,Forslag til lov om ændring af selskabsskatteloven. (Selskabsskattefritagelse af Danmarks Genopretningsfond).,Om selskabsskattefritagelse af Danmarks Genopretningsfond.
7661,220692,,1,2020-12-21 00:00:00,17,86565,3,L 32 A,"Forslag til lov om ændring af lov om et indkomstregister, registreringsafgiftsloven og forskellige andre love. (Skærpet indsats mod vanvidskørsel og styrkelse og tilpasning af regler på motorområdet m.v.).",Om skærpet indsats mod vanvidskørsel og styrkelse og tilpasning af regler på motorområdet m.v.
7662,220687,,1,2020-12-21 00:00:00,17,86564,3,L 32 B,Forslag til lov om ændring af registreringsafgiftsloven. (Bemyndigelse til skatteministeren til at pålægge erhvervsdrivende indberetningspligt om udbuds- og salgspriser m.v.).,Om bemyndigelse til skatteministeren til at pålægge erhvervsdrivende indberetningspligt om udbuds- og salgspriser m.v.
7663,220500,,1,2020-12-21 00:00:00,17,86485,3,L 69 A,"Forslag til lov om ændring af ligningsloven, pensionsbeskatningsloven, skatteindberetningsloven og forskellige andre love. (Justering af medarbejderaktieordningen for nye, mindre virksomheder, smidiggørelse af forskellige pensionsbeskatningsregler og indberetning af skattepligtige udbetalinger fra finansielle virksomheder til deres kunder m.v.).",Om medarbejderaktieordningen og smidiggørelse af forskellige pensionsbeskatningsregler m.v.
7667,220504,,1,2020-12-21 00:00:00,17,86486,3,L 69 B,"Forslag til lov om ændring af pensionsbeskatningsloven og lov om finansiel virksomhed. (Tidsbegrænset mulighed for afgiftsfrit at udtage unoterede kapitalandele og andele i alternative investeringsfonde, som forvaltes af en registreret forvalter, fra aldersopsparinger).","Om tidsbegrænset mulighed for afgiftsfrit at udtage unoterede kapitalandele og andele i alternative investeringsfonde, som forvaltes af en registreret forvalter, fra medarbejderaktieordningen og smidiggørelse af forskellige pensionsbeskatningsregler m.v"
7668,220508,,1,2020-12-21 00:00:00,17,86484,3,L 69 C,Forslag til lov om ændring af lov om anvendelse af multilateral konvention til gennemførelse af tiltag i dobbeltbeskatningsoverenskomster til forhindring af skatteudhuling og overskudsflytning. (Tilbagetrækning af to forbehold efter den multilaterale konvention til gennemførelse af tiltag i dobbeltbeskatningsoverenskomster til forhindring af skatteudhuling og overskudsflytning).,Om tilbagetrækning af to forbehold efter den multilaterale konvention til gennemførelse af tiltag i dobbeltbeskatningsoverenskomster til forhindring af skatteudhuling og overskudsflytning.
7669,218427,,1,2020-12-21 12:00:00,17,85676,3,L 87,Forslag til lov om Tilsynet med told- og skatteforvaltningens it-område.,Om Tilsynet med told- og skatteforvaltningens it-område.
7670,218466,,1,2020-12-21 12:00:00,17,85679,3,L 90,"Forslag til lov om ændring af lov om afgift af elektricitet, lov om afgift af naturgas og bygas m.v., lov om afgift af stenkul, brunkul og koks m.v., lov om energiafgift af mineralolieprodukter m.v. og forskellige andre love. (Udmøntning af dele af »Klimaaftale for energi og industri mv. 2020« m.v.).",Om udmøntning af klimaaftalen for energi og industri m.v. 2020.
7671,218982,,1,2020-12-21 12:00:00,17,85861,3,L 106,"Forslag til lov om ændring af emballageafgiftsloven, lov om afgifter af spil, virksomhedsskatteloven og forskellige andre love. (Genindførelse af emballageafgift på pvc-folier, forhøjelse af afgiftssatsen for væddemål og onlinekasino samt afskaffelse af skattefordele ved forældrekøb i virksomheds- og kapitalafkastordningerne).","Om genindførelse af emballageafgift på pvc-folier, forhøjelse af afgiftssatsen for væddemål og onlinekasino samt afskaffelse af skattefordele ved forældrekøb i virksomheds- og kapitalafkastordningerne."
7672,220701,,1,2020-12-21 00:00:00,17,86567,3,L 107 B,"Forslag til lov om ændring af ejendomsvurderingsloven og forskellige andre love. (Adgang til fravalg af den midlertidige indefrysningsordning for grundskyld, ændring af vurderingsterminen for vurderingsåret 2021 og andre tilpasninger på ejendomsområdet samt ændring af beregningsgrundlaget for tinglysningsafgift og indførelse af særordning for godtgørelse af for meget betalt tinglysningsafgift m.v.).",Om adgang til fravalg af den midlertidige indefrysningsordning for grundskyld og andre tilpasninger på ejendomsområdet m.v.
7673,218995,,1,2020-12-21 00:00:00,17,85862,3,L 103,Forslag til lov om ændring af lov om radio- og fjernsynsvirksomhed m.v. (Ændring af Radio- og tv-nævnets kompetencesammensætning og hjemmel til forlængelse af beskikkelsesperioden).,Om ændring af Radio- og tv-nævnets kompetencesammensætning og hjemmel til forlængelse af beskikkelsesperiode.
7674,215634,,1,2020-12-21 00:00:00,17,84923,3,L 15,"Forslag til lov om ændring af forældreansvarsloven. (Forældremyndighed, barnets bopæl og samvær for forældre, der er dømt for overtrædelse af straffelovens terrorbestemmelser).","Om forældremyndighed, barnets bopæl og samvær for forældre, der er dømt for straffelovens terrorbestemmelser."
7675,215685,,1,2020-12-21 00:00:00,17,84927,3,L 17,Forslag til lov om ændring af lov om social service. (Forberedelse af overgangen til voksenlivet for unge med betydelig og varigt nedsat fysisk eller psykisk funktionsevne eller indgribende kronisk eller langvarig lidelse).,Om overgangen til voksenlivet for unge med betydelig nedsat fysisk eller psykisk funktionsevne m.v.
7676,218967,,1,2020-12-21 00:00:00,17,85859,3,L 91,Forslag til lov om ændring af lov om forsøg med et socialt frikort. (Forlængelse af forsøg med et socialt frikort).,Om forlængelse af forsøg med et socialt frikort.
7677,219008,,1,2020-12-21 12:00:00,17,85864,3,L 104,Forslag til lov om ændring af lov om social pension og forskellige andre love. (Indførelse af ret til tidlig pension).,Om indførelse af ret til tidlig pension.
7678,219021,,1,2020-12-21 12:00:00,17,85865,3,L 105,Forslag til lov om ændring af lov om social pension og lov om afgift af bidraget til Arbejdsmarkedets Erhvervssikring og af arbejdsulykkeserstatninger m.v.  (Regulering af folkepensionsalderen og ændring af revisionsbestemmelse og konsekvensændring af arbejdsskadeafgiften).,Om regulering af folkepensionsalderen og ændring af revisionsbestemmelse.
7679,220679,,1,2020-12-21 00:00:00,17,86561,3,L 92 A,Forslag til lov om ændring af udlændingeloven. (Krav om særskilt arbejdstilladelse i visse situationer til medfølgende familiemedlemmer til udenlandske arbejdstagere og udbetaling af løn til en dansk bankkonto).,Om styrket kontrol af udenlandsk arbejdskraft m.v.
7680,220683,,1,2020-12-21 00:00:00,17,86562,3,L 92 B,"Forslag til lov om ændring af udlændingeloven. (Formodningsafslag på erhvervsområdet og praktikantområdet, adgang for Styrelsen for International Rekruttering og Integration til at foretage selvstændige udgående kontrolaktioner, pålæg til virksomheder om at føre logbog, styrket kontrol via faste kontrolattachéer og adgang for Styrelsen for International Rekruttering og Integration til i kontroløjemed at indhente oplysninger fra SafeSeaNet).","Om formodningsafslag på erhvervsområdet og praktikantområdet, adgang for Styrelsen for International Rekruttering og Integration til at foretage selvstændige udgående kontrolaktioner m.v."
7681,218453,,1,2020-12-21 12:00:00,17,85678,3,L 93,"Forslag til lov om ændring af udlændingeloven. (Gebyr på ansøgninger om Working Holiday-tilladelser og indførelse af afvisningshjemmel, hvis en kvote på antallet af Working Holiday-tilladelser udnyttes m.v.).",Om gebyr på ansøgninger om Working Holiday-tilladelser m.v.
7742,215359,,1,2020-12-22 18:00:00,17,84868,3,L 1,Forslag til finanslov for finansåret 2021.,Om finanslov for finansåret 2021.
7743,215340,,1,2020-12-22 18:00:00,17,84867,3,L 2,"Forslag til lov om fastsættelse af udgiftslofter for stat, kommuner og regioner for finansåret 2024.","Om fastsættelse af udgiftslofter for stat, kommuner og regioner for finansåret 2024."
7744,215372,,1,2020-12-22 18:00:00,17,84869,3,L 3,"Forslag til lov om ændring af lov om fastsættelse af udgiftslofter for stat, kommuner og regioner for finansåret 2021, lov om fastsættelse af udgiftslofter for stat, kommuner og regioner for finansåret 2022 og lov om fastsættelse af udgiftslofter for stat, kommuner og regioner for finansåret 2023. (Konsekvenser af ny 2025-ramme og regeringens forslag til finanslov for 2021).",Om konsekvenser af ny 2025-ramme og regeringens forslag til finanslov for 2021.
7745,216322,,1,2020-12-22 00:00:00,17,84977,3,L 48,"Forslag til lov om ændring af lov om Arbejdsgivernes Uddannelsesbidrag. (Modelparametre for erhvervsuddannelser til brug for beregning af praktikpladsafhængigt arbejdsgiverbidrag for 2021, fastholdelse af merbidragssats og justering af aktivitetsafhængigt VEU-bidrag for 2021).",Om praktikpladsafhængigt arbejdsgiverbidrag for 2021 m.v.
7746,220129,,1,2020-12-22 00:00:00,17,86329,3,L 120,"Forslag til lov om ændring af lov om Arbejdsgivernes Uddannelsesbidrag og lov om ændring af lov om Arbejdsgivernes Uddannelsesbidrag, lov om erhvervsuddannelser og lov om arbejdsmarkedsuddannelser m.v. (Justering af det praktikpladsafhængige arbejdsgiverbidrag og indførelse af fleksibelt uddannelsesbidrag).",Om justering af det praktikpladsafhængige arbejdsgiverbidrag og indførelse af fleksibelt uddannelsesbidrag.
7747,220247,,1,2020-12-22 00:00:00,17,86391,3,L 123,"Forslag til lov om ændring af sygedagpenge og barselsloven. 
(Forlængelse af den midlertidige periode med ret til sygedagpenge for lønmodtagere, der er i øget risiko ved smitte med covid-19, og for lønmodtagere, der er pårørende til personer, der er i øget risiko ved smitte med covid-19, forlængelse af den midlertidige periode med udvidet ret for arbejdsgiver til refusion og for selvstændige til sygedagpenge som følge af covid-19 og forlængelse af den midlertidige periode med ret til dagpenge ved pasning af børn som følge af covid-19).
","Om forlængelse af den midlertidige periode med ret til sygedagpenge for lønmodtagere, der er i øget risiko ved smitte med covid-19 m.v."
7748,215649,,1,2020-12-22 00:00:00,17,84924,3,L 16,"Forslag til lov om ændring af lov om forbud mod forskelsbehandling på grund af handicap. (Tydeliggørelse af retten til rimelig individuel tilpasning af ydelser til børn og unge i dagtilbud, i folkeskolen og i friskoler og private grundskoler (frie grundskoler)).",Om retten til individuel tilpasning i dagtilbud til børn og folkeskolen.
7754,221309,,1,2021-01-19 00:00:00,17,86779,3,L 135 A,Forslag til lov om ændring af lov om arbejdsløshedsforsikring m.v. og lov om sygedagpenge. (Suspension af dagpengeforbrug og forlængelse af retten til sygedagpenge som følge af covid-19).,Om suspension af dagpengeforbrug og forlængelse af retten til sygedagpenge som følge af covid-19.
7755,221313,,1,2021-01-19 00:00:00,17,86780,3,L 135 B,"Forslag til lov om ændring af lov om arbejdsløshedsforsikring 
m.v. (Suspension af G-dage ved hjemsendelser og arbejdsfordeling som følge af covid-19).",Om suspension af G-dage ved hjemsendelser og arbejdsfordeling som følge af covid-19.
7757,221747,,1,2021-01-26 00:00:00,17,86907,3,L 139 A,"Forslag til lov om rentefrie lån svarende til indberettet A-skat og arbejdsmarkedsbidrag i forbindelse med covid-19.
",Om rentefrie lån svarende til indberettet A-skat og arbejdsmarkedsbidrag i forbindelse med covid-19.
7758,220794,,1,2021-01-26 00:00:00,17,86585,3,L 131,Forslag til lov om ændring af lov om afgift af ledningsført vand og lov om vandforsyning m.v. (Forhøjelse af vandafgiften og ophævelse af bestemmelser om drikkevandsbidraget).,Om forhøjelse af vandafgiften og ophævelse af bestemmelser om drikkevandsbidraget .
7759,220436,,1,2021-01-26 13:00:00,17,86460,3,L 124,Forslag til lov om ændring af repatrieringsloven. (Bortfald af den resterende del af hjælp til repatriering og reintegrationsbistand i tilfælde af alvorlig kriminalitet m.v. begået efter repatriering m.v.).,Om bortfald af hjælp til repatriering og reintegrationsbistand i tilfælde af alvorlig kriminalitet m.v. begået efter repatriering m.v.
7760,220408,,1,2021-01-26 13:00:00,17,86456,3,L 125,"Forslag til lov om ændring af udlændingeloven. (Mulighed for at pålægge en udlænding, der skal udrejse af landet, at lade sig undersøge for en sygdom omfattet af lov om foranstaltninger mod smitsomme og andre overførbare sygdomme).","Om mulighed for at pålægge en udlænding, der skal udrejse af landet, at lade sig undersøge for visse sygdomme."
7762,221341,,1,2021-01-26 00:00:00,17,86802,3,L 111 B,Forslag til lov om ændring af lov om våben og eksplosivstoffer m.v. (Udenlandske civile statsmyndigheders adgang til at bære og ind- og udføre visse våben og fastsættelse af supplerende bestemmelser til forordning (EU) 2019/1148 af 20. juni 2019 om markedsføring og anvendelse af udgangsstoffer til eksplosivstoffer m.v.).,Om udenlandske civile statsmyndigheders adgang til at bære visse våben m.v. 
7763,220807,,1,2021-01-26 00:00:00,17,86586,3,L 132,Forslag til lov om ændring af retsplejeloven og forskellige andre love. (Gennemførelse af dele af aftalen om politiets og anklagemyndighedens økonomi 2021-2023).,Om politiets og anklagemyndighedens økonomi i perioden fra 2021-2023.
7764,218347,,1,2021-01-26 00:00:00,17,85669,3,L 96,"Forslag til lov om ændring af miljøskadeloven og lov om miljøbeskyttelse og forskellige andre love. (Ændring af handlepligten for den ansvarlige for en miljøskade, indførelse af godtgørelsesordning samt ændring af definitionen af arter og naturtyper).",Om handlepligten for den ansvarlige for en miljøskade og ændring af definitionen af arter og naturtyper m.v.
7765,218583,,1,2021-01-26 00:00:00,17,85688,3,L 101,Forslag til lov om ændring af sundhedsloven. (Mulighed for generelt informeret samtykke til mindre behandlinger af varigt inhabile patienter).,Om mulighed for generelt informeret samtykke til mindre behandlinger af varigt inhabile patienter.
7766,220369,,1,2021-01-26 00:00:00,17,86451,3,L 130,"Forslag til lov om ændring af lov om assisteret reproduktion i forbindelse med behandling, diagnostik og forskning m.v. (Ændring af den tilladte opbevaringsperiode for menneskelige æg udtaget på medicinsk indikation).",Om ændring af opbevaringsperiode for menneskelige æg udtaget på medicinsk indikation m.v. 
7770,221704,,1,2021-02-02 00:00:00,17,86895,3,L 145,Forslag til lov om pligt til at sikre covid-19-test af tilrejsende arbejdskraft efter indrejse i Danmark.,Om covid-19-test af tilrejsende arbejdskraft efter indrejse i Danmark.
7771,221721,,1,2021-02-02 00:00:00,17,86898,3,L 146,Forslag til lov om varsling af ferie m.v. som følge af den genindførte lønkompensationsordning i forbindelse med håndteringen af covid-19.,Om varsling af ferie som følge af den genindførte lønkompensation i forbindelse med covid-19.
7772,221820,,1,2021-02-02 00:00:00,17,86940,3,L 152,"Forslag til lov om ændring af lov om foranstaltninger mod smitsomme sygdomme og andre overførbare sygdomme, sundhedsloven og retsplejeloven. (Yderligere foranstaltninger for at forebygge og inddæmme nye virusvarianter af covid-19 og udvidet adgang til kommunale isolationsfaciliteter).",Om yderligere foranstaltninger for at forebygge og inddæmme nye virusvarianter af covid-19 og udvidet adgang til kommunale isolationsfaciliteter.
7773,220143,,1,2021-02-09 00:00:00,17,86331,3,L 116,"Forslag til lov om ændring af konkurrenceloven og straffeloven. (Indførelse af mulighed for civile bøder, strukturelle påbud, interviews, kontrolundersøgelser i private hjem m.v.).",Om civile bøder m.v. og kontrolundersøgelser i private hjem m.v. efter konkurrence- og straffeloven.
7774,220638,,1,2021-02-09 00:00:00,17,86554,3,L 129,"Forslag til lov om ændring af registreringsafgiftsloven, brændstofforbrugsafgiftsloven, ligningsloven og forskellige andre love. (Ændring af registreringsafgiften af person- og varebiler og motorcykler, ophævelse af tillæg og fradrag for energieffektivitet, forhøjelse af brændstofforbrugsafgiften og vægtafgiften og omlægning af brændstofforbrugsafgiften til co2-baseret afgift, justering af beskatning af fri bil og forhøjet deleøkonomisk bundfradrag for privat udlejning af nul- og lavemissionsbiler, forlængelse af ordning med lav afgift på el til erhvervsmæssig opladning af eldrevne køretøjer m.v.).",Om ændring af registreringsafgiften af person- og varebiler og motorcykler og ophævelse af tillæg og fradrag for energieffektivitet m.v.
7775,221751,,1,2021-02-09 00:00:00,17,86908,3,L 139 B,Forslag til lov om ændring af opkrævningsloven. (Udskydelse af betalingsfrist for registreringsafgift af motorkøretøjer i forbindelse med covid-19).,Om udskydelse af betalingsfrist for registreringsafgift af motorkøretøjer i forbindelse med covid-19).
7792,222533,,1,2021-02-23 00:00:00,17,87142,3,L 166,"Forslag til lov om ændring af lov om midlertidig udskydelse af angivelses- og betalingsfrister m.v. på skatteområdet i forbindelse med covid-19, lov om rentefrie lån svarende til indberettet A-skat og arbejdsmarkedsbidrag i forbindelse med covid-19 og lov om rentefrie lån svarende til angivet moms og lønsumsafgift og fremrykket udbetaling af skattekreditter m.v. i forbindelse med covid-19. (Udskydelse af betalingsfrister for A-skat og arbejdsmarkedsbidrag, udvidelse af A-skattelåneordningen og udvidelse af momslåneordningen som følge af covid-19 m.v.).",Om udskydelse af angivelses- og betalingsfrister m.v. på skatteområdet i forbindelse med covid-19 m.v.
7794,219459,,1,2021-02-23 00:00:00,17,86017,3,L 114,Forslag til lov om ændring af lov om midlertidige foranstaltninger på børne- og undervisningsområdet og folkehøjskoleområdet og for den frie folkeoplysende virksomhed til forebyggelse og afhjælpning i forbindelse med covid-19. (Forlængelse af lovens gyldighed).,"Om forlængelse af gyldighed på loven om midlertidige foranstaltninger på folkehøjskoleområdet, den frie folkeoplysende virksomhed og på børne- og undervisningsområdet i forbindelse med covid-19.  "
7795,218319,,1,2021-02-23 00:00:00,17,85666,3,L 86,Forslag til lov om ændring af lov om ændring af lov om politiets virksomhed. (Ophævelse af udløbsklausul for udvidet bemyndigelse til at fastsætte regler om zoneforbud).,Ophævelse af udløbsklausul for udvidet bemyndigelse til at fastsætte regler om zoneforbud.
7796,221053,,1,2021-02-23 00:00:00,17,86680,3,L 136,"Forslag til lov om ændring af lov om ændring af straffeloven, retsplejeloven og udlændingeloven. (Udskydelse af solnedgangsklausul).","Om udskydelse af solnedgangsklausul i lov om ændring af straffe-, retspleje- og udlændingeloven."
7797,221273,,1,2021-02-23 00:00:00,17,86766,3,L 141,Forslag til lov om ændring af straffeloven og lov om erstatningsansvar. (Styrket indsats mod farlig kørsel m.v.).,Om styrket indsats mod farlig kørsel m.v.
7798,221245,,1,2021-02-23 00:00:00,17,86763,3,L 140,Forslag til lov om ændring af SU-loven. (Forhøjelse af fribeløb og forlængelse af bestemmelser om udvidede SU-lånemuligheder som følge af covid-19).,Om forhøjelse af fribeløb og forlængelse af bestemmelser om udvidede SU-lånemuligheder som følge af covid-19.
7816,223164,,1,2021-02-23 00:00:00,17,86580,3,L 134,Forslag til lov om epidemier m.v. (epidemiloven).,Om epidemiloven.
7818,219472,,1,2021-03-02 00:00:00,17,86018,3,L 113,Forslag til lov om ændring af lov om almene boliger m.v. (Frafald af tillægskøbesum).,Om frafald af tillægskøbesum efter lov om almene boliger m.v.
7819,219446,,1,2021-03-02 00:00:00,17,86016,3,L 112,Forslag til lov om ændring af lov om forsøg i folkekirken. (Mulighed for udfasningsperiode).,Om mulighed for udfasningsperiode efter lov om forsøg i folkekirken.
7820,218557,,1,2021-03-02 00:00:00,17,85686,3,L 84,Forslag til lov om ændring af lov om offentlige veje m.v. og jernbaneloven. (Implementering af VVM-direktivet for statslige vej- og jernbaneprojekter).,Om implementering af VVM-direktivet.
7821,220116,,1,2021-03-02 00:00:00,17,86328,3,L 117,"Forslag til lov om ændring af taxiloven. (Afskaffelse af bopælskrav i EU/EØS ved tilladelser til erhvervsmæssig persontransport og kørselskontorer, godkendelse af ansvarlige ledere og chaufførkort).",Om afskaffelse af bopælskrav i EU/EØS ved tilladelser til erhvervsmæssig persontransport m.v.
7822,218953,,1,2021-03-02 00:00:00,17,85858,3,L 108,Forslag til lov om ændring af lov om offentlige betalinger m.v. (Nemkontosystemet stilles til rådighed for grønlandske myndigheder).,Om nemkontosystem for grønlandske myndigheder.
7823,220077,,1,2021-03-02 00:00:00,17,86325,3,L 118,Forslag til lov om ændring af lov om Det Økonomiske Råd og Det Miljøøkonomiske Råd. (Formandskabets vurdering af adfærdsforudsætninger og ændret sammensætning af Det Økonomiske Råd og Det Miljøøkonomiske Råd m.v.).,Om adfærdsforudsætninger og ændret sammensætning af Det Økonomiske Råd og Det Miljøøkonomiske Råd m.v. 
7824,219420,,1,2021-03-02 00:00:00,17,86014,3,L 110,"Forslag til lov om ændring af lov om ændring af straffeloven, retsplejeloven og udlændingeloven. (Ophævelse af revisionsbestemmelse).","Om ophævelse af revisionsbestemmelse i lov om ændring af straffeloven, retsplejeloven og udlændingeloven."
7825,218531,,1,2021-03-02 00:00:00,17,85684,3,L 78,"Forslag til lov om ændring af lov om erhvervsakademiuddannelser og professionsbacheloruddannelser, lov om maritime uddannelser og forskellige andre love og om ophævelse af lov om friplads og stipendium til visse udenlandske studerende ved erhvervsakademiuddannelser og professionsbacheloruddannelser. (Adgangskurser til udvalgte erhvervsakademi- og professionsbacheloruddannelser, godkendelse af maritime ikkevideregående uddannelser m.v.).",Om adgangskurser til udvalgte erhvervsakademi- og professionsbacheloruddannelser og godkendelse af maritime ikkevideregående uddannelser m.v.
7839,219433,,1,2021-03-09 00:00:00,17,86015,3,L 115,Forslag til lov om ændring af lov om institutioner for erhvervsrettet uddannelse og lov om erhvervsuddannelser. (Fritagelse for betalingskravet på erhvervsuddannelser for visse flygtninge og familiesammenførte m.fl.).,Om fritagelse for betalingskravet på erhvervsuddannelser for visse flygtninge og familiesammenførte m.fl.
7840,217040,,1,2021-03-09 00:00:00,17,85247,3,L 66,Forslag til lov om retsafgifter.,Om retsafgifter.
7841,218479,,1,2021-03-09 00:00:00,17,85680,3,L 81,Forslag til lov om forbud mod modtagelse af donationer fra visse fysiske og juridiske personer.,Om forbud mod modtagelse af donationer fra visse fysiske og juridiske personer.
7842,223679,,1,2021-03-09 00:00:00,17,87475,3,L 126 A,"Forslag til lov om ændring af straffeloven, lov om pas til danske statsborgere m.v. og udlændingeloven. (Styrket indsats mod negativ social kontrol m.v.).",Om styrket indsats efter straffeloven m.v. mod negativ social kontrol m.v.
7843,223684,,1,2021-03-09 00:00:00,17,87476,3,L 126 B,Forslag til lov om ændring af udlændingeloven. (Skærpelse af regler om familiesammenføring med børn og regler om udvisning).,Om skærpelse af regler om familiesammenføring med børn og regler om udvisning
7844,218280,,1,2021-03-09 00:00:00,17,85663,3,L 100,Forslag til lov om ændring af lov om tilgængelighed af offentlige organers websteder og mobilapplikationer. (Justering af undtagelse for tredjepartsindhold på offentlige organers websteder og mobilapplikationer).,Om præcisering af undtagelse for tredjepartsindhold på offentlige organers websteder eller mobilapplikationer m.v. 
7855,223843,,1,2021-03-16 00:00:00,17,87499,3,L 186,"Forslag til lov om ændring af lov om en aktiv beskæftigelsesindsats og lov om aktiv socialpolitik. (Ret til uddannelse for personer, der har arbejdet i minkerhvervet eller følgeerhverv, inden for en pulje i 2021).","Om ret til uddannelse for personer, der har arbejdet i minkerhvervet eller følgeerhverv, inden for en pulje i 2021."
7856,222356,,1,2021-03-16 00:00:00,17,87105,3,L 164,Forslag til lov om ændring af lov om forvaltning og administration af tilgodehavende feriemidler og forskellige andre love. (Førtidig udbetaling af resterende tilgodehavende feriemidler).,Om førtidig udbetaling af resterende tilgodehavende feriemidler.
7857,222382,,1,2021-03-16 00:00:00,17,87107,3,L 165,"Forslag til lov om ændring af lov om arbejdsløshedsforsikring 
m.v., lov om sygedagpenge, lov om aktiv socialpolitik og 
lov om en aktiv beskæftigelsesindsats. (Forlængelse af suspension af dagpengeforbrug, 4-månedersperioden ved opgørelse af karens og forbrug af supplerende dagpenge, forlængelse af retten til sygedagpenge og forlængelse af 12-månedersperioden i 225-timersreglen som følge af covid-19 m.v).","Om forlængelse af suspension af dagpengeforbrug, 4-månedersperioden ved opgørelse af karens og forbrug af supplerende dagpenge."
7858,216078,,1,2021-03-16 00:00:00,17,84958,3,L 57,Forslag til lov om ændring af lov om ligestilling af kvinder og mænd. (Digital post til begge forældre om fælles barn).,Om digital post til begge forældre om fælles barn.
7862,224892,,1,2021-03-23 00:00:00,17,87701,3,L 192,"Forslag til lov om ændring af lov om sygedagpenge og barselsloven. (Forlængelse af den midlertidige periode med ret til sygedagpenge for lønmodtagere, der er i øget risiko ved smitte med covid-19, og for lønmodtagere, der er pårørende til personer, der er i øget risiko ved smitte med covid-19, forlængelse af den midlertidige periode med udvidet ret for arbejdsgiver til refusion og for selvstændige til sygedagpenge som følge af covid-19, forlængelse af den midlertidige periode med ret til dagpenge ved pasning af børn som følge af covid-19 og indførelse af periode, der kan ses bort fra ved vurderingen af, om beskæftigelseskravet for selvstændige er opfyldt).","Om forlængelse af den midlertidige periode med ret til sygedagpenge for lønmodtagere, der er i øget risiko ved smitte med covid-19 m.v."
7863,220395,,1,2021-03-23 13:00:00,17,86454,3,L 127,Forslag til lov om ændring af færdselsloven. (Skærpet indsats mod vanvidskørsel).,Om skærpet indsats mod vanvidskørsel.
7864,217053,,1,2021-03-23 00:00:00,17,85248,3,L 65,"Forslag til lov om ændring af konkursloven, lov om Lønmodtagernes Garantifond og lov om lønmodtageres retsstilling ved virksomhedsoverdragelse. (Værneting ved gældssanering og ændringer i rekonstruktionsreglerne som følge af covid-19).",Om værneting ved gældssanering og ændringer i rekonstruktionsreglerne som følge af covid-19.
7865,221427,,1,2021-03-23 00:00:00,17,86824,3,L 143,Forslag til lov om tillægsbevilling for finansåret 2020.,Om tillægsbevilling for finansåret 2020.
7866,221998,,1,2021-03-23 00:00:00,17,86998,3,L 155,Forslag til lov om ændring af lov om miljø og genteknologi. (Gennemførelse af ændringer i udsætningsdirektivet samt digital kommunikation).,Om gennemførelse af ændringer i udsætningsdirektivet m.v. i lov om miljø og genteknologi.
7867,222395,,1,2021-03-23 00:00:00,17,87108,3,L 162,"Forslag til lov om ændring af lov om leje, lov om leje af almene boliger og erhvervslejeloven. (Yderligere foranstaltninger for at forebygge og inddæmme smitte med covid-19 m.v.).",Om yderligere foranstaltninger for at forebygge og inddæmme smitte med covid-19 m.v.
7868,218492,,1,2021-03-23 00:00:00,17,85681,3,L 88,"Forslag til lov om ændring af lov om beskatning af medlemmer af kontoførende investeringsforeninger og selskabsskatteloven. (Udbyttebeskatning af visse udbetalinger fra kontoførende investeringsforeninger, som medfører ændringer i modtagernes ejerandele, beskatning ved et selskabs skift af status til investeringsselskab og skattepligt for investeringsselskaber af visse renter og kursgevinster).",Om udbyttebeskatning af visse udbetalinger fra kontoførende investeringsforeninger og beskatning ved et selskabs skift af status til investeringsselskab m.v.
7869,221258,,1,2021-03-23 00:00:00,17,86764,3,L 142,Forslag til lov om ændring af personskatteloven. (Nedsættelse af bundskatten som følge af kommunale skattestigninger).,Om nedsættelse af bundskatten som følge af kommunale skattestigninger.
7870,222330,,1,2021-03-23 00:00:00,17,87103,3,L 161,"Forslag til lov om ændring af ligningsloven og lov om spil. (Lempelse af boligjobordningen i 2021, skattefritagelse af visse arbejdsgiverbetalte gavekort til oplevelsesøkonomi i 2021, af arbejdsgiverbetalte covid-19-test m.v. og af tilbagebetalt covid-19-støtte og nedsættelse af procentsatsen for det særlige bidrag til hestevæddeløbssporten).",Om lempelse af BoligJobordningen og skattefritagelse af visse arbejdsgiverbetalte gavekort i 2021 m.v.
7881,220103,,1,2021-04-06 13:00:00,17,86327,3,L 121,Forslag til lov om ændring af lov om godtgørelse til andenhåndseksponerede asbestofre. (Udvidelse af godtgørelsesordningen).,Om udvidelse af godtgørelsesordningen i lov om godtgørelse til andenhåndseksponerede asbestofre.
7888,223025,,1,2021-04-13 00:00:00,17,87300,3,L 178,"Forslag til lov om ændring af afskrivningsloven, ligningsloven, pensionsafkastbeskatningsloven og lov om afgift af svovl. (Forhøjelse af grænsen for straksafskrivning m.v., midlertidig forhøjelse af afskrivningsgrundlaget for nye driftsmidler, forlængelse af den midlertidige forhøjelse af fradrag for udgifter til forsøgs- og forskningsvirksomhed og forlængelse af bundfradrag i svovlafgiften).",Om forhøjelse af grænsen for straksafskrivning m.v. midlertidig forhøjelse af afskrivningsgrundlaget for nye driftsmidler m.v. 
7889,222920,,1,2021-04-13 00:00:00,17,87291,3,L 172,"Forslag til lov om ændring af lov om undersøgelseskommissioner og retsplejeloven. (Indførelse af granskningskommissioner, Folketingets samtykke til nedlæggelse af undersøgelseskommissioner m.v.).",Om indførelse af granskningskommissioner m.v.
7901,212854,,1,2020-06-09 00:00:00,17,83404,3,L 191,Forslag til lov om ændring af sundhedsloven. (Frivillige indkvarteringsfaciliteter).,Om frivillige indkvarteringsfaciliteter.
7907,208130,,1,2020-06-02 00:00:00,17,81782,3,L 95,"Forslag til lov om ændring af lov om kemikalier og ophævelse af lov om behandling af oplysninger om brug af plantebeskyttelsesmidler i jordbruget. (Integreret plantebeskyttelse, indberetning af sprøjtejournal og tilskud til mindre belastende bekæmpelsesmidler m.v.).",Om integreret plantebeskyttelse og tilskud til mindre belastende bekæmpelsesmidler m.v.
7916,213284,,1,2020-06-09 00:00:00,17,83692,3,L 199,"Forslag til lov om ændring af lov om midlertidig udskydelse af angivelses- og betalingsfrister m.v. på skatteområdet i forbindelse med covid-19, kildeskatteloven, ligningsloven og forskellige andre love. (Yderligere udskydelse af betalingsfrister for A-skat og arbejdsmarkedsbidrag, udskydelse af angivelses- og betalingsfrister for moms, forlængelse af afgiftsperioder for moms samt midlertidige lempelser af regler om fuld skattepligt, regler om lempeligere beskatning af udenlandsk lønindkomst og regler om forskerskatteordningen som følge af covid-19 m.v.). ",Om midlertidig udskydelse af angivelses- og betalingsfrister m.v. på skatteområdet i forbindelse med covid-19.
7917,208143,,1,2020-06-09 00:00:00,17,81783,3,L 93,Forslag til lov om ejerlejligheder.,Om ejerlejligheder.
7918,211886,,1,2020-06-09 00:00:00,17,82922,3,L 184,Forslag til lov om Seniorpensionsenheden.,Om Seniorpensionsenheden.
7920,211899,,1,2020-06-09 00:00:00,17,82923,3,L 185,"Forslag til lov om ændring af lov om godskørsel, lov om buskørsel, lov om Arbejdsretten og faglige voldgiftsretter og lov om udstationering af lønmodtagere m.v. (Fastlæggelse af et omkostningsniveau i forbindelse med udførelse af visse former for vejtransport).",Om fastlæggelse af et omkostningsniveau i forbindelse med udførelse af visse former for vejtransport inden for gods- og bustransport.
7921,211179,,1,2020-06-09 00:00:00,17,82591,3,L 167,Forslag til lov om ændring af lov om anerkendelse af visse uddannelses- og erhvervsmæssige kvalifikationer. (Gennemførelse af Europa-Parlamentets og Rådets direktiv (EU) 2018/958 af 28. juni 2018 om en proportionalitetstest forud for vedtagelse af ny regulering af erhverv samt klageadgang i sager om erhvervspas og ved udsendelse af advarsler).,Om gennemførelse af direktiv om en proportionalitetstest forud for ny regulering af erhverv m.v.
7927,213267,,1,2020-06-16 00:00:00,17,83686,3,L 200,Forslag til lov om ændring af lov om almene boliger m.v. (Forhøjelse af Landsbyggefondens renoveringsramme i 2020 og digitalisering af det almene byggeri).,Om forhøjelse af Landsbyggefondens renoveringsramme i 2020.
7928,208871,,1,2020-06-16 00:00:00,17,82041,3,L 101,Forslag til retsplejelov for Færøerne.,Om en retsplejelov for Færøerne.
7929,208845,,1,2020-06-16 00:00:00,17,82039,3,L 104,Forslag til lov om ændring af retsplejeloven. (Styrkelse af politiets muligheder for efterforskning af kriminalitet på internettet).,Om styrket efterforskning af kriminalitet på internettet.
7930,208897,,1,2020-06-16 00:00:00,17,82043,3,L 105,Forslag til lov om ændring af straffeloven. (Forstærket indsats mod eksplosivstoffer).,Om indsats mod eksplosivstoffer efter straffeloven.
7931,208375,,1,2020-06-16 00:00:00,17,81870,3,L 98,Forslag til lov om forbud mod udbud af opgavebesvarelser m.v. til eksaminander på en uddannelsesinstitution under Børne- og Undervisningsministeriet eller Uddannelses- og Forskningsministeriet.,Om forbud mod udbud af opgavebesvarelser m.v. til eksaminander på visse uddannelsesinstitutioner.
7944,209554,,1,2020-06-23 00:00:00,17,82236,3,L 123,"Forslag til lov om ændring af lov om markedsføring. (Forældelsesfrist for vildledende markedsføring af fast ejendom, kreditaftaler til finansiering af eller med sikkerhed i fast ejendom og løbende kontraktforhold med angivelse af varig pris).",Om forældelsesfrist for vildledende markedsføring af fast ejendom m.v.
7945,213995,,1,2020-06-23 00:00:00,17,84086,3,L 188 A,Forslag til lov om ændring af udlændingeloven. (Ny positivliste for faglærte).,Om ny positivliste for faglærte.
7946,214002,,1,2020-06-23 00:00:00,17,84087,3,L 188 B,Forslag til lov om ændring af udlændingeloven. (Skærpet bødestraf for virksomheders brug af illegal arbejdskraft).,Om skærpet bødestraf for virksomheders brug af illegal arbejdskraft.
7947,212190,,1,2020-06-23 00:00:00,17,83085,3,L 187,Forslag til lov om ændring af udlændingeloven. (Ny opholdsordning på baggrund af arbejdsmarkedstilknytning).,Om ny opholdsordning på baggrund af arbejdsmarkedstilknytning.
7949,211625,,1,2020-06-23 13:00:00,17,82774,3,L 180,Forslag til lov om indfødsrets meddelelse.,Om indfødsrets meddelelse.
7974,213070,,1,2020-06-04 00:00:00,17,83575,3,L 198,"Forslag til lov om ændring af lov om erhvervsfremme. (Etablering af en whistleblowerordning for de erhvervsrettede covid-19-kompensationsordninger, som administreres af Erhvervsstyrelsen, og indførelse af særlig tavshedspligt).",Om etablering af en whistleblowerordning for erhvervsrettede covid-19-kompensationsordninger.
7975,209270,,1,2020-06-04 00:00:00,17,82145,3,L 112,"Forslag til lov om ændring af lov om miljøbeskyttelse. (Implementering af affaldsdirektivets minimumskrav til eksisterende udvidede producentansvarsordninger, indførelse af udvidet producentansvar for emballage og modernisering af indsamling og behandling af elektronikaffald). ",Om implementering af affaldsdirektivets minimumskrav til eksisterende udvidede producentansvarsordninger m.v.
7976,211367,,1,2020-06-04 00:00:00,17,82657,3,L 170,Forslag til lov om ændring af lov om miljøbeskyttelse og lov om Sund og Bælt Holding A/S. (Digital håndhævelse af miljøzoner og ændring af trinkrav for lastbiler og busser).,Om digital håndhævelse af miljøzoner og ændring af trinkrav for lastbiler og busser.
7977,211027,,1,2020-06-04 00:00:00,17,82551,3,L 147,"Forslag til lov om ændring af lov om plantenyheder og lov om planter og plantesundhed m.v. (Opgaver i forbindelse med sortslistegodkendelse og certificering, herunder delegation til private aktører, og gebyrfinansiering af visse af opgaverne).",Om plantenyheder og opgaver i forbindelse med sortlistegodkendelse m.v.
7978,209502,,1,2020-06-04 00:00:00,17,82232,3,L 122,Forslag til lov om ædle metaller og konfliktmineraler.,Om ædle metaller og konfliktmineraler.
7979,210921,,1,2020-06-04 00:00:00,17,82542,3,L 149,"Forslag til lov om ændring af lov om forbrugslånsvirksomheder, lov om markedsføring og lov om finansiel virksomhed. (Opgør med kviklån m.v.).",Om opgør med kviklån m.v.
7980,213387,,1,2020-06-04 00:00:00,17,83771,3,L 179 A,Forslag til lov om produkter og markedsovervågning.,Om produkter og markedsovervågning.
7981,213392,,1,2020-06-04 00:00:00,17,83772,3,L 179 B,Forslag til lov om salg og markedsføring af lattergas til forbrugere.,Om salg og markedsføring af lattergas til forbrugere.
7982,213399,,1,2020-06-04 00:00:00,17,83773,3,L 189 A,"Forslag til lov om ændring af udlændingeloven, integrationsloven og forskellige andre love. (Forenkling af regler, herunder om klageadgangen til Udlændingenævnet og indrejseforbud, indførelse af en bagatelgrænse for tilbagebetaling af gebyr, præcisering af adgangen og ændring af kompetencen til at forlænge en udrejsefrist, opfølgning på evaluering af Danmarks anvendelse af Schengenreglerne om bl.a. tilbagesendelse og præcisering af rækkevidden af indrejseforbud omfattet af udsendelsesdirektivet m.v.).",Om forskellige ændringer af indrejseforbud m.v.
7983,211599,,1,2020-06-04 00:00:00,17,82772,3,L 176,"Forslag til lov om ændring af lov om midlertidig regulering af boligforholdene og lov om andelsboligforeninger og andre boligfællesskaber. (Øgede energikrav ved anvendelse af § 5, stk. 2, i lov om midlertidig regulering af boligforholdene og fastfrysning af vurderinger af værdien af andelsboligforeningers ejendomme).",Om øgede energikrav og fastfrysning af vurderinger af værdien af andelsboligforeningers ejendomme.
7984,211612,,1,2020-06-04 00:00:00,17,82773,3,L 177,Forslag til lov om ændring af lov om midlertidig regulering af boligforholdene og lov om andelsboligforeninger og andre boligfællesskaber. (Karensperiode ved erhvervelse m.v. af udlejningsejendomme og lovfæstelse af normalvedtægtens krav om tilslutning på fire femtedele til opløsning af andelsboligforeninger).,Om karensperiode ved erhvervelse m.v. af udlejningsejendomme og lovfæstning af krav til opløsning af andelsboligforeninger.
7985,211586,,1,2020-06-04 00:00:00,17,82771,3,L 178,Forslag til lov om ændring af lov om leje og lov om midlertidig regulering af boligforholdene. (Styrkelse af lejerne).,Om styrkelse af lejerne.
7988,209257,,1,2020-06-11 00:00:00,17,82144,3,L 111,Forslag til lov om ændring af udlændingeloven. (Udvidelse af etableringskortordningen for nyuddannede udlændinge).,Om udvidelse af etableringskortordningen for nyuddannede udlændinge.
7989,213411,,1,2020-06-11 00:00:00,17,83775,3,L 130 A,Forslag til lov om ændring af straffeloven. (Opholds- og kontaktforbud for terrordømte).,Om opholds- og kontaktforbud for terrordømte.
7990,213416,,1,2020-06-11 00:00:00,17,83776,3,L 130 B,Forslag til lov om ændring af straffeloven. (Skærpelse af straffen for overtrædelse af straffelovens terrorbestemmelser). ,Om skærpelse af straffen for overtrædelse af straffelovens terrorbestemmelser.
7991,211192,,1,2020-06-11 13:00:00,17,82592,3,L 166,Forslag til lov om udbygning og drift af Flyvestation Skrydstrup.,Om udbygning og drift af Flyvestation Skrydstrup.
7998,208936,,1,2020-06-18 00:00:00,17,82046,3,L 106,Forslag til lov om ændring af lov om retssikkerhed og administration på det sociale område. (Ankestyrelsens sammensætning og behandling af sager om uenighed mellem kommuner m.v.).,Om Ankestyrelsens sammensætning og behandling af sager om uenighed mellem kommuner m.v. på det sociale område.
7999,213981,,1,2020-06-18 00:00:00,17,84084,3,L 183 A,"Forslag til lov om ændring af forældreansvarsloven, lov om Familieretshuset, lov om ægteskabs indgåelse og opløsning og forskellige andre love. (Afskaffelse af tvungen delt bopæl og opfølgning på etableringen af det nye familieretlige system m.v.).",Om afskaffelse af tvungen delt bopæl og opfølgning på etableringen af det nye familieretlige system m.v.
8000,213986,,1,2020-06-18 00:00:00,17,84085,3,L 183 B,Forslag til lov om ændring af lov om Familieretshuset og lov om  ægteskabs indgåelse og opløsning. (Afskaffelse af refleksionsperioden).,Om afskaffelse af refleksionsperioden.
8001,209649,,1,2020-06-18 00:00:00,17,82245,3,L 121,Forslag til lov om ændring af lov om luftfart. (Harmonisering af droneområdet).,Om tilpasning af nationale regler som følge af harmonisering af droneområdet.
8002,209567,,1,2020-06-18 00:00:00,17,82237,3,L 117,"Forslag til lov om klima.

",Om en klimalov.
8003,211218,,1,2020-06-18 00:00:00,17,82594,3,L 163,Forslag til lov om ændring af dagtilbudsloven. (Ophævelse af adgang til dispensation fra regler om bedre fordeling i daginstitutioner).,Om ophævelse af adgang til dispensation fra regler om bedre fordeling i daginstitutioner.
8004,212164,,1,2020-06-18 00:00:00,17,83083,3,L 186,"Forslag til lov om ændring af lov om danskuddannelse til voksne udlændinge m.fl. (Afskaffelse af deltagerbetaling og ændring af reglerne om depositum for danskuddannelse til udenlandske arbejdstagere, studerende m.fl.).",Om afskaffelse af deltagerbetaling for danskuddannelse til udenlandske arbejdstagere og studerende m.fl.
8012,212803,,1,2020-06-25 00:00:00,17,83392,3,L 192,Forslag til lov om ændring af kriminallov for Grønland og retsplejelov for Grønland. (Foranstaltninger til at forebygge og inddæmme smitte med covid-19 m.v.).,Om foranstaltninger efter kriminallov for Grønland til at forebygge og inddæmme smitte med covid-19 m.v.
8013,213021,,1,2020-06-25 00:00:00,17,83562,3,L 195,Forslag til lov om ændring af lov om en skattefri seniorpræmie. (Midlertidig nedsættelse af beskæftigelseskravet som følge af covid-19).,Om midlertidig nedsættelse af beskæftigelseskravet efter lov om en skattefri seniorpræmie som følge af covid-19.
8014,213932,,1,2020-06-25 00:00:00,17,84041,3,L 201,Forslag til lov om varsling af ferie i den forlængede lønkompensationsperiode.,Om varsling af ferie i den forlængede lønkompensationsperiode.
8015,214038,,1,2020-06-25 00:00:00,17,84102,3,L 202,"Forslag til lov om ændring af lov om aktiv socialpolitik.
(Yderligere forlængelse af 12-månedersperioden i 225-timersreglen som led i udfasningen af hjælpepakker i forbindelse med covid-19).",Om forlængelse af suspenderingen af 225-timersreglen i forbindelse med covid-19.
8016,214051,,1,2020-06-25 00:00:00,17,84103,3,L 203,"Forslag til lov om ændring af lov om arbejdsløshedsforsikring m.v. og lov om sygedagpenge. (Yderligere forlængelse af perioder, der ses bort fra ved forbrug af arbejdsløshedsdagpenge, midlertidig ret til dagpenge til selvstændige og yderligere midlertidig forlængelse af retten til sygedagpenge).","Om forlængelse af perioder for arbejdsløshedsdagpenge, midlertidig ret til dagpenge til selvstændige og yderligere midlertidig forlængelse af retten til sygedagpenge."
8017,214164,,1,2020-06-25 00:00:00,17,84158,3,L 204,"Forslag til lov om ændring af lov om en aktiv beskæftigelsesindsats og lov om arbejdsløshedsforsikring m.v.
(Ekstraordinært løft for ledige med ret til en erhvervsuddannelse med forhøjet dagpengesats på 110 pct. i 2020-2021)",Om ekstraordinært løft for ledige med ret til en erhvervsuddannelse med forhøjet dagpengesats på 110 pct. i 2020-2021.
8018,211328,,1,2020-06-25 00:00:00,17,82653,3,L 173,"Forslag til lov om ændring af lov om social service. (Psykologbehandling til kvinder, der får ophold på krisecenter).","Om psykologbehandling til kvinder, der får ophold på krisecenter."
8019,212777,,1,2020-06-25 00:00:00,17,83390,3,L 193,"Forslag til lov om ændring af lov om social service og lov om socialtilsyn. (Indførelse af ret til overvågning og støtte i forbindelse hermed om natten for unge, der modtager hjælp efter § 95, stk. 3, i lov om social service i form af et kontant tilskud).",Om indførelse af ret efter lov om social service til overvågning og støtte i forbindelse hermed om natten for unge m.v.
8020,212881,,1,2020-06-25 00:00:00,17,83411,3,L 196,Forslag til lov om ændring af lov om kommunal udligning og generelle tilskud til kommuner og forskellige andre love. (Reform af udligningssystemet).,Om en reform af det kommunale udligningssystem.
8021,212895,,1,2020-06-25 00:00:00,17,83412,3,L 197,Forslag til lov om ændring af lov om social service. (Tilpasning af den centrale refusionsordning).,Om tilpasning af den centrale refusionsordning efter lov om social service.
8022,212790,,1,2020-06-25 00:00:00,17,83391,3,L 194,"Forslag til lov om ændring af ejendomsvurderingsloven og forskellige andre love. (Lempelse af ejendomsbeskatningen, videreførelse af den midlertidige indefrysningsordning for grundskyld, tilpasninger vedrørende tilbagebetalingsordningen og beregningsgrundlaget for grundskyld m.v.).",Om lempelse af ejendomsbeskatningen og videreførelse af den midlertidige indefrysningsordning for grundskyld m.v.
8023,211139,,1,2020-06-25 10:00:00,17,82587,3,L 164,"Forslag til lov om ændring af lov om naturbeskyttelse. (Forbud mod sprøjtning, gødskning og omlægning af § 3-beskyttede arealer).","Om forbud mod sprøjtning, gødskning og omlægning af § 3-beskyttede arealer."
8024,210934,,1,2020-06-25 09:20:00,17,82543,3,L 151,"Forslag til lov om ændring af lov om godkendelse og syn af køretøjer. (Godkendelse af motorkøretøjer, tekniske tjenester m.v.).",Om godkendelse af motorkøretøjer på færdsels- og synsområdet m.v.
8025,210960,,1,2020-06-25 00:00:00,17,82545,3,L 160,Forslag til lov om ændring af sundhedsloven og lov om klage- og erstatningsadgang inden for sundhedsvæsenet. (Vederlagsfri tandpleje til de mest socialt udsatte borgere).,Om vederlagsfri tandpleje til de mest socialt udsatte borgere.
8026,211873,,1,2020-06-25 00:00:00,17,82921,3,L 182,"Forslag til lov om ændring af lov om lægemidler. (Kriminalforsorgens fordeling, opsplitning og udlevering af lægemidler til indsatte i kriminalforsorgens institutioner).","Om kriminalforsorgens fordeling, opsplitning og udlevering af lægemidler til indsatte."
8040,214177,,1,2020-06-25 00:00:00,17,84159,3,L 205,"Forslag til lov om ændring af lov om en aktiv beskæftigelsesindsats, lov om arbejdsløshedsforsikring m.v., lov om forberedende voksenundervisning og ordblindeundervisning for voksne og lov om en rejsegarantifond. 
(Justeret uddannelsesløft, udvidet adgang til fagene digital opgaveløsning og engelsk og bemyndigelse til Rejsegarantifonden).","Om justeret uddannelsesløft, udvidet adgang til fagene digital opgaveløsning og engelsk og bemyndigelse til Rejsegarantifonden."
8043,210647,,1,2020-03-12 00:00:00,17,82465,3,L 133,Forslag til lov om ændring af lov om foranstaltninger mod smitsomme og andre overførbare sygdomme. (Udvidelse af foranstaltninger til at forebygge og inddæmme smitte samt sikring af kapacitetsmæssige ressourcer m.v.).,Om udvidelse af foranstaltninger til at forbygge og inddæmme smitte m.v.
8044,210665,,1,2020-03-17 00:00:00,17,82470,3,L 134,"Forslag til lov om midlertidig udskydelse af betalingsfrister for indeholdt A-skat og arbejdsmarkedsbidrag, B-skat og 
foreløbigt arbejdsmarkedsbidrag samt midlertidig udskydelse 
af angivelses- og betalingsfrister og forlængelse af afgiftsperioder 
for moms m.v.","Om midlertidig udskydelse af betalingsfrister for indeholdt A-skat og arbejdsmarkedsbidrag, B-skat og midlertidig udskydelse af betalingsfrister for A-skat og arbejdsmarkedsbidrag og midlertidig udskydelse af angivelses- og betalingsfrister for moms m.v."
8045,210678,,1,2020-03-17 00:00:00,17,82471,3,L 135,Forslag til lov om ændring af lov om sygedagpenge. (Udvidet ret for arbejdsgiver til refusion og for selvstændige til sygedagpenge som følge af covid-19).,Om udvidet ret for arbejdsgiver til refusion og for selvstændige til sygedagpenge som følge af covid-19.
8046,213404,,1,2020-06-04 00:00:00,17,83774,3,L 189 B,Forslag til lov om ændring af lov om planlægning. (Mulighed for at forlænge varighed af tilladelser og dispensationer til midlertidige opholdssteder til nyankomne flygtninge m.v.),Om mulighed for at forlænge varighed af tilladelser og dispensationer til midlertidige opholdssteder til nyankomne flygtninge m.v.
8047,214509,,1,2020-08-17 00:00:00,17,84411,3,L 207,"Forslag til lov om ændring af lov om forvaltning og administration af tilgodehavende feriemidler, SU-loven og lov om Arbejdsmarkedets Tillægspension. (Førtidig udbetaling af feriemidler og udvidelse af Arbejdsmarkedets Tillægspensions opgavevaretagelse).
",Om førtidig udbetaling af feriemidler og udvidelse af Arbejdsmarkedets Tillægspensions opgavevaretagelse.
8048,214522,,1,2020-08-17 00:00:00,17,84412,3,L 208,"Forslag til lov om engangstilskud til modtagere af forsørgelsesydelser. 
",Om engangstilskud til modtagere af forsørgelsesydelser.
8049,214868,,1,2020-09-10 00:00:00,17,84630,3,L 211,"Forslag til lov om ændring af lov om sygedagpenge og barselsloven. (Forlængelse af den midlertidige periode med ret til sygedagpenge for lønmodtagere, der er i øget risiko ved smitte med covid-19, og for lønmodtagere, der er pårørende til personer, der er i øget risiko ved smitte med covid-19, udvidelse
af perioden, hvor der sker en midlertidig forlængelse af sygedagpengeperioden, og indførelse af periode, der helt eller delvis kan ses bort fra ved vurdering af beskæftigelseskravet 
for ret til syge- eller barselsdagpenge for selvstændige erhvervsdrivende, som følge af covid-19-situationen).",Om forlængelse af ordningen med midlertidig ret til sygedagpenge for personer i øget risiko ved smitte med covid-19.
8050,215014,,1,2020-09-10 00:00:00,17,84709,3,L 212,Forslag til lov om adgang til iværksættelse af midlertidig arbejdsfordeling som led i håndteringen af covid-19.,Om adgang til iværksættelse af midlertidig arbejdsfordeling som led i håndteringen af covid-19.
8051,215029,,1,2020-09-10 00:00:00,17,84711,3,L 213,"Forslag til lov om ændring af lov om arbejdsløshedsforsikring m.v., lov om sygedagpenge og barselsloven. (Midlertidig dagpengeret, højere dagpengemaksimum, beregning på grundlag af ikkemedlemsperioder, suspension af dagpengeforbrug, bedre uddannelsesmuligheder til personer omfattet af en arbejdsfordelingsordning og fast arbejdsgiverbidrag m.v.)",Om midlertidig dagpengeret m.v.
8052,215268,,1,2020-09-29 00:00:00,17,84833,3,L 214,Forslag til lov om ændring af barselsloven. (Midlertidig ret til dagpenge ved pasning af børn som følge af covid-19).,Om midlertidig ret til dagpenge ved pasning af børn som følge af covid-19.
8053,225501,,1,2021-04-20 00:00:00,17,87919,3,L 197,"Forslag til lov om ændring af lov om social pension og lov om højeste, mellemste, forhøjet almindelig og almindelig førtidspension m.v. (Ret til at få fratrukket merindtægt som følge af arbejde relateret til covid-19 ved indtægtsregulering af folke-, senior- og førtidspension m.v.).","Om ret til at få fratrukket merindtægt som følge af arbejde relateret til covid-19 ved indtægtsregulering af folke-, senior- og førtidspension m.v."
8054,222369,,1,2021-04-20 00:00:00,17,87106,3,L 163,Forslag til lov om ændring af lov om et midlertidigt børnetilskud til visse forsørgere. (Forlængelse af det midlertidige børnetilskud).,Om forlængelse af det midlertidige børnetilskud.
8055,215512,,1,2021-04-20 00:00:00,17,84912,3,L 19,"Forslag til lov om ændring af lov om eliteidræt, lov om fremme af integritet i idrætten og lov om udlodning af overskud og udbytte af lotteri. (Styrkelse af atleternes stemme i Team Danmarks bestyrelse, Team Danmarks tilsynsforpligtelse m.v.).",Om styrkelse af atleternes stemme i Team Danmarks bestyrelse m.v.
8056,221631,,1,2021-04-20 00:00:00,17,86883,3,L 150,"Forslag til lov om ændring af ligningsloven, kildeskatteloven og selskabsskatteloven. (Fastsættelse af defensive foranstaltninger mod lande på EU-listen over ikkesamarbejdsvillige skattejurisdiktioner).",Om foranstaltninger mod lande på EU-listen over ikkesamarbejdsvillige skattejurisdiktioner.
8058,221985,,1,2021-04-20 00:00:00,17,86997,3,L 154,Forslag til lov om ændring af straffeloven. (Strafskærpelse for forbrydelser med baggrund i offerets handicap).,Om strafskærpelse for forbrydelser med baggrund i offerets handicap.
8069,222908,,1,2021-04-22 00:00:00,17,87290,3,L 173,Forslag til lov om ændring af lov om markedsføring. (Undtagelse af visse forbrugslånsvirksomheders sponsorering af idræt m.v. fra forbuddet mod markedsføring af forbrugslån og forbrugslånsvirksomheder i forbindelse med markedsføring af spil og spiludbydere).,Om visse undtagelser fra forbuddet mod markedsføring af forbrugslån og forbrugslånsvirksomheder i forbindelse med markedsføring af spil og spiludbydere.
8070,223443,,1,2021-04-22 00:00:00,17,87411,3,L 184,Forslag til lov om urimelig handelspraksis i relationer mellem virksomheder i landbrugs- og fødevareforsyningskæden.,Om  urimelig handelspraksis i relationer mellem virksomheder i landbrugs- og fødevareforsyningskæden.
8071,221066,,1,2021-04-22 00:00:00,17,86681,3,L 137,"Forslag til lov om ændring af skattekontrolloven, momsloven, opkrævningsloven og forskellige andre love. (Sanktioner ved manglende indsendelse af oplysninger og tiltag til bekæmpelse af organiseret svig m.v. som led i udmøntning af aftale om styrket skattekontrol).",Om sanktioner for manglende indsendelse af oplysninger og tiltag til bekæmpelse af organiseret svig m.v. på skatteområdet.
8073,223084,,1,2021-04-22 00:00:00,17,87305,3,L 167,Forslag til lov om ændring af lov om infrastruktur for alternative drivmidler. (Brugerinformation om fossile brændstoffer og alternative drivmidler).,Om brugerinformation om fossile brændstoffer og alternative drivmidler.
8075,222960,,1,2021-04-22 00:00:00,17,87294,3,L 169,Forslag til lov om ændring af lov om social service. (Justering af huslejetilskud til udslusningsboliger).,Om huslejetilskud til udslusningsboliger.
8076,223429,,1,2021-04-22 00:00:00,17,87409,3,L 185,"Forslag til lov om ændring af udlændingeloven og lov om Danmarks tiltrædelse af Schengenkonventionen. (Gennemførelse af forordning om oprettelse af et europæisk system vedrørende rejseinformation og rejsetilladelse (ETIAS), forordning om oprettelse af et ind- og udrejsesystem (EES) og forordninger om oprettelse, drift og brug af Schengeninformationssystemet (SIS) på områderne for henholdsvis ind- og udrejsekontrol og politisamarbejde og strafferetligt samarbejde og om brug af SIS i forbindelse med tilbagesendelse af tredjelandsstatsborgere med ulovligt ophold m.v.).","Om forskellige ændringer vedrørende rejseinformation og rejsetilladelse, ind- og udrejsesystem i forbindelse med tilbagesendelse af tredjelandsstatsborgere med ulovligt ophold m.v."
8077,225376,,1,2021-04-22 00:00:00,17,87899,3,L 202,Forslag til lov om ændring af lov om integrationsgrunduddannelse (igu).  (Udvidelse af målgruppen m.v. for integrationsgrunduddannelsen).,Om udvidelse af målgruppen m.v. for integrationsgrunduddannelsen.
8080,225971,,1,2021-04-27 00:00:00,17,88132,3,L 208,"Forslag til lov om ændring af lov om rentefrie lån svarende til indberettet A-skat og arbejdsmarkedsbidrag i forbindelse med covid-19, lov om rentefrie lån svarende til angivet moms og lønsumsafgift og fremrykket udbetaling af skattekreditter m.v. i forbindelse med covid-19 og lov om midlertidig udskydelse af angivelses- og betalingsfrister m.v. på skatteområdet i forbindelse med covid-19. (Udvidelse af A-skattelåneordningen og momslåneordningen og udskydelse af betalingsfrister for A-skat og arbejdsmarkedsbidrag som følge af covid-19 m.v.).",Om udvidelse af A-skattelåneordningen og momslåneordningen som følge af covid-19 m.v.
8081,225625,,1,2021-04-27 00:00:00,17,87983,3,L 206,"Forslag til lov om ændring af lov om aflivning af og midlertidigt forbud mod hold af mink og lov om Miljø- og Fødevareklagenævnet. (Udvidelse af kredsen af kompensationsberettigede følgeerhverv, regler om krav om miljøtilladelser m.v., regler om ansøgning, frister og dokumentationskrav, regler om statens overtagelse af erstattede eller kompenserede aktiver og adgang til nedrivning og bortskaffelse m.v., regler om klageadgang og søgsmålsfrister m.v.).",Om erstatning m.v. til minkavlerne og følgeerhverv berørt af covid-19.
8082,222882,,1,2021-04-27 00:00:00,17,87287,3,L 179,Forslag til lov om ændring af lov om miljøbeskyttelse. (Implementering af engangsplastdirektivets bestemmelser om udvidet producentansvar og oprydningsansvar).,Om implementering af engangsplastdirektivets bestemmelser om udvidet producentansvar og oprydningsansvar.
8083,222895,,1,2021-04-27 00:00:00,17,87288,3,L 180,Forslag til lov om ændring af lov om miljøbeskyttelse. (Udtagning af kvælstofpulje til havbrug og reduktion af samlet kvælstofpulje til miljø- og ressourceeffektive dambrug).,Om udtagning af kvælstofpulje til havbrug m.v.
8084,222973,,1,2021-04-27 00:00:00,17,87295,3,L 174,"Forslag til lov om supplerende bestemmelser til forordningen om ENISA (Den Europæiske Unions Agentur for Cybersikkerhed), om cybersikkerhedscertificering af informations- og kommunikationsteknologi og om ophævelse af forordning (EU) nr. 526/2013 (forordningen om cybersikkerhed) (lov om cybersikkerhedscertificering).",Om lov om certificering af cybersikkerhed.
8085,222934,,1,2021-04-27 00:00:00,17,87292,3,L 176,"Forslag til lov om ændring af lov om produkter og markedsovervågning, lov om erhvervsfremme, lov om sikkerhed til søs, lov om fyrværkeri og andre pyrotekniske artikler og lov om maritim fysisk planlægning. (Udvidelse af anvendelsesområdet for lov om produkter og markedsovervågning, udvidede kontrolbeføjelser ved tilsyn med visse produkter efter lov om sikkerhed til søs, bemyndigelse til at fastsætte regler om ikkestatslige raketopsendelser og ophævelse af frist for udstedelse af havplanen m.v.).",Om udvidelse af anvendelsesområdet for lov om produkter og markedsovervågning m.v.
8086,222289,,1,2021-04-27 00:00:00,17,87098,3,L 159,Forslag til lov om MitID og NemLog-in.,Om MitID og NemLog-in.
8094,221585,,1,2021-04-29 00:00:00,17,86879,3,L 147,Forslag til lov om ændring af lov om psykologer m.v. (Udvidelse af antallet af medlemmer i Psykolognævnet).,Om udvidelse af antallet af medlemmer i Psykolognævnet.
8095,223012,,1,2021-04-29 00:00:00,17,87299,3,L 170,Forslag til lov om ændring af lov om social service. (Videreførelse af Styrelsen for Patientsikkerheds Ældretilsyn og indførelse af obligatorisk opfølgnings- og læringsforløb efter påbud fra Styrelsen for Patientsikkerheds Ældretilsyn).,Om videreførelse af Styrelsen for Patientsikkerheds Ældretilsyn og indførelse af obligatorisk opfølgnings- og læringsforløb.
8096,226639,,1,2021-04-29 00:00:00,17,88406,3,L 148 B,Forslag til lov om ændring af biobrændstofloven. (Bemyndigelse til udmøntning af nationale CO2-fortrængningskrav).,Om bemyndigelse til udmøntning af nationale CO2-fortrængningskrav.
8097,222011,,1,2021-04-29 00:00:00,17,86999,3,L 156,"Forslag til lov om ændring af lov om fremme af besparelser i energiforbruget, lov om fremme af energibesparelser i bygninger og lov om ændring af lov om elforsyning, lov om fremme af vedvarende energi og elsikkerhedsloven og om ophævelse af lov om tilskud til fremme af vedvarende energi i virksomheders produktionsprocesser. (Gennemførelse af dele af klimaaftalen, bemyndigelse til sammenkædning af finansielle foranstaltninger til energieffektive renoveringer i bygninger med planlagte eller gennemførte energibesparelser og udsættelse af frist for anmodning om udbetaling af tilskud, hvortil tilsagn allerede er meddelt).",Om gennemførelse af dele af klimaaftalen og bemyndigelse til sammenkædning af finansielle foranstaltninger til energieffektive renoveringer i bygninger m.v.  
8098,222999,,1,2021-04-29 00:00:00,17,87297,3,L 181,"Forslag til lov om ændring af fiskeriloven. (Ændrede vilkår for registrering som erhvervsfisker og erhvervsfiskerselskab, forenkling af bierhvervsfiskerreglerne, indberetningspligt for fritidsfiskere, krav om digital kommunikation, kontrolpunkter til søs m.v.).",Om ændrede vilkår for registrering som erhvervsfisker og erhvervsfiskerselskab m.v.
8101,222302,,1,2021-05-04 00:00:00,17,87100,3,L 160,Forslag til lov om ændring af lov om videreanvendelse af den offentlige sektors informationer. (Udvidelse af lovens anvendelsesområde og indførelse af fri adgang til offentlige datasæt af høj værdi).,Om udvidelse af anvendelsesområde og indførelse af fri adgang til offentlige datasæt af høj værdi i lov om videreanvendelse af den offentlige sektors informationer.
8102,224306,,1,2021-05-04 00:00:00,17,87580,3,L 191,Forslag til lov om screening af visse udenlandske direkte investeringer m.v. i Danmark (investeringsscreeningsloven).,Om screening af visse udenlandske direkte investeringer m.v. i Danmark.
8103,221081,,1,2021-05-04 00:00:00,17,86683,3,L 138,Forslag til lov om ændring af lov om mark- og vejfred. (Videreformidling af optagne katte).,Om videreformidling af optagne katte efter lov om mark- og vejfred.
8104,223416,,1,2021-05-04 00:00:00,17,87408,3,L 183,Forslag til lov om kontant og skattefri udbetaling af efterlønsbidrag og fleksydelsesbidrag i 2022.,Om kontant og skattefri udbetaling af efterlønsbidrag og fleksydelsesbidrag i 2022.
8105,221807,,1,2021-05-04 00:00:00,17,86939,3,L 151,Forslag til lov om ændring af færdselsloven. (Nedsættelse af aldersgrænsen for kørekort til stor knallert m.v.).,Om nedsættelse af aldersgrænsen for kørekort til stor knallert m.v.
8111,225311,,1,2021-05-06 00:00:00,17,87894,3,L 198,Forslag til lov om velfærdsaftaler på ældreområdet.,Om velfærdsaftaler på ældreområdet.
8112,225441,,1,2021-05-06 00:00:00,17,87904,3,L 199,Forslag til lov om velfærdsaftaler på dagtilbudsområdet og folkeskoleområdet.,Om lov om velfærdsaftaler på dagtilbudsområdet og folkeskoleområdet.
8113,220421,,1,2021-05-06 00:00:00,17,86457,3,L 128,Forslag til lov om ændring af færdselsloven. (Forhøjelse af afgift ved ulovlig standsning på handicapparkeringspladser og differentieret parkeringsafgift for lastbiler og busser afhængigt af betalingstidspunkt).,Om forhøjelse af afgift ved ulovlig standsning på handicappladser m.v.
8114,226635,,1,2021-05-06 00:00:00,17,88405,3,L 148 A,"Forslag til lov om ændring af lov om fremme af vedvarende energi, biobrændstofloven, lov om naturgasforsyning og forskellige andre love (Gennemførelse af dele af direktiv om fremme af anvendelsen af energi fra vedvarende energikilder, herunder bestemmelser om oprindelsesgarantier, tilladelsesprocesser, VE-fællesskaber, bæredygtighedskriterier og kriterier for drivhusgasemissionsbesparelser for biobrændstoffer, biomassebrændsler og flydende biobrændsler, m.v.)",Om gennemførelse af dele af direktiv om fremme af anvendelse af energi fra vedvarende energikilder m.v.
8117,226386,,1,2021-05-11 00:00:00,17,88314,3,L 218,"Forslag til lov om ændring af lov om arbejdsløshedsforsikring m.v. og lov om sygedagpenge. (Forlængelse af suspension af dagpengeforbrug, 4-månedersperioden ved opgørelse af karens og forbrug af supplerende dagpenge, mulighed for fravalg af årsopgørelsen for 2020 ved satsberegningen for selvstændige erhvervsdrivende og forlængelse af retten til sygedagpenge som følge af covid-19).",Om forlængelse af suspension af dagpengeforbruget og forlængelse af retten til sygedagpenge som følge af covid-19.
8118,226399,,1,2021-05-11 00:00:00,17,88315,3,L 219,"Forslag til lov om ændring af lov om aktiv socialpolitik. 
(Yderligere forlængelse af 12-månedersperioden i 225-timersreglen som følge af covid-19).",Om yderligere forlængelse af 12-månedersperioden i 225-timersreglen som følge af covid-19.
8119,223038,,1,2021-05-11 00:00:00,17,87301,3,L 171,"Forslag til lov om ændring af lov om naturgasforsyning, lov om fremme af vedvarende energi og forskellige andre love. (Indpasning af gas fra vedvarende energikilder, udbud af pristillæg for opgraderet biogas og andre gasser fra vedvarende energikilder, udbud af støtte til produktion af brændstoffer eller andre produkter fra elektricitet (power-to-x), justering af den økonomiske regulering af gasdistributionsselskaber og reglerne for gasdetailmarkedet og sidestillelse af regioner med kommuner i forhold til egenproduktion af elektricitet ved selskabsudskillelse m.v.).","Om indpasning af gas fra vedvarende energikilder, udbud af pristillæg for biogas og andre gasser fra vedvarende energikilder i lov om naturgasforsyning m.v."
8120,223061,,1,2021-05-11 00:00:00,17,87303,3,L 182,"Forslag til lov om ændring af sundhedsloven. (Vederlagsfri fortsat sygehusbehandling for personer fra Færøerne og Grønland, mellemkommunal refusion for socialtandpleje m.v.).",Om vederlagsfri fortsat sygehusbehandling for personer fra Færøerne og Grønland m.v.
8125,225363,,1,2021-05-18 00:00:00,17,87898,3,L 196,Forslag til lov om ændring af lov om Arbejdsmarkedets Tillægspension. (Udvidelse af bestyrelsens indstillingsret vedrørende tarifgrundlaget m.v.).,Om udvidelse af bestyrelsen for Arbejdsmarkedets Tillægspensions indstillingsret vedrørende tarifgrundlaget m.v.
8131,225389,,1,2021-05-20 00:00:00,17,87900,3,L 203,Forslag til lov om hjemrejse for udlændinge uden lovligt ophold (hjemrejseloven).,Om lov om hjemrejse for udlændinge uden lovligt ophold (hjemrejseloven).
8132,222986,,1,2021-05-20 00:00:00,17,87296,3,L 177,"Forslag til lov om ændring af lov om Danmarks Innovationsfond, lov om Danmarks Forsknings- og Innovationspolitiske Råd og Danmarks Frie Forskningsfond og lov om Danmarks Grundforskningsfond. (Justering af Danmarks Innovationsfonds formål og opgaver, henlæggelse af særlige virkemidler til fonden og justering af bestyrelsens kompetencer m.v.).",Om justering af Danmarks Innovationsfonds formål og opgaver m.v.
8180,226663,,1,2021-05-11 00:00:00,17,88412,3,L 225,Forslag til lov om ændring af lov om bemyndigelse til midlertidig fravigelse af bestemmelser om fysisk fremmøde ved generalforsamling i virksomheders vedtægter eller tilsvarende aftaler i forbindelse med covid-19. (Bemyndigelse til midlertidig udskydelse af indsendelsesfristen for årsrapporter og fravigelse af visse bestemmelser i virksomheders vedtægter eller tilsvarende aftaler).,Om bemyndigelse til midlertidig udskydelse af indsendelsesfristen for årsrapporter m.v. i forbindelse med covid-19 efter lov om fravigelse af bestemmelser om fysisk fremmøde ved generalforsamling i virksomheder m.v.
8181,224329,,1,2021-05-27 00:00:00,17,87582,3,L 190,Forslag til lov om leverandørsikkerhed i den kritiske teleinfrastruktur.,Om lov om leverandørsikkerhed i den kritiske teleinfrastruktur.
8182,225415,,1,2021-05-27 00:00:00,17,87902,3,L 207,Forslag til lov om fondsmæglerselskaber og investeringsservice og -aktiviteter.,Om lov om fondsmæglerselskaber og investeringsservice og -aktiviteter.
8183,225998,,1,2021-05-27 00:00:00,17,88136,3,L 209,"Forslag til lov om ændring af lov om en aktiv beskæftigelsesindsats, lov om organisering og understøttelse af beskæftigelsesindsatsen m.v., lov om aktiv socialpolitik, lov om social pension og lov om kompensation til handicappede i erhverv m.v. (Bedre ressourceforløb m.v.).",Om bedre ressourceforløb m.v.
8184,220090,,1,2021-05-27 00:00:00,17,86326,3,L 119,Forslag til lov om ændring af toldloven. (Tilpasning af toldloven til EU’s moderniserede pengeforordning m.v.).,Om tilpasning af toldloven til EU's moderniserede pengeforordning m.v.
8185,225298,,1,2021-05-27 00:00:00,17,87893,3,L 195,"Forslag til lov om ændring af lov om ændring af straffeloven, retsplejeloven, lov om konkurrence- og forbrugerforhold på telemarkedet, våbenloven, udleveringsloven samt lov om udlevering af lovovertrædere til Finland, Island, Norge og Sverige. (Ændring af revisionsbestemmelse).",Om ændring af revisionsbestemmelse i lov om konkurrence- og forbrugerforhold på telemarkedet og våbenloven m.v.   
8213,224754,,1,2021-06-01 00:00:00,17,87630,3,L 187,Forslag til lov om ændring af lov om rigsretten. (Øget offentlighed ved Rigsrettens offentlige forhandlinger ved transmission af lyd og billede).,Om øget offentlighed ved Rigsrettens offentlige forhandlinger ved transmission af lyd og billede.
8214,224767,,1,2021-06-01 00:00:00,17,87631,3,L 188,Forslag til lov om ændring af lov om rigsretten. (Offentlighed om hver dommers stemmeafgivning og begrundelse).,Om offentlighed om hver dommers stemmeafgivning og begrundelse.
8215,222947,,1,2021-06-01 00:00:00,17,87293,3,L 175,"Forslag til lov om ændring af lov om realkreditlån og realkreditobligationer m.v., lov om finansiel virksomhed og lov om et skibsfinansieringsinstitut. (Gennemførelse af direktiv om udstedelse af og offentligt tilsyn med dækkede obligationer og fastsættelse af overdækningskrav m.v. på baggrund af kapitalkravsforordningen (CRR)).",Om gennemførelse af direktiv om udstedelse af og offentligt tilsyn med dækkede obligationer og fastsættelse af overdækningskrav m.v. på baggrund af kapitalkravsforordningen (CRR).
8216,227472,,1,2021-06-01 00:00:00,17,88770,3,L 193 A,"Forslag til lov om ændring af lov om en garantifond for skadesforsikringsselskaber, lov om investeringsforeninger m.v., hvidvaskloven og forskellige andre love. (Øget investorbeskyttelse ved grænseoverskridende markedsføring af investeringer og styrket tilsyn med aktører på det digitale marked for finansielle ydelser m.v.).",Om øget investorbeskyttelse ved grænseoverskridende markedsføring af investeringer m.v.
8217,227476,,1,2021-06-01 00:00:00,17,88771,3,L 193 B,Forslag til lov om ændring af lov om restrukturering og afvikling af visse finansielle virksomheder og ligningsloven. (Oprettelse af gældsrådsgivningsenhed i Finansiel Stabilitet som følge af aftale om erstatning m.v. til minkavlerne og følgeerhverv berørt af covid-19).,Om restrukturering og afvikling af visse finansielle virksomheder og ligningsloven.
8218,227480,,1,2021-06-01 00:00:00,17,88772,3,L 193 C,Forslag til lov om ændring af lov om Danmarks Grønne Investeringsfond. (Etablering af Danmarks Grønne Fremtidsfond samt finansiering gennem statsligt genudlån).,Om etablering af Danmarks Grønne Fremtidsfond.
8219,220779,,1,2021-06-01 00:00:00,17,86582,3,L 133,Forslag til lov om ændring af dødsboskatteloven og kildeskatteloven. (Indgreb mod skatteundgåelse ved overtagelse af virksomhed i virksomhedsordningen).,Om indgreb mod skatteundgåelse ved overtagelse af virksomhed i virksomhedsordningen.
8220,227603,,1,2021-06-01 00:00:00,17,88804,3,L 211 A,"Forslag til lov om ændring af selskabsskatteloven og forskellige andre love. (EU-retlig tilpasning af foreningsbeskatningen, diverse justeringer af investeringsinstitutters beskatning, skattefritagelse af selvejende plejehjem og plejeboliger, forhøjelse af det skattefri bundfradrag for ydelser fra sociale fonde m.v., indberetning af udbytter af aktier m.v. registreret i en dansk værdipapircentral og kontoført af en udenlandsk kontofører og ændringer som følge af det midlertidige forbud mod hold af mink m.v.).   ",Om EU-retlig tilpasning af foreningsbeskatningen og justering af reglerne for investeringsinstitutters beskatning af udbytte fra danske aktier m.v.
8221,226511,,1,2021-06-01 00:00:00,17,88361,3,L 227,Forslag til lov om indfødsrets meddelelse.,Om indfødsrets meddelelse.
8222,225350,,1,2021-06-01 00:00:00,17,87897,3,L 194,"Forslag til lov om ændring af lov om almene boliger m.v., lov om leje af almene boliger og lov om leje. (Tidligere hårde ghettoområder, som er omfattet af en udviklingsplan).","Om tidligere hårde ghettoområder, som er omfattet af en udviklingsplan."
8223,225324,,1,2021-06-01 00:00:00,17,87895,3,L 204,"Forslag til lov om ændring af lov om autorisation af sundhedspersoner og om sundhedsfaglig virksomhed, lov om tobaksvarer m.v., lov om elektroniske cigaretter m.v. og forskellige andre love. (Ændring af journalføringsreglerne, reaktionsmulighed ved manglende betaling af registreringsgebyr på tatoveringsområdet og supplerende bestemmelser i tilknytning til markedsovervågningsforordningen samt lovtekniske ændringer i psykiatriloven og strålebeskyttelsesloven).","Om ændring af journalføringsreglerne, reaktionsmulighed ved manglende betaling af registreringsgebyr på tatoveringsområdet m.v."
8275,227701,,1,2021-06-03 00:00:00,17,88834,3,L 189 A,"Forslag til lov om ændring af straffeloven, lov om politiets virksomhed, retsplejeloven og udlændingeloven. (Forbud mod deltagelse i nattelivet, udvidet adgang til beslaglæggelse af værdigenstande og udvisning af udlændinge dømt for vanvidskørsel m.v.).","Om forbud mod deltagelse i nattelivet, udvidet adgang til beslaglæggelse af værdigenstande og udvisning af udlændinge dømt for vanvidskørsel m.v."
8281,227705,,1,2021-06-03 00:00:00,17,88835,3,L 189 B,Forslag til lov om politiets virksomhed. (Tryghedsskabende opholdsforbud).,Om tryghedsskabende opholdsforbud.
8282,227720,,1,2021-06-03 00:00:00,17,88837,3,L 212 A,"Forslag til lov om ændring af retsplejeloven og forskellige andre love og om ophævelse af lov om udpantning og om udlæg uden grundlag af dom eller forlig. (Effektivisering af straffesagskæden, digital kommunikation i skiftesager, pligtig afgangsalder for dommerfuldmægtige m.v.).","Om effektivisering af straffesagskæden, digital kommunikation i skiftesager og pligtig afgangsalder for dommerfuldmægtige m.v. "
8283,227724,,1,2021-06-03 00:00:00,17,88838,3,L 212 B,"Forslag til lov om ændring af retsplejeloven. (Øget brug
af telekommunikation med billede i retsmøder om visse foranstaltninger).",Om øget brug af telekommunikation med billede i retsmøder om visse foranstaltninger.
8284,227728,,1,2021-06-03 00:00:00,17,88839,3,L 212 C,"Forslag til lov om ændring af retsplejeloven, lov om aktiv socialpolitik og forskellige andre love. (Nedsættelse af visse offentlige ydelser ved tiltaltes udeblivelse uden dokumenteret lovligt forfald).",Om nedsættelse af visse offentlige ydelser ved tiltaltes udeblivelse uden dokumenteret lovligt forfald.
8285,226576,,1,2021-06-03 00:00:00,17,88366,3,L 222,"Forslag til lov om ændring af retsplejeloven. (Nyt uafhængigt tilsyn med bevismidler, udvidelse af politiklageordningen og justering af ordningen med fartbøder til politiets personale i forbindelse med udrykningskørsel som led i tjenesten).",Om nyt uafhængigt tilsyn med bevismidler og udvidelse af politiklageordningen m.v.
8286,226524,,1,2021-06-03 00:00:00,17,88362,3,L 223,Forslag til lov om ændring af købeloven og lov om markedsføring. (Ændring af reglerne om forbrugerkøb som følge af implementering af varedirektivet og direktivet om digitalt indhold).,Om ændring af reglerne om forbrugerkøb som følge af implementering af varedirektivet og direktivet om digitalt indhold.
8288,226498,,1,2021-06-03 00:00:00,17,88360,3,L 229,"Forslag til lov om ændring af lov om naturbeskyttelse, lov om skove, dyrevelfærdsloven, lov om mark- og vejfred og færdselsloven. (Adgang til at etablere naturnationalparker og obligatorisk digital kommunikation m.v.).",Om adgang til at etablere naturnationalparker og obligatorisk digital kommunikation m.v.
8289,225337,,1,2021-06-03 00:00:00,17,87896,3,L 205,"Forslag til lov om ændring af lov om ophavsret. (Implementering af dele af direktiv om ophavsret og beslægtede rettigheder på det digitale indre marked og direktiv om regler for udøvelse af ophavsretten og beslægtede rettigheder, der gælder for visse af tv- og radioselskabernes onlinetransmissioner og retransmissioner af tv- og radioprogrammer m.v.).",Om implementering af dele af direktiv om ophavsret m.v. og om regler for visse af tv- og radioselskabernes onlinetransmissioner m.v.
8324,226867,,1,2021-06-04 00:00:00,17,88489,3,L 232,"Forslag til lov om ændring af lov om inddrivelse af gæld til det offentlige, skatteforvaltningsloven og dødsboskatteloven.  (Ændringer med henblik på at understøtte overførsel af fordringer til nyt inddrivelsessystem, automatiseret modregning og håndtering af indbetalinger på gæld med retskrafttvivl eller mistanke om datafejl m.v.).",Om ændringer vedrørende nyt inddrivelsessystem m.v.
8325,226854,,1,2021-06-04 00:00:00,17,88487,3,L 233,"Forslag til lov om ændring af lov om energiafgift af mineralolieprodukter m.v., spiritusafgiftsloven, momsloven og forskellige andre love. (Implementering af det omarbejdede cirkulationsdirektiv, direktivet om militær mobilitet og ændringer i alkoholstrukturdirektivet, justering af reglerne om adgang til virksomheders bevillings- og registreringsforhold, præcisering af bagatelgrænsereglen i en række afgiftslove, justering af momsreglerne for udlejningsvirksomheder og køreskolers salg af motorkøretøjer og tilpasning til EU-regler af tidspunktet for momsfradragsrettens indtræden m.v.).",Om implementering af EU-direktiver og forskellige ændringer af energiafgifter m.v.
8363,226063,,1,2021-06-24 00:00:00,17,88142,3,L 213,Forslag til lov om beskyttelse af whistleblowere.,Om beskyttelse af whistleblowere. 
8364,227411,,1,2021-06-24 00:00:00,17,88737,3,L 234,Forslag til lov om ændring af epidemiloven. (Overvågning af smitsomme sygdomme via spildevand).,Om overvågning af smitsomme sygdomme via spildevand.
8365,228013,,1,2021-06-24 00:00:00,17,88989,3,L 235 A,Forslag til lov om ændring af lov om arbejdsgiveres adgang til at pålægge lønmodtagere at blive testet for covid-19 m.v. og lov om udstationering af lønmodtagere m.v. (Udskydelse af solnedgangsklausul).,Om udskydelse af solnedgangsklausuler i regler om covid-19-test af lønmodtagere m.v. 
8366,228017,,1,2021-06-24 00:00:00,17,88990,3,L 235 B,"Forslag til lov om ændring af lov om forebyggelse af smitte med covid-19, når arbejdsgivere stiller bolig til rådighed for ansatte, og lov om pligt til at sikre covid-19-test af tilrejsende arbejdskraft efter indrejse i Danmark. (Udskydelse af solnedgangsklausuler).",Om udskydelse af solnedgangsklausuler i regler om forebyggelse af covid-19. 
8367,227805,,1,2021-06-24 00:00:00,17,88900,3,L 237,"Forslag til lov om ændring af lov om arbejdsløshedsforsikring m.v., lov om sygedagpenge og barselsloven. (Dagpengeret til selvstændige erhvervsdrivende uden forudgående medlemskab af en arbejdsløshedskasse, midlertidigt ophør af selvstændig virksomhed, forlængelse af den midlertidige periode med ret til sygedagpenge for lønmodtagere, der er i øget risiko ved smitte med covid-19, og for lønmodtagere, der er pårørende til personer, der er i øget risiko ved smitte med covid-19, og indførelse af periode, der kan ses bort fra ved vurdering af beskæftigelseskravet for ret til syge- og barselsdagpenge for selvstændige).",Om forlængelse af retten til sygedagpenge som følge af covid-19 m.v.
8368,227944,,1,2021-06-24 00:00:00,17,88958,3,L 238,Forslag til lov om ændring af lov om en aktiv beskæftigelsesindsats. (Særlig løntilskudsordning for langtidsledige seniorer).,Om en særlig løntilskudsordning for langtidsledige seniorer.
8375,228581,,1,2021-08-27 00:00:00,17,89413,3,L 240,Forslag til lov om fornyelse af overenskomster og aftaler for sygeplejersker.,Om fornyelse af overenskomster og aftaler for sygeplejersker.
8377,229283,,1,2021-10-14 00:00:00,17,89639,3,L 9,"Forslag til lov om ændring af lov om rentefrie lån svarende til angivet moms og lønsumsafgift og fremrykket udbetaling af skattekreditter m.v. i forbindelse med covid-19 og lov om midlertidig udskydelse af angivelses- og betalingsfrister m.v. på skatteområdet i forbindelse med covid-19. (Udskydelse af tilbagebetalingsfrister for låneordninger for moms, midlertidig forlængelse af maksimal varighed for betalingsordninger for skattekontoen og nedsættelse af beløbsgrænse for kreditsaldo på skattekontoen som følge af covid-19).","Om udskydelse af tilbagebetalingsfrister for låneordninger for moms, midlertidig forlængelse af maksimal varighed for betalingsordninger for skattekontoen og nedsættelse af beløbsgrænse for kreditsaldo på skattekontoen som følge af covid-19."
8382,229126,,1,2021-11-09 00:00:00,17,89627,3,L 3,Forslag til lov om ændring af lov om Digital Post fra offentlige afsendere. (Omstillingsperiode ved overgang til en ny digital post-løsning).,Om omstillingsperiode ved overgang til en ny digital postløsning.
8383,229569,,1,2021-11-09 00:00:00,17,89661,3,L 35,Forslag til lov om ændring af lov om folkeskolen. (Frihedsgrader til håndtering af faglige udfordringer som følge af covid-19 hos elever i folkeskolen i skoleåret 2021/22).,Om håndtering af faglige udfordringer som følge af covid-19 hos folkeskoleelever i skoleåret 2021/22.
8384,229257,,1,2021-11-09 00:00:00,17,89637,3,L 17,Forslag til lov om ændring af lov om social pension. (Særlig adgang til oplysninger fra Rigsarkivet for ansøgere af tidlig pension m.v.).,Om særlig adgang til oplysninger fra Rigsarkivet for ansøgere af tidlig pension m.v.
8385,231295,,1,2021-11-11 00:00:00,17,90209,3,L 42 A,Forslag til lov om ændring af lov om dansk indfødsret. (Adgang for børn af dansksindede sydslesvigere til at blive danske statsborgere som biperson).,Om adgang for børn af dansksindede sydslesvigere til at blive danske statsborgere som biperson.
8386,231299,,1,2021-11-11 00:00:00,17,90210,3,L 42 B,"Forslag til lov om ændring af lov om dansk indfødsret og ophævelse af lov om indfødsretsprøven af 2015. (Afskaffelse af erklæringsadgangen for naturaliserede nordiske statsborgere mellem 18 og 23 år, spørgsmål om danske værdier i en indfødsretsprøve, bemyndigelse til at fastsætte nærmere regler om udveksling af håndtryk ved en grundlovsceremoni og forhøjelse af gebyret, der betales ved indgivelse af en ansøgning om dansk statsborgerskab ved naturalisation).",Om forskellige ændringer i lov om dansk indfødsret og ophævelse af lov om indfødsretsprøven af 2015.
8387,229270,,1,2021-11-11 00:00:00,17,89638,3,L 43,"Forslag til lov om midlertidig opholdstilladelse til personer, der i Afghanistan har bistået danske myndigheder m.v. ","Om midlertidig opholdstilladelse til personer, der i Afghanistan har bistået danske myndigheder m.v. "
8388,229426,,1,2021-11-11 00:00:00,17,89650,3,L 26,Forslag til lov om Slots- og Kulturstyrelsens kontrol og tilsyn med covid-19-kompensationsordninger m.v. på Kulturministeriets område.,Om Slots- og Kulturstyrelsens kontrol og tilsyn med covid-19-kompensationsordninger m.v. på Kulturministeriets område.
8389,231316,,1,2021-11-11 00:00:00,17,90216,3,L 61,Forslag til lov om ændring af lov om midlertidige foranstaltninger på børne- og undervisningsområdet og folkehøjskoleområdet og for den frie folkeoplysende virksomhed til forebyggelse og afhjælpning i forbindelse med covid-19. (Forlængelse af lovens gyldighed).,Om midlertidige foranstaltninger på børne- og undervisningsområdet og folkehøjskoleområdet og for den frie folkeoplysende virksomhed til forebyggelse og afhjælpning i forbindelse med covid-19.
8396,229595,,1,2021-11-23 00:00:00,17,89663,3,L 34,"Forslag til lov om ændring af lov om erhvervsuddannelser, lov om Arbejdsgivernes Uddannelsesbidrag og forskellige andre love. (Udmøntning af trepartsaftale om flere lærepladser og entydigt ansvar).",Om udmøntning af trepartsaftale om flere lærepladser og entydigt ansvar.
8397,229543,,1,2021-11-23 00:00:00,17,89659,3,L 36,"Forslag til lov om ændring af lov om ændring af lov om folkeskolen, lov om friskoler og private grundskoler m.v., lov om social service og lov om en børne- og ungeydelse. (Udskydelse af revisionsbestemmelse).","Om udskydelse af revisionsbestemmelse i lov om ændring af lov om folkeskolen, lov om friskoler og private grundskoler m.v., lov om social service og lov om en børne- og ungeydelse."
8398,229504,,1,2021-11-23 00:00:00,17,89656,3,L 37,Forslag til lov om ændring af lov om de gymnasiale uddannelser. (Ophævelse af revisionsbestemmelse).,Om ophævelse af revisionsbestemmelse i lov om de gymnasiale uddannelser.
8399,229491,,1,2021-11-23 00:00:00,17,89655,3,L 38,Forslag til lov om ændring af lov om kommunale internationale grundskoler. (Ophævelse af revisionsbestemmelse).,Om ophævelse af revisionsbestemmelse i lov om kommunale internationale grundskoler. 
8401,229205,,1,2021-11-23 00:00:00,17,89633,3,L 24,Forslag til lov om ændring af byggeloven. (Bemyndigelse til fastsættelse af krav til bygningers klimapåvirkning m.v.).,Om bemyndigelse til fastsættelse af krav til bygningers klimapåvirkning m.v.
8402,229192,,1,2021-11-23 00:00:00,17,89632,3,L 16,"Forslag til lov om ændring af lov om forbrugeraftaler og lov om aftaler og andre retshandler på formuerettens område. (Ændring af reglerne om forbrugeraftaler som følge af implementering af visse dele af direktivpakken New Deal for Consumers (moderniseringsdirektivet) og ændringer af forbrugerbeskyttende regler, der falder uden for implementering af moderniseringsdirektivet).",Om ændring af reglerne om forbrugeraftaler som følge af implementering af visse dele af direktivpakken moderniseringsdirektivet m.v.
8406,230422,,1,2021-11-25 00:00:00,17,89964,3,L 91,"Forslag til lov om ændring af lov om godkendelse og syn af køretøjer. (Godkendelse af køretøjer, der ikke er omfattet af typegodkendelsesforordningerne).","Om godkendelse af køretøjer, der ikke er omfattet af typegodkendelsesforordningerne."
8407,231667,,1,2021-11-25 00:00:00,17,90332,3,L 94,"Forslag til lov om arbejdsgiveres adgang til at pålægge lønmodtagere forevisning af coronapas, test for covid-19 m.v.","Om arbejdsgiveres adgang til at pålægge lønmodtagere forevisning af coronapas, test for covid-19 m.v."
8408,229335,,1,2021-11-25 10:00:00,17,89643,3,L 4,Forslag til lov om gennemførelse af protokol om ændring af dobbeltbeskatningsoverenskomsten mellem Kongeriget Danmark og Ukraine.,Om dobbeltbeskatningsoverenskomsten mellem Kongeriget Danmark og Ukraine.
8409,229322,,1,2021-11-25 10:00:00,17,89642,3,L 5,Forslag til lov om gennemførelse af protokol til ændring af dobbeltbeskatningsoverenskomsten mellem Kongeriget Danmark og Forbundsrepublikken Tyskland.,Om dobbeltbeskatningsoverenskomsten mellem Kongeriget Danmark og Forbundsrepublikken Tyskland.
8410,229309,,1,2021-11-25 10:00:00,17,89641,3,L 6,"Forslag til lov om ændring af registreringsafgiftsloven, skatteforvaltningsloven, virksomhedsskatteloven og forskellige andre love. (Ændring af den skatte- og afgiftsmæssige behandling af ladestandere til køretøjer, stramning af leasingregler for køretøjer, indførelse af særlig procedure for partshøring ved værdifastsættelse af nye og brugte køretøjer m.v. og indførelse af solidarisk hæftelse for selvanmeldere m.v.)",Om at gennemføre en række ændringer på motorområdet m.v.
8411,231831,,1,2021-11-25 00:00:00,17,90384,3,L 7 A,"Forslag til lov om ændring af skattekontrolloven og ligningsloven. (Kompetence til godkendelse af oplysningsskemaet m.v., lempelse af kravet om udarbejdelse af transfer pricing-dokumentation i visse rent danske situationer, justering af straffebestemmelsen om indgivelse af land for land-rapport, beskatning af lejeindtægter ved udlejning af helårsbolig og godkendelse af små patientforeninger for sjældne sygdomme som almenvelgørende foreninger m.v.).","Om lempelse af kravet om udarbejdelse af transfer pricing-dokumentation i visse rent danske situationer, beskatning af lejeindtægter ved udlejning af helårsbolig og godkendelse af små patientforeninger for sjældne sygdomme som almenvelgørende foreninger"
8412,231835,,1,2021-11-25 00:00:00,17,90383,3,L 7 B,Forslag til lov om ændring af skattekontrolloven. (Regnskabsføring i fremmed valuta for visse udenlandske kulbrinteskattepligtige).,Om regnskabsføring i fremmed valuta for visse udenlandske kulbrinteskattepligtige.
8413,229439,,1,2021-11-25 00:00:00,17,89651,3,L 29,Forslag til lov om projektering og anlæg af en energiø i Nordsøen.,Om projektering og anlæg af en energiø i Nordsøen.
8414,229517,,1,2021-11-25 00:00:00,17,89657,3,L 31,Forslag til lov om ændring af lov om klima. (Indikativt klimamål for 2025).,Om indikativt klimamål for 2025.
8415,229387,,1,2021-11-25 00:00:00,17,89647,3,L 13,Forslag til lov om ændring af lov om markedsføring. (Gennemførelse af ændringer i direktivet om urimelig handelspraksis og indførelse af regler om handelspraksis rettet mod børn og unge samt ny bødemodel m.v.).,"Om ændringer i direktivet om urimelig handelspraksis, indførelse af regler om handelspraksis rettet mod børn og unge samt ny bødemodel m.v."
8416,229361,,1,2021-11-30 00:00:00,17,89645,3,L 10,Forslag til lov om ændring af lov om anvendelsen af visse af Den Europæiske Unions retsakter om økonomiske forbindelser til tredjelande m.v. (Ophævelse af forbud mod teknisk bistand og indførelse af straffebestemmelse for ny kontrol med cyberovervågningsprodukter).,Om ophævelse af forbud mod teknisk bistand og indførelse af straffebestemmelse for ny kontrol med cyberovervågningsprodukter.
8417,229374,,1,2021-11-30 00:00:00,17,89646,3,L 11,"Forslag til lov om ændring af lov om administration af tilskud fra Den Europæiske Regionalfond og Den Europæiske Socialfond og lov om erhvervsfremme. (Tilpasninger af reglerne om administration af EU-forordninger vedrørende Regionalfonden, Socialfonden Plus og Fonden for Retfærdig Omstilling m.v.).","Om tilpasninger af reglerne om administration af EU-forordninger vedrørende Regionalfonden, Socialfonden Plus og Fonden for Retfærdig Omstilling m.v."
8422,229153,,1,2021-12-02 00:00:00,17,89629,3,L 32,Forslag til lov om ændring af SU-loven og lov om statens voksenuddannelsesstøtte. (Ligestilling ved tildeling af ekstra SU i forbindelse med fødsel eller adoption m.v.).,Om ligestilling ved tildeling af ekstra SU i forbindelse med fødsel eller adoption m.v.
8423,229621,,1,2021-12-02 00:00:00,17,89665,3,L 19,"Forslag til lov om ændring af taxiloven. (Dokumentationskrav til brug for tilsyn og med hensyn til danskkundskaber for chauffører, gebyrer og overenskomstkrav for tilladelser i henhold til tidligere gældende lov om taxikørsel m.v.).",Om justering af taxiloven.
8424,229660,,1,2021-12-02 00:00:00,17,89668,3,L 21,Forslag til lov om ændring af færdselsloven og lov om produkter og markedsovervågning. (Markedsovervågning på færdselsområdet m.v.).,Om markedsovervågning på færdselsområdet m.v.
8425,229991,,1,2021-12-02 00:00:00,17,89829,3,L 46,Forslag til lov om ændring af postloven. (Hjemmel til at sanktionere overtrædelse af indberetningsforpligtelser efter forordning om grænseoverskridende pakkeleveringstjenester).,Om sanktioner for overtrædelse af indberetningsforpligtelser efter forordningen om grænseoverskride pakkeleveringstjenester.
8426,229673,,1,2021-12-02 00:00:00,17,89669,3,L 22,"Forslag til lov om ændring af jernbaneloven, lov om elektrificering af jernbanen og ligningsloven. (Fravigelse af støjkrav i forbindelse med jernbaneprojekter i særlige tilfælde og kompensation herfor).",Om fravigelse af støjkrav i forbindelse med jernbaneprojekter i særlige tilfælde og kompensation herfor.
8427,229452,,1,2021-12-02 00:00:00,17,89652,3,L 33,Forslag til lov om ændring af lov om forsvarets personel. (Udvidelse af ordningen for supplerende ydelse for udsendt personel m.v.).,Om udvidelse af ordningen for supplerende ydelse for udsendte personel m.v.
8429,232048,,1,2021-12-02 00:00:00,17,90483,3,L 44 A,Forslag til lov om ændring af lov om forsøgsordning med medicinsk cannabis. (Permanent mulighed for dyrkning af cannabis m.v.).,Om permanent mulighed for dyrkning af cannabis m.v.
8431,232052,,1,2021-12-02 00:00:00,17,90482,3,L 44 B,Forslag til lov om ændring af lov om forsøgsordning med medicinsk cannabis. (Forlængelse af forsøgsordningen).,Om forlængelse af forsøgsordningen.
8443,232127,,1,2021-12-09 00:00:00,17,90518,3,L 98,"Forslag til lov om ændring af lov om sygedagpenge og barselsloven. (Udvidet ret for arbejdsgiver til refusion og for selvstændige til sygedagpenge som følge af covid-19 samt ny midlertidig periode med ret til dagpenge ved pasning af børn som følge af covid-19).
 
",Om udvidet ret for arbejdsgivere til refusion og for selvstændige til sygedagpenge samt ret til dagpenge ved pasning af børn som følge af covid-19.
8444,229231,,1,2021-12-09 00:00:00,17,89635,3,L 27,"Forslag til lov om ændring af lov om retssikkerhed og administration på det sociale område, lov om social service og lov om bekæmpelse af ungdomskriminalitet. (Forenkling og præcisering af regler om finansiering, mellemkommunal refusion og satsregulering m.v.).","Om forenkling og præcisering af regler om finansiering, mellemkommunal refusion og satsregulering m.v."
8445,230004,,1,2021-12-09 00:00:00,17,89830,3,L 50,Forslag til lov om ændring af lov om trossamfund uden for folkekirken. (Udskydelse af revisionsbestemmelse).,Om udskydelse af revisionsbestemmelse i lov om trossamfund uden for folkekirken.
8446,229647,,1,2021-12-09 10:00:00,17,89667,3,L 20,"Forslag til lov om ændring af lov om luftfart. (Præcisering af rammerne for indskrænkninger i adgangen til luftfart og for tildeling af tilladelse til at udføre ruteflyvning, hjemmel til krav om sikkerhedsgodkendelser m.v.).",Om rammerne for indskrænkninger i adgangen til luftfart og for tildeling af tilladelse til at udføre ruteflyvning m.v.
8452,231131,,1,2021-12-14 00:00:00,17,90152,3,L 75,"Forslag til lov om ændring af pensionsbeskatningsloven, pensionsafkastbeskatningsloven og forskellige andre love. (Korrektion af fejlindbetalinger til pensionsordninger, flytning af årets pensionsindbetalinger til andet pensionsinstitut og justeringer af bl.a. pensionsbeskatningsloven og pensionsafkastbeskatningsloven).","Om korrektion af fejlindbetalinger til pensionsordninger, flytning af pensionsindbetalinger til andet pensionsinstitut m.v."
8453,229478,,1,2021-12-14 00:00:00,17,89654,3,L 39,"Forslag til lov om ændring af lov om Arbejdsgivernes Uddannelsesbidrag. (Justering af fleksibelt uddannelsesbidrag og aktivitetsafhængigt VEU-bidrag for 2022, fastsættelse af modelparametre for erhvervsuddannelser til brug for beregning af praktikpladsafhængigt arbejdsgiverbidrag for 2022 og fastholdelse af merbidragssats m.v.).",Om årlig justering af det fleksible uddannelsesbidrag og det aktivitetsafhængige VEU-bidrag m.v.
8454,229140,,1,2021-12-14 13:00:00,17,89628,3,L 15,"Forslag til lov om ændring af straffeloven, retsplejeloven og lov om tilhold, opholdsforbud og bortvisning. (Styrket indsats mod stalking).",Om styrket indsats mod stalking.
8459,229166,,1,2021-12-16 10:00:00,17,89630,3,L 14,"Forslag til lov om ændring af straffeloven, retsplejeloven, hvidvaskloven og forskellige andre love. (Implementering af initiativer i aftale om politiets og anklagemyndighedens økonomi 2021-2023, herunder etablering af National Enhed for Særlig Kriminalitet).","Om implementering af initiativer i aftale om politiets og anklagemyndighedens økonomi, herunder etablering af National Enhed for Særlig Kriminalitet."
8460,232610,,1,2021-12-16 00:00:00,17,90725,3,L 52 A,Forslag til lov om ændring af lov om pas til danske statsborgere m.v. (Styrkelse af passikkerheden m.v.).,Om styrkelse af passikkerheden m.v.
8461,232614,,1,2021-12-16 00:00:00,17,90726,3,L 52 B,"Forslag til lov om ændring af lov om Det Centrale Personregister. (Palæstina, Gaza, Vestbredden og Østjerusalem som fødselsregistreringssted i CPR).",Om fødselsregistreringssted i CPR.
8462,230373,,1,2021-12-16 00:00:00,17,89960,3,L 51,Forslag til lov om ændring af lov om ændring af kriminallov for Grønland og retsplejelov for Grønland. (Ophævelse af ophørsklausul for foranstaltninger til at forebygge og inddæmme smitte med covid-19 m.v.).,Om ophævelse af ophørsklausul for foranstaltninger til at forebygge og inddæmme smitte med covid-19 m.v.
8463,230435,,1,2021-12-16 00:00:00,17,89965,3,L 54,"Forslag til lov for Grønland om identifikation af aktionærer, videregivelse af oplysninger og lettelse af udøvelsen af aktionærrettigheder.","Om identifikation af aktionærer, videregivelse af oplysninger og lettelse af udøvelsen af aktionærrettigheder."
8464,231027,,1,2021-12-16 00:00:00,17,90143,3,L 70,Forslag til lov om ændring af lov om stormflod og stormfald. (Indførelse af erstatning for visse skader forårsaget af tørke samt ændring af lovens titel m.v.).,Om indførelse af erstatning for visse skader forårsaget af tørke m.v.
8465,229179,,1,2021-12-16 00:00:00,17,89631,3,L 25,"Forslag til lov om ændring af lov om valg til Folketinget, lov om valg af danske medlemmer til Europa-Parlamentet og lov om kommunale og regionale valg. (Forbud mod betaling for vælgererklæringer og stillerunderskrifter samt krav om godkendelse af navneændring for opstillingsberettigede partier m.v.).",Om forbud mod betaling for vælgererklæringer og stillerunderskrifter samt krav om godkendelse af navneændring for opstillingsberettigede partier m.v.
8466,230934,,1,2021-12-16 00:00:00,17,90134,3,L 58,Forslag til lov om ændring af lov om frikommunenetværk. (Forlængelse af udvalgte forsøgsmuligheder i Frikommuneforsøg II).,Om forlængelse af udvalgte forsøgsmuligheder i Frikommuneforsøg II.
8467,230908,,1,2021-12-16 00:00:00,17,90132,3,L 79,Forslag til lov om ændring af lov om beskyttelse af havmiljøet. (Geologisk lagring af CO2 under havbunden).,Om geologisk lagring af CO2 under havbunden.
8468,231092,,1,2021-12-16 00:00:00,17,90149,3,L 68,"Forslag til lov om ændring af lov om institutioner for almengymnasiale uddannelser og almen voksenuddannelse m.v., lov om de gymnasiale uddannelser, lov om private institutioner for gymnasiale uddannelser og lov om institutioner for erhvervsrettet uddannelse. (Udskydelse af solnedgangsklausul, afskaffelse af ventelister, begrænsning af mulighed for institutionsskift, etablering af tilskudsloft for elever på private gymnasier og midlertidigt stop for optag).","Om udskydelse af solnedgangsklausul, afskaffelse af ventelister, begrænsning af mulighed for institutionsskift, etablering af tilskudsloft for elever på private gymnasier og midlertidigt stop for optag."
8481,232525,,1,2021-12-21 00:00:00,17,90697,3,L 101,"Forslag til lov om ændring af lov om social pension, lov om højeste, mellemste, forhøjet almindelig og almindelig førtidspension m.v. og lov om arbejdsløshedsforsikring m.v.
 (Forlængelse af midlertidig ordning om ret til at få fratrukket merindtægt som følge af arbejde relateret til covid-19 ved indtægtsregulering af folke-, senior- og førtidspension m.v. og fritagelse for fradrag i efterløn for merindtægt fra arbejde relateret til covid-19).
","Om forlængelse af retten til at få fratrukket merindtægt som følge af arbejde relateret til covid-19 ved indtægtsregulering af folke-, senior- og førtidspension m.v."
8482,232538,,1,2021-12-21 00:00:00,17,90698,3,L 102,"Forslag til lov om ændring af lov om adgang til iværksættelse af midlertidig arbejdsfordeling som led i håndteringen af covid-19 og lov om arbejdsløshedsforsikring m.v. (Forlængelse af den midlertidige arbejdsfordelingsordning m.v.).
","Om forlængelse af den midlertidige arbejdsfordelingsordning m.v.
"
8483,230973,,1,2021-12-21 00:00:00,17,90137,3,L 66,"Forslag til lov om ændring af lov om en aktiv beskæftigelsesindsats og lov om arbejdsmiljø. (Forlængelse af retten til uddannelse for personer, der har arbejdet i minkerhvervet eller følgeerhverv, inden for en pulje til og med 2022 og bemyndigelse til at fastsætte regler om Arbejdstilsynets behandling af personoplysninger i forbindelse med brug af hjælpeværktøjer m.v.).","Om forlængelse af retten til uddannelse for personer, der har arbejdet i minkerhvervet eller følgeerhverv, inden for en pulje til og med 2022 m.v."
8609,228971,,1,2021-12-22 00:00:00,17,89569,3,L 1,Forslag til finanslov for finansåret 2022.,Om finanslov for finansåret 2022.
8610,228999,,1,2021-12-22 00:00:00,17,89571,3,L 2,"Forslag til lov om fastsættelse af udgiftslofter for stat, kommuner og regioner for finansåret 2025.","Om fastsættelse af udgiftslofter for stat, kommuner og regioner for finansåret 2025."
8616,230895,,1,2022-01-20 00:00:00,17,90131,3,L 83,Forslag til lov om ændring af lov om internationalt udviklingssamarbejde. (Ændring af grundlag for oplysningsarbejde om udviklingssamarbejde).,Om ændring af grundlag for oplysningsarbejde om udviklingssamarbejde.
8617,233189,,1,2022-01-20 00:00:00,17,90943,3,L 85 B,Forslag til lov om ændring af lov om elektroniske cigaretter m.v. og lov om tobaksvarer m.v. (Tilpasning af gebyrmodellerne for produkter omfattet af lov om elektroniske cigaretter m.v. og lov om tobaksvarer m.v.).,Om tilpasning af gebyrmodellerne for produkter omfattet af lov om elektroniske cigaretter m.v. og lov om tobaksvarer m.v.
8618,232010,,1,2022-01-20 00:00:00,17,90470,3,L 97,"Forslag til lov om ændring af lov om kliniske forsøg med lægemidler, lov om videnskabsetisk behandling af sundhedsvidenskabelige forskningsprojekter og sundhedsdatavidenskabelige forskningsprojekter og sundhedsloven. (Lovteknisk opdatering og mindre præciseringer af national lovgivning til EU-forordning om kliniske forsøg med humanmedicinske lægemidler).",Om kliniske forsøg med humanmedicinske lægemidler.
8626,230921,,1,2022-01-25 00:00:00,17,90133,3,L 76,Forslag til lov om ændring af lov om fuldbyrdelse af straf m.v. (Indskrænkning af livstidsdømtes og visse forvaringsdømtes rettigheder).,Om indskrænkning af livstidsdømtes og visse forvaringsdømtes rettigheder.
8628,233243,,1,2022-01-25 00:00:00,17,90972,3,L 62 A,"Forslag til lov om ændring af lov om godskørsel, lov om buskørsel og lov om udstationering af lønmodtagere m.v. (Tilladelsesordning for international godskørsel i varebiler, ændrede betingelser for udøvelse af national godskørsel i varebiler, udstationering af førere i vejtransporten m.v.).","Om tilladelsesordning for international godskørsel i varebiler, ændrede betingelser for udøvelse af national godskørsel i varebiler, udstationering af førere i vejtransporten m.v."
8645,231040,,1,2022-02-10 00:00:00,17,90145,3,L 65,"Forslag til lov om ændring af børneloven, navneloven og forskellige andre love. (Smidiggørelse af registrering af medmoderskab, fastsættelse af transpersoners forældreskab og navneændring for transpersoner m.v.).","Om smidiggørelse af registrering af medmoderskab, fastsættelse af transpersoners forældreskab og navneændring for transpersoner m.v."
8646,231997,,1,2022-02-10 00:00:00,17,90469,3,L 96,"Forslag til lov om ændring af opkrævningsloven, lov om inddrivelse af gæld til det offentlige og forskellige andre love. (Sanktioner for manglende indsendelse af materiale og tiltag til bekæmpelse af sort økonomi og stråmandskonstruktioner m.v. som led i udmøntning af aftale om anden etape af en styrket skattekontrol).",Om sanktioner for manglende indsendelse af materiale og tiltag til bekæmpelse af sort økonomi og stråmandskonstruktioner m.v.
8647,230986,,1,2022-02-10 00:00:00,17,90138,3,L 78,"Forslag til lov om ændring af straffeloven, retsplejeloven og lov om pas til danske statsborgere m.v. (Styrket indsats mod seksuelle overgreb mod børn og styrket rådgivning til ofre for seksuelle overgreb).",Om styrket indsats mod seksuelle overgreb mod børn og styrket rådgivning til ofre for seksuelle overgreb m.v.
8648,232966,,1,2022-02-10 00:00:00,17,90860,3,L 107,Forslag til lov om ændring af lov om et midlertidigt børnetilskud til visse forsørgere. (Ny forlængelse af det midlertidige børnetilskud).,Om ny forlængelse af det midlertidige børnetilskud.
8665,232798,,1,2022-02-24 00:00:00,17,90805,3,L 105,Forslag til lov om ændring af personskatteloven. (Nedsættelse af bundskatten som følge af kommunale skattestigninger).,Om nedsættelse af bundskatten som følge af kommunale skattestigninger.
8668,230043,,1,2022-03-01 00:00:00,17,89833,3,L 47,Forslag til lov om leje.,Om lejeloven.
8669,230030,,1,2022-03-01 00:00:00,17,89832,3,L 48,Forslag til lov om boligforhold.,Om lov om boligforhold.
8670,230017,,1,2022-03-01 00:00:00,17,89831,3,L 49,"Forslag til lov om ændring af lov om leje af almene boliger, lov om almene boliger m.v., lov om boliger for ældre og personer med handicap og forskellige andre love. (Konsekvensrettelser som følge af lov om leje og lov om boligforhold samt opsigelse af fremlejegivere i almene boliger).",Om konsekvensrettelser som følge af ny lejelov og lov om boligforhold.
8673,232785,,1,2022-03-03 00:00:00,17,90804,3,L 104,"Forslag til lov om ændring af barselsloven. (Indførelse af øremærket orlov, ligedeling af retten til barselsdagpenge og ret til overdragelse af barselsdagpenge til sociale forældre og nærtstående familiemedlemmer m.v.).","Om indførelse af øremærket orlov, ligedeling af retten til barselsdagpenge og ret til overdragelse af barselsdagpenge m.v."
8674,231550,,1,2022-03-03 00:00:00,17,90290,3,L 93,Forslag til lov om ændring af retsplejeloven og lov om elektroniske kommunikationsnet og -tjenester. (Revision af reglerne om registrering og opbevaring af oplysninger om teletrafik (logning) m.v.).,Om logning m.v.
8675,232551,,1,2022-03-03 00:00:00,17,90699,3,L 103,Forslag til lov om ændring af straffeloven. (Kriminalisering af identitetsmisbrug).,Om kriminalisering af identitetsmisbrug.
8688,235852,,1,2022-03-16 00:00:00,17,91553,3,L 145,"Forslag til lov om midlertidig opholdstilladelse til personer, der er fordrevet fra Ukraine.","Om midlertidig opholdstilladelse til personer, der er fordrevet fra Ukraine."
8689,235959,,1,2022-03-22 00:00:00,17,91577,3,L 114 A,"Forslag til lov om ændring af lov om miljøbeskyttelse. (Mulighed for kommunal beslutning om, at dieseldrevne personbiler skal være omfattet af eksisterende miljøzoner).",Om kommunal mulighed for at omfatte dieseldrevne personbiler af eksisterende miljøzoner.
8690,235963,,1,2022-03-22 00:00:00,17,91578,3,L 114 B,Forslag til lov om ændring af lov om miljøbeskyttelse. (Fremrykning af trinkrav for dieseldrevne varebiler).,Om fremrykning af trinkrav for dieseldrevne varebiler.
8691,231775,,1,2022-03-22 00:00:00,17,90368,3,L 95,Forslag til lov om ændring af lov om efterskoler og frie fagskoler. (Permanentgørelse af forsøg med prøver i dansk og matematik på efterskoler og frie fagskoler godkendt med et samlet særligt undervisningstilbud).,Om permanentgørelse af forsøg med prøver i dansk og matematik på efterskoler og frie fagskoler godkendt med et samlet særligt undervisningstilbud.
8692,233411,,1,2022-03-22 00:00:00,17,91003,3,L 109,"Forslag til lov om ændring af lov om spil, lov om afgifter af spil, lov om udlodning af overskud og udbytte fra lotteri, folkeoplysningsloven og lov om Danske Spil A/S. (Sammenlægning af Danske Spil A/S og Det Danske Klasselotteri A/S).",Om sammenlægning af Danske Spil A/S og Det Danske Klasselotteri A/S.
8693,233896,,1,2022-03-22 00:00:00,17,91135,3,L 121,Forslag til lov om ændring af ligningsloven. (Afskaffelse af fradragsret for håndværksydelser efter boligjobordningen).,Om afskaffelse af fradragsret for håndværksydelser efter boligjobordningen.
8694,233359,,1,2022-03-22 00:00:00,17,90999,3,L 108,Forslag til lov om tillægsbevilling for finansåret 2021.,Om tillægsbevillingsloven for finansåret 2021.
8695,235969,,1,2022-03-22 00:00:00,17,91579,3,L 115 A,Forslag til lov om ændring af lov om en aktiv beskæftigelsesindsats. (Forsøg med jobrettet indsats for unge).,Om forsøg med jobrettet indsats for unge.
8696,235973,,1,2022-03-22 00:00:00,17,91580,3,L 115 B,"Forslag til lov om ændring af lov om aktiv socialpolitik og lov om arbejdsløshedsforsikring m.v. (Sanktion for jobparate ledige, der ikke søger job i en hel kalendermåned).","Om sanktion for jobparate ledige, der ikke søger job i en hel kalendermåned."
8703,233372,,1,2022-03-29 00:00:00,17,91000,3,L 112,Forslag til lov om infrastruktur for alternative drivmidler til transport.,Om infrastruktur for alternative drivmidler til transport.
8705,236360,,1,2022-03-31 00:00:00,17,91710,3,L 150,Forslag til lov om restriktioner på transaktioner med kontanter og værdipapirer i danske kroner til Rusland og Belarus.,Om restriktioner på transaktioner med kontanter og værdipapirer i danske kroner til Rusland og Belarus.
8706,232260,,1,2022-03-31 00:00:00,17,90554,3,L 99,"Forslag til lov om ændring af lov om gødning og jordforbedringsmidler m.v. (Tilpasninger som følge af en ny gødningsforordning, nye produktkategorier og obligatorisk digital kommunikation m.v.).","Om en ny gødningsforordning, nye produktkategorier og obligatorisk digital kommunikation."
8707,234559,,1,2022-03-31 00:00:00,17,91278,3,L 132,"Forslag til lov om ændring af lov om husdyrbrug og anvendelse af gødning m.v. (Betingelser for tilladelse til tildeling af over 170 kg kvælstof fra organisk gødning pr. hektar, administrative bødeforelæg m.v.).","Om betingelser for tilladelse til tildeling af over 170 kg kvælstof fra organisk gødning pr. hektar, administrative bødeforelæg m.v."
8720,236469,,1,2022-04-07 00:00:00,17,91766,3,L 158,Forslag til lov om engangstilskud til husstande med lav indkomst og varmekilder omfattet af ekstraordinære prisstigninger i fyringssæsonen 2021-2022. ,Om engangstilskud til husstande med lav indkomst og varmekilder omfattet af ekstraordinære prisstigninger i fyringssæsonen 2021-2022.
8721,233346,,1,2022-04-07 00:00:00,17,90998,3,L 113,"Forslag til lov om ændring af udlændingeloven, straffeloven, lov om aktiv socialpolitik, repatrieringsloven og forskellige andre love. (Initiativer til beskyttelse af børn imod vold og negativ social kontrol, indførelse af regler om fleksibel udbetaling af hjælp til repatriering og hjemrejsestøtte m.v.).","Om initiativer til beskyttelse af børn imod vold og negativ social kontrol, indførelse af regler om fleksibel udbetaling af hjælp til repatriering og hjemrejsestøtte m.v."
8723,233776,,1,2022-04-07 00:00:00,17,91125,3,L 127,"Forslag til lov om ændring af lov om dansk indfødsret. (Frakendelse af statsborgerskab for strafbare forhold, som er til alvorlig skade for statens vitale interesser, m.v.).","Om frakendelse af statsborgerskab for strafbare forhold, som er til alvorlig skade for statens vitale interesser, m.v."
8727,236709,,1,2022-04-19 00:00:00,17,91851,3,L 117 A,"Forslag til lov om ændring af selskabsloven, årsregnskabsloven og forskellige andre love. (Skærpede krav om måltal og politikker for det underrepræsenterede køn).",Om skærpede krav om måltal og politikker for det underrepræsenterede køn.
8728,236713,,1,2022-04-19 00:00:00,17,91852,3,L 117 B,"Forslag til lov om ændring af selskabsloven, søloven, lov om tjenester i informationssamfundet, herunder visse aspekter af elektronisk handel, og forskellige andre love. (Styrket grænseoverskridende håndhævelse over for tjenesteudbydere etableret i øvrige EU-lande m.v.).",Om styrket grænseoverskridende håndhævelse over for tjenesteudbydere etableret i øvrige EU-lande m.v.
8729,233789,,1,2022-04-19 00:00:00,17,91126,3,L 118,"Forslag til lov om ændring af lov om finansiel virksomhed, lov om kapitalmarkeder, lov om investeringsforeninger m.v. og flere andre love. (Udpegelse af afviklingsmyndigheder for nødlidende centrale modparter og regler for livsforsikringsvirksomheder, der udbyder syge- og ulykkesforsikringer m.v.).","Om regler for livsforsikringsvirksomheder, der udbyder syge- og ulykkesforsikringer m.v."
8731,236648,,1,2022-04-21 00:00:00,17,91811,3,L 159,Forslag til lov om ændring af SU-loven. (Midlertidig suspension af SU-godkendelse af hele uddannelser i visse lande).,Om midlertidig suspension af SU-godkendelse af hele uddannelser i visse lande.
8733,233909,,1,2022-04-21 00:00:00,17,91136,3,L 123,"Forslag til lov om ændring af færdselsloven og lov om private fællesveje. (Fjernelse af køretøjer, regulering af færdslen ved akutte hændelser, fastsættelse af en lavere hastighedsgrænse for et nærmere afgrænset område uden for tættere bebygget område, forbud mod standsning og parkering i skillerabat m.v. og vintervedligeholdelsesordninger på private fællesveje).",Om forskellige ændringer i færdselsloven og i lov om private fællesveje.
8734,233763,,1,2022-04-21 00:00:00,17,91124,3,L 129,Forslag til lov om ændring af lov om kemikalier. (Begrænsning i eller forbud mod anvendelse af plantebeskyttelsesmidler på befæstede eller stærkt permeable arealer).,Om begrænsning i eller forbud mod anvendelse af plantebeskyttelsesmidler på befæstede eller stærkt permeable arealer.
8735,234546,,1,2022-04-21 00:00:00,17,91277,3,L 142,"Forslag til lov om ændring af lov om autorisation af sundhedspersoner og om sundhedsfaglig virksomhed, lov om lægemidler, blodforsyningsloven, vævsloven og sundhedsloven. (Behandling af professionelle sportsudøvere og personer fra fremmede militære styrker, udlevering og anvendelse af næsespray med naloxon til behandling af opioidoverdosis og indførelse af en ny forsøgsordning med medicintilskud på vilkår om risikodeling).",Om behandling af professionelle sportsudøvere og personer fra fremmede militære styrker og anvendelse af næsespray med naloxon til behandling af opioidoverdosis og forsøgsordning med medicintilskud på vilkår om risikodeling.
8741,233922,,1,2022-04-26 00:00:00,17,91137,3,L 122,Forslag til lov om ombygning af Aarhus H.,Om ombygning af Aarhus H.
8742,233939,,1,2022-04-26 00:00:00,17,91140,3,L 124,Forslag til lov om ændring af lov om ligestilling af kvinder og mænd. (Måltal og politik for kønssammensætningen i ledelser og bestyrelser i offentlige institutioner og virksomheder m.v.).,Om måltal og politik for kønssammensætningen i ledelser og bestyrelser i offentlige institutioner og virksomheder m.v.
8743,233841,,1,2022-04-26 00:00:00,17,91130,3,L 128,Forslag til lov om ændring af lov om dyreforsøg og lov om kloning og genmodificering af dyr m.v. (Supplerende implementering af dyreforsøgsdirektivet).,Om supplerende implementering af dyreforsøgsdirektivet.
8744,234437,,1,2022-04-26 00:00:00,17,91268,3,L 134,Forslag til lov om ændring af lov om arbejdsmiljø. (Ændring af offentliggørelse af oplysninger om virksomhedernes arbejdsmiljø).,Om ændring af offentliggørelse af oplysninger om virksomhedernes arbejdsmiljø.
8745,233385,,1,2022-04-26 00:00:00,17,91001,3,L 110,Forslag til lov om Ledningsejerregistret.,Om Ledningsejerregistret.
8749,237031,,1,2022-04-28 00:00:00,17,91985,3,L 169,"Forslag til lov om ændring af lov om midlertidig opholdstilladelse til personer, der er fordrevet fra Ukraine, lov om individuel boligstøtte, lov om børnetilskud og forskudsvis udbetaling af børnebidrag og integrationsloven. (Kommunal indkvartering og forplejning og tilpasning af regler på integrationsområdet, børne- og undervisningsområdet, social- og ældreområdet, indenrigs- og boligområdet og sundhedsområdet som følge af modtagelse af personer, der er fordrevet fra Ukraine).","Om modtagelse af personer, der er fordrevet fra Ukraine."
8750,233854,,1,2022-04-28 00:00:00,17,91131,3,L 120,Forslag til lov om ændring af lov om varmeforsyning og lov om planlægning. (Afskaffelse af tilslutningspligt til naturgas og offentliggørelse og videregivelse af oplysninger om produktions- og driftsmæssige forhold m.v.).,Om opfølgning på klimaaftalen for energi og industri m.v.
8758,234398,,1,2022-05-05 00:00:00,17,91265,3,L 141,Forslag til lov om ændring af lov om miljøbeskyttelse. (Bemyndigelse til fastsættelse af regler om kommunalbestyrelsens adgang til at vedtage forskrifter om udskiftning eller nedlæggelse af visse fyringsanlæg i visse geografiske områder).,Om bemyndigelse til fastsættelse af regler om kommunalbestyrelsens adgang til at vedtage forskrifter om udskiftning eller nedlæggelse af visse fyringsanlæg i visse geografiske områder.
8759,233867,,1,2022-05-05 00:00:00,17,91132,3,L 126,"Forslag til lov om ændring af retsplejelov for Grønland, kriminallov for Grønland og forskellige andre love. (Gennemførelse af politireform og etablering af ny politiklageordning, indførelse af motivationsbehandlingspladser for seksualforbrydere i Anstalten i Nuuk, forhøjelse af foranstaltningsniveauet for voldtægt af mindreårige, styrkelse af retsstillingen for ofre for forbrydelser m.v.).",Om gennemførelse af en række forskellige ændringer på justitsområdet i Grønland.
8760,234585,,1,2022-05-05 00:00:00,17,91280,3,L 144,"Forslag til lov om ændring af lov om folkeskolen, lov om friskoler og private grundskoler m.v. og lov om efterskoler og frie fagskoler. (Mulighed for at undlade erstatning for visse aflyste undervisningstimer som følge af personalefravær på grund af covid-19).",Om mulighed for at undlade erstatning for visse aflyste undervisningstimer som følge af personalefravær på grund af covid-19.
8769,237551,,1,2022-05-10 00:00:00,17,92088,3,L 193,Forslag til lov om Danmarks deltagelse i det europæiske samarbejde om sikkerhed og forsvar ved at afskaffe EU-forsvarsforbeholdet.,Om Danmarks deltagelse i det europæiske samarbejde om sikkerhed og forsvar ved at afskaffe EU-forsvarsforbeholdet.
8770,237564,,1,2022-05-10 00:00:00,17,92089,3,L 194,Forslag til lov om afholdelse af folkeafstemning om forslag til lov om Danmarks deltagelse i det europæiske samarbejde om sikkerhed og forsvar ved at afskaffe EU-forsvarsforbeholdet.,Om afholdelse af folkeafstemning om Danmarks deltagelse i det europæiske samarbejde om sikkerhed og forsvar ved at afskaffe EU-forsvarsforbeholdet.
8772,233247,,1,2022-05-10 00:00:00,17,90971,3,L 62 B,Forslag til lov om ændring af lov om godskørsel. (Hævelse af vægtgrænsen fra 2.000 kg til 2.500 kg for tilladelsesordningen for national godskørsel i varebiler).,Om hævelse af vægtgrænsen fra 2.000 kg til 2.500 kg for tilladelsesordningen for national godskørsel i varebiler.
8777,234487,,1,2022-05-12 00:00:00,17,91272,3,L 133,Forslag til lov om forsøg med personlige borgerstyrede budgetter til socialt udsatte borgere.,Om forsøg med personlige borgerstyrede budgetter til socialt udsatte borgere.
8778,236280,,1,2022-05-12 00:00:00,17,91704,3,L 160,"Forslag til lov om ændring af lov om godskørsel, lov om buskørsel og lov om arbejdstid for mobile lønmodtagere inden for vejtransportsektoren. (Kontrol af arbejdstid for mobile lønmodtagere inden for vejtransportsektoren).",Om kontrol af arbejdstid for mobile lønmodtagere inden for vejtransportsektoren. 
8787,234450,,1,2022-05-17 00:00:00,17,91269,3,L 131,Forslag til lov om tilgængelighedskrav for produkter og tjenester.,Om tilgængelighedskrav for produkter og tjenester.
8788,233398,,1,2022-05-17 13:00:00,17,91002,3,L 111,"Forslag til lov om ændring af straffeloven, retsplejeloven og udlændingeloven. (Styrket indsats mod menneskeudnyttelse).",Om styrket indsats mod menneskeudnyttelse.
8794,237900,,1,2022-05-19 00:00:00,17,92247,3,L 201,"Forslag til lov om kommunale særlige grundskoler for børn og unge, der er fordrevet fra Ukraine.","Om kommunale særlige grundskoler for børn og unge, der er fordrevet fra Ukraine."
8795,238152,,1,2022-05-19 00:00:00,17,92351,3,L 202 A,"Forslag til lov om ændring af dagtilbudsloven, lov om folkeskolen og forskellige andre love. (Særlige pasnings- og undervisningsmuligheder til fordrevne børn og unge fra Ukraine). ",Om særlige pasnings- og undervisningsmuligheder for fordrevne børn og unge fra Ukraine.
8796,238156,,1,2022-05-19 00:00:00,17,92352,3,L 202 B,"Forslag til lov om ændring af dagtilbudsloven. (Statslig refusion for visse typer af kommunale udgifter til udlændinge med opholdstilladelse efter lov om midlertidig opholdstilladelse til personer, der i Afghanistan har bistået danske myndigheder m.v.). ",Om refusion for visse typer af kommunale udgifter til udlændinge der i Afghanistan har bistået danske myndigheder m.v.
8797,234572,,1,2022-05-19 00:00:00,17,91279,3,L 143,Forslag til lov om ændring af lov om ændring af lov om elevers og studerendes undervisningsmiljø og lov om folkeskolen. (Udskydelse af solnedgangsklausul vedrørende bestemmelse om antimobning).,Om udskydelse af solnedgangsklausul vedrørende bestemmelse om antimobning.
8798,234385,,1,2022-05-19 00:00:00,17,91264,3,L 139,"Forslag til lov om ændring af lov om specialpædagogisk støtte ved videregående uddannelser. (Ophævelse af bestemmelser om støtteramme, støttetid og maksimal forsinkelse m.v.).","Om ophævelse af bestemmelser om støtteramme, støttetid og maksimal forsinkelse m.v."
8799,234513,,1,2022-05-19 00:00:00,17,91274,3,L 137,"Forslag til lov om ændring af lov om anvendelse af Danmarks undergrund. (Geologisk lagring af CO2 på under 100 kt med henblik på forskning, udvikling eller afprøvning af nye produkter og processer og statslig deltagelse i CO2-lagringstilladelser).","Om geologisk lagring af CO2 på under 100 kt med henblik på forskning, udvikling eller afprøvning af nye produkter og processer m.v."
8800,234500,,1,2022-05-19 00:00:00,17,91273,3,L 138,Forslag til lov om ændring af lov om fremme af vedvarende energi. (Justering af rammer for etablering af vedvarende energi-anlæg på havet uden for udbud og udvidelse af VE-ordningerne til at omfatte solcelleanlæg på havet og visse solcelleanlæg på søer m.v.).,Om rammer for etablering af vedvarende energi-anlæg på havet uden for udbud og udvidelse af VE-ordningerne til at omfatte visse solcelleanlæg.
8801,238054,,1,2022-05-19 00:00:00,17,92306,3,L 163 A,Forslag til lov om bogføring.,Om bogføring.
8802,238058,,1,2022-05-19 00:00:00,17,92307,3,L 163 B,Forslag til lov om ændring af årsregnskabsloven. (Gennemførelse af aftale om det fremadrettede behov for revision).,Om gennemførelse af aftale om det fremadrettede behov for revision.
8803,235889,,1,2022-05-19 00:00:00,17,91560,3,L 148,Forslag til lov om udvikling af statsvejnettet.,Om udvikling af statsvejnettet.
8804,236345,,1,2022-05-19 00:00:00,17,91709,3,L 156,"Forslag til lov om ændring af retsplejeloven, lov om Domstolsstyrelsen og lov om skifte af dødsboer. (Antallet af højesteretsdommere, sammensætningen af Domstolsstyrelsens bestyrelse og digital anmeldelse til skifteretten af krav og tilgodehavender m.v. i sager om skifte af dødsbo).","Om antallet af højesteretsdommere, sammensætningen af Domstolsstyrelsens bestyrelse og digital anmeldelse til skifteretten af krav og tilgodehavender m.v. i sager om skifte af dødsbo."
8805,236057,,1,2022-05-19 00:00:00,17,91618,3,L 149,"Forslag til lov om ændring af lov om medicinsk udstyr, lov om videnskabsetisk behandling af kliniske afprøvninger af medicinsk udstyr m.v., lov om videnskabsetisk behandling af sundhedsvidenskabelige forskningsprojekter og sundhedsdatavidenskabelige forskningsprojekter og sundhedsloven. (Tilpasning af national ret som følge af forordning om medicinsk udstyr til in vitro-diagnostik og tilpasning af Lægemiddelstyrelsens tilsyn med medicinsk udstyr m.v.).",Om tilpasning af national ret som følge af forordning om medicinsk udstyr til in vitrodiagnostik og præcisering af Lægemiddelstyrelsens tilsyn med medicinsk udstyr m.v.
8806,234129,,1,2022-05-19 00:00:00,17,91196,3,L 130,Forslag til lov om ændring af lov om etablering af en ordning for borgerforslag med henblik på behandling i Folketinget. (Ændring af revisionsbestemmelse og forenkling af kompetenceforhold med hensyn til udstedelse af bekendtgørelsesregler).,Om ændring af revisionsbestemmelse og forenkling af kompetenceforhold med hensyn til udstedelse af bekendtgørelsesregler.
8822,236781,,1,2022-06-02 10:00:00,17,91875,3,L 166,Forslag til lov om supplerende bestemmelser til forordning om håndtering af udbredelsen af terrorrelateret indhold online.,Om håndtering af udbredelsen af terrorrelateret indhold online.
8823,233828,,1,2022-06-02 00:00:00,17,91129,3,L 119,Forslag til lov om ændring af lov om indhentelse af børneattest i forbindelse med ansættelse af personale m.v. (Indførelse af orienteringspligt for politiet).,Om indførsel af orienteringspligt for politiet i forbindelse med ansættelse af personale m.v.
8824,236332,,1,2022-06-02 00:00:00,17,91708,3,L 151,Forslag til lov om ændring af lov om retssikkerhed og administration på det sociale område. (Skærpede krav til kommunalbestyrelsens opfølgning på danmarkskortet m.v.).,Om skærpede krav til kommunalbestyrelsens opfølgning på danmarkskortet m.v.
8840,231053,,1,2022-06-07 00:00:00,17,90146,3,L 71,Forslag til lov om ændring af lov for Færøerne om kapitalkrav og tilsynsmæssige krav for kreditinstitutter og investeringsselskaber. (Gennemførelse for Færøerne af visse ændringsforordninger til forordning (EU) nr. 575/2013).,Om kapitalkrav og tilsynsmæssige krav for kreditinstitutter og investeringsselskaber på Færøerne.
8841,233815,,1,2022-06-07 00:00:00,17,91128,3,L 116,Forslag til lov om etablering af statsgaranti på en del af ejendomskreditaftalerne i landdistrikterne.,Om etablering af statsgaranti på en del af ejendomskreditaftalerne i landdistrikterne.
8842,236849,,1,2022-06-07 00:00:00,17,91899,3,L 167,Forslag til lov om Danmarks Eksport- og Investeringsfond.,Om Danmarks Eksport- og Investeringsfond.
8843,236836,,1,2022-06-07 00:00:00,17,91898,3,L 168,Forslag til lov om ændring af lov om arbejdsskadesikring. (Statslig finansiering af udgifter ved arbejdsskader som følge af arbejdsrelaterede vaccinationer mod covid-19 foretaget i perioden fra den 27. december 2020 til den 31. december 2022).,Om statslig finansiering af udgifter ved arbejdsskader som følge af arbejdsrelaterede vaccinationer mod covid-19 foretaget i perioden fra den 27. december 2020 til den 31. december 2022.
8845,236254,,1,2022-06-07 00:00:00,17,91702,3,L 152,Forslag til lov om ændring af lov om videregående uddannelse (videreuddannelsessystemet) for voksne. (Midlertidig ændring af visse adgangskrav til en diplomuddannelse i skat).,Om midlertidig ændring af visse adgangskrav til en diplomuddannelse i skat.
8846,237085,,1,2022-06-07 00:00:00,17,91994,3,L 179,Forslag til lov om ændring af SU-loven. (Forhøjelse af fribeløb).,Om forhøjelse af fribeløb.
8847,237072,,1,2022-06-07 00:00:00,17,91993,3,L 176,Forslag til lov om ændring af skatteindberetningsloven og forskellige andre love. (Gennemførelse af direktiv om ændring af direktiv om administrativt samarbejde på beskatningsområdet om indberetning og udveksling af oplysninger fra digitale platforme m.v.).,Om gennemførelse af ændringsdirektiv om administrativt samarbejde på beskatningsområdet om indberetning og udveksling af oplysninger fra digitale platforme m.v.
8848,237059,,1,2022-06-07 00:00:00,17,91992,3,L 177,"Forslag til lov om ændring af ejendomsvurderingsloven, boafgiftsloven og dødsboskatteloven. (Justeringer af tilbagebetalingsordningen m.v.).",Om justeringer af tilbagebetalingsordningen m.v.
8891,234464,,1,2022-06-08 00:00:00,17,91270,3,L 135,"Forslag til lov om ændring af museumsloven, lov om Miljø- og Fødevareklagenævnet og forskellige andre love. (Dispensation og klagesagsbehandling m.v. på fortidsmindeområdet).",Om dispensation og klagesagsbehandling m.v. på fortidsmindeområdet.
8892,236601,,1,2022-06-08 00:00:00,17,91806,3,L 164,Forslag til lov om ændring af lov om sikring af kulturværdier i Danmark. (Straf m.v. for indførsel af ulovligt udførte kulturgenstande).,Om straf for indførsel af ulovligt udførte kulturgenstande.
8893,237299,,1,2022-06-08 00:00:00,17,92013,3,L 190,Forslag til lov om indfødsrets meddelelse.,Om indfødsrets meddelelse.
8894,232486,,1,2022-06-08 00:00:00,17,90686,3,L 100,Forslag til lov om udvandring.,Om udvandring.
8895,236267,,1,2022-06-08 00:00:00,17,91703,3,L 155,"Forslag til lov om ændring af udlændingeloven. (Ændring af reglerne for ophold for medfølgende familie til udenlandske arbejdstagere, studerende og praktikanter).","Om ændring af reglerne for ophold for medfølgende familie til udenlandske arbejdstagere, studerende og praktikanter."
8896,237364,,1,2022-06-08 00:00:00,17,92018,3,L 185,Forslag til lov om ændring af udlændingeloven. (Ændring af reglerne om bortfald af opholdstilladelser ved genopdragelsesrejser m.v. og ændring af reglerne om adgang til familiesammenføring for personer med midlertidig beskyttelsesstatus).,Om bortfald af opholdstilladelser ved genopdragelsesrejser m.v. og om adgang til familiesammenføring for personer med midlertidig beskyttelsesstatus.
8897,237260,,1,2022-06-08 00:00:00,17,92010,3,L 186,"Forslag til lov om ændring af lov om integrationsgrunduddannelse (igu) og lov om Arbejdsgivernes Uddannelsesbidrag. (Videreførelse af igu-ordningen, mulighed for igu-forløb for personer med opholdstilladelse efter lov om midlertidig opholdstilladelse til personer, der i Afghanistan har bistået danske myndigheder m.v., og videreførelse af egu-fgu-bonusordningen).",Om videreførelse af igu-ordningen m.v.
8898,237325,,1,2022-06-08 00:00:00,17,92015,3,L 187,"Forslag til lov om ændring af udlændingeloven. (Styrkelse af praktikantordningens uddannelsesmæssige sigte på landbrugs-, jordbrugs-, veterinær-, skovbrugs- og gartneriområdet).","Om styrkelse af praktikantordningens uddannelsesmæssige sigte på landbrugs-, jordbrugs-, veterinær-, skovbrugs- og gartneriområdet."
8901,238558,,1,2022-06-08 00:00:00,17,92564,3,L 189 C,"Forslag til lov om ændring af udlændingeloven, hjemrejseloven og lov om fuldbyrdelse af straf m.v. (Prøvelse af udvisning m.v.).",Om prøvelse af udvisning og fuldbyrdelse af straf m.v.
8902,237273,,1,2022-06-08 00:00:00,17,92011,3,L 188,Forslag til lov om ændring af udlændingeloven. (Styrket international rekruttering på rimelige arbejdsvilkår og målrettet mangel på arbejdskraft).,Om styrket international rekruttering på rimelige arbejdsvilkår og målrettet mangel på arbejdskraft.
8922,238712,,1,2022-06-09 00:00:00,17,92606,3,L 147 A,Forslag til lov om ændring af sundhedsloven. (Statens Serum Instituts virke i internationale samarbejder og drift og forvaltning af MiBa).,Om Statens Serum Instituts virke i internationale samarbejder og drift og forvaltning af MiBa.
8923,238716,,1,2022-06-09 00:00:00,17,92605,3,L 147 B,"Forslag til lov om ændring af sundhedsloven, lov om lægemidler og lov om apoteksvirksomhed. (Lægers varetagelse af vaccinationsopgaver, Statens Serum Instituts forsyningspligt, hvad angår vacciner og beredskabsprodukter, og sygehusapoteker m.fl.s. distribution og håndtering af lægemidler til brug ved vaccination).","Om lægers varetagelse af vaccinationsopgaver, Statens Serum Instituts virke i internationale samarbejder, forsyningspligt for vacciner og beredskabsprodukter, drift og forvaltning af MiBa m.v."
8924,238720,,1,2022-06-09 00:00:00,17,92607,3,L 147 C,Forslag til lov om ændring af lov om klage- og erstatningsadgang inden for sundhedsvæsenet. (Regulering og forrentning af erstatnings- og godtgørelsesbeløb).,Om regulering og forrentning af erstatnings- og godtgørelsesbeløb inden for sundhedsvæsenet.
8926,237234,,1,2022-06-09 00:00:00,17,92008,3,L 191,Forslag til lov om ændring af sundhedsloven. (Etablering af sundhedsklynger og sundhedssamarbejdsudvalg m.v.).,Om etablering af sundhedsklynger og sundhedssamarbejdsudvalg m.v.
8927,237247,,1,2022-06-09 09:00:00,17,92009,3,L 192,Forslag til lov om ændring af sundhedsloven. (Vederlagsfri tandpleje for 18-21-årige).,Om vederlagsfri tandpleje for 18-21-årige.
8936,236306,,1,2022-06-09 00:00:00,17,91706,3,L 157,"Forslag til lov om ændring af lov om institutioner for almengymnasiale uddannelser og almen voksenuddannelse m.v., lov om institutioner for erhvervsrettet uddannelse, lov om private institutioner for gymnasiale uddannelser og lov om de gymnasiale uddannelser. (Kapacitetsfastsættelse og elevfordeling på de gymnasiale ungdomsuddannelser).",Om kapacitetsfastsættelse og elevfordeling på de gymnasiale ungdomsuddannelser.
8937,237286,,1,2022-06-09 00:00:00,17,92012,3,L 174,"Forslag til lov om ændring af lov om folkeskolen, lov om kommunal indsats for unge under 25 år og forskellige andre love. 
(Fremtidigt evaluerings- og bedømmelsessystem i folkeskolen m.v.).",Om et fremtidigt evaluerings- og bedømmelsessystem i folkeskolen m.v.
8938,237312,,1,2022-06-09 00:00:00,17,92014,3,L 175,"Forslag til lov om ændring af lov om folkeskolen, lov om friskoler og private grundskoler m.v., lov om efterskoler og frie fagskoler og lov om kommunale internationale grundskoler. (Forlængelse af frihedsgrader til håndtering af faglige udfordringer som følge af covid-19 i skoleåret 2022/23 og etablering af mulighed for fjernundervisning).",Om forlængelse af frihedsgrader til håndtering af faglige udfordringer som følge af covid-19 i skoleåret 2022/23 og etablering af mulighed for fjernundervisning.
8939,237512,,1,2022-06-09 00:00:00,17,92085,3,L 197,"Forslag til lov om ændring af lov om fastsættelse af udgiftslofter for stat, kommuner og regioner for finansåret 2022, lov om fastsættelse af udgiftslofter for stat, kommuner og regioner for finansåret 2023, lov om fastsættelse af udgiftslofter for stat, kommuner og regioner for finansåret 2024 og lov om fastsættelse af udgiftslofter for stat, kommuner og regioner for finansåret 2025. (Ændring af udgiftslofter som følge af aftale om nationalt kompromis om dansk sikkerhedspolitik m.v.).",Om ændring af udgiftslofter som følge af aftale om nationalt kompromis om dansk sikkerhedspolitik m.v.
8940,237498,,1,2022-06-09 00:00:00,17,92084,3,L 198,Forslag til lov om ændring af budgetloven. (Lempelse af underskudsgrænse og ophævelse af revisionsklausul).,Om lempelse af underskudsgrænse og ophævelse af revisionsklausul i budgetloven. 
8941,236567,,1,2022-06-09 00:00:00,17,91800,3,L 165,Forslag til lov om ændring af lov om offentlige betalinger m.v. (Mulighed for økonomisk kompensation ved udsættelse for svindel med eller fejl i forbindelse med Nemkonto).,Om mulighed for økonomisk kompensation ved udsættelse for svindel med eller fejl i forbindelse med Nemkonto.
8942,234424,,1,2022-06-09 00:00:00,17,91267,3,L 136,"Forslag til lov om ændring af lov om almene boliger m.v., lov om leje af almene boliger og lov om kommunernes styrelse. (Etablering af fonden for blandede byer og anvendelse af fondens midler og Landsbyggefondens driftsstøtte m.v.).",Om etablering af fonden for blandede byer og anvendelse af fondens midler og Landsbyggefondens driftsstøtte m.v.
8943,234411,,1,2022-06-09 00:00:00,17,91266,3,L 154,Forslag til lov om ændring af lov om byfornyelse og udvikling af byer og lov om boligforhold. (Økonomisk støtte til styrket indsats i bymidter samt kommunal udlejning af fast ejendom).,Om økonomisk støtte til styrket indsats i bymidter samt kommunal udlejning af fast ejendom.
8944,237098,,1,2022-06-09 00:00:00,17,91995,3,L 178,"Forslag til lov om ændring af lov om leje af almene boliger, lov om almene boliger m.v. og retsplejeloven. (Hurtigere udsættelse af lejere på grund af utryghedsskabende kriminalitet).",Om hurtigere udsættelse af lejere på grund af utryghedsskabende kriminalitet.
8945,237351,,1,2022-06-09 00:00:00,17,92017,3,L 199,"Forslag til lov om ændring af udbudsloven, lov om Klagenævnet for Udbud og lov om indhentning af tilbud i bygge- og anlægssektoren. (Styrket mulighed for udelukkelse af virksomheder, krav om anvendelse af personer under oplæring, oprettelse af en enhed for pålidelighedsvurderinger, øget fleksibilitet for ordregivere i forbindelse med gennemførelse af udbud m.v.).","Om styrket mulighed for udelukkelse af virksomheder,  øget fleksibilitet for ordregivere i forbindelse med gennemførelse af udbud m.v."
8946,234659,,1,2022-06-09 00:00:00,17,91289,3,L 140,"Forslag til lov om ændring af lov om offentlighed i forvaltningen. (Ophævelse af bestemmelser, som friholder kalenderføring, ministerbetjening og dokumenter udvekslet mellem ministre og folketingsmedlemmer fra at være omfattet af retten til aktindsigt).",Om offentlighed i forvaltningen.
8947,238651,,1,2022-06-09 00:00:00,17,92595,3,L 162 A,Forslag til lov om ændring af lov om politiets virksomhed og lov om vagtvirksomhed. (Styrket indsats mod utryghedsskabende adfærd og kriminalitet i nattelivszoner og udvidelse af adgangen til at udøve vagtvirksomhed på offentlige områder).,Om styrket indsats mod utryghedsskabende adfærd og kriminalitet i nattelivszoner.
8948,238662,,1,2022-06-09 00:00:00,17,92596,3,L 162 B,Forslag til lov om ændring af lov om politiets virksomhed. (Forbud mod salg m.v. af alkohol i nattelivszoner).,Om forbud mod salg m.v. af alkohol i nattelivszoner.
8949,238668,,1,2022-06-09 00:00:00,17,92597,3,L 162 C,"Forslag til lov om ændring af straffeloven, lov om social service og lov om fuldbyrdelse af straf m.v. (Indførelse af særvilkår om økonomisk kontrol og målrettede forældrepålæg og børne- og ungepålæg ved utryghedsskabende adfærd).",Om indførelse af særvilkår om økonomisk kontrol og målrettede forældrepålæg og børne- og ungepålæg ved utryghedsskabende adfærd.
8950,237167,,1,2022-06-09 00:00:00,17,92002,3,L 180,"Forslag til lov om ændring af lov om fuldbyrdelse af straf m.v., straffeloven, retsplejeloven og forskellige andre love. (Opfølgning på flerårsaftalen om kriminalforsorgens økonomi 2022-2025, herunder leje af fængselspladser i udlandet, revision af disciplinærstraffesystemet, udstationering til eget hjem med fodlænke eller udslusningsfængsel m.v.).","Om opfølgning på flerårsaftalen om kriminalforsorgens økonomi 2022-2025, herunder leje af fængselspladser i udlandet m.m."
8951,237152,,1,2022-06-09 00:00:00,17,92000,3,L 181,"Forslag til lov om ændring af konkursloven. (Indførelse af regler om forebyggende rekonstruktion og revision af reglerne om rekonstruktion og gældssanering, herunder implementering af rekonstruktions- og insolvensdirektivet).",Om forskellige ændringer af konkursloven.
8952,237221,,1,2022-06-09 00:00:00,17,92007,3,L 182,"Forslag til lov om ændring af straffeloven, retsplejeloven og forskellige andre love. (Effektivisering af straffesagskæden og nævnsprocessen m.v. i Ungdomskriminalitetsnævnet, øget adgang til videregivelse og optagelse af fotografier, forbedring af politiets muligheder for efterforskning m.v.).",Om effektivisering af straffesagskæden og nævnsprocessen m.v. i Ungdomskriminalitetsnævnet og forbedring af politiets muligheder for efterforskning m.v.
8953,237111,,1,2022-06-09 00:00:00,17,91996,3,L 183,"Forslag til lov om delvis undtagelse af den uafhængige taskforce om reder-, ejer- og forsikringsforholdene vedrørende »Scandinavian Star« fra reglerne i lov om offentlighed i forvaltningen m.v.",Om delvis undtagelse af den uafhængige taskforce om »Scandinavian Star« fra reglerne i offentlighedsloven.
8954,238627,,1,2022-06-09 00:00:00,17,92593,3,L 184 A,Forslag til lov om ændring af lov om erstatningsansvar. (Tortgodtgørelse ved digitale seksuelle krænkelser).,Om tortgodtgørelse ved digitale seksuelle krænkelser m.v.
8955,238632,,1,2022-06-09 00:00:00,17,92594,3,L 184 B,Forslag til lov om ændring af lov om erstatningsansvar og lov om erstatning fra staten til ofre for forbrydelser. (Udvidelse af området for ydelse af krænkelsesgodtgørelse og forenkling af renteberegningen i offererstatningssager).,Om udvidelse af området for ydelse af krænkelsesgodtgørelse og forenkling af renteberegningen i offererstatningssager.
8956,237538,,1,2022-06-09 00:00:00,17,92087,3,L 195,Forslag til lov om Det Centrale Dna-profilregister og Det Centrale Fingeraftryksregister.,Om Det Centrale Dna-profilregister og Det Centrale Fingeraftryksregister.
8957,236319,,1,2022-06-09 00:00:00,17,91707,3,L 153,"Forslag til lov om ændring af lov om miljøbeskyttelse og lov om Forsyningstilsynet. (Nye rammer for kommunal behandling af affald egnet til materialenyttiggørelse, indsamling af erhvervsaffald, genbrug på genbrugspladser og skærpet økonomisk tilsyn).","Om nye rammer for kommunal behandling af affald egnet til materialenyttiggørelse, indsamling af erhvervsaffald, genbrug på genbrugspladser og skærpet økonomisk tilsyn)."
8959,238619,,1,2022-06-09 00:00:00,17,92591,3,L 106 B,Forslag til lov om ændring af momsloven. (Ændring af reglerne om forfattervirksomhed og kunstnerisk aktivitet).,Om ændring af momslovens regler om forfattervirksomhed og kunstnerisk aktivitet og brugtmoms m.v.
8960,236627,,1,2022-06-09 00:00:00,17,91808,3,L 161,"Forslag til lov om ændring af selskabsskatteloven, skatteforvaltningsloven, skattekontrolloven og ligningsloven. (Samfundsbidrag fra den finansielle sektor og fradragsloft over lønninger).",Om samfundsbidrag fra den finansielle sektor og fradragsloft over lønninger.
8963,237820,,1,2022-06-09 00:00:00,17,92199,3,L 200,"Forslag til lov om ændring af lov om afgift af elektricitet, lov om skattefri kompensation for forhøjede energi- og miljøafgifter og ligningsloven. (Nedsættelse af den almindelige elafgift, afskaffelse af grøn check for ikkepensionister m.v. og forhøjelse af det maksimale beskæftigelsesfradrag).","Om nedsættelse af den almindelige elafgift, afskaffelse af grøn check for ikkepensionister m.v. og forhøjelse af beskæftigelsesfradraget m.v."
8964,237195,,1,2022-06-09 00:00:00,17,92005,3,L 171,Forslag til lov om ændring af lov om et midlertidigt børnetilskud til visse forsørgere. (Forlængelse af det midlertidige børnetilskud for andet halvår 2022).,Om forlængelse af det midlertidige børnetilskud i andet halvår 2022.
8965,237180,,1,2022-06-09 00:00:00,17,92003,3,L 172,"Forslag til lov om ændring af lov om lønmodtageres ret til fravær fra arbejde af særlige familiemæssige årsager, lov om ligebehandling af mænd og kvinder med hensyn til beskæftigelse m.v., lov om aktiv socialpolitik og forskellige andre love. (Gennemførelse af orlovsdirektivets bestemmelser om omsorgsorlov, afskedigelsesbeskyttelse m.v. samt fritagelse for rådighed ved orlov, bedre orlovsvilkår for trillingeforældre m.v.).","Om gennemførelse af orlovsdirektivets bestemmelser om omsorgsorlov, afskedigelsesbeskyttelse m.v. samt fritagelse for rådighed ved orlov, bedre orlovsvilkår for trillingeforældre m.v."
8967,237137,,1,2022-06-09 09:00:00,17,91998,3,L 173,"Forslag til lov om ændring af lov om arbejdsløshedsforsikring m.v., lov om sygedagpenge og barselsloven. (Indførelse af et beskæftigelsestillæg, nedsættelse af dagpengeperioden for dimittender, nedsættelse af dimittendsatsen for ikkeforsørgere, indførelse af et sprogkrav til modtagere af dimittenddagpenge m.v.).","Om indførelse af et beskæftigelsestillæg, nedsættelse af dagpengeperioden for dimittender m.v."
8968,238218,,1,2022-06-09 00:00:00,17,92404,3,L 203,"Forslag til lov om ændring af lov om social pension, lov om højeste, mellemste, forhøjet almindelig og almindelig førtidspension m.v., lov om arbejdsløshedsforsikring m.v. og lov om midlertidig opholdstilladelse til personer, der er fordrevet fra Ukraine. (Ingen modregning i social pension og efterløn på arbejdspladser, som varetager opgaver med fordrevne fra Ukraine, og ændring af skæringsdato for udrejse af Ukraine ved meddelelse af opholdstilladelse).","Om ingen modregning i social pension og efterløn på arbejdspladser, som varetager opgaver med fordrevne fra Ukraine, og ændring af skæringsdato for udrejse af Ukraine ved meddelelse af opholdstilladelse."
8991,239271,,1,2022-09-08 00:00:00,17,92927,3,L 204,Forslag til lov om ændring af lov om afgift af elektricitet og ligningsloven. (Nedsættelse af den almindelige elafgift i fjerde kvartal 2022 og i 2023 og forhøjelse af det maksimale beskæftigelsesfradrag for indkomstårene 2022 og 2023).,Om nedsættelse af den almindelige elafgift i fjerde kvartal 2022 og i 2023 og forhøjelse af det maksimale beskæftigelsesfradrag for indkomstårene 2022 og 2023.
8992,239284,,1,2022-09-08 00:00:00,17,92928,3,L 205,Forslag til lov om ændring af lov om ændring af SU-loven. (Fremrykning af forhøjelse af SU-fribeløb).,Om fremrykning af forhøjelse af SU-fribeløb.
8993,239297,,1,2022-09-08 00:00:00,17,92929,3,L 206,"Forslag til lov om en ekstra økonomisk støtte til modtagere af ældrechecken, engangsbeløb til overførselsmodtagere, der har trukket sig tilbage fra arbejdsmarkedet, og engangsbeløb til uddannelsessøgende, der modtager stipendium som tillæg på grund af en funktionsnedsættelse eller som enlige forsørgere.

","Om ekstra økonomisk støtte til modtagere af ældrechecken, overførselsmodtagere, SU-handicaptillægsmodtagere og SU-forsørgertillægsmodtagere."
8994,239621,,1,2022-09-22 00:00:00,17,93092,3,L 210,Forslag til lov om ændring af lov om leje og lov om boligforhold. (Loft over huslejestigninger som følge af udviklingen i nettoprisindekset).,Om loft over huslejestigninger som følge af udviklingen i nettoprisindekset.
9005,240789,,1,2022-12-22 00:00:00,17,93464,3,L 1,Forslag til lov om ændring af lov om et midlertidigt børnetilskud til visse forsørgere. (Forlængelse af det midlertidige børnetilskud for 2023).,Om forlængelse af det midlertidige børnetilskud for 2023.
9006,241082,,1,2022-12-22 00:00:00,17,93629,3,L 2,Forslag til midlertidig bevillingslov for finansåret 2023.,Om midlertidig bevillingslov for finansåret 2023.
9007,241069,,1,2022-12-22 00:00:00,17,93628,3,L 3,"Forslag til lov om ændring af ejendomsvurderingsloven, lov om kommunal ejendomsskat og ejendomsværdiskatteloven. (Forlængelse af virkningen af ejendomsvurderingen for 2020 af ejerboliger m.v.).",Om forlængelse af virkningen af ejendomsvurderingen for 2020 af ejerboliger m.v.
9008,241248,,1,2022-12-22 00:00:00,17,93688,3,L 4 A,Forslag til lov om ændring af afskrivningsloven. (Nedsættelse af afskrivningssatsen for bygninger m.v.).,Om nedsættelse af afskrivningssatsen for bygninger m.v. 
9009,241252,,1,2022-12-22 00:00:00,17,93689,3,L 4 B,Forslag til lov om ændring af investorfradragsloven. (Fastholdelse af loft over investorfradraget).,Om fastholdelse af loft over investorfradraget.
9010,241134,,1,2022-12-22 00:00:00,17,93634,3,L 5,Forslag til lov om ændring af lov om arbejdsmarkedsuddannelser m.v. og forskellige andre love. (Udskydelse af solnedgangsklausuler og ophævelse af kadence for samlede udbudsrunder).,Om udskydelse af solnedgangsklausuler og ophævelse af kadence for samlede udbudsrunder.
9011,241173,,1,2022-12-22 00:00:00,17,93637,3,L 6,Forslag til lov om ændring af lov om Nordsøenheden og Nordsøfonden. (Deltagelse i CO2-lagringsaktiviteter).,Om deltagelse i CO2-lagringsaktiviteter.
9012,241121,,1,2022-12-22 00:00:00,17,93632,3,L 7,Forslag til lov om ændring af lov om fremme af effektiv energianvendelse og drivhusgasreduktion. (Udmøntning af CCUS-puljer og mulighed for kommuners påtagelse af økonomiske forpligtelser).,Om udmøntning af CCUS-puljer og mulighed for kommuners påtagelse af økonomiske forpligtelser.
9013,241147,,1,2022-12-22 00:00:00,17,93635,3,L 8,"Forslag til lov om ændring af lov om gasforsyning, lov om Energinet og lov om elforsyning. (Regulering af brint, omorganisering af Energinet, CO2-lagring m.v.).","Om regulering af brint, omorganisering af Energinet, CO2-lagring m.v."
9014,241186,,1,2022-12-22 00:00:00,17,93638,3,L 9,Forslag til lov om ændring af lov om radio- og fjernsynsvirksomhed m.v. (Ændring af beskikkelsesperioden for DR's bestyrelse).,Om ændring af beskikkelsesperioden for DR's bestyrelse.
9015,241160,,1,2022-12-22 00:00:00,17,93636,3,L 10,Forslag til lov om administration af den fælles landbrugspolitik m.v.,Om administration af den fælles landbrugspolitik m.v.
9016,241108,,1,2022-12-22 00:00:00,17,93631,3,L 11,Forslag til lov om ændring af lov om forsøg med et socialt frikort. (Forlængelse af forsøg med et socialt frikort og indførelse af kontrol med sociale frikort).,Om forlængelse af forsøg med et socialt frikort og indførelse af kontrol med sociale frikort.
9022,241839,,1,2023-02-07 00:00:00,17,93987,3,L 26,Forslag til lov om ændring af lov om institutioner for almengymnasiale uddannelser og almen voksenuddannelse m.v. og lov om private institutioner for gymnasiale uddannelser. (Afstandszoner i skoleåret 2023/24 og afskaffelse af tilskudsloft for elever på private gymnasier).,Om fordeling af ansøgere til de gymnasiale ungdomsuddannelser i afstandszoner i skoleåret 2023/24.
9025,241580,,1,2023-02-23 00:00:00,17,93890,3,L 12,Forslag til lov om Fonden for Plantebaserede Fødevarer.,Om Fonden for Plantebaserede Fødevarer.
9029,241865,,1,2023-02-28 00:00:00,17,93989,3,L 13,Forslag til lov om konsekvenser ved afskaffelsen af store bededag som helligdag.,Om konsekvenser ved afskaffelsen af store bededag som helligdag.
9031,241891,,1,2023-03-02 00:00:00,17,93991,3,L 20,Forslag til lov om ændring af selskabsloven og forskellige andre love. (Implementering af mobilitetsdirektivet m.v.).,Om implementering af mobilitetsdirektivet m.v.
9032,241878,,1,2023-03-02 00:00:00,17,93990,3,L 22,Forslag til lov for Grønland om gennemførelse af restriktive foranstaltninger over for Rusland og Belarus.,Om gennemførelse af restriktive foranstaltninger over for Rusland og Belarus i Grønland.
9033,241735,,1,2023-03-02 00:00:00,17,93979,3,L 24,Forslag til lov om ændring af lov om varmeforsyning. (Overførsel af CO2-kvoter til statsstøttede CO2-fangstenheder og undtagelse af opvarmet vand fra geotermiske anlæg fra prisregulering).,Om at skabe bedre rammer for investeringer i udnyttelsen af geotermi til fjernvarme m.v.
9034,241852,,1,2023-03-14 00:00:00,17,93988,3,L 14,"Forslag til lov om ændring af lov om en aktiv beskæftigelsesindsats, lov om sygedagpenge og forskellige andre love. (Mere målrettede tilbud, udvidet mulighed for samtaler over video eller telefon, forenkling af opfølgning ved skærpet tilsyn m.v.).",Om opfølgning på anden delaftale om nytænkning af beskæftigelsesindsatsen fra juni 2022.
9035,241748,,1,2023-03-14 00:00:00,17,93980,3,L 19,Forslag til lov om dansk normaltid.,Om dansk normaltid.
9038,241813,,1,2023-03-23 00:00:00,17,93985,3,L 27,"Forslag til lov om ændring af lov om ændring af lov om folkeskolen, lov om friskoler og private grundskoler m.v., lov om social service og lov om en børne- og ungeydelse. (Udskydelse af revisionsbestemmelse).",Om udskydelse af revisionsbestemmelse for reglerne om obligatoriske sprogprøver i udsatte boligområder og styrket forældreansvar gennem mulighed for standsning af børnecheck m.v.
9039,241826,,1,2023-03-23 00:00:00,17,93986,3,L 28,Forslag til lov om ændring af lov om erhvervsuddannelser. (Permanentgørelse af Team Danmark-ordning).,Om at gøre Team Danmark-ordning permanent.
9041,241722,,1,2023-03-23 00:00:00,17,93978,3,L 23,"Forslag til lov om ændring af lov om fremme af vedvarende energi. (Investeringsstøtte til forsøgsvindmøller, udbud af støtte til anvendelse af kemiske brændstoffer eller produkter fra elektricitet (power-to-x), anvendelsesområdet for VE-ordningerne, tilsyn med elproducerende anlæg på havet og adgang til negativt pristillæg).",Om en opfølgning på klimaaftalen om grøn strøm og varme fra juni 2022 og klimaaftalen for energi og industri m.v. fra juni 2020. 
9042,241975,,1,2023-03-23 00:00:00,17,94029,3,L 25,Forslag til lov om tillægsbevilling for finansåret 2022.,Om tillægsbevilling for finansåret 2022.
9043,242142,,1,2023-03-23 00:00:00,17,94089,3,L 33,Forslag til lov om indfødsrets meddelelse., Om indfødsrets meddelelse.
9044,242443,,1,2023-03-23 00:00:00,17,94177,3,L 45,"Forslag til lov om ændring af udlændingeloven. (Indberetning i Schengeninformationssystemet (SIS) af tredjelandsstatsborgere, som er genstand for en afgørelse om tilbagesendelse, og bemyndigelse til udlændinge- og integrationsministeren til at fastsætte regler om udlændingemyndighedernes kompetence til at foretage indberetninger og forestå konsultationer i medfør af SIS-forordningen og SIS-tilbagesendelsesforordningen).",Om Schengeninformationssystemet (SIS).
9045,242469,,1,2023-03-23 00:00:00,17,94179,3,L 46,Forslag til lov om ændring af udlændingeloven. (Styrket international rekruttering).,Om styrket international rekruttering.
9046,242482,,1,2023-03-23 00:00:00,17,94180,3,L 41,Forslag til lov om etablering af statsgaranti på lån til udskiftning af olie- eller gasfyr med en anden opvarmningskilde i landdistriktsområder uden for fjernvarmenettet.,Om etablering af statsgaranti på lån til udskiftning af olie- eller gasfyr med anden opvarmningskilde i landdistriktsområder uden for fjernvarmenettet.
9049,241774,,1,2023-03-23 00:00:00,17,93982,3,L 16,"Forslag til lov om ændring af lov om inddrivelse af gæld til det offentlige, kildeskatteloven, skatteindberetningsloven, lov om fuldbyrdelse af straf m.v. og lov om Den Internationale Straffedomstol og om ophævelse af lov om Det Fælles Lønindeholdelsesregister. (Styrkelse af inddrivelsen med henblik på at nedbringe danskernes gæld til det offentlige).",Om styrkelse af inddrivelsen med henblik på at nedbringe danskernes gæld til det offentlige.
9050,241787,,1,2023-03-23 00:00:00,17,93983,3,L 17,Forslag til lov om gennemførelse af dobbeltbeskatningsoverenskomst og tilhørende protokol mellem Kongeriget Danmark og Den Franske Republik.,Om gennemførelse af dobbeltbeskatningsoverenskomst og tilhørende protokol mellem Kongeriget Danmark og Den Franske Republik.
9051,242129,,1,2023-03-23 00:00:00,17,94088,3,L 31,"Forslag til lov om ændring af lov om ligebehandling af mænd og kvinder med hensyn til beskæftigelse m.v., lov om arbejdsmiljø og lov om erhvervsuddannelser. (Udmøntning af »Trepartsaftale om initiativer til at modgå seksuel chikane på arbejdspladser« og forlængelse af hjemmel til smileyordningen).",Om udmøntning af »Trepartsaftale om initiativer til at modgå seksuel chikane på arbejdspladser« og forlængelse af hjemmel til smileyordningen.
9055,242365,,1,2023-03-28 00:00:00,17,94171,3,L 48,"Forslag til lov om ændring af militær retsplejelov. (Styrkelse af mulighederne for at pågribe militært personel, der er narkopåvirket i tjenesten).","Om styrkelse af mulighederne for at pågribe militært personel, der er narkopåvirket i tjenesten."
9056,243100,,1,2023-03-28 00:00:00,17,94399,3,L 53,"Forslag til lov om ændring af tinglysningsafgiftsloven og ejendomsvurderingsloven. (Indførelse af godtgørelse af tinglysningsafgift for pant tinglyst til sikkerhed for lån til udskiftning af olie- eller gasfyr med en anden opvarmningskilde, fremrykket kategorisering af visse ejendomme m.v.).",Om godtgørelse af tinglysningsafgiften ved tinglysning af pant til sikkerhed for lån til udskiftning af olie- og gasfyr m.v.
9057,243748,,1,2023-03-28 00:00:00,17,94569,3,L 55,Forslag til lov om ændring af sundhedsloven og lov om social service. (Bemyndigelse til at indføre lavere medicintilskudsgrænser i 2023 m.v.).,Om lavere medicintilskudsgrænser i 2023 m.v.
9059,241761,,1,2023-04-13 00:00:00,17,93981,3,L 18,"Forslag til lov om ændring af lov om menighedsråd og lov om folkekirkens økonomi og om ophævelse af lov om forsøg i folkekirken. (Udvidelse og forenkling af samarbejdsmuligheder, øget transparens og fleksibilitet i den lokale økonomistyring m.v. og ophævelse af lov om forsøg i folkekirken).","Om udvidelse og forenkling af samarbejdsmuligheder, øget transparens og fleksibilitet i den lokale økonomistyring m.v. "
9060,242495,,1,2023-04-13 00:00:00,17,94181,3,L 44,Forslag til lov om ændring af lov om institutioner for almengymnasiale uddannelser og almen voksenuddannelse m.v. (Etablering af mulighed for organisatorisk adskillelse af Europaskolen fra Sankt Annæ Gymnasium og mulighed for fastlæggelse af kapacitetsloft på Europaskolen m.v.).,Om mulighed for organisatorisk adskillelse af Europaskolen fra Sankt Annæ Gymnasium og mulighed for fastlæggelse af kapacitetsloft på Europaskolen m.v.
9064,242391,,1,2023-04-18 00:00:00,17,94173,3,L 35,Forslag til lov om ændring af lov om udlejning af fast ejendom til ferie- og fritidsformål m.v. og campering m.v. (Forsøgsordning for udvidet vintercampering).,Om forsøgsordning for udvidet vintercampering.
9065,245239,,1,2023-04-18 00:00:00,17,94912,3,L 36 A,"Forslag til lov om ændring af lov om planlægning, lov om Planklagenævnet og lov om Miljø- og Fødevareklagenævnet. (Fremme af vedvarende energi i den fysiske planlægning og effektivisering af sagsbehandling i Planklagenævnet og Miljø- og Fødevareklagenævnet).",Om fremme af vedvarende energi i den fysiske planlægning og effektivisering af sagsbehandling i Planklagenævnet og Miljø- og Fødevareklagenævnet.
9066,245243,,1,2023-04-18 00:00:00,17,94913,3,L 36 B,Forslag til lov om ændring af lov om planlægning. (Opstilling af vindmøller og solceller i herregårds- og godslandskaber).,Om opstilling af vindmøller og solceller i herregårds- og godslandskaber.
9067,242430,,1,2023-04-18 00:00:00,17,94176,3,L 38,Forslag til lov om ændring af lov om Det Centrale Personregister. (Kommunernes kontrol med bopælsregistreringen i CPR).,Om kommunernes kontrol med bopælsregistreringen i CPR.
9068,242404,,1,2023-04-18 00:00:00,17,94174,3,L 39,"Forslag til lov om ændring af lov om Det Centrale Personregister, lov om folketingsvalg i Grønland og lov om valg til Folketinget. (Bopælsregistrering i Danmark og Grønland af personer, der af Grønlands Selvstyre eller den danske stat er beordret til tjeneste uden for riget, optagelse på folketingsvalglisterne i Danmark og Grønland m.v.).","Om bopælsregistrering i Danmark og Grønland af personer som er beordret til tjeneste uden for riget, optagelse på folketingsvalglisterne i Danmark og Grønland m.v."
9069,242456,,1,2023-04-18 00:00:00,17,94178,3,L 40,"Forslag til lov om ændring af lov om finansiel virksomhed, straffeloven og forskellige andre love. (Gennemførelse af Ansvarsudvalgets forslag om skærpet ansvarsvurdering for ledelsesmedlemmer m.v. i finansielle virksomheder og ændring af reglerne om egnethed og hæderlighed).",Om skærpet ansvarsvurdering for ledelsesmedlemmer m.v. i finansielle virksomheder og ændring af regler om egnethed og hæderlighed m.v.
9070,242521,,1,2023-04-18 00:00:00,17,94183,3,L 42,Forslag til lov om Kreditforeningen af kommuner og regioner i Danmark.,Om kreditforeningen af kommuner og regioner i Danmark.
9078,242560,,1,2023-04-20 00:00:00,17,94186,3,L 47,"Forslag til lov om ændring af lov om husdyrbrug og anvendelse af gødning m.v. (Reduktion af drivhusgasudledninger fra erhvervsmæssige dyrehold).

",Om reduktion af drivhusgasudledninger fra erhvervsmæssige dyrehold.
9080,241904,,1,2023-04-20 00:00:00,17,93992,3,L 21,Forslag til lov om adgang til anlæggelse af gruppesøgsmål til beskyttelse af forbrugernes kollektive interesser.,Om gruppesøgsmål til beskyttelse af forbrugernes kollektive interesser.
9081,242352,,1,2023-04-20 00:00:00,17,94170,3,L 37,"Forslag til lov om ændring af lov om elforsyning og lov om afgift af elektricitet. (Implementering af forskellige aftaler om grøn omstilling, herunder dele af power-to-x-aftalen af 15. marts 2022).","Om implementering af forskellige aftaler om grøn omstilling, herunder dele af Power-to-x-aftalen af 15. marts 2022."
9082,242881,,1,2023-04-20 00:00:00,17,94323,3,L 49,"Forslag til lov om ændring af kriminallov for Grønland, retsplejelov for Grønland og forskellige andre love. (Samtykkebaseret voldtægtsbestemmelse, digital kommunikation i kriminalretsplejen, tilståelsessager, udeblivelsesdomme, pligtig afgangsalder for dommere og kredsdommere m.v. og ændringer som følge af modernisering af arve- og skiftelovgivningen i Grønland). ",Om samtykkebaseret voldtægtsbestemmelse og modernisering af arve- og skiftelovgivningen i Grønland m.v.
9083,244364,,1,2023-04-27 00:00:00,17,94709,3,L 68,Forslag til lov om et loft over indtægter fra elproduktion.,Om et loft over indtægter fra elproduktion. 
9084,243683,,1,2023-04-27 00:00:00,17,94564,3,L 60,Forslag til lov om ændring af lov om Arbejdsmarkedets Fond for Udstationerede og barselsloven. (Udmøntning af Dansk Arbejdsgiverforening og Fagbevægelsens Hovedorganisations aftale om principper for justering af Arbejdsmarkedets Fond for Udstationerede m.v.).,Om udmøntning af Dansk Arbejdsgiverforening og Fagbevægelsens Hovedorganisations aftale om principper for justering af Arbejdsmarkedets Fond for Udstationerede m.v.
9085,244403,,1,2023-04-27 00:00:00,17,94712,3,L 71,"Forslag til lov om en ekstra økonomisk støtte til modtagere af ældrecheck og engangsbeløb til uddannelsessøgende, der modtager stipendium som tillæg på grund af en funktionsnedsættelse eller som enlige forsørgere.",Om økonomisk støtte til forskellige persongrupper.
9087,243709,,1,2023-05-02 00:00:00,17,94566,3,L 63,Forslag til lov om ændring af lov om social service. (Hurtigere og mere fleksibel hjælp og støtte til borgere med en hastigt fremadskridende sygdom).,Om fleksibel hjælp og støtte til borgere med en hastigt fremadskridende sygdom.
9092,245764,,1,2023-05-04 00:00:00,17,95094,3,L 58 A,"Forslag til lov om ændring af lov om forbrugslånsvirksomheder og lov om kreditaftaler. (Indgreb over for kreditter, der ydes rentefrit og uden andre omkostninger).","Om indgreb over for kreditter, der ydes rentefrit og uden andre omkostninger."
9093,245768,,1,2023-05-04 00:00:00,17,95095,3,L 58 B,"Forslag til lov om ændring af lov om en garantifond for skadesforsikringsselskaber, hvidvaskloven, lov om finansiel virksomhed og forskellige andre love. (Udvidelse af dækningsområde for Garantifonden for skadesforsikringsselskaber til at omfatte livsforsikringsselskaber, der udøver arbejdsulykkesforsikringsvirksomhed i Danmark, og til at omfatte motoransvarsforsikringer m.v.).",Om udvidelse af dækningsområde for Garantifonden til at omfatte livsforsikringsselskaber m.v.
9094,243696,,1,2023-05-04 00:00:00,17,94565,3,L 64,"Forslag til lov om ændring af lov om social service, lov om  almene boliger m.v., lov om leje af almene boliger og forskellige andre love. (Omlægning af indsatsen mod hjemløshed, udvidelse af ordning om udslusningsboliger og indretning af bofællesskaber m.v.).","Om omlægning af indsatsen mod hjemløshed, udvidelse af ordning om udslusningsboliger og indretning af bofællesskaber m.v."
9100,242378,,1,2023-05-09 00:00:00,17,94172,3,L 34,"Forslag til lov om ændring af universitetsloven, lov om erhvervsakademiuddannelser og professionsbacheloruddannelser og forskellige andre love. (Regulering af beløb, som studerende kan modtage som en erkendtlighed under ulønnede projektorienterede forløb og ulønnet praktik m.v., harmonisering af regler om strategiske rammekontrakter og ingen prækvalifikation ved overdragelse af uddannelser inden for samme geografiske område).","Om beløb, som studerende kan modtage som en erkendtlighed under ulønnede projektorienterede forløb og ulønnet praktik m.v."
9101,243655,,1,2023-05-09 00:00:00,17,94561,3,L 61,"Forslag til lov om ændring af lov om et indkomstregister, opkrævningsloven og skatteindberetningsloven. (Sanktionstiltag omfattet af tredje etape af reform af skattekontrollen).",Om sanktionstiltag omfattet af tredje etape af reform af skattekontrollen.
9102,243113,,1,2023-05-09 00:00:00,17,94400,3,L 54,Forslag til lov om ændring af færdselsloven. (Undtagelse til hegningspligt i områder med udsatte dyr m.v.).,Om undtagelse til hegningspligt i områder med udsatte dyr m.v.
9103,244987,,1,2023-05-09 00:00:00,17,94828,3,L 82,Forslag til lov om ændring af lov om valg til Folketinget. (Ændring af reglerne om efteruddannelse m.v. for folketingsmedlemmer).,Om ændring af reglerne om efteruddannelse m.v. for folketingsmedlemmer.
9104,245980,,1,2023-05-09 00:00:00,17,95171,3,L 72 A,"Forslag til lov om ændring af udlændingeloven, hjemrejseloven og straffeloven og ophævelse af lov om videreførelse af visse rettigheder i forbindelse med Det Forenede Kongeriges udtræden af Den Europæiske Union uden en aftale. (Ændring af visse regler om hjælp til hjemrejse, adgang til hjemrejsestøtte og administrativ frihedsberøvelse, gennemførelse af rådsafgørelse om Kroatiens fulde optagelse i Schengensamarbejdet og ophævelse af lov om videreførelse af visse rettigheder i forbindelse med Det Forenede Kongeriges udtræden af Den Europæiske Union uden en aftale).",Om opfølgning på EU-lovgivning og ophævelse af lov om videreførelse af visse rettigheder i forbindelse med Det Forenede Kongeriges udtræden af Den Europæiske Union uden en aftale m.v.
9105,245988,,1,2023-05-09 00:00:00,17,95173,3,L 72 B,Forslag til lov om ændring af lov om dansk indfødsret. (Implementering af bestemmelse i statsborgerretskonventionen).,Om implementering af bestemmelse i statsborgerretskonventionen.
9106,245994,,1,2023-05-09 00:00:00,17,95172,3,L 72 C,Forslag til lov om ændring af forskellige ændringslove på Udlændinge- og Integrationsministeriets område. (Revision af loven om indførelse af mulighed for overførsel af asylansøgere til asylsagsbehandling og eventuel efterfølgende beskyttelse i tredjelande).,Om revision af loven om indførelse af mulighed for overførsel af  asylansøgere til asylsagsbehandling og eventuel efterfølgende beskyttelse i tredjelande.
9109,244940,,1,2023-05-11 00:00:00,17,94821,3,L 83,Forslag til lov om inflationshjælp til økonomisk udsatte børnefamilier.,Om inflationshjælp til økonomisk udsatte børnefamilier.
9110,244927,,1,2023-05-11 00:00:00,17,94820,3,L 84,Forslag til lov om ansættelsesbeviser og visse arbejdsvilkår.,Om ansættelsesbeviser og visse arbejdsvilkår.
9153,244459,,1,2023-05-16 00:00:00,17,94716,3,L 65,Forslag til finanslov for finansåret 2023.,Om finanslov for finansåret 2023.
9154,244442,,1,2023-05-16 00:00:00,17,94715,3,L 66,"Forslag til lov om ændring af lov om fastsættelse af udgiftslofter for stat, kommuner og regioner for finansåret 2023, lov om fastsættelse af udgiftslofter for stat, kommuner og regioner for finansåret 2024 og lov om fastsættelse af udgiftslofter for stat, kommuner og regioner for finansåret 2025. (Konsekvenser af forslag til finanslov for 2023 m.v.).",Om konsekvenser af forslag til finanslov for 2023 m.v.
9155,244429,,1,2023-05-16 00:00:00,17,94714,3,L 67,"Forslag til lov om fastsættelse af udgiftslofter for stat, kommuner og regioner for finansåret 2026.","Om fastsættelse af udgiftslofter for stat, kommuner og regioner for finansåret 2026."
9156,241930,,1,2023-05-16 00:00:00,17,93994,3,L 29,Forslag til lov for Færøerne om fuldbyrdelse af straf m.v.,Om straffuldbyrdelseslov for Færøerne.
9157,241917,,1,2023-05-16 00:00:00,17,93993,3,L 30,"Forslag til lov om ændring af straffelov for Færøerne, retsplejelov for Færøerne og lov for Færøerne om retsafgifter. (Ændringer som følge af ikraftsættelse af lov for Færøerne om fuldbyrdelse af straf m.v. og som følge af ikraftsættelse af ændringsanordning om konkursloven for Færøerne).",Om konsekvensændringer som følge af ikraftsættelse af straffuldbyrdelsesloven for Færøerne.
9158,243668,,1,2023-05-16 00:00:00,17,94562,3,L 59,Forslag til lov om kompensation til naboer omkring Udrejsecenter Kærshovedgård.,Om kompensation til naboer omkring Udrejsecenter Kærshovedgård.
9170,244626,,1,2023-05-23 00:00:00,17,94796,3,L 81,Forslag til lov om ændring af lov om fremme af vedvarende energi. (Udbetaling af støtte og opkrævning af betaling for elektricitet produceret på udbudte havvindmølleparker og implementering af dele af VE II-direktivet).,Om udbetaling af støtte og opkrævning for elektricitet produceret på udbudte havvindmølleparker og implementering af dele af VE II-direktivet.
9171,242868,,1,2023-05-23 13:00:00,17,94322,3,L 50,"Forslag til lov om ændring af straffeloven og retsplejeloven. (Initiativer mod digitale krænkelser, herunder forbud mod grooming, sidestilling af tilsnigelse af samleje med voldtægt, religiøse lederes udnyttelse af religiøs afhængighed med henblik på at skaffe sig samleje m.v.).","Om initiativer mod digitale krænkelser, herunder forbud mod grooming m.v."
9172,243087,,1,2023-05-23 00:00:00,17,94398,3,L 52,"Forslag til lov om ændring af lov om arbejdsmiljø i Grønland. (Psykisk arbejdsmiljø, virksomheders samarbejde om sikkerhed og sundhed, styrkelse af krav til arbejdspladsvurdering, udvidelse af Arbejdstilsynets reaktionsmuligheder, indsamling, behandling og videregivelse af data, aftaleforløb med virksomhederne, forhøjet bødeniveau m.v.).",Om revidering af arbejdsmiljøet i Grønland.
9173,245332,,1,2023-05-23 00:00:00,17,94940,3,L 110,"Forslag til lov om ændring af lov om en aktiv beskæftigelsesindsats. (Genindførelse af ret til uddannelse for personer, der har arbejdet i minkerhvervet eller følgeerhverv, inden for en pulje i 2023).","Om genindførelse af ret til uddannelse for personer, der har arbejdet i minkerhvervet eller følgeerhverv, inden for en pulje i 2023."
9181,244966,,1,2023-05-25 00:00:00,17,94823,3,L 100,Forslag til lov om ændring af lov om folkeskolen. (Permanentgørelse af forsøg med internationale udskolingslinjer).,Om permanentgørelse af forsøg med internationale udskolingslinjer.
9182,244901,,1,2023-05-25 00:00:00,17,94818,3,L 101,Forslag til lov om ændring af lov om de gymnasiale uddannelser. (Udvidelse af lovens formålsbestemmelse og indførelse af obligatorisk seksualundervisning).,Om udvidelse af formålsbestemmelse og indførelse af obligatorisk seksualundervisning.
9183,245345,,1,2023-05-25 00:00:00,17,94941,3,L 109,Forslag til lov om ændring af lov om folkeskolen. (Forlængelse af de udvidede frihedsgrader om afkortning af skoleugens længde og målsætningen om fuld kompetencedækning i skoleåret 2023/24 samt afskaffelse af udviklingsplanen m.v.).,Om forlængelse af de udvidede frihedsgrader i folkeskolen.
9184,244758,,1,2023-05-25 00:00:00,17,94807,3,L 78,Forslag til lov om ændring af lov om valg til menighedsråd. (Videreførelse af valgbarhedskriterier for kirkefunktionærer).,Om videreførelse af valgbarhedskriterier for kirkefunktionærer.
9185,244771,,1,2023-05-25 00:00:00,17,94808,3,L 79,Forslag til lov om ændring af lov om trossamfund uden for folkekirken. (Udskydelse af revisionsbestemmelse).,Om udskydelse af revisionsbestemmelse i lov om trossamfund uden for folkekirken.
9187,246401,,1,2023-05-25 00:00:00,17,95327,3,L 76 B,Forslag til lov om ændring af personskatteloven. (Nedsættelse af bundskatten som følge af kommunale skattestigninger).,Om nedsættelse af bundskatten som følge af kommunale skattestigninger.
9188,245546,,1,2023-05-25 00:00:00,17,95033,3,L 112,Forslag til lov om midlertidig udskydelse af betalingsfrister for indeholdt A-skat og arbejdsmarkedsbidrag og midlertidig forhøjelse af standardfradraget for dagplejere.,Om midlertidig udskydelse af betalingsfrister for indeholdt A-skat og arbejdsmarkedsbidrag og midlertidig forhøjelse af standardfradraget for dagplejere.
9189,244704,,1,2023-05-25 00:00:00,17,94802,3,L 98,Forslag til lov om fravigelse fra obligatorisk digital selvbetjening.,Om fravigelse fra obligatorisk digital selvbetjening.
9190,244691,,1,2023-05-25 00:00:00,17,94801,3,L 99,Forslag til lov om ændring af lov om videreanvendelse af den offentlige sektors informationer. (Indskrænkning af lovens anvendelsesområde i henhold til åbne data-direktivet).,Om indskrænkning af anvendelsesområdet i henhold til åbne data-direktivet.
9191,243735,,1,2023-05-25 00:00:00,17,94568,3,L 57,Forslag til lov for Færøerne om gennemførelse af restriktive foranstaltninger over for Rusland og Belarus.,Om gennemførelse af restriktive foranstaltninger over for Rusland og Belarus gældende for Færøerne.
9192,244914,,1,2023-05-25 00:00:00,17,94819,3,L 89,Forslag til lov om ændring af lov om salg og markedsføring af lattergas til forbrugere og lov om markedsføring. (Skærpelse af regler om markedsføring af lattergas til beruselse og indførelse af mulighed for fængselsstraf).,Om skærpelse af regler om markedsføring af lattergas til beruselse og indførelse af mulighed for fængselsstraf.
9193,244875,,1,2023-05-25 00:00:00,17,94816,3,L 90,Forslag til lov om ændring af lov om formidling af fast ejendom m.v. og lov om juridisk rådgivning. (Indførelse af regler for køberformidling og skærpelse af sanktionsmulighederne for Disciplinærnævnet for Ejendomsmæglere).,Om indførelse af regler for køberformidling og skærpelse af sanktionsmulighederne for Disciplinærnævnet for Ejendomsmæglere m.v.
9194,245142,,1,2023-05-25 00:00:00,17,94882,3,L 106,Forslag til lov om ændring af lov om erhvervsfremme og lov om dansk turisme. (Regulering af det nationale standardiseringsorgan i Danmark og udpegninger til Det Nationale Turismeforum og Dansk Turismes Advisoryboard).,Om regulering af det nationale standardiseringsorgan i Danmark og udpegninger til Det Nationale Turismeforum og Dansk Turismes Advisoryboard.
9207,244678,,1,2023-05-30 00:00:00,17,94800,3,L 102,"Forslag til lov om ændring af lov om autorisation af sundhedspersoner og om sundhedsfaglig virksomhed, sundhedsloven og lov om klage- og erstatningsadgang inden for sundhedsvæsenet. (Skærpet straf ved ulovlige omskæringer af drengebørn, ændring af sundhedspersoners rapporteringspligt i forbindelse med utilsigtede hændelser og ophævelse af Styrelsen for Patientklagers pligt til at udgive en årsberetning).

",Om skærpet straf for ulovlige omskæringer af drengebørn og ændring af sundhedspersoners rapporteringspligt i forbindelse med utilsigtede hændelser m.v.
9208,244652,,1,2023-05-30 00:00:00,17,94798,3,L 104,"Forslag til lov om ændring af partiregnskabsloven og partistøtteloven. (Nye bundgrænser for offentlig partistøtte og anordningshjemmel til ikraftsættelse af partistøtteloven for Færøerne m.v.).

",Om nye bundgrænser for offentlig partistøtte og anordningshjemmel til ikraftsættelse af partistøtteloven for Færøerne m.v.
9209,244732,,1,2023-05-30 00:00:00,17,94805,3,L 85,Forslag til lov om undersøgelse af beslutningen om hjemsendelse af ledende medarbejdere i Forsvarets Efterretningstjeneste.,Om undersøgelse af beslutningen om hjemsendelse af ledende medarbejdere i Forsvarets Efterretningstjeneste.
9210,245559,,1,2023-05-30 00:00:00,17,95034,3,L 113,Forslag til ejendomsskattelov.,Om ejendomsskat.
9211,245533,,1,2023-05-30 00:00:00,17,95032,3,L 114,"Forslag til lov om ændring af kildeskatteloven, lov om kommunal indkomstskat, ejendomsvurderingsloven og forskellige andre love. (Opkrævning og inddrivelse af grundskyld og dækningsafgift m.v., statens afregning af grundskyld og dækningsafgift til kommunerne, foreløbige vurderinger som midlertidigt beskatningsgrundlag i 2024 og 2025, forenkling af ejendomsvurderingerne for 2024 og 2025, udvidelse af antallet af dommere i Landsskatteretten m.v.).",Om opfølgning på forlig om tryghed om boligbeskatningen og aftalen om kompensation til boligejerne og fortsat tryghed om boligbeskatningen.
9212,243642,,1,2023-05-30 10:00:00,17,94560,3,L 62,Forslag til lov om ændring af jernbaneloven og lov om DSB. (Revision af visse regler på jernbaneområdet).,Om revision af visse regler på jernbaneområdet.
9258,245155,,1,2023-06-01 00:00:00,17,94883,3,L 107,Forslag til lov om ændring af lov for Grønland om kapitalkrav og tilsynsmæssige krav for kreditinstitutter og investeringsselskaber. (Gennemførelse for Grønland af visse ændringsforordninger til forordning (EU) nr. 575/2013 om tilsynsmæssige krav til kreditinstitutter og investeringsselskaber).,Om at sætte ændringer af kapitalkravsforordningen i kraft for Grønland.
9259,244888,,1,2023-06-01 00:00:00,17,94817,3,L 88,"Forslag til lov om forsikringsvirksomhed i tværgående pensionskasser, livsforsikringsselskaber og skadesforsikringsselskaber m.v. (lov om forsikringsvirksomhed).",Om forsikringsvirksomhed.
9260,245611,,1,2023-06-01 00:00:00,17,95038,3,L 118,Forslag til lov om ændring af årsregnskabsloven. (Implementering af Europa-Parlamentets og Rådets direktiv (EU) 2021/2101 for så vidt angår offentliggørelse af selskabsskatteoplysninger for visse virksomheder og filialer m.v.).,Om direktivimplementering af offentliggørelse af selskabsskatteoplysninger for visse virksomheder og filialer m.v.
9261,244836,,1,2023-06-01 00:00:00,17,94813,3,L 73,"Forslag til lov om ændring af kildeskatteloven, selskabsskatteloven, kulbrinteskatteloven og ligningsloven. (Indførelse af begrænset skattepligt ved udøvelse af visse aktiviteter i Danmarks eksklusive økonomiske zone, anvendelse af kulbrinteanlæg m.v. i forbindelse med lagring af CO2 og ændring af listen over lande, der er omfattet af defensive foranstaltninger).","Om indførelse af begrænset skattepligt ved udøvelse af visse aktiviteter i Danmarks eksklusive økonomiske zone, anvendelse af kulbrinteanlæg m.v. "
9262,244810,,1,2023-06-01 00:00:00,17,94811,3,L 74,Forslag til lov om vejafgift.,Om vejafgift.
9263,244797,,1,2023-06-01 00:00:00,17,94810,3,L 75,"Forslag til lov om ændring af momsloven, chokoladeafgiftsloven, skattekontrolloven og forskellige andre love og om ophævelse af lov om ændring af momsloven. (Indberetning af betalingsoplysninger til bekæmpelse af grænseoverskridende momssvig, omvendt betalingspligt for teleydelser, notifikationsordning i visse afgiftslove, ændring af regler om ansvarsfrihed, tydeliggørelse af praksis om skærpede bøder, oplysningspligt i forbindelse med delvis momsfradragsret, justering af regler om udtagning, fritagelse for lønsumsafgift på energivirksomheders aktiviteter vedrørende indefrysning i forbindelse med indefrysningsordning for høje energiregninger, ændring af regler om kompetence til opkrævning af visse underholdsbidrag m.v.).",Om indberetning af betalingsoplysninger til bekæmpelse af grænseoverskridende momssvig m.v.
9264,244416,,1,2023-06-01 00:00:00,17,94713,3,L 70,Forslag til lov om ændring af lov om vagtvirksomhed. (Etablering af en forsøgsordning med kommunale tryghedsvagter m.v.).,Om etablering af en forsøgsordning med kommunale tryghedsvagter m.v.
9265,244745,,1,2023-06-01 00:00:00,17,94806,3,L 86,Forslag til lov om ændring af lov om sikkerhed ved bestemte idrætsbegivenheder. (Styrket indsats mod hooliganisme).,Om styrket indsats mod hooliganisme.
9266,244784,,1,2023-06-01 00:00:00,17,94809,3,L 87,"Forslag til lov om ændring af lov om indsamling m.v. (Ændring af Indsamlingsnævnets sammensætning, øgede kontrolmuligheder m.v.).","Om ændring af Indsamlingsnævnets sammensætning, øgede kontrolmuligheder m.v."
9267,244823,,1,2023-06-01 00:00:00,17,94812,3,L 96,Forslag til lov om Kulturens Analyseinstitut.,Om Kulturens Analyseinstitut.
9268,244862,,1,2023-06-01 00:00:00,17,94815,3,L 97,"Forslag til lov om ændring af lov om videregående kunstneriske uddannelsesinstitutioner under Kulturministeriet, lov om scenekunst og lov om Statens Kunstfonds virksomhed. (Ny styringsform på institutionerne, udpegning til Det Kongelige Teaters bestyrelse og digitale ansøgninger).",Om ny styringsform på institutionerne og udpegning til Det Kongelige Teaters bestyrelse m.v.
9269,245838,,1,2023-06-01 00:00:00,17,95135,3,L 125,Forslag til lov om ændring af lov om ophavsret. (Gennemførelse af dele af direktiv om ophavsret og beslægtede rettigheder på det digitale indre marked).,Om gennemførelse af dele af direktiv om ophavsret og beslægtede rettigheder på det digitale indre marked.
9270,245663,,1,2023-06-01 00:00:00,17,95042,3,L 116,Forslag til lov om ændring af lov om arbejdsløshedsforsikring m.v. (Fritagelse for fradrag i efterløn for arbejde i sundhedsvæsenet i 2023 og 2024).,Om fritagelse for fradrag i efterløn for arbejde i sundhedsvæsenet i 2023 og 2024.
9272,245598,,1,2023-06-01 00:00:00,17,95037,3,L 123,Forslag til lov om ændring af lov om tobaksvarer m.v. og forskellige andre love. (Implementering af dele af delegeret direktiv vedrørende opvarmede tobaksvarer m.v.).,Om delimplementering af delegeret direktiv vedrørende opvarmede tobaksvarer m.v.
9273,244600,,1,2023-06-01 00:00:00,17,94794,3,L 80,"Forslag til lov om ændring af lov om etablering og benyttelse af en rørledning til transport af råolie og kondensat, lov om kontinentalsoklen og visse rørledningsanlæg på søterritoriet og lov om anvendelse af Danmarks undergrund. (Godkendelse af ændringer og afvikling af rørledningen, krav om effektiv drift, gennemførelse af direktiver om naturbeskyttelse, bemyndigelse vedrørende forbud mod rutinemæssig afbrænding af kulbrinter, tilladelse til forundersøgelser for visse rørledningsanlæg m.v.).",Om ændringer og afvikling af rørledningen til transport af råolie fra Nordsøen m.v.
9274,244665,,1,2023-06-01 00:00:00,17,94799,3,L 91,"Forslag til lov om ændring af lov om velfærdsaftaler på ældreområdet. (Justering af skriftlighedskrav og mulighed for forsøg med selvvisitation til tilbud, der træder i stedet for madservice).","Om forsøg med selvvisitation til tilbud, der træder i stedet for madservice."
9275,244639,,1,2023-06-01 00:00:00,17,94797,3,L 92,Forslag til lov om ændring af lov om social service. (Genindførelse af ordning med obligatorisk opfølgnings- og læringsforløb efter påbud fra Styrelsen for Patientsikkerheds Ældretilsyn).,Om genindførelse af ordning med obligatorisk opfølgnings- og læringsforløb efter påbud fra Styrelsen for Patientsikkerheds Ældretilsyn.
9276,245168,,1,2023-06-01 00:00:00,17,94884,3,L 108,Forslag til lov om ændring af lov om almene boliger m.v. og lov om leje af almene boliger. (Tilskud til midlertidig huslejenedsættelse i visse almene boligafdelinger).,Om tilskud til midlertidig huslejenedsættelse i visse almene boligafdelinger.
9277,245637,,1,2023-06-01 00:00:00,17,95040,3,L 119,Forslag til lov om ændring af lov om forsøg med et socialt frikort. (Forlængelse af forsøg med et socialt frikort og forhøjelse af beløbsgrænsen).,Om forlængelse af forsøg med et socialt frikort og forhøjelse af beløbsgrænsen.
9278,245624,,1,2023-06-01 00:00:00,17,95039,3,L 120,Forslag til lov om ændring af lov om social service. (Ophævelse af aldersgrænsen og dispensationsadgangen i ordningen med kontant tilskud til ansættelse af hjælpere til overvågning og støtte i forbindelse hermed om natten).,Om ophævelse af aldersgrænsen og dispensationsadgangen i ordningen med kontant tilskud til ansættelse af hjælpere til overvågning og støtte om natten.
9301,245903,,1,2023-06-02 00:00:00,17,95140,3,L 124,Forslag til lov om opsigelse af dobbeltbeskatningsoverenskomst mellem Danmark og Rusland og gennemførelse af defensive foranstaltninger mod Rusland.,Om opsigelse af dobbeltbeskatningsoverenskomst mellem Danmark og Rusland.
9302,245585,,1,2023-06-02 00:00:00,17,95036,3,L 121,Forslag til lov om ændring af lov om ungdomsuddannelse for unge med særlige behov. (Flere rettigheder og bedre tilrettelæggelse af særligt tilrettelagt ungdomsuddannelse m.v.).,Om flere rettigheder og bedre tilrettelæggelse af særligt tilrettelagt ungdomsuddannelse m.v.
9303,245520,,1,2023-06-02 09:00:00,17,95031,3,L 115,"Forslag til lov om ændring af lov om miljøbeskyttelse, lov om varmeforsyning, lov om elforsyning og selskabsskatteloven. (Ny organisering af affaldsforbrændingssektoren og konkurrenceudsættelse af forbrændingsegnet affald).",Om ny organisering af affaldsforbrændingssektoren og konkurrenceudsættelse af forbrændingsegnet affald.
9304,245890,,1,2023-06-02 00:00:00,17,95139,3,L 128,"Forslag til lov om ændring af lov om en aktiv beskæftigelsesindsats, lov om sygedagpenge og barselsloven. (Genindførelse af ret til uddannelsesløft med forhøjet dagpengesats på 110 pct. i 2023).",Om genindførsel af ret til uddannelsesløft med forhøjet dagpengesats på 110 pct. i 2023.
9305,245877,,1,2023-06-02 00:00:00,17,95138,3,L 129,"Forslag til lov om ændring af lov om en aktiv beskæftigelsesindsats, lov om organisering og understøttelse af beskæftigelsesindsatsen m.v., lov om arbejdsløshedsforsikring m.v. og lov om aktiv socialpolitik. (Øget ansvar til arbejdsløshedskasser for kontaktforløbet i de første 3 måneder, et forenklet kontaktforløb m.v., permanentgørelse af forsøg om jobrettet indsats til unge, forenkling af krav til vejledning m.v.).",Om opfølgning på anden delaftale om nytænkning af beskæftigelsesindsatsen.
9306,245864,,1,2023-06-02 09:00:00,17,95137,3,L 126,Forslag til lov om ændring af lov om likviditetslån m.v. i forbindelse med indefrysningsordning for høje energiregninger og til energiintensive virksomheder m.v. (Justering af likviditetslåneordningen).,Om indefrysningsordning for høje energiregninger og til energiintensive virksomheder m.v.
9307,245851,,1,2023-06-02 09:00:00,17,95136,3,L 127,"Forslag til lov om ændring af investeringsscreeningsloven og lov om Klagenævnet for Udbud. (Udvidet screening af kontrakter vedrørende etablering, medejerskab og drift af energiøen i Nordsøen, udvidelse af Klagenævnet for Udbuds kompetence og indførelse af bemyndigelsesbestemmelse vedrørende administration af EU’s økonomiske sanktioner over for tredjelande vedrørende offentlige kontrakter).","Om udvidet screening af kontrakter om etablering, medejerskab og drift af energiøen i Nordsøen m.v."
9308,242547,,1,2023-06-02 09:00:00,17,94185,3,L 93,Forslag til barnets lov.,Om barnets lov.
9309,242534,,1,2023-06-02 09:00:00,17,94184,3,L 94,"Forslag til lov om ændring af lov om social service, lov om retssikkerhed og administration på det sociale område og forskellige andre love. (Ændringer som følge af barnets lov, initiativret for adopterede børn, adoption uden samtykke fra fødslen, samvær med børn på kvindekrisecentre m.v. og fasttrack for godkendelse af plejefamilier m.v.).",Om ændringer som følge af barnets lov.
9310,244953,,1,2023-06-02 09:00:00,17,94822,3,L 95,"Forslag til lov om ændring af lov om retssikkerhed og administration på det sociale område, lov om social service og forskellige andre love. (Handlekommune for børn, der hjælpes tilbage til Danmark af danske myndigheder, og for børn, hvis forældre er i udlandet, ensretning af begrebsbrug, nødvendige ændringer i handlekommunereglerne som følge af barnets lov m.v.).","Om handlekommune for børn, der hjælpes tilbage til Danmark af danske myndigheder og for børn, hvis forældre er i udlandet m.v."
9311,244613,,1,2023-06-02 09:00:00,17,94795,3,L 103,"Forslag til lov om ændring af sundhedsloven og lov om autorisation af sundhedspersoner og om sundhedsfaglig virksomhed. (Rammer for en national kvalitetsplan for det nære sundhedsvæsen, smidiggørelse af regler for etablering og drift af regionsklinikker, mulighed for særligt vederlag til læger i områder med lægemangel og regler om fordeling af uddannelsesforløb i speciallægeuddannelsen).

",Om at skabe rammerne for en national kvalitetsplan for den videre kvalitetsudvikling af det nære sundhedsvæsen m.v.
9312,245319,,1,2023-06-02 09:00:00,17,94939,3,L 111,Forslag til lov om ændring af lov om godskørsel. (Gennemførelse af ændring af udlejningsdirektivet).,Om gennemførelse af ændring af udlejningsdirektivet.
9315,245572,,1,2023-06-02 00:00:00,17,95035,3,L 122,Forslag til lov om indfødsrets meddelelse.,Om indfødsrets meddelelse.
9361,248147,,1,2023-11-21 00:00:00,17,96052,3,L 37,Forslag til lov om supplerende bestemmelser til Europa-Parlamentets og Rådets forordning om digitale markeder.,Om supplerende bestemmelser til Europa-Parlamentets og Rådets forordning om digitale markeder.
9362,248121,,1,2023-11-21 00:00:00,17,96050,3,L 38,"Forslag til lov om ændring af lov om realkreditlån og realkreditobligationer, lov om finansiel virksomhed og forskellige andre love. (Realkreditbelåning af havvindmøller, styrkelse af Finanstilsynets tilsynsbeføjelser og dækning af motoransvarsforsikringer hos Garantifonden for skadesforsikringsselskaber m.v.).","Om realkreditbelåning af havvindmøller, styrkelse af Finanstilsynets tilsynsbeføjelser og dækning af motoransvarsforsikringer m.v."
9363,248173,,1,2023-11-21 00:00:00,17,96054,3,L 39,Forslag til lov om kreditservicevirksomheder og kreditkøbere.,Om kreditservicevirksomheder og kreditkøbere.
9364,247978,,1,2023-11-21 00:00:00,17,67748,3,L 41,"Forslag til lov om ændring af lov om midlertidig opholdstilladelse til personer, der i Afghanistan har bistået danske myndigheder m.v. (Forlængelse af Afghanistansærloven).",Om forlængelse af Afghanistansærloven.
9367,247874,,1,2023-11-23 00:00:00,17,67753,3,L 6,"Forslag til lov om ændring af aktiesparekontoloven, aktieavancebeskatningsloven, ligningsloven og forskellige andre love. (Forhøjelse af loftet for indskud på aktiesparekontoen, ændret status for aktier optaget til handel på en multilateral handelsfacilitet, diverse justeringer af reglerne vedrørende investeringsinstitutter, justering af visse indberetningsregler m.v.).",Om justeringer af aktiesparekontoen m.v.
9368,247796,,1,2023-11-23 00:00:00,17,96042,3,L 7,Forslag til lov om gennemførelse af dobbeltbeskatningsoverenskomst mellem Kongeriget Danmark og Den Demokratiske Folkerepublik Algeriet.,Om dobbeltbeskatningsoverenskomst med Den Demokratiske Folkerepublik Algeriet.
9369,247861,,1,2023-11-23 00:00:00,17,67752,3,L 8,"Forslag til lov om ændring af personskatteloven, pensionsbeskatningsloven og forskellige andre love. (Forhøjelse af personfradraget for personer under 18 år og klare regler for bevarelse af lavere pensionsudbetalingsalder m.v.).",Om forhøjelse af personfradraget for personer under 18 år og bevarelse af lavere pensionsudbetalingsalder m.v.
9370,250537,,1,2023-11-23 00:00:00,17,96769,3,L 9 A,"Forslag til lov om ændring af lov om inddrivelse af gæld til det offentlige, kildeskatteloven, opkrævningsloven og skatteforvaltningsloven. (Gennemførelse af aftale om initiativer til effektiv opkrævning og gældsinddrivelse i skattevæsenet m.v.).",Om gennemførelse af aftale om initiativer til effektiv opkrævning og gældsinddrivelse i skattevæsenet m.v.
9371,250541,,1,2023-11-23 00:00:00,17,96770,3,L 9 B,Forslag til lov om ændring af lov om inddrivelse af gæld til det offentlige. (Tværgående lønindeholdelse for fordringer fra flere inddrivelsessystemer m.v.).,Om tværgående lønindeholdelse for fordringer fra flere inddrivelsessystemer m.v.
9372,247965,,1,2023-11-23 00:00:00,17,67756,3,L 10,Forslag til lov om ændring af udleveringsloven. (Ændring af kompetencen i sager vedrørende anmodning om samtykke til yderligere strafforfølgning).,Om ændring af kompetencen i sager vedrørende anmodning om samtykke til yderligere strafforfølgning.
9373,248017,,1,2023-11-23 10:00:00,17,67760,3,L 29,Forslag til lov om ændring af lov om institutioner for almengymnasiale uddannelser og almen voksenuddannelse m.v. og lov om institutioner for erhvervsrettet uddannelse. (Afskaffelse af forældreindkomst som kriterium for elevfordeling m.v.).,Om afskaffelse af forældreindkomst som kriterium for elevfordeling m.v.
9381,248160,,1,2023-11-28 00:00:00,17,96053,3,L 49,Forslag til lov om ændring af byggeloven. (Undtagelse fra kundgørelse af tekniske specifikationer i Lovtidende m.v.).,Om undtagelse fra kundgørelse af tekniske specifikationer i Lovtidende m.v.
9382,247757,,1,2023-11-28 00:00:00,17,96039,3,L 42,"Forslag til lov om ændring af lov om hold af dyr, dyrevelfærdsloven, lov om dyrlæger, lov om dyreforsøg og lov om foderstoffer. (Indarbejdelse af tekstanmærkninger og delegation af sagsforberedelse til private fysiske eller juridiske personer).","Om indarbejdelse af tekstanmærkninger på Ministeriet for Fødevarer, Landbrug og Fiskeris område m.v."
9383,247770,,1,2023-11-28 00:00:00,17,96040,3,L 43,Forslag til lov om ændring af lov om dyrlæger. (Ændringer som følge af etablering af veterinæruddannelse ved Aarhus Universitet).,Om ændringer som følge af etablering af veterinæruddannelse ved Aarhus Universitet.
9384,247822,,1,2023-11-28 00:00:00,17,67754,3,L 44,"Forslag til lov om ændring af sundhedsloven. (Bedre digital forældreadgang til børns helbredsoplysninger, indhentning og videregivelse af helbredsoplysninger og andre fortrolige oplysninger og etablering af et nævn for sundhedsapps).",Om bedre digital forældreadgang til børns helbredsoplysninger m.v.
9390,247591,,1,2023-11-30 00:00:00,17,96026,3,L 24,"Forslag til lov om ændring af lov om en indefrysningsordning for høje energiregninger, lov om likviditetslån m.v. i forbindelse med indefrysningsordning for høje energiregninger og til energiintensive virksomheder m.v. og lov om Forsyningstilsynet. (Ændring af administrationsmodel for indefrysningsordningen og præcisering af Forsyningstilsynets opgavevaretagelse).",Om ændring af administrationsmodel for indefrysningsordningen og præcisering af Forsyningstilsynets opgavevaretagelse.
9391,247565,,1,2023-11-30 00:00:00,17,96024,3,L 25,Forslag til lov om ændring af lov om udstykning og anden registrering i matriklen og lov om tinglysning. (Gennemførelse af de resterende dele af grunddataprogrammets delaftale 1 og tilpasninger i forhold til Danmarks eksklusive økonomiske zone).,Om gennemførelse af de resterende dele af Grunddataprogrammets delaftale 1 m.v.
9392,247578,,1,2023-11-30 00:00:00,17,96025,3,L 26,"Forslag til lov om ændring af lov om radioudstyr og elektromagnetiske forhold, lov om elektroniske kommunikationsnet og -tjenester, lov om etablering og fælles udnyttelse af master til radiokommunikationsformål og udnyttelse af infrastruktur til opsætning af trådløse adgangspunkter med lille rækkevidde m.v. og lov om fremme af effektiv energianvendelse og drivhusgasreduktion. (Universalopladere til mobiltelefoner m.v., regler om kommunal støtte til bredbåndsudrulning, indhentning af oplysninger om elforbrug og indberetning af oplysninger om datacentres energimæssige ydeevne m.v.).",Om universalopladere til mobiltelefoner og regler om kommunal støtte til bredbåndsudrulning m.v.
9393,247630,,1,2023-11-30 00:00:00,17,96029,3,L 33,"Forslag til lov om ændring af lov om MitID og NemLog-in. (Ret til anvendelse af MitID-løsningen og NemLog-in til autentifikation i interne it-systemer og mulighed for tilslutning til MitID-løsningen for juridiske enheder, som er registreret i et andet EU-/EØS-land).",Om anvendelse af MitID og NemLog-in til autentifikation m.v.
9394,247604,,1,2023-11-30 00:00:00,17,96027,3,L 35,Forslag til lov om ændring af lov om videregående uddannelse (videreuddannelsessystemet) for voksne. (Ændring af ordning for certificering af uddannelseselementer som led i en offentlig lederuddannelse på diplomniveau).,Om ændring af ordning for certificering af uddannelseselementer som led i en offentlig lederuddannelse på diplomniveau.
9395,247744,,1,2023-11-30 00:00:00,17,96038,3,L 15,Forslag til lov om ændring af taxiloven. (Mulighed for at undtage visse øer fra lovens anvendelsesområde).,Om mulighed for at undtage visse øer fra taxilovens anvendelsesområde.
9396,247718,,1,2023-11-30 00:00:00,17,96036,3,L 16,"Forslag til lov om ændring af lov om private fællesveje, lov om letbane på Ring 3 og lov om anlæg af en ny Storstrømsbro og nedrivning af den eksisterende Storstrømsbro. (Etablering af en tilladelsesordning for ledninger, kabler og tilbehør i private fællesveje på landet og tilpasning af visse anlægslove til VVM-direktivet og naturbeskyttelsesdirektiverne).","Om etablering af en tilladelsesordning for ledninger, kabler og tilbehør i private fællesveje på landet og tilpasning af visse anlægslove til VVM-direktivet og naturbeskyttelsesdirektiverne."
9397,247705,,1,2023-11-30 00:00:00,17,96035,3,L 17,"Forslag til lov om udbygning af motorvej E20/E45 ved Kolding, anlæg af Kalundborgmotorvejens tredje etape og udbygning af rute 15, Ringkøbing-Herning.","Om udbygning af motorvej E20/E45 ved Kolding, anlæg af Kalundborgmotorvejens tredje etape og udbygning af rute 15, Ringkøbing-Herning."
9398,247692,,1,2023-11-30 00:00:00,17,96034,3,L 18,Forslag til lov om ændring af færdselsloven. (Forsøg med dobbelttrailervogntog).,Om forsøg med dobbelttrailervogntog.
9399,247731,,1,2023-11-30 00:00:00,17,96037,3,L 19,"Forslag til lov om rammerne for arealanvendelsen i Københavns Lufthavn, Kastrup.","Om  rammerne for arealanvendelsen i Københavns Lufthavn, Kastrup."
9400,247656,,1,2023-11-30 00:00:00,17,96031,3,L 20,"Forslag til lov om ændring af lov om luftfart. (Luftfartøjers adgang til luftfart inden for dansk område, delegation til private af visse opgaver på droneområdet og ændring af rammerne for Havarikommissionen for Civil Luftfart og Jernbanes undersøgelser m.v.).",Om luftfartøjers adgang til luftfart inden for dansk område m.v.
9401,247643,,1,2023-11-30 00:00:00,17,96030,3,L 21,Forslag til lov om ændring af lov om trafikselskaber. (10-årige rutekørselstilladelser til nulemissionsbusser).,Om 10-årige rutekørselstilladelser til nulemissionsbusser.
9402,247679,,1,2023-11-30 00:00:00,17,96033,3,L 22,"Forslag til lov om ændring af postloven, lov om Post Danmark A/S og lov om Det Centrale Personregister. (Rammer for den fremtidige postbefordring).",Om rammer for den fremtidige postbefordring.
9403,248958,,1,2023-11-30 00:00:00,17,96357,3,L 54,"Forslag til lov om ændring af lov om Arbejdsmarkedets Tillægspension og forskellige andre love. (Fælles opkrævning af arbejdsgiverbidrag, udvidet bemyndigelse til at fastsætte regler om modregningsadgang, nationale særregler for behandling af personoplysninger m.v.).",Om en forenkling af opkrævning af ATP-bidrag m.v.
9404,248095,,1,2023-11-30 00:00:00,17,96048,3,L 27,Forslag til lov om behandlings- og specialundervisningstilbud til børn og unge.,Om  behandlings- og specialundervisningstilbud til børn og unge.
9405,248056,,1,2023-11-30 00:00:00,17,96045,3,L 28,"Forslag til lov om ændring af lov om folkeskolen, barnets lov, lov om socialtilsyn og forskellige andre love. (Styrkelse af undervisningen for anbragte og udsatte børn og unge m.v.).",Om styrkelse af undervisningen for anbragte og udsatte børn og unge m.v.
9406,248004,,1,2023-11-30 00:00:00,17,67758,3,L 30,Forslag til lov om ændring af dagtilbudsloven. (Bedre mulighed for udsat skolestart).,Om bedre mulighed for udsat skolestart.
9407,247991,,1,2023-11-30 00:00:00,17,67757,3,L 31,Forslag til lov om ændring af lov om folkeskolen. (Sænkelse af klasseloftet i børnehaveklassen og på 1. og 2. klassetrin).,Om sænkelse af klasseloftet i børnehaveklassen og på 1. og 2. klassetrin.
9408,248069,,1,2023-11-30 00:00:00,17,96046,3,L 32,"Forslag til lov om ændring af lov om Arbejdsgivernes Uddannelsesbidrag og lov om erhvervsuddannelser. (Justering af fleksibelt uddannelsesbidrag og aktivitetsafhængigt veu-bidrag for 2024, fastsættelse af modelparametre for erhvervsuddannelser til brug for beregning af lærepladsafhængigt arbejdsgiverbidrag for 2024, afskaffelse af færdiggørelsestaxameter på grundforløbet m.v.).",Om justering af fleksibelt uddannelsesbidrag og aktivitetsafhængigt veu-bidrag for 2024 m.v.
9434,247835,,1,2023-12-07 00:00:00,17,67751,3,L 5,Forslag til lov om en ekstraskat for visse koncernenheder (minimumsbeskatningsloven).,Om en ekstraskat for visse koncernenheder. 
9436,247952,,1,2023-12-07 00:00:00,17,67755,3,L 40,"Forslag til lov om ændring af udlændingeloven, lov om midlertidig opholdstilladelse til personer, der er fordrevet fra Ukraine, og hjemrejseloven. (Styrkelse af udlændingemyndighedernes og politiets værktøjer til kontrol af udlændinges indrejse og ophold i Danmark).",Om styrkelse af udlændingemyndighedernes og politiets værktøjer til kontrol af udlændinges indrejse og ophold i Danmark.
9437,248108,,1,2023-12-07 00:00:00,17,96049,3,L 23,Forslag til lov om ændring af lov om arbejdsskadesikring og forskellige andre love. (Et forbedret arbejdsskadesystem og lettere adgang til erstatning i forbindelse med vold på arbejdspladsen).,Om et forbedret arbejdsskadesystem og lettere adgang til erstatning i forbindelse med vold på arbejdspladsen.
9438,249224,,1,2023-12-07 00:00:00,17,96449,3,L 67,"Forslag til lov om ændring af lov om arbejdsmiljø, lov om
arbejdsskadesikring og udlændingeloven. (Udmøntning af dele af aftale om en fremtidssikret arbejdsmiljøindsats og indsats mod social dumping, aftale om initiativer på asbestområdet og anbefalinger fra det midlertidige AMO-udvalg m.v.).",Om udmøntning af dele af aftale om fremtidssikret arbejdsmiljøindsats og indsats mod social dumping og aftale om initiativer på asbestområdet m.v.
9439,249250,,1,2023-12-07 00:00:00,17,96451,3,L 69,Forslag til lov om ændring af lov om ferie og lov om forvaltning og administration af tilgodehavende feriemidler. (Genindførelse af bagatelgrænser for udbetaling af uhævede feriepenge m.v.).,Om genindførelse af bagatelgrænser for udbetaling af uhævede feriepenge m.v.
9440,251020,,1,2023-12-07 00:00:00,17,96960,3,L 63 A,Forslag til lov om ændring af lov om frikommunenetværk. (Forlængelse af udvalgte forsøgsmuligheder m.v. i frikommuneforsøg II).,Om forlængelse af udvalgte forsøgsmuligheder m.v. i frikommuneforsøg II.
9441,251024,,1,2023-12-07 00:00:00,17,96959,3,L 63 B,Forslag til lov om ændring af barnets lov og lov om Arbejdsmarkedets Tillægspension. (Rettelse af fejl i regler om underretningspligten og satser m.v. i barnets lov og ændring af visse bemyndigelsesbestemmelser i lov om Arbejdsmarkedets Tillægspension).,Om rettelse af fejl i regler om underretningspligten og satser m.v. i barnets lov og ændring af visse bemyndigelsesbestemmelser i lov om Arbejdsmarkedets Tillægspension.
9442,247617,,1,2023-12-07 00:00:00,17,96028,3,L 34,Forslag til lov om ændring af lov om ændring af SU-loven. (Forlængelse af midlertidig suspension af SU-godkendelse af hele uddannelser i visse lande).,Om forlængelse af midlertidig suspension af SU-godkendelse af hele uddannelser i visse lande.
9443,248043,,1,2023-12-07 00:00:00,17,67763,3,L 11,Forslag til lov om ændring af lov om erstatning fra staten til ofre for forbrydelser. (Retskrav på erstatning og godtgørelse til ofre for terrorhandlinger begået i udlandet).,Om retskrav på erstatning og godtgørelse til ofre for terrorhandlinger begået i udlandet.
9444,247926,,1,2023-12-07 00:00:00,17,67764,3,L 12,Forslag til lov om ændring af lov om fuldbyrdelse af straf m.v. (Afskæring af voldtægtsdømte personers mulighed for at afsone med fodlænke).,Om afskæring af voldtægtsdømte personers mulighed for at afsone med fodlænke.
9445,248573,,1,2023-12-07 00:00:00,17,96201,3,L 51,"Forslag til lov om ændring af selskabsloven, lov om skifte af dødsboer, værgemålsloven, retsplejeloven og forskellige andre love. (Digital behandling af tvangsopløsningssager og dødsboskiftesager, øget antal byretsdommere, anerkendelse af juridiske eksamener fra Det Forenede Kongerige Storbritannien og Nordirland, terminaladgang til indkomstregisteret for Familieretshuset i værgemålssager m.v.).",Om digital behandling af tvangsopløsningssager og dødsboskiftesager m.v.
9448,248691,,1,2023-12-07 00:00:00,17,96255,3,L 65,Forslag til lov om ændring af straffeloven. (Forbud mod utilbørlig behandling af skrifter med væsentlig religiøs betydning for et anerkendt trossamfund).,Om forbud mod utilbørlig behandling af skrifter med væsentlig religiøs betydning for et anerkendt trossamfund.
9452,247848,,1,2023-12-12 00:00:00,17,67759,3,L 45,Forslag til lov om ændring af lov om videnskabsetisk behandling af sundhedsvidenskabelige forskningsprojekter og sundhedsdatavidenskabelige forskningsprojekter og sundhedsloven. (Smidigere rammer for sundhedsforskning og mere information og selvbestemmelse til patienter og forsøgspersoner m.v.).,Om smidigere rammer for sundhedsforskning og mere information og selvbestemmelse til patienter og forsøgspersoner m.v.
9453,247900,,1,2023-12-12 00:00:00,17,67749,3,L 47,Forslag til lov om ændring af sundhedsloven. (Mulighed for forudgående fravalg af genoplivningsforsøg ved hjertestop).,Om mulighed for forudgående fravalg af genoplivningsforsøg ved hjertestop.
9454,248560,,1,2023-12-12 00:00:00,17,96200,3,L 53,"Forslag til lov om ændring af lov om autorisation af sundhedspersoner og om sundhedsfaglig virksomhed, sundhedsloven, lov om lægemidler, lov om apoteksvirksomhed og lov om klage- og erstatningsadgang inden for sundhedsvæsenet. (Indførelse af et forbeholdt virksomhedsområde for sygeplejersker og specialsygeplejersker, udvidelse af jordemødres forbeholdte virksomhedsområde og Ankenævnet for Patienterstatningens kompetence til behandling af grønlandske klagesager om patienterstatning).",Om indførelse af et forbeholdt virksomhedsområde for sygeplejersker og specialsygeplejersker og udvidelse af jordemødres forbeholdte virksomhedsområde m.v.
9455,247887,,1,2023-12-12 00:00:00,17,96044,3,L 48,Forslag til lov om ændring af lov om valg til Folketinget og forskellige andre love og om ophævelse af lov om midlertidig videreførelse af rettigheder efter lov om kommunale og regionale valg og lov om valg af danske medlemmer til Europa-Parlamentet i forbindelse med Det Forenede Kongeriges udtræden af Den Europæiske Union. (Modernisering af rammerne for valg og lokaldemokrati m.v.).,Om modernisering af rammerne for valg og lokaldemokrati m.v.
9485,251268,,1,2023-12-14 00:00:00,17,97086,3,L 79 B,"Forslag til lov om ændring af databeskyttelsesloven og lov om Det Centrale Personregister. (Ophævelse af bestemmelser om behandling af personoplysninger i forbindelse med markedsføring, undtagelse fra oplysningspligten og indsigtsretten hos Procesbevillingsnævnet og tilpasning af indsigtsretten hos Folketingets Ombudsmand).","Om ophævelse af bestemmelser om behandling af personoplysninger i forbindelse med markedsføring, undtagelse fra oplysningspligten og indsigtsretten hos Procesbevillingsnævnet og tilpasning af indsigtsretten hos Folketingets Ombudsmand."
9486,247939,,1,2023-12-14 00:00:00,17,67761,3,L 13,Forslag til lov om ændring af retsplejelov for Grønland. (National Enhed for Særlig Kriminalitets kompetence for Grønland m.v.).,Om National Enhed for Særlig Kriminalitets kompetence for Grønland m.v.
9487,248030,,1,2023-12-14 00:00:00,17,67762,3,L 14,Forslag til lov om ændring af kriminallov for Grønland og retsplejelov for Grønland. (Selvstændig bestemmelse om psykisk vold).,Om kriminalisering af psykisk vold i Grønland.
9519,248134,,1,2023-12-19 00:00:00,17,96051,3,L 50,"Forslag til lov om ophævelse af lov for Grønland om børns retsstilling og om ændring af lov om ægteskabs indgåelse og opløsning som sat i kraft for Grønland, forældreansvarsloven og retsplejelov for Grønland. (Ændringer som følge af ikraftsættelse for Grønland af børneloven og lov om børns forsørgelse m.v.).",Om ændringer som følge af ikraftsættelse for Grønland af børneloven og lov om børns forsørgelse m.v.
9520,249585,,1,2023-12-19 00:00:00,17,96531,3,L 76,"Forslag til lov om ændring af lov om leje, lov om boligforhold, lov om leje af almene boliger og forskellige andre love. (Refusion af udlejerens udgifter til månedlige forbrugsmålinger, rettelser som følge af sammenskrivningen af lejelovgivningen og tilbudspligt).",Om opfølgning på aftalen om bygge- og boligpolitiske indsatser.
9521,248945,,1,2023-12-19 00:00:00,17,96356,3,L 61,Forslag til lov om indfødsrets meddelelse.,Om indfødsrets meddelelse.
9522,249927,,1,2023-12-19 00:00:00,17,96614,3,L 82,Forslag til lov om ændring af lov om integrationsgrunduddannelse (igu) og lov om Arbejdsgivernes Uddannelsesbidrag. (Videreførelse og udvidelse af igu-ordningen og videreførelse af egu-fgu-bonusordningen).,Om videreførelse og udvidelse af igu-ordningen og videreførelse af egu-fgu-bonusordningen.
9523,251347,,1,2023-12-19 00:00:00,17,97120,3,L 62 A,Forslag til lov om ændring af lov om planlægning og forskellige andre love. (Opfølgning på evaluering af planloven m.v.).,Om opfølgning på evaluering af planloven m.v.
9524,251351,,1,2023-12-19 00:00:00,17,97121,3,L 62 B,Forslag til lov om ændring af lov om boligforhold. (Udlejning af midlertidige ustøttede private ungdomsboliger i stueetagen).,Om udlejning af midlertidige ustøttede private ungdomsboliger i stueetagen.
9525,249520,,1,2023-12-19 00:00:00,17,96526,3,L 73,Forslag til lov om ændring af lov om trossamfund uden for folkekirken. (Udskydelse af revisionsbestemmelse).,Om udskydelse af revisionstidspunktet i trossamfundsloven.
9526,247809,,1,2023-12-19 00:00:00,17,96043,3,L 4,"Forslag til lov om ændring af registreringsafgiftsloven, lov om registrering af køretøjer, brændstofforbrugsafgiftsloven og skatteforvaltningsloven. (Regelforenkling med henblik på at fremme regelefterlevelsen på motorområdet, justering af skatteforvaltningslovens fristreglers samspil med visse bestemmelser i dobbeltbeskatningsoverenskomster m.v.).",Om regelforenkling og øget regelefterlevelse på motorområdet m.v.
9527,249914,,1,2023-12-19 00:00:00,17,96613,3,L 85,"Forslag til lov om ændring af lov om energiafgift af mineralolieprodukter m.v., lov om afgift af naturgas og bygas m.v., lov om afgift af stenkul, brunkul og koks m.v., lov om afgift af elektricitet og forskellige andre love. (Lempelse af energiafgiften for hotellers rumvarme, forbrugsregistrering ved direkte linjer, nedsættelse af tærskler for indberetning af statsstøtte m.v.).",Om lempelse af energiafgiften for hotellers rumvarme m.v.
9528,249010,,1,2023-12-19 00:00:00,17,96361,3,L 66,Forslag til lov om ændring af lov om Slots- og Kulturstyrelsens kontrol og tilsyn med covid-19-kompensationsordninger m.v. på Kulturministeriets område. (Udskydelse af solnedgangsklausul).,Om udskydelse af solnedgangsklausul.
9529,249211,,1,2023-12-19 00:00:00,17,96448,3,L 70,Forslag til lov om visse medietjenesteudbyderes bidrag til fremme af dansk kultur (kulturbidragsloven). ,Om medietjenesteudbyderes bidrag til fremme af dansk kultur.
9530,249546,,1,2023-12-19 00:00:00,17,96528,3,L 72,"Forslag til lov om ændring af lov om arbejdsmarkedsuddannelser m.v., lov om forberedende voksenundervisning og ordblindeundervisning for voksne og forskellige andre love. (Udmøntning af VEU-trepartsaftale 2023 om voksen-, efter- og videreuddannelse).","Om udmøntning af VEU-trepartsaftale 2023 om voksen-, efter- og videreuddannelse."
9531,249940,,1,2023-12-19 00:00:00,17,96615,3,L 78,Forslag til lov om ændring af dagtilbudsloven. (Justering af krav til minimumsnormering i privatinstitutioner).,Om justering af krav til minimumsnormering i privatinstitutioner.
9532,249598,,1,2023-12-19 00:00:00,17,96532,3,L 77,Forslag til lov om ændring af lov om udgivelsen af en Lovtidende. (Bemyndigelse til at fastsætte regler om alternativ offentliggørelse af retsforskrifter).,Om alternativ offentliggørelse af retsforskrifter.
9534,249901,,1,2023-12-19 00:00:00,17,96612,3,L 86,"Forslag til lov om ændring af universitetsloven, lov om erhvervsakademiuddannelser og professionsbacheloruddannelser, lov om videregående kunstneriske uddannelsesinstitutioner og lov om maritime uddannelser. (Virtuel udveksling for studerende).",Om virtuel udveksling for studerende.
9535,249572,,1,2023-12-19 00:00:00,17,96530,3,L 75,"Forslag til lov om ændring af lov om assisteret reproduktion i forbindelse med behandling, diagnostik og forskning m.v. (Ændring af den tilladte opbevaringsperiode for menneskelige æg, der udtages uden medicinsk indikation).",Om ændring af den tilladte opbevaringsperiode for menneskelige æg der udtages uden medicinsk indikation.
9536,249953,,1,2023-12-19 00:00:00,17,96616,3,L 83,"Forslag til lov om ændring af lov om en aktiv beskæftigelsesindsats, lov om social pension, lov om retssikkerhed og administration på det sociale område og  forskellige andre love. (Mulighed for dispensation til eksport af pensionstillæg m.v., forenklet beregning af fleksløntilskud, herunder i forhold til hjælp til dækning af tabt arbejdsfortjeneste m.v., og ændring af mellemkommunal refusion for førtidspension og seniorpension).",Om justering af forskellige områder på førtidspensions- og fleksjobområdet.
9551,251436,,1,2024-01-25 00:00:00,17,97137,3,L 92,"Forslag til lov om ændring af ligningsloven. (Ændring af listen over lande, der er omfattet af defensive foranstaltninger).","Om ændring af listen over lande, der er omfattet af defensive foranstaltninger efter ligningsloven."
9553,251915,,1,2024-01-30 00:00:00,17,97301,3,L 93 A,"Forslag til lov om ændring af ligningsloven og registreringsafgiftsloven. (Forhøjelse af servicefradraget, forhøjelse af befordringsfradraget i yderkommuner og på visse småøer og forhøjelse af bundfradraget for nulemissionskøretøjer).",Om forhøjelse af servicefradraget m.v.
9554,251919,,1,2024-01-30 00:00:00,17,97302,3,L 93 B,Forslag til lov om ændring af personskatteloven. (Nedsættelse af bundskatten som følge af kommunale skattestigninger).,Om nedsættelse af bundskatten som følge af kommunale skattestigninger.
9555,251924,,1,2024-02-01 00:00:00,17,68002,3,L 87,"Forslag til lov om ændring af lov om testcentre for store vindmøller ved Høvsøre og Østerild og ligningsloven. (Mulighed for færre, men højere vindmøller ved Testcenter Høvsøre).","Om mulighed for færre, men højere vindmøller ved Testcenter Høvsøre. "
9567,251605,,1,2024-02-22 00:00:00,17,97168,3,L 94,Forslag til lov om ændring af hvidvaskloven. (Nedsættelse af kontantforbudsgrænsen).,Om nedsættelse af kontantforbudsgrænsen.
9568,250976,,1,2024-02-22 00:00:00,17,96946,3,L 88,Forslag til lov om ændring af lov om husdyrbrug og anvendelse af gødning m.v. (Bemyndigelse til at fastsætte regler om teknologier til husdyrproduktion og samlet godkendelse eller tilladelse af husdyrbrug).,Om bemyndigelse til at fastsætte regler om teknologier til husdyrproduktion og samlet godkendelse eller tilladelse af husdyrbrug.
9572,251592,,1,2024-02-29 00:00:00,17,97167,3,L 95,"Forslag til lov om ændring af lov om social service, lov om retssikkerhed og administration på det sociale område og forskellige andre love. (Den nationale sikkerhedskonsulentordning og koordinationsenheden mod genopdragelsesrejser og ufrivillige udlandsophold, bemyndigelse til at fastsætte regler vedrørende grønlandske og færøske borgere, der er dømt til anbringelse på institution i Danmark, forenkling af reglerne vedrørende børne- og ungeudvalgene m.v.).",Om forskellige tiltag på socialområdet.
9584,251936,,1,2024-03-14 00:00:00,17,97303,3,L 99,Forslag til lov om tillægsbevilling for finansåret 2023.,Om tillægsbevillingsloven for finansåret 2023.
9585,251218,,1,2024-03-14 00:00:00,17,97075,3,L 90,"Forslag til lov om ændring af miljøskadeloven, lov om miljøbeskyttelse og forskellige andre love. (Præcisering af kredsen af personer, der kan anmode myndighederne om at træffe foranstaltninger m.v. efter miljøskadereglerne og klage over afgørelser herom).",Om præcisering af dele af gennemførelsen af miljøansvarsdirektivet.
9587,251873,,1,2024-03-14 00:00:00,17,97263,3,L 98,"Forslag til lov om ændring af lov om midlertidig opholdstilladelse til personer, der er fordrevet fra Ukraine, og lov om Udbetaling Danmark. (Tilskud til forsørgelse af børn, der forsørges af andre end forældrene, og sidestilling af gifte, men praktisk set enlige, forsørgere med reelt enlige i forhold til forsørgelsesydelse m.v.).",Om afhjælpning af udfordringer for fordrevne fra Ukraine.
9593,251732,,1,2024-03-19 00:00:00,17,97216,3,L 96,Forslag til lov om ændring af barselsloven. (13 ugers ekstra orlov til begge tvillingeforældre m.v.).,Om 13 ugers ekstra orlov til begge tvillingeforældre m.v.
9600,251205,,1,2024-04-04 00:00:00,17,97074,3,L 89,Forslag til lov om ændring af lov om velfærdsaftaler på dagtilbudsområdet og folkeskoleområdet og love om ændring af dagtilbudsloven. (Forlængelse af forsøgsperioden for velfærdsaftalekommunerne på dagtilbudsområdet og folkeskoleområdet).,Om forlængelse af forsøgsperioden for velfærdsaftalekommunerne på dagtilbudsområdet og folkeskoleområdet.
9601,252024,,1,2024-04-04 00:00:00,17,97336,3,L 101,Forslag til lov om opgradering af Øresundsbanen.,Om opgradering af Øresundsbanen.
9602,252300,,1,2024-04-04 00:00:00,17,97417,3,L 105,Forslag til lov om ændring af lov om infrastruktur for alternative drivmidler til transport. (Ændringer som følge af vedtagelsen af forordning om etablering af infrastruktur for alternative drivmidler).,Om etablering af infrastruktur for alternative drivmidler.
9603,252199,,1,2024-04-04 00:00:00,17,97409,3,L 104,Forslag til lov om ændring af lov om social service og forskellige andre love. (Ligestilling af krisecentertilbud til mænd m.v.).,Om ligestilling af krisecentertilbud til mænd m.v.
9604,252480,,1,2024-04-04 00:00:00,17,97492,3,L 111,Forslag til lov om ændring af lov om andelsboligforeninger og andre boligfællesskaber. (Ændring af værdiansættelsesprincipper).,Om ændring af værdiansættelsesprincipper for andelsboligforeninger og andre boligfællesskaber.
9605,254618,,1,2024-04-04 00:00:00,17,98037,3,L 119 A,"Forslag til lov om ændring af lov om forskellige forbrugsafgifter. (Afgiftsforhøjelser på nikotinprodukter og røgfri tobak og justering af overgangsregler ved afgiftsforhøjelser på røgfri tobak, nikotinprodukter og nikotinholdige væsker).",Om forskellige forbrugsafgifter.
9606,254622,,1,2024-04-04 00:00:00,17,98038,3,L 119 B,"Forslag til lov om ændring af momsloven. (Særordningen for små virksomheder på momsområdet, justering af momsreglerne om leveringssted for visse virtuelt leverede ydelser, ophævelse af særlig momsregel ved el- og gashandel og betalingsfrist for køb og indførsel af visse køretøjer m.v.).",Om ændring af momsloven.
9607,254626,,1,2024-04-04 00:00:00,17,98039,3,L 119 C,"Forslag til lov om ændring af chokoladeafgiftsloven, kildeskatteloven og forskellige andre love. (Godtgørelse af dækningsafgift i chokoladeafgiftsloven, præcisering af krav om beholdningsregnskab ved løssalg af groftskåret røgtobak, bøder ved enkeltsalg af cigaretter og manglende beholdningsregnskab, tilpasning af det afgiftspligtige vareområde for visse alkoholvarer, nulangivelse ved udbetaling af royalty til udlandet uden indeholdelse af kildeskat, mulighed for dataudstilling om visse søfarende, afskaffelse af godtgørelsesordning i spildevandsafgiftsloven, tilpasning af reglerne om sikkerhedsstempelmærker og genindførelse af register over erhvervsfiskere med B-status m.v.).","Om ændring af chokoladeafgiftsloven, kildeskatteloven og forskellige andre love."
9614,251745,,1,2024-04-16 00:00:00,17,97217,3,L 97,"Forslag til lov om ændring af kriminallov for Grønland og retsplejelov for Grønland. (Initiativer mod digitale krænkelser, herunder forbud mod grooming, sidestilling af samleje med barn med voldtægt, tilsnigelse af samleje, religiøse lederes udnyttelse af religiøs afhængighed med henblik på at skaffe sig samleje m.v.).",Om opdatering af den grønlandske kriminallovs bestemmelser om seksualforbrydelser m.v.
9617,252238,,1,2024-04-18 00:00:00,17,97412,3,L 102,"Forslag til lov om ændring af lov om vandforsyning m.v., byggeloven og lov om produkter og markedsovervågning. (Gennemførelse af dele af drikkevandsdirektivet, herunder risikobaseret tilgang til vandsikkerhed, minimumskrav til hygiejne for materialer, der kommer i kontakt med drikkevand, minimumskrav til behandlingskemikalier og filtermedier, der kommer i kontakt med drikkevand, adgang til drikkevand og oplysninger til offentligheden).","Om gennemførelse af dele af drikkevandsdirektivet, herunder risikobaseret tilgang til vandsikkerhed m.v."
9618,252251,,1,2024-04-18 00:00:00,17,97413,3,L 103,Forslag til lov om ændring af lov om beskyttelse af havmiljøet i den eksklusive økonomiske zone ved Grønland. (Bemyndigelse til at fastsætte regler om forebyggelse og begrænsning af havforurening som følge af aktiviteter på havet og om skibsophugningsaktiviteter).,Om forebyggelse og begrænsning af havforurening ved den eksklusive økonomiske zone ved Grønland m.v.
9619,252313,,1,2024-04-18 00:00:00,17,97418,3,L 110,"Forslag til lov om ændring af repatrieringsloven, hjemrejseloven og udlændingeloven. (Adgang til indkomstregisteret i forbindelse med dedikeret vejledning om repatrieringsordningen, ændring af ydelsesstruktur og udbetalingstidspunkt for hjælp til repatriering, høring af politiet i alle repatrieringssager, udvidelse af målgruppen for videregivelse af oplysninger til brug for udsendelse, videregivelse af helbredsoplysninger til brug for udsendelse, ændring af reglerne om behandling af sager om opholdstilladelse som udsendelseshindret og fastsættelse af indrejseforbud ved overskridelse af en udrejsefrist m.v.).",Om forenkling og smidiggørelse af myndighedernes sagsbehandling på udlændingeområdet.
9629,252037,,1,2024-05-02 00:00:00,17,97337,3,L 100,"Forslag til lov om ændring af lov om spil. (Styrket indsats mod aftalt spil, forbedrede sanktionsmuligheder, hjemmel til øget databehandling, ændrede gebyrer for spilleautomater og diverse justeringer af spilområdet).",Om udmøntning af aftalen om nye rammer for spilmarkedet.
9630,252212,,1,2024-05-02 00:00:00,17,97410,3,L 107,"Forslag til lov om ændring af årsregnskabsloven, revisorloven og forskellige andre love. (Gennemførelse af EU-direktiv om virksomheders bæredygtighedsrapportering og EU-direktiv om forhøjelse af størrelsesgrænser i regnskabsdirektivet m.v.).",Om gennemførelse af direktiv om virksomheders bæredygtighedsrapportering m.v.
9631,253032,,1,2024-05-02 00:00:00,17,97649,3,L 122,"Forslag til lov om ændring af lov om finansiel virksomhed, lov om betalinger, lov om kapitalmarkeder og forskellige andre love. (Tilsyn efter forordning om digital operationel modstandsdygtighed i den finansielle sektor og forordning om markeder for kryptoaktiver, regler for udpegelse af administrationsselskab for Garantifonden og aflønningsregler for firmapensionskasser).","Om ændringer af den finansielle lovgivning, der er nødvendige for at sikre implementering af fælleseuropæisk regulering på cybersikkerhedsområdet."
9632,254373,,1,2024-05-02 00:00:00,17,97928,3,L 142,"Forslag til lov om ændring af lov om ændring af lov om folkeskolen, lov om friskoler og private grundskoler m.v., lov om social service og lov om en børne- og ungeydelse. (Ophævelse af revisionsbestemmelse).","Om ophævelse af revisionsbestemmelse vedrørende ændring af lov om folkeskolen, lov om friskoler og private grundskoler m.v."
9644,252980,,1,2024-05-07 00:00:00,17,97645,3,L 124,Forslag til lov om ændring af dagtilbudsloven. (Anvendelse af digitale redskaber i dagtilbud og private pasningsordninger).,Om anvendelse af digitale redskaber i dagtilbud og private pasningsordninger.
9647,252944,,1,2024-05-14 00:00:00,17,97638,3,L 112,Forslag til lov om anlæg af en tredje Limfjordsforbindelse.,Om anlæg af en tredje Limfjordsforbindelse.
9648,252929,,1,2024-05-14 00:00:00,17,97636,3,L 113,Forslag til lov om udbygning af E20 Amagermotorvejen.,Om udbygning af E20 Amagermotorvejen.
9649,254028,,1,2024-05-14 00:00:00,17,97854,3,L 131,Forslag til lov om ændring af lov om folkeskolen. (Forlængelse af de udvidede frihedsgrader om afkortning af skoleugens længde og målsætningen om fuld kompetencedækning i skoleåret 2024/25).,Om forlængelse af de udvidede frihedsgrader på folkeskoleområdet i skoleåret 2024/25.
9650,254345,,1,2024-05-14 00:00:00,17,97926,3,L 140,"Forslag til lov om ændring af lov om forberedende grunduddannelse, lov om institutioner for forberedende grunduddannelse, lov om kommunal indsats for unge under 25 år og forskellige andre love. (Mere fleksible rammer til at tilrettelægge forberedende grunduddannelse og smidigere overgang til den forberedende grunduddannelse m.v.).",Om mere fleksible rammer til at tilrettelægge forberedende grunduddannelse og smidigere overgang til den forberedende grunduddannelse m.v.
9652,252287,,1,2024-05-14 00:00:00,17,97416,3,L 109,Forslag til lov om ændring af lov om velfærdsaftaler på ældreområdet. (Forlængelse af velfærdsaftalerne på ældreområdet).,Om forlængelse af velfærdsaftalerne på ældreområdet.
9656,254332,,1,2024-05-16 00:00:00,17,97925,3,L 138,"Forslag til lov om ændring af personskatteloven, ligningsloven og forskellige andre love. (Udmøntning af dele af aftale om reform af personskat).",Om udmøntning af dele af aftale om reform af personskat.
9657,252225,,1,2024-05-16 00:00:00,17,97411,3,L 106,"Forslag til lov om ændring af vandsektorloven, lov om vandforsyning m.v., lov om betalingsregler for spildevandsforsyningsselskaber m.v. og lov om kommuners afståelse af vandselskaber. (Styrkelse af økonomisk tilsyn og takstkontrol m.v. i vandsektoren).",Om styrkelse af økonomisk tilsyn og takstkontrol m.v. i vandsektoren.
9665,252993,,1,2024-05-21 00:00:00,17,97646,3,L 123,Forslag til lov om ændring af lov om vandforsyning m.v. og lov om miljøbeskyttelse. (Målrettet indsats for boringsnære beskyttelsesområder og forholdet til beskyttelseszonen på 25 m omkring vandboringer).,Om målrettet indsats for boringsnære beskyttelsesområder og forholdet til beskyttelseszonen på 25 m omkring vandboringer.
9666,253110,,1,2024-05-21 00:00:00,17,97655,3,L 126,"Forslag til lov om ændring af sundhedsloven, lov om social service, lov om autorisation af sundhedspersoner og om sundhedsfaglig virksomhed og lov om anvendelse af tvang i psykiatrien m.v. (Flytning af ansvar fra kommuner til regioner for misbrugsbehandling i forbindelse med regional integreret dobbeltdiagnosebehandling og omlægning af de særlige pladser på psykiatrisk afdeling).",Om flytning af ansvar fra kommuner til regioner for misbrugsbehandling i forbindelse med regional integreret dobbeltdiagnosebehandling m.v.
9667,253071,,1,2024-05-21 00:00:00,17,97652,3,L 128,"Forslag til lov om ændring af lov om anvendelse af tvang i psykiatrien m.v.  (Styrkelse af mindreårige patienters rettigheder, anvendelse af metaldetektorer, videregivelse af oplysninger til politiet i forbindelse med fælles udkørsel til borgere m.v.).",Om styrkelse af mindreårige patienters rettigheder m.v.
9668,253006,,1,2024-05-21 00:00:00,17,97647,3,L 120,"Forslag til lov om ændring af lov om fyrværkeri og andre pyrotekniske artikler, lov om produkter og markedsovervågning, elsikkerhedsloven og lov om tilgængelighedskrav for produkter og tjenester. (Indskrænkning af anvendelsesperioden for fyrværkeri, ændring af sanktioner og kontrolbeføjelser m.v. på Sikkerhedsstyrelsens område og ændring af Rådet for El- og Gasteknisk Sikkerhed m.v.).",Om Indskrænkning af anvendelsesperioden for fyrværkeri m.v.
9669,253045,,1,2024-05-21 00:00:00,17,97650,3,L 121,"Forslag til lov om ændring af konkurrenceloven. (Krav om anmeldelse af visse fusioner under omsætningstærsklerne, indførelse af mulighed for markedsefterforskning og bødeudmåling m.v.).",Om styrkelse af Konkurrence- og Forbrugerstyrelsens muligheder for at sikre en effektiv konkurrence m.v.
9681,252916,,1,2024-05-23 00:00:00,17,97635,3,L 117,Forslag til lov om rørført transport af CO2.,Om rørført transport af CO2.
9682,252903,,1,2024-05-23 00:00:00,17,97634,3,L 118,Forslag til lov om ændring af lov om fremme af effektiv energianvendelse og drivhusgasreduktion. (Udmøntning af klimasyn fra grøn skattereform 2022 og implementering af nye krav til energiledelsessystemer og energisyn).,Om udmøntning af klimasyn fra grøn skattereform 2022 og implementering af nye krav til energiledelsessystemer og energisyn.
9684,253019,,1,2024-05-23 00:00:00,17,97648,3,L 114,"Forslag til lov om ændring af lov om våben og eksplosivstoffer m.v., lov om krigsmateriel m.v. og lov om jagt og vildtforvaltning. (Strammere kontrol med våbentilladelser, øget sikkerhed ved besiddelse af våben og opbevaring af ammunition m.v.).",Om gennemførelse af regeringsudspillet »Strammere greb om våben« fra juni 2023 m.v.
9691,253097,,1,2024-05-23 00:00:00,17,97654,3,L 116,Forslag til lov om ændring af lov om offentlighed i forvaltningen og forvaltningsloven. (Styrket beskyttelse af offentligt ansatte i sager om aktindsigt).,Om styrket beskyttelse af offentligt ansatte i sager om aktindsigt. 
9692,256156,,1,2024-05-23 00:00:00,17,98564,3,L 129 A,Forslag til lov om ændring af konkursloven. (Revision af konkurskarantænereglerne).,Om revision af konkurskarantænereglerne.
9694,254015,,1,2024-05-23 00:00:00,17,97853,3,L 130,Forslag til lov om ændring af retsplejeloven. (Gennemførelse af aftale om initiativer vedrørende omgørelsesfristen i straffesager). ,Om omgørelsesfristen i straffesager.
9695,254228,,1,2024-05-23 00:00:00,17,97917,3,L 133,Forslag til lov om ændring af lov om undersøgelse af beslutningen om hjemsendelse af ledende medarbejdere i Forsvarets Efterretningstjeneste. (Udvidelse af undersøgelsen).,Om udvidelse af undersøgelse af beslutningen af hjemsendelse af medarbejdere i Forsvarets Efterretningstjeneste.
9696,254531,,1,2024-05-23 00:00:00,17,98000,3,L 149,Forslag til lov om ændring af retsplejelov for Færøerne og lov for Færøerne om fuldbyrdelse af straf m.v. (Ajourføring af retsplejelov for Færøerne og indførelse af fodlænke- og udstationeringsordning på Færøerne).,Om ajourføring af retsplejelov for Færøerne og indførelse af fodlænke- og udstationeringsordning på Færøerne.
9697,252274,,1,2024-05-23 00:00:00,17,97415,3,L 108,Forslag til lov om socialt frikort.,Om socialt frikort.
9699,253084,,1,2024-05-23 00:00:00,17,97653,3,L 125,Forslag til lov om ændring af sundhedsloven. (Etablering af lettilgængeligt kommunalt behandlingstilbud til børn og unge med psykisk mistrivsel og symptomer på psykisk lidelse).,Om etablering af lettilgængeligt kommunalt behandlingstilbud til børn og unge med psykisk mistrivsel og symptomer på psykisk lidelse.
9700,254319,,1,2024-05-23 00:00:00,17,97924,3,L 139,Forslag til lov om udbygning af Øresundsmotorvejen.,Om udbygning af Øresundsmotorvejen.
9718,254189,,1,2024-05-28 00:00:00,17,97914,3,L 146,Forslag til lov om forsøgsordning for frie bymidter.,Om forsøgsordning for frie bymidter.
9719,254306,,1,2024-05-28 00:00:00,17,97923,3,L 136,Forslag til lov om ændring af lov om social pension. (Tildeling af anciennitet til tidlig pension for perioder med opskoling).,Om tildeling af anciennitet til tidlig pension for perioder med opskoling.
9720,254280,,1,2024-05-28 00:00:00,17,97921,3,L 137,"Forslag til lov om ændring af lov om arbejdsmiljø. (Indførelse af autorisationsordning for nedrivning af asbestholdigt materiale, offentliggørelse af udenlandske virksomheders arbejdsmiljø og offentliggørelse af data om arbejdsulykker).","Om indførelse af autorisationsordning for nedrivning af asbestholdigt materiale, offentliggørelse af udenlandske virksomheders arbejdsmiljø m.v."
9743,254818,,1,2024-05-30 00:00:00,17,98109,3,L 154,Forslag til lov om kong Frederik den Tiendes civilliste. ,Om kong Frederik den Tiendes civilliste.
9744,254831,,1,2024-05-30 00:00:00,17,98110,3,L 155,Forslag til lov om årpenge for kronprins Christian.,Om årpenge for kronprins Christian.
9745,254857,,1,2024-05-30 00:00:00,17,98112,3,L 156,Forslag til lov om årpenge for dronning Margrethe.,Om årpenge for dronning Margrethe.
9746,254805,,1,2024-05-30 00:00:00,17,98108,3,L 157,"Forslag til lov om ændring af udlændingeloven, lov om danskuddannelse til voksne udlændinge m.fl. og integrationsloven og forskellige andre love. (Ny opholdsordning for medfølgende familie til hjemvendende udlandsdanskere med visse beskæftigelsesmæssige kvalifikationer, justering af sprogkravet og halvering af den økonomiske sikkerhedsstillelse i ægtefællesammenføringssager, etablering af en lukket opgavebank for danskprøver m.v.).",Om en ny opholdsordning for medfølgende familier til hjemvendende udlandsdanskere m.v.
9747,254870,,1,2024-05-30 00:00:00,17,98113,3,L 159,Forslag til lov om visse medietjenesteudbyderes bidrag til fremme af dansk kultur (kulturbidragsloven).,Om kulturbidragsloven.
9748,255276,,1,2024-05-30 00:00:00,17,98272,3,L 178,"Forslag til lov om ændring af lov om radio- og fjernsynsvirksomhed m.v. og lov om mediestøtte. (Modernisering af public service-puljen, ændring af revisionsbestemmelser for de regionale TV 2-virksomheder, ændring af regler for aktindsigt for DR og de regionale TV 2-virksomheder og ændring af støttelofter for ugeaviser).","Om modernisering af public service-puljen, revisionsbestemmelser for de regionale TV 2-virksomheder og aktindsigt for DR og TV 2 m.v."
9749,254792,,1,2024-05-30 00:00:00,17,98107,3,L 152,Forslag til lov om ændring af lov om aktiv socialpolitik. (Skærpede betingelser for at opnå ret til kontanthjælp).,Om skærpede betingelser for at opnå ret til kontanthjælp.
9750,255354,,1,2024-05-30 00:00:00,17,98278,3,L 161,"Forslag til lov om ændring af lov om arbejdsløshedsforsikring m.v., lov om aktiv socialpolitik, lov om social pension og forskellige andre love. (Neutralisering af virkning på indkomstoverførsler som følge af afskaffelse af en helligdag).",Om neutralisering af virkning på indkomstoverførsler som følge af afskaffelse af en helligdag.
9752,256342,,1,2024-05-30 00:00:00,17,98626,3,L 162 B,"Forslag til lov om ændring af lov om social pension og forskellige andre love. (Fradragsret for indbetalinger til aldersforsikring, aldersopsparing og supplerende engangssum i indtægtsgrundlaget ved beregning af visse sociale ydelser).","Om fradragsret for indbetalinger til aldersforsikring, aldersopsparing og supplerende engangssum i indtægtsgrundlaget ved beregning af visse sociale ydelser."
9753,255302,,1,2024-05-30 00:00:00,17,98274,3,L 163,Forslag til lov om ret til lommepengejob til kriminalitetstruede unge.,Om ret til lommepengejob til kriminalitetstruede unge.
9754,255555,,1,2024-05-30 00:00:00,17,98364,3,L 185,Forslag til lov om ændring af ejendomsskatteloven og ejendomsvurderingsloven. (Justering af reglerne om betaling af dækningsafgift på et foreløbigt grundlag og justering af reglerne om 2024- og 2025-vurderinger).,Om justering af reglerne om betaling af dækningsafgift på et foreløbigt grundlag og om reglerne om 2024- og 2025-vurderinger af ejendomsvurderinger.
9755,255172,,1,2024-05-30 00:00:00,17,98264,3,L 166,Forslag til lov om statsligt udpegede energiparker.,Om statsligt udpegede energiparker.
9818,254241,,1,2024-06-04 00:00:00,17,97918,3,L 134,Forslag til lov om ændring af retsplejelov for Grønland. (Henvisning af civile retssager til Grønlands Landsret).,Om henvisning af civile retssager til Grønlands Landsret.
9819,253058,,1,2024-06-04 00:00:00,17,97651,3,L 115,"Forslag til lov om ændring af retsplejeloven, straffeloven, lov om fuldbyrdelse af straf m.v., færdselsloven og forskellige andre love. (Gennemførelse af flerårsaftale for domstolene 2024-27 m.v.).",Om gennemførelse af flerårsaftale for domstolene 2024-27 m.v.
9820,254254,,1,2024-06-04 00:00:00,17,97919,3,L 135,Forslag til lov om ændring af lov om tjenestemænd. (Ændring af rigsadvokatens ansættelsesvilkår).,Om ændring af rigsadvokatens ansættelsesvilkår.
9821,254518,,1,2024-06-04 00:00:00,17,97999,3,L 148,"Forslag til lov om ændring af retsplejeloven. (Ændring af reglerne om hastesikring og udlevering af oplysninger om teletrafik, reglerne om genoptagelse af straffesager m.v.).  ",Om ændring af reglerne om hastesikring og udlevering af oplysninger om teletrafik og regler om genoptagelse af straffesager m.v.
9822,254883,,1,2024-06-04 00:00:00,17,98114,3,L 150,"Forslag til lov om ændring af straffeloven, retsplejeloven og forskellige andre love. (Gennemførelse af dele af bandepakke IV).",Om gennemførelse af dele af bandepakke IV.
9823,255263,,1,2024-06-04 00:00:00,17,98271,3,L 160,"Forslag til lov om ændring af lov om Politiets Efterretningstjeneste (PET), lov om etablering af et udvalg om forsvarets og politiets efterretningstjenester og lov om beskyttelse af whistleblowere. (Styrkelse af tilsynet med efterretningstjenesterne).",Om styrkelse af tilsynet med efterretningstjenesterne.
9824,255542,,1,2024-06-04 00:00:00,17,98363,3,L 179,"Forslag til lov om ændring af lov om euforiserende stoffer. (Tydeliggørelse af advarselsreglen og ændring af ordningen om fritagelse fra strafforfølgning i tilknytning til stofindtagelsesrum).
",Om tydeliggørelse af advarselsreglen og ændring af ordningen om fritagelse fra strafforfølgning i tilknytning til stofindtagelsesrum.
9825,254358,,1,2024-06-04 00:00:00,17,97927,3,L 147,"Forslag til lov om ændring af udlændingeloven. (Øget fleksibilitet i forbindelse med ophold efter fasttrackordningens korttidsspor, udvidelse af jobskiftereglen og ændring af kravet om dansk bankkonto).",Om fasttrackordningens korttidsspor og udvidelse af jobskiftereglen m.v.
9826,253123,,1,2024-06-04 00:00:00,17,97656,3,L 127,"Forslag til lov om ændring af lov om apoteksvirksomhed, lov om lægemidler og sundhedsloven. (Justeringer af den økonomiske styringsmodel for apotekssektoren, flere muligheder for apotekernes og sygehusapotekernes aflastning af det øvrige sundhedsvæsen og nedlæggelse af voldgiftsnævnet for apoteksovertagelse m.v.).",Om tilpasning af apotekersektorens økonomimodel med fokus på den sundhedsfaglige kerneopgave m.v.
9827,254896,,1,2024-06-04 00:00:00,17,98115,3,L 158,"Forslag til lov om ændring af lov om klage- og erstatningsadgang inden for sundhedsvæsenet og lov om autorisation af sundhedspersoner og om sundhedsfaglig virksomhed. (Ændring af patientklagesystemet, mulighed for sekretariatsafgørelser i patienterstatningsankesager, afvikling af Det Rådgivende Praksisudvalg og afbureaukratisering ved ejerskifte i tandlægeklinikker).",Om forbedring af patientklagesystemet m.v.
9828,255185,,1,2024-06-04 00:00:00,17,98265,3,L 170,Forslag til lov om ændring af lov om autorisation af sundhedspersoner og om sundhedsfaglig virksomhed og udlændingeloven. (Anbefalinger fra taskforce om udenlandsk arbejdskraft og ændring af gebyrer for autorisation af sundhedspersoner).,Om smidigere rammer for rekruttering af udenlandske sundhedspersoner fra Tredjelande.
9830,255237,,1,2024-06-04 00:00:00,17,98269,3,L 172,Forslag til lov om ændring af lov om lægemidler. (Pligtmæssige lagre af kritiske lægemidler m.v.).,Om pligtmæssige lagre af kritiske lægemidler m.v.
9831,255211,,1,2024-06-04 00:00:00,17,98267,3,L 173,"Forslag til lov om ændring af lov om tobaksvarer m.v., lov om elektroniske cigaretter m.v. og lov om forbud mod salg af tobak og alkohol til personer under 18 år. (Udmøntning af dele af forebyggelsesplanen målrettet børn og unge – tobak, nikotin og alkohol).","Om udmøntning af dele af forebyggelsesplanen målrettet børn og unge – tobak, nikotin og alkohol."
9832,255747,,1,2024-06-04 00:00:00,17,98388,3,L 189,Forslag til lov om ændring af lov om klage- og erstatningsadgang inden for sundhedsvæsenet. (Videreførelse af gældende tandskadeerstatningsordning m.v.).,Om videreførelse af gældende tandskadeerstatningsordning.
9833,255646,,1,2024-06-04 00:00:00,17,68570,3,L 180,"Forslag til lov om ændring af udlændingeloven, lov om erhvervsuddannelser og lov om institutioner for erhvervsrettet uddannelse. (Ny opholdsordning på baggrund af uddannelsestilknytning m.v.).",Om ny opholdsordning på baggrund af uddannelsestilknytning m.v.
9836,255250,,1,2024-06-04 00:00:00,17,98270,3,L 177,Forslag til lov om indfødsrets meddelelse.,Om indfødsrets meddelelse.
9837,255367,,1,2024-06-04 00:00:00,17,98279,3,L 174,Forslag til lov om ændring af lov om almene boliger m.v. og lov om leje af almene boliger. (Fritagelse for genansøgning om boligstøtte efter bortfald på grund af Landsbyggefondens tilskud til midlertidige huslejenedsættelser).,Om fritagelse for genansøgning om boligstøtte efter bortfald på grund af Landsbyggefondens tilskud til midlertidige huslejenedsættelser.
9838,255393,,1,2024-06-04 00:00:00,17,98281,3,L 175,Forslag til lov om anlæg af ny vejforbindelse mellem Tingbjerg og Husum i Københavns Kommune.,Om anlæg af ny vejforbindelse mellem Tingbjerg og Husum i Københavns Kommune.
9839,255380,,1,2024-06-04 00:00:00,17,98280,3,L 176,Forslag til lov om fravigelse af begrænsninger for anvendelsen af dele af arealerne i det almene boligområde Tingbjerg-Utterslevhuse i Københavns Kommune.,Om fravigelse af begrænsninger for anvendelsen af dele af arealerne i det almene boligområde Tingbjerg-Utterslevhuse i Københavns Kommune.
9840,255607,,1,2024-06-04 00:00:00,17,98368,3,L 187,Forslag til lov om ændring af adoptionsloven. (Håndtering af konsekvenserne ved afvikling af Danish International Adoption).,Om håndtering af konsekvenserne ved afvikling af Danish International Adoption.
9841,255568,,1,2024-06-04 00:00:00,17,98365,3,L 188,"Forslag til lov om ændring af lov om social service, lov om voksenansvar for anbragte børn og unge, lov om retssikkerhed og administration på det sociale område og lov om opkrævning af underholdsbidrag. (Ændring af reglerne om magtanvendelse og andre indgreb i selvbestemmelsesretten, om forældelse af underholdsbidrag m.v.).",Om ændring af reglerne for magtanvendelse og andre indgreb i selvbestemmelsesretten m.v.
9842,255224,,1,2024-06-04 00:00:00,17,98268,3,L 164,Forslag til lov om ændring af SU-loven. (Reform af SU-systemet på det videregående uddannelsesområde).,Om reform af SU-systemet på det videregående uddannelsesområde.
9843,254844,,1,2024-06-04 00:00:00,17,98111,3,L 151,"Forslag til lov om ændring af lov om visse erhvervsdrivende virksomheder, selskabsloven, lov om finansiel virksomhed og forskellige andre love. (Bedre vilkår for demokratiske virksomheder samt regler om frakendelse af retten til at være ledelsesmedlem som følge af digitaliseringsdirektivet).",Om en delvis udmøntning af Aftale om demokratiske virksomheder.
9844,255289,,1,2024-06-04 00:00:00,17,98273,3,L 167,"Forslag til lov om ændring af lov om Miljø- og Fødevareklagenævnet, lov om Planklagenævnet, lov om fremme af vedvarende energi og forskellige andre love. (Effektivisering af sagsbehandlingen i Planklagenævnet, Miljø- og Fødevareklagenævnet og Energiklagenævnet m.v.).","Om effektivisering af sagsbehandlingen i Planklagenævnet, Miljø- og Fødevareklagenævnet og Energiklagenævnet."
9845,255315,,1,2024-06-04 00:00:00,17,98275,3,L 168,Forslag til lov om ændring af lov om anvendelsen af visse af Den Europæiske Unions retsakter om økonomiske forbindelser til tredjelande m.v. (Bemyndigelse til at vedtage national kontrol med eksport af visse produkter med dobbelt anvendelse og indførelse af straffebestemmelser i forbindelse med den nye nationale kontrol og eksport til våbenembargolande).,Om at styrke dansk kontrol med produkter og teknologier med dobbelt anvendelse m.v.
9846,255328,,1,2024-06-04 00:00:00,17,98276,3,L 169,Forslag til lov om ændring af lov om betalinger. (Midlertidig lempelse af kontantreglen).,Om midlertidig lempelse af kontantreglen.
9847,255633,,1,2024-06-04 00:00:00,17,98370,3,L 182,Forslag til lov om afgift af CO2e-emissioner fra kvoteomfattede sektorer (emissionsafgiftsloven).,Om afgift af CO2e-emissioner fra kvoteomfattede sektorer. 
9848,255620,,1,2024-06-04 00:00:00,17,98369,3,L 183,"Forslag til lov om ændring af lov om kuldioxidafgift af visse energiprodukter, lov om energiafgift af mineralolieprodukter m.v., lov om afgift af naturgas og bygas m.v., lov om afgift af stenkul, brunkul og koks m.v. og forskellige andre love. (Gennemførelse af dele af »Aftale om Grøn skattereform for industri mv.« fra juni 2022, ændringer som følge af emissionsafgiftsloven og udvidelse af adgang til ekstraordinær genoptagelse på afgiftsområdet m.v.).",Om gennemførelse af dele af aftale om grøn skattereform for industri m.v.
9849,255594,,1,2024-06-04 00:00:00,17,98367,3,L 184,Forslag til lov om passagerafgift på flyrejser.,Om passagerafgift på flyrejser.
9850,255581,,1,2024-06-04 00:00:00,17,98366,3,L 186,"Forslag til lov om ændring af minimumsbeskatningsloven og ligningsloven. (Gennemførelse af OECD’s administrative retningslinjer om minimumsbeskatningsreglerne og ændring af listen over lande, der er omfattet af defensive foranstaltninger).",Om OECD’s administrative retningslinjer om minimumsbeskatningsreglerne m.v.
9851,254267,,1,2024-06-04 00:00:00,17,97920,3,L 145,"Forslag til lov om ændring af lov om ophavsret og lov om videregående kunstneriske uddannelsesinstitutioner under Kulturministeriet. (Modernisering af regler om aftaleindgåelse m.v. og fastsættelse af nærmere regler om eksaminer, prøver og bedømmelser).",Om regler om aftaleindgåelse m.v. og fastsættelse af regler om eksaminer m.v. vedrørende kunstneriske uddannelsesinstitutioner.
9853,254293,,1,2024-06-04 00:00:00,17,97922,3,L 143,"Forslag til lov om ændring af lov om fremme af vedvarende energi. (Justering af satserne for grøn pulje, ændring af grøn pulje, bemyndigelser til at fastsætte regler om indberetning af oplysninger og offentliggørelse af oplysninger m.v.).",Om ændring af grøn pulje m.v.
9854,254215,,1,2024-06-04 00:00:00,17,97916,3,L 144,Forslag til lov om ændring af lov om fremme af vedvarende energi. (Tydeliggørelse af dansk rets anvendelse på anlæg omfattet af loven i den eksklusive økonomiske zone og afskaffelse af kompensation for indfødningstarif for fremtidige havvindmølleparker).,Om afskaffelse af kompensation for indfødningstarif for fremtidige havvindmølleparker m.v.
9856,256353,,1,2024-06-04 00:00:00,17,98628,3,L 165 B,"Forslag til lov om ændring af lov om fremme af vedvarende energi, biobrændstofloven, lov om fremme af energibesparelser i bygninger og forskellige andre love. (Bemyndigelse til at supplere og gennemføre EU-regler om fremme af vedvarende energi, herunder til at fastsætte regler om fravigelse af visse miljø- og naturbeskyttelsesregler m.v.).","Om bemyndigelse til at supplere og gennemføre EU-regler om fremme af vedvarende energi, herunder til at fastsætte regler om fravigelse af visse miljø- og naturbeskyttelsesregler m.v."
9857,255529,,1,2024-06-04 00:00:00,17,98362,3,L 181,Forslag til lov om ændring af investeringsscreeningsloven og lov om gasforsyning. (Særskilte tidspunkter for investeringsscreening i forbindelse med visse havvindudbud og andre større offentlige energiprojekter samt Energiklagenævnets nedsættelse og uafhængighed).,Om investeringsscreening i forbindelse med visse havvindudbud og andre større offentlige energiprojekter m.v.
9915,257438,,1,2024-11-14 00:00:00,17,99220,3,L 27,Forslag til lov om ændring af lov om spil og lov om afgifter af spil. (Nye regler for almennyttige lotterier og liberalisering af landbaseret bingo).,Om nye regler for almennyttige lotterier og liberalisering af landbaseret bingo.
9916,257412,,1,2024-11-14 00:00:00,17,99218,3,L 32,Forslag til lov om indgåelse af aftale mellem Kongeriget Danmark og Kongeriget Sverige om visse skattespørgsmål.,Om indgåelse af aftale mellem Kongeriget Danmark og Kongeriget Sverige om visse skattespørgsmål.
9918,258100,,1,2024-11-21 00:00:00,17,99308,3,L 3,Forslag til lov om supplerende bestemmelser til forordning om beskyttelse af geografiske betegnelser for håndværks- og industriprodukter.,Om  supplerende bestemmelser til forordning om beskyttelse af geografiske betegnelser for håndværks- og industriprodukter.
9919,257920,,1,2024-11-21 00:00:00,17,99292,3,L 4,Forslag til lov om arbejdstid for mobile lønmodtagere på fartøjer på indre vandveje.,Om arbejdstid for mobile lønmodtagere på fartøjer på indre vandveje.
9920,260829,,1,2024-11-21 00:00:00,17,100071,3,L 52 A,"Forslag til lov om ændring af lov om assisteret reproduktion i forbindelse med behandling, diagnostik og forskning m.v. (Fertilitetsbehandling til andet barn).",Om fertilitetsbehandling til andet barn.
9921,260833,,1,2024-11-21 00:00:00,17,100072,3,L 52 B,"Forslag til lov om ændring af lov om assisteret reproduktion i forbindelse med behandling, diagnostik og forskning m.v. (Lovliggørelse af partnerægdonation uden sundhedsfaglig begrundelse).",Om fertilitetsbehandling til andet barn og lovliggørelse af partnerægdonation uden sundhedsfaglig begrundelse.
9922,260839,,1,2024-11-21 00:00:00,17,100073,3,L 16 A,Forslag til lov om ændring af lov om social pension og lov om Udbetaling Danmark. (Permanent forhøjelse af den supplerende pensionsydelse).,Om permanent forhøjelse af den supplerende pensionsydelse.
9924,260850,,1,2024-11-21 00:00:00,17,100075,3,L 24 A,Forslag til lov om ændring af ejendomsskatteloven og lov om kommunal indkomstskat og statens afregning af grundskyld og dækningsafgift til kommunerne. (Stigningsbegrænsningsordning for dækningsafgift af erhvervsejendomme).,Om stigningsbegrænsningsordning for dækningsafgift af erhvervsejendomme.
9925,260854,,1,2024-11-21 00:00:00,17,100076,3,L 24 B,"Forslag til lov om ændring af ejendomsskatteloven, ejendomsvurderingsloven, skattekontrolloven og kildeskatteloven. (Justeringer af pensionistlåneordningen til betaling af grundskyld og foreløbige beskatningsgrundlag i udstykningstilfælde m.v.).",Om justeringer af pensionistlåneordningen til betaling af grundskyld og foreløbige beskatningsgrundlag i udstykningstilfælde m.v.
9927,257686,,1,2024-11-26 00:00:00,17,99274,3,L 51,"Forslag til lov om ændring af lov om midlertidig opholdstilladelse til personer, der er fordrevet fra Ukraine. (Forlængelse af opholdsgrundlag efter Ukrainesærloven).",Om forlængelse af opholdsgrundlag efter Ukrainesærloven.
9928,257637,,1,2024-11-28 00:00:00,17,99236,3,L 35,Forslag til lov om ændring af lov om fødevarer og dyrevelfærdsloven. (Ændring af takster i betalingsbestemmelser til finansiering af fødevare- og dyrevelfærdskontrol m.v.).,Om ændring af takster i betalingsbestemmelser til finansiering af fødevare- og dyrevelfærdskontrol m.v.
9929,257650,,1,2024-11-28 00:00:00,17,99237,3,L 40,"Forslag til lov om ændring af lov om naturbeskyttelse og om ophævelse af lov om administration af Den Europæiske Unions forordninger om handel med træ og træprodukter med henblik på bekæmpelse af handel med ulovligt fældet træ. (Supplerende bestemmelser til skovrydningsforordningen om tilsyn, gebyr og konfiskation m.v.).","Om supplerende bestemmelser til skovrydningsforordningen om tilsyn, gebyr og konfiskation m.v."
9931,257581,,1,2024-11-28 00:00:00,17,99231,3,L 11,"Forslag til lov om ændring af lov om letbane på Ring 3, lov om Metroselskabet I/S og Udviklingsselskabet By & Havn I/S og lov om trafikselskaber. (Organisering af daglig ledelse og drift af Hovedstadens Letbane I/S, tilpasning af formålsbestemmelsen for Metroselskabet I/S, videreførelse af bolværksejeres forpligtelser i København, placering af Hovedstadens Letbane I/S i diverse samarbejdsfora m.v.).",Om organisering af daglig ledelse og drift af Hovedstadens Letbane I/S m.v.
9932,257803,,1,2024-11-28 00:00:00,17,99283,3,L 14,Forslag til lov om indkvartering af ansatte.,Om indkvartering af ansatte.
9933,257829,,1,2024-11-28 00:00:00,17,99285,3,L 15,Forslag til lov om ændring af lov om udstationering af lønmodtagere m.v. og udlændingeloven. (Krav om fremvisning af legitimation og flere oplysningskrav i Registret for Udenlandske Tjenesteydere (RUT)).,Om fremvisning af legitimation og flere oplysningskrav i Registret for Udenlandske Tjenesteydere (RUT).
9934,257712,,1,2024-11-28 00:00:00,17,99276,3,L 44,"Forslag til lov om ændring af lov om Arbejdsgivernes Uddannelsesbidrag.
(Justering af lønrefusion, forhøjelse af maksimal pensionsrefusionssats, omlægning af lærepladstaxameter, justering af fleksibelt uddannelsesbidrag og aktivitetsafhængigt veu-bidrag for 2025, fastsættelse af modelparametre for erhvervsuddannelser til brug for beregning af lærepladsafhængigt arbejdsgiverbidrag for 2025 m.v.).",Om at udmønte en række elementer i forskellige trepartsaftaler på erhvervsuddannelsesområdet m.v.
9935,257790,,1,2024-11-28 00:00:00,17,99282,3,L 48,Forslag til lov om ændring af dagtilbudsloven. (Regelforenklinger aftalt i samarbejdsprogram).,Om regelforenklinger aftalt i samarbejdsprogram.
9936,257464,,1,2024-11-28 00:00:00,17,99222,3,L 23,"Forslag til lov om ændring af lov om vejafgift, brændstofforbrugsafgiftsloven, lov om vægtafgift af motorkøretøjer m.v., lov om energiafgift af mineralolieprodukter m.v. og forskellige andre love. (Gennemførelse af dele af aftale om deludmøntning af grøn fond, tilpasning af gennemførelse af aftale om grøn skattereform for industri m.v., tekniske ændringer af lov om vejafgift, tilpasning af regler for blandingsbestemmelsen m.v., ændringer med henblik på at fremme regelefterlevelsen på motorområdet m.v.).",Om deludmøntning af grøn fond og tilpasning af gennemførelse af aftale om grøn skattereform for industri m.v.
9937,257503,,1,2024-11-28 00:00:00,17,99225,3,L 25,"Forslag til lov om ændring af afskrivningsloven, ligningsloven og lov om indskud på etableringskonto og iværksætterkonto. (Afskaffelse af muligheden for at straksafskrive på edb-software, knowhow og patentrettigheder m.v. og forhøjelse af fradraget for udgifter til forsøgs- og forskningsvirksomhed).",Om udmøntning af dele af aftalen om et stærkere erhvervsliv af 27. juni 2024.
9938,257425,,1,2024-11-28 00:00:00,17,99219,3,L 29,"Forslag til lov om ændring af lov om et indkomstregister, skatteforvaltningsloven, skattekontrolloven og forskellige andre love. (Terminaladgang for skatteforvaltningen i Grønland til visse oplysninger i indkomstregisteret, sanering og modernisering af sanktionsbestemmelser på skatteområdet, indhentelse af kontroloplysninger hos visse tredjemænd til brug for indberetningskontrol og kontrol vedrørende indeholdelse af kildeskat m.v.).","Om udmøntning af de dele af regeringsgrundlaget Ansvar for Danmark fra december 2022, som handler om at styrke samarbejdet i Rigsfællesskabet m.v."
9939,257373,,1,2024-11-28 00:00:00,17,99215,3,L 31,Forslag til lov om forsvarerbistand og aktindsigt i administrative straffesager på skatteområdet (skattestraffesagsloven).,Om forsvarerbistand og aktindsigt i administrative straffesager på skatteområdet. 
9941,257985,,1,2024-12-03 00:00:00,17,99299,3,L 20,"Forslag til lov om ændring af retsplejelov for Grønland. (Aktindsigt, kriminalprocessuelle tvangsindgreb, anonyme vidner, digital og forenklet digital forkyndelse og politiets anvendelse af agenter som led i efterforskningen af lovovertrædelser m.v.).",Om at udvide offentlighedens adgang til aktindsigt i domme og at forbedre politiets efterforskningsmuligheder m.v.
9942,257972,,1,2024-12-03 00:00:00,17,99298,3,L 21,Forslag til lov om flagning.,Om flagning.
9943,261170,,1,2024-12-03 00:00:00,17,100266,3,L 22 A,"Forslag til lov om ændring af retsplejeloven, lov om skifte af dødsboer og arveloven. (Revision af reglerne om Advokatsamfundets organer, udvidelse af adgangen til at opnå møderet for landsret, værgers betaling af sagsomkostninger og digital behandling af sager om skifte af dødsboer).",Om nedbringelse af domstolenes sagsbehandlingstid m.v.
9944,261178,,1,2024-12-03 00:00:00,17,100267,3,L 22 C,Forslag til lov om ændring af retsplejeloven. (Forhøjelse af antallet af dommere).,Om forhøjelse af antallet af dommere.
9945,258506,,1,2024-12-03 00:00:00,17,99428,3,L 54,Forslag til lov om handel med brugte genstande samt pantelånervirksomhed.,Om handel med brugte genstande og pantelånervirksomhed.
9946,258519,,1,2024-12-03 00:00:00,17,99429,3,L 55,Forslag til lov om offentlig auktion ved auktionsledere (auktionslederloven).,Om offentlig auktion ved auktionsledere.
9947,257542,,1,2024-12-03 00:00:00,17,99228,3,L 17,Forslag til lov om supplerende bestemmelser til forordning om indførelse af en kulstofgrænsetilpasningsmekanisme.,Om indførelse af en kulstofgrænsetilpasningsmekanisme.
9948,257529,,1,2024-12-03 00:00:00,17,99227,3,L 18,Forslag til lov om supplerende bestemmelser til forordning om reduktion af metanemissioner i energisektoren.,Om reduktion af metanemissioner i energisektoren.
9949,257516,,1,2024-12-03 00:00:00,17,99226,3,L 19,Forslag til lov om ændring af olieberedskabsloven. (Hjemmel til gebyrfinansiering af tilsyn og myndighedsopgaver efter olieberedskabsordningen og justering af bødeniveau for overtrædelse af lagringspligten m.v.).,"Om at indføre en gebyrordning, der skal finansiere Energistyrelsens tilsyn og sagsbehandling i olieberedskabsordningen m.v."
9951,257881,,1,2024-12-03 00:00:00,17,99289,3,L 39,"Forslag til lov om ændring af lov om kemikalier. (Opkrævning af gebyr for udstedelse af autorisationer efter EU-forordning om fluorholdige drivhusgasser, supplerende bestemmelser til EU-forordning om fluorholdige drivhusgasser, afgift pr. produkt i en godkendelse af en familie af biocidholdige produkter og digital indberetning af forbrug af bekæmpelsesmidler).",Om opfyldelse af krav i EU-forordningen om fluorholdige drivhusgasser m.v.
9952,257868,,1,2024-12-05 00:00:00,17,99288,3,L 36,Forslag til lov om ændring af lov om ligestilling af kvinder og mænd og lov om ligebehandling af mænd og kvinder med hensyn til beskæftigelse m.v. (Afskaffelse af ligestillingsredegørelser og forenkling af regler om kønssammensætningen i bestyrelser m.v.).,Om afskaffelse af ligestillingsredegørelser og forenkling af regler om kønssammensætningen i bestyrelser m.v.
9953,257607,,1,2024-12-05 00:00:00,17,99233,3,L 8,Forslag til lov om udbygning af rute 11 mellem Korskro og Varde.,Om udbygning af rute 11 mellem Korskro og Varde.
9954,257568,,1,2024-12-05 00:00:00,17,99230,3,L 10,Forslag til lov om ophævelse af 76 love på Transportministeriets område.,Om ophævelse af 76 love på Transportministeriets område.
9955,258087,,1,2024-12-05 00:00:00,17,99307,3,L 5,"Forslag til lov for Grønland om oplysninger, der skal medsendes ved overførsel af midler.",Om oplysninger der skal medsendes ved overførsel af midler i Grønland.
9956,258809,,1,2024-12-05 00:00:00,17,99568,3,L 62,Forslag til lov om ændring af lov om en investeringsfond for Færøerne m.v. (Overdragelse af investeringsfonden til Færøerne).,Om overdragelse af investeringsfonden til Færøerne.
9957,257946,,1,2024-12-10 00:00:00,17,99295,3,L 49,Forslag til lov om Nimbi Gamelab – Danmarks Institut for Spiludvikling.,Om Nimbi Gamelab – Danmarks Institut for Spiludvikling.
9958,258074,,1,2024-12-10 00:00:00,17,99306,3,L 6,"Forslag til lov for Færøerne om oplysninger, der skal medsendes ved overførsel af midler.",Om oplysninger der skal medsendes ved overførsel af midler på Færøerne.
9959,258041,,1,2024-12-12 00:00:00,17,99303,3,L 1,Forslag til finanslov for finansåret 2025.,"Om finanslov for finansåret 2025.
"
9960,258024,,1,2024-12-12 00:00:00,17,99302,3,L 2,"Forslag til lov om fastsættelse af udgiftslofter for stat, kommuner og regioner for finansåret 2028.","Om fastsættelse af udgiftslofter for stat, kommuner og regioner for finansåret 2028."
9961,258861,,1,2024-12-12 00:00:00,17,99572,3,L 67,Forslag til lov om ændring af biobrændstofloven. (Støtte til fremme af grønne drivmidler i transportsektoren m.v.).,Om støtte til fremme af grønne drivmidler i transportsektoren m.v.
9962,258848,,1,2024-12-12 00:00:00,17,99571,3,L 68,"Forslag til lov om ændring af lov om bæredygtige biobrændstoffer og om reduktion af drivhusgasser (biobrændstofloven), lov om fremme af vedvarende energi, lov om gasforsyning og lov om elforsyning. (Gennemførelse af EU-regler om fremme af vedvarende energi og grønne brændstoffer m.v.).",Om gennemførelse af EU-regler om fremme af vedvarende energi og grønne brændstoffer.
9963,258874,,1,2024-12-12 00:00:00,17,99573,3,L 69,"Forslag til lov om ændring af lov om elforsyning, lov om gasforsyning og straffeloven. (Gennemførelse af elmarkedsdirektivet og fremtidssikret regulering af netvirksomheder m.v.).",Om gennemførelse af elmarkedsdirektivet og fremtidssikret regulering af netvirksomheder m.v.
9964,258796,,1,2024-12-12 00:00:00,17,99567,3,L 60,"Forslag til lov om bistand til Europa-Kommissionen i henhold til Europa-Parlamentets og Rådets forordning om udenlandske subsidier, der fordrejer det indre marked.",Om at konkurrencen på det indre marked ikke fordrejes af udenlandske subsidier fra tredjelande.
9965,258783,,1,2024-12-12 00:00:00,17,99566,3,L 61,Forslag til lov om kønsfordeling blandt ledelsesmedlemmer i visse store børsnoterede aktieselskaber (kønsbalanceloven).,Om kønsfordeling blandt ledelsesmedlemmer i visse store børsnoterede aktieselskaber.
9966,257777,,1,2024-12-12 00:00:00,17,99281,3,L 41,"Forslag til lov om ændring af lov om folkeskolen, lov om erhvervsuddannelser og forskellige andre love. (Folkeskolens kvalitetsprogram m.v.).",Om folkeskolens kvalitetsprogram m.v.
9967,257764,,1,2024-12-12 00:00:00,17,99280,3,L 42,Forslag til lov om ændring af lov om folkeskolen. (Mulighed for at give karakterer på 6. og 7. klassetrin).,Om mulighed for at give karakterer på 6. og 7. klassetrin.
9968,257751,,1,2024-12-12 00:00:00,17,99279,3,L 47,Forslag til lov om ændring af lov om folkeskolen. (Midlertidig fratagelse af en forælders rettigheder efter folkeskoleloven ved en elevs ophold på krisecenter).,Om midlertidig fratagelse af en forælders rettigheder efter folkeskoleloven ved en elevs ophold på krisecenter.
9970,257855,,1,2024-12-17 00:00:00,17,99287,3,L 12,"Forslag til lov om ændring af lov om en aktiv beskæftigelsesindsats, integrationsloven og forskellige andre love. (Arbejdspligt for borgere, som ikke opfylder opholdskravet og beskæftigelseskravet i kontanthjælpssystemet).",Om arbejdspligt for borgere som ikke opfylder opholdskravet og beskæftigelseskravet i kontanthjælpssystemet.
9971,257842,,1,2024-12-17 00:00:00,17,99286,3,L 13,"Forslag til lov om ændring af lov om aktiv socialpolitik, lov om en aktiv beskæftigelsesindsats og forskellige andre love. (Reform af kontanthjælpssystemet, ophævelse af 225-timersreglen og kontanthjælpsloftet, fritidstillæg til børn, afklaring, rettighedsbaseret tilskud til medicin m.v.).",Om reform af kontanthjælpssystemet m.v.
9974,257725,,1,2024-12-17 00:00:00,17,99277,3,L 45,Forslag til lov om ændring af lov om forberedende voksenundervisning og ordblindeundervisning for voksne og forskellige andre love. (Forlængelse af perioden for opbevaring af oplysninger om konstateret ordblindhed i Ordblindetesten m.v.).,Om forlængelse af perioden for opbevaring af oplysninger om konstateret ordblindhed i Ordblindetesten m.v.
9975,257699,,1,2024-12-17 00:00:00,17,99275,3,L 46,Forslag til lov om ændring af lov om arbejdsmarkedsuddannelser m.v. (Ny udbudsmodel for at øge forsyningssikkerheden af arbejdsmarkedsuddannelser).,Om ny udbudsmodel for at øge forsyningssikkerheden af arbejdsmarkedsuddannelser.
9976,257663,,1,2024-12-17 00:00:00,17,99238,3,L 34,"Forslag til lov om ændring af udlændingeloven, lov om socialtilsyn, lov om social service og barnets lov. (Ændringer af regler på udlændingeområdet vedrørende indkvartering, ydelser og sociale indsatser m.v.).","Om ændringer af regler på udlændingeområdet for indkvartering, ydelser og sociale indsatser m.v."
9977,261484,,1,2024-12-17 00:00:00,17,100401,3,L 56 A,Forslag til lov om ændring af udlændingeloven. (Ændring af regler som følge af EU-samarbejdet om Schengen og Dublinforordningen).,Om ændring af regler som følge af EU-samarbejdet om Schengen og Dublinforordningen.
9979,261493,,1,2024-12-17 00:00:00,17,100403,3,L 56 C,Forslag til lov om ændring af lov om kompensation til naboer omkring Udrejsecenter Kærshovedgård. (Ændring af nabokompensationsordningen).,Om ændring af nabokompensationsordningen.
9980,259592,,1,2024-12-17 00:00:00,17,99800,3,L 99,Forslag til lov om ændring af udlændingeloven. (Mulighed for med henblik på behandlingen af opholdstilladelser på Færøerne og i Grønland at sætte regler om gebyr og registersamkøring i kraft og for at delegere kompetencen til at udstede langtidsvisum til en færøsk myndighed m.v.).,Om ikraftsættelse af udlændingelovens regler om gebyrfinansieret behandling af ansøgninger om opholdstilladelse på Færøerne og i Grønland m.v.
9985,257998,,1,2024-12-19 00:00:00,17,99300,3,L 53,"Forslag til lov om ændring af lov om tobaksvarer m.v. og forskellige andre love. (Tredje og sidste del af udmøntning af forebyggelsesplanen målrettet børn og unge – tobak, nikotin og alkohol).",Om tredje og sidste del af udmøntning af forebyggelsesplanen målrettet for børn og unge.
9986,258757,,1,2024-12-19 00:00:00,17,99564,3,L 59,"Forslag til lov om ændring af lov om klage- og erstatningsadgang inden for sundhedsvæsenet og sundhedsloven. (Indførelse af forsikringspligt for privatpraktiserende tandlæger, ophævelse af oplysningspligt ved erstatningsudbetalinger i patienterstatningssager og ændring af regler om samtykke til ukomplicerede behandlinger ved den kommunale tandpleje).",Om forsikringspligt for privatpraktiserende tandlæger m.v.
9987,261731,,1,2024-12-19 00:00:00,17,100495,3,L 73 A,Forslag til lov om ændring af sundhedsloven. (Ændring af samtykkemodel for organdonation til en blød model af aktivt fravalg).,Om ændring af samtykkemodel for organdonation til en blød model af aktivt fravalg.
9988,261735,,1,2024-12-19 00:00:00,17,100496,3,L 73 B,Forslag til lov om ændring af sundhedsloven. (Bemyndigelsesbestemmelser om målrettede påmindelser og sundhedspersoners behandling af helbredsoplysninger m.v.).,Om bemyndigelsesbestemmelser om målrettede påmindelser og sundhedspersoners behandling af helbredsoplysninger m.v.
9990,260531,,1,2024-12-19 00:00:00,17,69175,3,L 105,Forslag til lov om ændring af lov om vederlag og pension m.v. for ministre. (Forlængelse af perioden for midlertidig nedsættelse af grundvederlag til ministre).,Om forlængelse af perioden for midlertidig nedsættelse af grundvederlag til ministre.
9991,258822,,1,2024-12-19 00:00:00,17,99569,3,L 63,Forslag til lov om indfødsrets meddelelse.,Om indfødsrets meddelelse.
9993,259579,,1,2024-12-19 00:00:00,17,99799,3,L 83,Forslag til lov om ændring af universitetsloven og lov om åben uddannelse (erhvervsrettet voksenuddannelse) m.v. (Forenklet model for udpegning af eksterne bestyrelsesmedlemmer m.v.).,Om forenklet model for udpegning af eksterne bestyrelsesmedlemmer m.v.
9994,259372,,1,2024-12-19 00:00:00,17,99782,3,L 94,"Forslag til lov om ændring af lov om elevers og studerendes undervisningsmiljø, lov om Danmarks Evalueringsinstitut og forskellige andre love. (Opgavebortfald på Børne- og Undervisningsministeriets område m.v.).",Om opgavebortfald på Børne- og Undervisningsministeriets område m.v.
9995,259359,,1,2024-12-19 00:00:00,17,99781,3,L 95,Forslag til lov om ændring af dagtilbudsloven. (Ændring af regler om bedre fordeling af børn i daginstitutioner og obligatorisk læringstilbud).,Om bedre fordeling af børn i daginstitutioner og obligatorisk læringstilbud.
9996,259670,,1,2024-12-19 00:00:00,17,99806,3,L 70,"Forslag til lov om ændring af lov om betalingskonti, lov om finansiel virksomhed, lov om kapitalmarkeder, lov om Danmarks Nationalbank og forskellige andre love. (Adgang til en basal erhvervskonto for erhvervsdrivende og foreninger, tilsyn efter forordning om europæiske grønne obligationer og åremålsansættelse for direktionen i Danmarks Nationalbank m.v.).",Om styrkelse af adgang til en basal erhvervskonto for erhvervsdrivende og foreninger m.v.
9997,259657,,1,2024-12-19 00:00:00,17,99805,3,L 71,Forslag til lov om ændring af selskabsloven. (Offentligt udbud af anparter og nedsættelse af minimumskrav til anpartsselskabers selskabskapital).,Om offentligt udbud af anparter og nedsættelse af minimumskrav til anpartsselskabers selskabskapital.
9998,259644,,1,2024-12-19 00:00:00,17,99804,3,L 72,"Forslag til lov om ændring af selskabsloven, årsregnskabsloven, lov om erhvervsfremme, lov om finansiel virksomhed og forskellige andre love. (Ændring af visse love og bestemmelser på Erhvervsministeriets område som følge af opgavebortfald).",Om opgavebortfald på Erhvervsministeriets område.
9999,257894,,1,2024-12-19 00:00:00,17,99290,3,L 38,"Forslag til lov om ændring af lov om miljøbeskyttelse. (Styrket affaldstilsyn, herunder modtagekontrol og håndhævelse af forbud mod destruktion af usolgte forbrugerprodukter, og ophævelse af bestemmelser om genbrugsområder på genbrugspladser).",Om styrket affaldstilsyn m.v.
10000,259631,,1,2024-12-19 00:00:00,17,99803,3,L 84,Forslag til lov om ændring af lov om miljøbeskyttelse. (Ændring af regler om udvidet producentansvar for emballage og engangsplastprodukter m.v. og supplerende bestemmelser til batteriforordningen).,Om udvidet producentansvar for emballage og engangsplastprodukter og supplerende bestemmelser til batteriforordningen.
10010,259696,,1,2024-12-19 00:00:00,17,99808,3,L 97,"Forslag til lov om ændring af lov om Kulturministeriets kulturaftaler med kommuner m.v. og om regionernes opgaver på kulturområdet, museumsloven, lov om musik og forskellige andre love. (Opgavebortfald på Kulturministeriets område).",Om opgavebortfald på Kulturministeriets område.
10011,259709,,1,2024-12-19 00:00:00,17,99809,3,L 98,"Forslag til lov om ændring af lov om musik, folkeoplysningsloven og lov om folkehøjskoler. (Øget gennemsigtighed i tilskudsadministrationen m.v.).",Om øget gennemsigtighed i tilskudsadministrationen m.v.
10105,260066,,1,2025-01-09 00:00:00,17,99923,3,L 103,"Forslag til lov om ændring af opkrævningsloven, skattekontrolloven og ligningsloven. (Regulering af afgift for foreløbig fastsættelse, regulering af satserne for skattetillæg, modernisering af sanktionspraksis ved passiv skatteunddragelse og midlertidig lempelse af betingelserne for bundfradrag ved deleøkonomi for indkomstårene 2023-2025).",Om udmønte tiltag i flerårsaftalen for skattevæsenets økonomi 2023-2027 m.v.
10109,260053,,1,2025-01-16 00:00:00,17,99922,3,L 102,Forslag til lov om supplerende bestemmelser til Europa-Parlamentets og Rådets forordning om europæisk datastyring (datastyringsloven).,Om europæisk datastyring.
10112,260107,,1,2025-01-23 00:00:00,17,99927,3,L 101,"Forslag til lov om ændring af straffeloven. (Udvidelse af anvendelsesområdet for forbuddet mod videreførelse af en forening, der foreløbig er forbudt eller opløst ved dom).","Om forbud mod videreførelse af en forening, der foreløbig er forbudt eller opløst ved dom."
10122,260081,,1,2025-02-20 00:00:00,17,99925,3,L 104,"Forslag til lov om ændring af lov om beskyttelse af havmiljøet. (Forbud mod udledning af røggasrensevand fra røggasrensesystemer på skibe, forbud mod dumpning af optaget havbundsmateriale i vanddybder under 6 m og i nærmere afgrænsede områder, regulering af udledninger til havet fra offshore-CO2-lagringsplatforme, marin geoengineering m.v.).",Om forbud mod udledning af røggasrensevand fra røggasrensesystemer på skibe m.v.
10123,261440,,1,2025-02-20 00:00:00,17,100391,3,L 113,"Forslag til lov om ændring af lov om sikkerhed til søs, lov om skibes besætning og søloven. (Frakendelse af retten til at arbejde på danske skibe for søfarende, der begår personfarlig kriminalitet om bord eller i relation til tjenesten, ny uddannelse for færgenavigatører, justering af årlig afgift for skibe og ikraftsættelse for Grønland af ændringer af søloven og lov om sikkerhed til søs).","Om frakendelse af retten til at arbejde på danske skibe for søfarende, der begår personfarlig kriminalitet ombord m.v."
10124,261038,,1,2025-02-20 00:00:00,17,100156,3,L 108,"Forslag til lov om ændring af lov om aktiv socialpolitik, ligningsloven og forskellige andre love. (Præcisering af retten til ydelser under kortvarige udlandsophold, afskaffelse af skærpet rådighedssanktion for aktivitetsparate m.v.).","Om retten til ydelser under kortvarige udlandsophold, afskaffelse af skærpet rådighedssanktion for aktivitetsparate m.v."
10125,261012,,1,2025-02-20 00:00:00,17,100154,3,L 109,"Forslag til lov om ændring af retsplejelov for Grønland, kriminallov for Grønland, lov for Grønland om pant og lov om ægteskabets retsvirkninger som sat i kraft for Grønland. (Gennemførelse af dele af flerårsaftale for domstolene 2024-27).",Om gennemførelse af dele af flerårsaftale for domstolene 2024-27 for Grønland.
10126,261426,,1,2025-02-20 00:00:00,17,100390,3,L 112,"Forslag til lov om ændring af kriminallov for Grønland og retsplejelov for Grønland. (Styrket indsats mod stalking, kriminalisering af identitetsmisbrug og afbrydelse af påtalefrist m.v.).",Om styrket indsats mod stalking og kriminalisering af identitetsmisbrug m.v. i Grønland.
10127,261025,,1,2025-02-20 00:00:00,17,100155,3,L 110,"Forslag til lov om ændring af straffeloven, lov om politiets virksomhed og lov om supplerende bestemmelser til forordning om håndtering af udbredelsen af terrorrelateret indhold online. (Gennemførelse af dele af aftale om en styrket indsats mod antisemitisme).",Om gennemførelse af dele af aftalen om en styrket indsats mod antisemitisme.
10128,261659,,1,2025-02-20 00:00:00,17,100453,3,L 116,"Forslag til lov om ændring af lov om planlægning og lov om udlejning af fast ejendom til ferie- og fritidsformål m.v. og campering m.v. (Tilpasning af det statslige tilsyn med kommunernes fysiske planlægning og undtagelse fra krav om tilladelse ved erhvervelse af fast ejendom som
følge af opgavebortfald på By-, Land- og Kirkeministeriets område).","Om konsekvenser som følge af opgavebortfald på By-, Land- og Kirkeministeriets område m.v."
10140,257620,,1,2025-03-18 00:00:00,17,99234,3,L 107,"Forslag til lov om ændring af lov om buskørsel, lov om godskørsel og taxiloven. (Regelforenkling for vejtransportvirksomheder og forlængelse af tilladelser til sygetransport).",Om regelforenkling for vejtransportvirksomheder og forlængelse af tilladelser til sygetransport.
10141,261861,,1,2025-03-18 00:00:00,17,100538,3,L 118,Forslag til lov om ændring af strålebeskyttelsesloven. (Radiologisk beredskabsplan og strategier for håndtering af eksisterende bestrålingssituationer m.v.).,Om radiologisk beredskabsplan og strategier for håndtering af eksisterende bestrålingssituationer m.v.
10146,261453,,1,2025-03-27 00:00:00,17,100392,3,L 114,Forslag til lov om ændring af lov om miljøbeskyttelse. (Akkrediteringsordning til kontrol af beholdere til opbevaring af flydende husdyrgødning og ensilagesaft m.v.).,Om akkrediteringsordning til kontrol af beholdere til opbevaring af flydende husdyrgødning og ensilagesaft m.v.
10148,264489,,1,2025-03-27 00:00:00,17,101345,3,L 121 A,"Forslag til lov om ændring af lov om gasforsyning, lov om Energinet og lov om anvendelse af Danmarks undergrund. (Tilslutningsregler for metan og brint, roller og ansvar i forhold til gasforsyningssikkerhed m.v.).","Om tilslutningsregler for metan og brint, roller og ansvar i forhold til gasforsyningssikkerhed m.v."
10149,264493,,1,2025-03-27 00:00:00,17,101344,3,L 121 B,Forslag til lov om ændring af lov om planlægning. (Retningslinjer i kommuneplaner for beliggenheden af arealer til pyrolyseanlæg).,Om retningslinjer i kommuneplaner for beliggenheden af arealer til pyrolyseanlæg.
10150,262471,,1,2025-03-27 00:00:00,17,100800,3,L 129,Forslag til lov om tillægsbevilling for finansåret 2024.,Om tillægsbevilling for finansåret 2024.
10151,261683,,1,2025-03-27 00:00:00,17,100458,3,L 115,"Forslag til lov om ændring af lov om arbejdsmiljø. (Entreprenørstop på byggepladser og forhøjelse af bødeniveau).
",Om entreprenørstop på byggepladser og forhøjelse af bødeniveau.
10157,262012,,1,2025-04-03 00:00:00,17,100597,3,L 120,"Forslag til lov om ændring af lov om tilhold, opholdsforbud og bortvisning. (Forsøgsordning med elektronisk kontrol som supplement til opholdsforbud).",Om forsøgsordning med elektronisk kontrol som supplement til opholdsforbud.
10168,257490,,1,2025-04-08 00:00:00,17,99224,3,L 123,"Forslag til lov om ændring af boafgiftsloven, aktieavancebeskatningsloven og forskellige andre love. (Nedsættelse af boafgiften og gaveafgiften og indførelse af et retskrav på en skematisk værdiansættelse ved overdragelse af erhvervsvirksomheder til et nært familiemedlem, bedre mulighed for succession ved overdragelse af ejendomsvirksomheder og lempelse af pengetankregler m.v.).",Om deludmøntning af aftalen om »Et stærkere erhvervsliv« m.v.
10169,262184,,1,2025-04-08 00:00:00,17,100677,3,L 122,Forslag til lov om supplerende bestemmelser til forordning om fastlæggelse af en ramme for fastsættelse af krav til miljøvenligt design for bæredygtige produkter m.v. og til forordning om markedsovervågning og produktoverensstemmelse m.v. (ecodesignproduktloven).,Om supplerende bestemmelser til forordning om krav til miljøvenligt design for bæredygtige produkter m.v.  
10174,261848,,1,2025-04-24 00:00:00,17,100537,3,L 130,Forslag til lov om ændring af lov om social service og lov om retssikkerhed og administration på det sociale område. (Ændring af reglerne om sociale akuttilbud og udvidelse af muligheden for handlekommuneskift for borgere på herberger m.v.).,Om hjemmel til at tilbyde overnatning på akuttilbud m.v.
10175,262746,,1,2025-04-24 00:00:00,17,69350,3,L 139,"Forslag til lov om ændring af barnets lov. (Oprettelse af en særlig enhed med ekspertise i grønlandske sproglige og kulturelle forhold, der skal anvendes i visse børnesager).","Om oprettelse af en særlig enhed med ekspertise i grønlandske sproglige og kulturelle forhold, der skal anvendes i visse børnesager."
10176,262624,,1,2025-04-24 00:00:00,17,100826,3,L 132,"Forslag til lov om ændring af lov om arbejdsskadesikring i Grønland. (Harmonisering af regler om anmeldelse, en lempeligere vurdering af anerkendelsesspørgsmålet ved arbejdsulykker m.v.).",Om opdatering af det grønlandske arbejdsskadesystem m.v.
10177,262611,,1,2025-04-24 00:00:00,17,69356,3,L 131,"Forslag til lov om ændring af færdselsloven, lov om Sund & Bælt Holding A/S og lov om vejafgift. (Opkrævning af køretøjsrelaterede bøder og kontrolafgifter og forhøjelse af bødeniveauet for overtrædelse af vejafgiftsloven m.v.).",Om opkrævning af køretøjsrelaterede bøder og kontrolafgifter og forhøjelse af bødeniveauet for overtrædelse af vejafgiftsloven m.v.
10178,262385,,1,2025-04-24 00:00:00,17,100768,3,L 124,Forslag til lov om modernisering af Køge Bugt Strandpark.,Om modernisering af Køge Bugt Strandpark.
10179,262705,,1,2025-04-24 00:00:00,17,100877,3,L 136,"Forslag til lov om ændring af lov om dansk indfødsret. (Ændring af erklæringsadgangen for nordiske statsborgere, ændring af reglerne vedrørende fortabelse af dansk statsborgerskab og ændring af gebyret, der betales ved indgivelse af ansøgning om dansk statsborgerskab ved naturalisation).",Om forskellige ændringer på indfødsretsområdet.
10180,263263,,1,2025-04-24 00:00:00,17,101041,3,L 151,"Forslag til lov om ændring af skatteindberetningsloven, skattekontrolloven, lov om gensidig bistand ved inddrivelse af fordringer i forbindelse med skatter, afgifter og andre foranstaltninger samt administrativt samarbejde på beskatningsområdet og toldloven. (Gennemførelse af direktiv om ændring af direktiv om administrativt samarbejde på beskatningsområdet om indberetning og udveksling af oplysninger om transaktioner i kryptoaktiver m.v.).",Om transaktioner i kryptoaktiver m.v.
10182,262445,,1,2025-04-24 00:00:00,17,100798,3,L 127,Forslag til lov om ændring af lov om sundhedsloven. (Abort uden forældresamtykke eller tilladelse fra Abortnævnet for 15-17-årige). ,Om abort uden forældresamtykke eller tilladelse fra Abortnævnet for 15-17-årige.
10183,262458,,1,2025-04-24 00:00:00,17,100799,3,L 128,Forslag til lov om ændring af sundhedsloven. (Oprettelse af et nyt abortnævn m.v.).,Om oprettelse af et nyt abortnævn m.v.
10184,262692,,1,2025-04-24 00:00:00,17,100876,3,L 135,"Forslag til lov om ændring af lov om forsøgsordning med medicinsk cannabis og om ordning for dyrkning, fremstilling m.v. af medicinsk cannabis. (Permanent ordning med medicinsk cannabis og genfremsættelse efter notifikation for Europa-Kommissionen). ",Om permanent ordning med medicinsk cannabis og genfremsættelse efter notifikation for Europa-Kommissionen.
10185,264180,,1,2025-04-24 00:00:00,17,101245,3,L 164,"Forslag til lov om ændring af sundhedsloven, lov om lægemidler og lov om forsøgsordning med medicinsk cannabis og om ordning for dyrkning, fremstilling m.v. af medicinsk cannabis. (Overførsel af administrationen af Dansk Patientsikkerhedsdatabase og behandling af rapporteringer om utilsigtede hændelser m.v. til regionerne). ",Om overførsel af administrationen af Dansk Patientsikkerhedsdatabase og behandling af rapporteringer om utilsigtede hændelser m.v. til regionerne.
10193,262759,,1,2025-04-29 00:00:00,17,69352,3,L 140,Forslag til lov om kritiske enheders modstandsdygtighed (CER-loven).,Om kritiske enheders modstandsdygtighed. 
10194,262772,,1,2025-04-29 00:00:00,17,69354,3,L 141,Forslag til lov om foranstaltninger til sikring af et højt cybersikkerhedsniveau (NIS 2-loven).,Om foranstaltninger til sikring af et højt cybersikkerhedsniveau.
10195,262785,,1,2025-04-29 00:00:00,17,69351,3,L 142,Forslag til lov om sikkerhed og beredskab i telesektoren.,Om sikkerhed og beredskab i telesektoren.
10196,263462,,1,2025-04-29 00:00:00,17,101058,3,L 150,Forslag til lov om ændring af lov om arbejdsløshedsforsikring m.v. og barselsloven. (Udvidet ret til dagpenge til iværksættere og bagatelgrænse for arbejde i selvstændig virksomhed med fulde barselsdagpenge).,Om udvidet ret til dagpenge til iværksættere og bagatelgrænse for arbejde i selvstændig virksomhed med fulde barselsdagpenge.
10202,263410,,1,2025-05-06 00:00:00,17,101054,3,L 156,"Forslag til lov om ændring af en række love på børne- og undervisningsområdet, socialområdet, det familieretlige område, skatteområdet, beskæftigelsesområdet, udlændinge- og integrationsområdet og ældreområdet. (Forbud mod anvendelse af personer under 18 år som tolke m.v.).",Om forbud mod anvendelse af personer under 18 år som tolke m.v.
10203,262398,,1,2025-05-06 00:00:00,17,100777,3,L 125,Forslag til lov om Energiklagenævnet.,Om Energiklagenævnet.
10204,263237,,1,2025-05-08 00:00:00,17,101039,3,L 154,Forslag til lov om supplerende bestemmelser til forordningen om kunstig intelligens.,Om supplerende bestemmelser til forordningen om kunstig intelligens.
10205,262718,,1,2025-05-08 00:00:00,17,100878,3,L 137,"Forslag til lov om ændring af lov om sikring af kulturværdier i Danmark og om supplerende bestemmelser til forordning om indførsel og import af 
kulturgenstande. (Ændring af reglerne om tilbageholdelse og beslaglæggelse, sanktioner for overtrædelse af indførselsforordningens bestemmelser om importørerklæringer og importlicenser m.v.).",Om sanktioner for overtrædelse af indførselsforordningens bestemmelser om importørerklæringer og importlicenser m.v.
10210,266091,,1,2025-05-13 00:00:00,17,101905,3,L 143 A,"Forslag til lov om ændring af lov om arbejdsmiljø, lov 
om folkeskolen og lov om kommunalindsats for unge under 25 år. (Implementering af dele af »Aftale om flere unge i fritidsjob«).",Om implementering af dele af »Aftale om flere unge i fritidsjob.
10211,266095,,1,2025-05-13 00:00:00,17,101906,3,L 143 B,"Forslag til lov om ændring af lov om arbejdsmiljø, lov om arbejdsskadesikring, lov om Arbejdsretten og faglige voldgiftsretter og lov om mægling i arbejdsstridigheder. (Nedlæggelse af arbejdsmiljøcertifikatordningen og justering af reglerne om årsløn m.v.).",Om nedlæggelse af arbejdsmiljøcertifikatordningen og justering af reglerne om årsløn m.v.
10217,266199,,1,2025-05-15 00:00:00,17,101956,3,L 168 A,"Forslag til lov om ændring af lov om fremme af vedvarende energi. (Mulighed for forbehold af særskilt ret over solcelleanlæg på erhvervsbygninger m.v.).

",Om mulighed for forbehold af særskilt ret over solcelleanlæg på erhvervsbygninger m.v.
10218,266203,,1,2025-05-15 00:00:00,17,101957,3,L 168 B,"Forslag til lov om ændring af lov om fremme af vedvarende energi, lov om miljøvurdering af planer og programmer og af konkrete projekter (VVM), lov om offentlige veje m.v. og jernbaneloven. (Ændring af tilladelsesprocessen og VVM-kompetencen for elproducerende anlæg på havet, forkortelse af minimumsfrister for høring over miljøkonsekvensrapporter m.v.).

",Om optimering og præcisering af processen for tilladelser til opsætning af vedvarende energi m.v.
10219,262679,,1,2025-05-15 00:00:00,17,100875,3,L 134,Forslag til lov om ændring af sundhedsloven. (Indførelse af en ny forsøgsordning med medicintilskud på baggrund af en forhandlet fortrolig pris). ,Om indførelse af en ny forsøgsordning med medicintilskud på baggrund af en forhandlet fortrolig pris.
10220,263250,,1,2025-05-15 00:00:00,17,101040,3,L 157,Forslag til lov om ændring af sundhedsloven. (Udvidelse af ordning om tilskud til tandpleje for udvalgte patientgrupper).,Om udvidelse af ordning om tilskud til tandpleje for udvalgte patientgrupper.
10234,262666,,1,2025-05-20 00:00:00,17,100874,3,L 133,"Forslag til lov om ændring af lov om beskyttelse af havmiljøet, lov om miljøvurdering af planer og programmer og af konkrete projekter (VVM) og lov om udbyttedeling ved anvendelse af genetiske ressourcer. (Implementering af aftale inden for rammerne af FN’s havretskonvention om bevarelse og bæredygtig udnyttelse af havets biologiske mangfoldighed i områder uden for national jurisdiktion (BBNJ-aftalen)).",Om bevarelse og bæredygtig udnyttelse af havets biologiske mangfoldighed i områder uden for national jurisdiktion (BBNJ-aftalen).
10235,263423,,1,2025-05-20 00:00:00,17,101055,3,L 159,Forslag til lov om ændring af lov om beskyttelse af havmiljøet og lov om maritim fysisk planlægning. (Etablering af Havnaturfonden og mulighed for midlertidig dispensation fra havplanen m.v.).,Om etablering af Havnaturfonden og mulighed for midlertidig dispensation fra havplanen m.v.
10237,263343,,1,2025-05-20 00:00:00,17,101048,3,L 145,Forslag til lov om ændring af lov om udbygning af Fynske Motorvej syd om Odense. (Godkendelse af den nye miljøkonsekvensvurdering af projektet og opdatering af lovens bestemmelser).,Om godkendelse af den nye miljøkonsekvensvurdering af projektet med udbygning af Fynske Motorvej syd om Odense m.v.
10238,263356,,1,2025-05-20 00:00:00,17,101049,3,L 146,Forslag til lov om ændring af færdselsloven. (Revision af forsøgsordninger for selvkørende motorkøretøjer og selvkørende enheder og obligatorisk digital selvbetjening ved indberetning af sikkerhedsrådgivere).,Om revision af forsøgsordninger for selvkørende motorkøretøjer m.v.
10240,263289,,1,2025-05-20 00:00:00,17,101043,3,L 152,"Forslag til lov om ændring af SU-loven. (Minimumskrav til dokumentation m.v. ved ansøgning om SU-handicaptillæg, anvendelse af kunstig intelligens til understøttelse af sagsbehandling m.v.).",Om minimumskrav til dokumentation ved ansøgning om SU-handicaptillæg og anvendelse af kunstig intelligens til understøttelse af sagsbehandling m.v.
10242,263302,,1,2025-05-20 00:00:00,17,101044,3,L 144,Forslag til lov om offentligt ansattes ytringsfrihed. ,Om offentligt ansattes ytringsfrihed.
10243,263395,,1,2025-05-20 00:00:00,17,101052,3,L 147,"Forslag til lov om ændring af lov om markedsføring, lov om forbrugeraftaler og forbrugerklageloven. (Gennemførelse af direktiv om styrkelse af forbrugernes rolle i den grønne omstilling og effektivisering af det offentlige forbrugerklagesystem).",Om gennemførelse af direktiv om styrkelse af forbrugernes rolle i den grønne omstilling og effektivisering af det offentlige forbrugerklagesystem.
10253,264713,,1,2025-05-22 00:00:00,17,101412,3,L 175,"Forslag til lov om ændring af lov om trossamfund uden for folkekirken. (Ny anerkendelsesbetingelse om religiøse forkyndere på den nationale sanktionsliste, skærpet oplysningspligt om udenlandsk finansiering af forkyndere, mulighed for pålæg om brug af ekstern revisor, prøve i dansk familieret, frihed og folkestyre for vielsesforrettere og præcisering af krav til anerkendte trossamfund og menigheder m.v.).",Om forskellige ændringer i lov om trossamfund uden for folkekirken.
10254,264623,,1,2025-05-22 00:00:00,17,101404,3,L 177,"Forslag til lov om ændring af ejendomsskatteloven, ejendomsvurderingsloven og forskellige andre love. (Alternativer til anvendelse af ejendomsværdier til beskatningsformål for landbrugs- og skovejendomme samt erhvervsejendomme, grundskyld og dækningsafgift i visse udstykningstilfælde m.v.).",Om alternativer til anvendelse af ejendomsværdier til beskatningsformål for landbrugs- og skovejendomme m.v.
10255,266373,,1,2025-05-22 00:00:00,17,102023,3,L 178 A,"Forslag til lov om ændring af ligningsloven, boafgiftsloven og forskellige andre love. (Udmøntning af skatteinitiativerne i regeringens landdistriktsudspil og regeringens udspil om familier i alle regnbuens farver m.v.).",Om udmøntning af skatteinitiativerne i regeringens landdistriktsudspil og regeringens udspil om familier i alle regnbuens farver m.v.
10256,266377,,1,2025-05-22 00:00:00,17,102024,3,L 178 B,Forslag til lov om ændring af ligningsloven og lov om aktiv socialpolitik. (Skattefritagelse af kulturpas og bortseelse fra kulturpas i formueopgørelsen ved kontanthjælpsberegning).,Om skattefritagelse af kulturpas og bortseelse fra kulturpas i formueopgørelsen ved.
10257,263369,,1,2025-05-22 00:00:00,17,101050,3,L 161,Forslag til lov om ændring af lov om radio- og fjernsynsvirksomhed m.v. (Ændring af udpegningsmodel for DR’s bestyrelse).,Om ændring af udpegningsmodel for DR´s bestyrelse.
10258,263449,,1,2025-05-22 00:00:00,17,101057,3,L 149,"Forslag til lov om ændring af lov om social pension, lov om arbejdsskadesikring og lov om afgift af bidraget til Arbejdsmarkedets Erhvervssikring og af arbejdsulykkeserstatninger m.v. (Regulering af folkepensionsalderen og ændring af revisionsbestemmelse m.v.).",Om regulering af folkepensionsalderen og ændring af revisionsbestemmelse m.v.
10259,264649,,1,2025-05-22 00:00:00,17,101406,3,L 187,Forslag til lov om ændring af lov om ændring af adoptionsloven. (Udskydelse af solnedgangsklausul).,Om udskydelse af solnedgangsklausulen i adoptionsloven.
10264,264193,,1,2025-05-27 00:00:00,17,101246,3,L 166,"Forslag til lov om ændring af lattergasloven og lov om produkter og markedsovervågning. (Nye kontrolbestemmelser om påbud om fjernelse af indhold på sociale medier, blokering af onlinegrænseflader og anvendelse af fiktive profiler).",Om mere effektiv bekæmpelse af ulovlig markedsføring af lattergas m.v. 
10265,264597,,1,2025-05-27 00:00:00,17,101402,3,L 173,Forslag til lov om nemkonto.,Om nemkonto.
10266,263276,,1,2025-05-27 00:00:00,17,101042,3,L 148,"Forslag til lov om ændring af lov om fremme af effektiv energianvendelse og drivhusgasreduktion, lov om fjernkøling, lov om varmeforsyning og forskellige andre love. (Implementering af dele af det omarbejdede energieffektivitetsdirektiv, herunder indsamling af oplysninger om det offentliges energiforbrug og renoveringer af offentlige bygninger, energieffektivitetskrav i offentlige udbud, energieffektivitetskrav på varme- og køleområdet m.v.).","Om det offentliges energiforbrug og renoveringer af offentlige bygninger, energieffektivitetskrav i offentlige udbud, energieffektivitetskrav på varme- og køleområdet m.v."
10267,264698,,1,2025-05-27 00:00:00,17,101410,3,L 184,"Forslag til lov om ændring af straffeloven, retsplejeloven og lov om Offerfonden. (Styrket indsats mod seksuelt krænkende materiale m.v.). ",Om styrket indsats mod seksuelt krænkende materiale m.v.
10268,263436,,1,2025-05-27 00:00:00,17,101056,3,L 158,Forslag til lov om ændring af lov om miljøbeskyttelse. (Præcisering af anvendelsesområde for udvidet producentansvar for elektrisk og elektronisk udstyr).,Om præcisering af anvendelsesområde for udvidet producentansvar for elektrisk og elektronisk udstyr.
10269,264685,,1,2025-05-27 00:00:00,17,101409,3,L 181,Forslag til lov om ændring af lov om autorisation af sundhedspersoner og om sundhedsfaglig virksomhed og forskellige andre love og om ophævelse af lov om psykologer m.v. (Sundhedsfaglig autorisation af psykologer). ,Om sundhedsfaglig autorisation af psykologer.
10270,264754,,1,2025-05-27 00:00:00,17,101416,3,L 174,"Forslag til lov om ændring af lov om social pension og lov om højeste, mellemste, forhøjet almindelig og almindelig førtidspension m.v. (Forhøjelse af mediecheck). ",Om forhøjelse af mediecheck.
10271,264767,,1,2025-05-27 00:00:00,17,101417,3,L 172,"Forslag til lov om ændring af universitetsloven, lov om akkreditering af videregående uddannelsesinstitutioner og forskellige andre love. (Kandidatuddannelse på 75 ECTS-point, nye erhvervskandidatuddannelser og andre elementer fra aftale om reform af universitetsuddannelserne i Danmark m.v.).",Om kandidatuddannelser på 75 ECTS-point og andre elementer fra aftale om reform af universitetsuddannelserne i Danmark m.v.
10290,264780,,1,2025-06-03 00:00:00,17,101418,3,L 176,Forslag til lov om udbygning af rute 9 ved Nørreballe og etablering af tunnel under Marselis Boulevard i Aarhus.,Om udbygning af rute 9 ved Nørreballe og etablering af tunnel under Marselis Boulevard i Aarhus.
10291,265158,,1,2025-06-03 00:00:00,17,101585,3,L 190,Forslag til lov om ændring af lov om arbejdsmiljø. (Ophævelse af Arbejdstilsynets særlige tavshedspligt ved samtykke).,Om ophævelse af Arbejdstilsynets særlige tavshedspligt ved samtykke.
10292,263382,,1,2025-06-03 00:00:00,17,101051,3,L 160,"Forslag til lov om ændring af lov om naturbeskyttelse, miljømålsloven, lov om skove og forskellige andre love. (Bemyndigelse til at vedtage supplerende regler om biodiversitet med henblik på gennemførelse af naturgenopretningsforordningen, ændrede tidsfrister for Natura 2000-planlægningen, bedre muligheder for anlæg og byggeri til friluftsliv i fredskov m.v.).",Om biodiversitet og -byggeri til friluftsliv i fredskov m.v.
10293,264741,,1,2025-06-03 00:00:00,17,101415,3,L 183,"Forslag til lov om ændring af lov om miljøbeskyttelse, lov om vandforsyning m.v., lov om betalingsregler for spildevandsforsyningsselskaber m.v. og vandsektorloven. (Spildevandsforsyningsselskabernes håndtering af terrænnært grundvand ved grundvandssænkende foranstaltninger og takstfinansiering heraf og ændrede regler om tilladelse til bortledning eller anden sænkning af grundvand). ",Om spildevandsforsyningsselskabernes håndtering af terrænnært grundvand ved grundvandssænkende foranstaltninger m.v.
10318,264726,,1,2025-06-04 00:00:00,17,101413,3,L 185,Forslag til lov om ændring af lov om forbrugeraftaler og lov om forsikringsaftaler. (Øget forbrugerbeskyttelse ved fjernsalg af finansielle tjenesteydelser). ,Om øget forbrugerbeskyttelse ved fjernsalg af finansielle tjenesteydelser. 
10319,264806,,1,2025-06-04 00:00:00,17,101421,3,L 179,"Forslag til lov om ændring af udlændingeloven, repatrieringsloven og lov om fuldbyrdelse af straf m.v. (Skærpelse af bortfaldsregler for udlændinge med asyl, herunder regler om tilbagebetaling af udbetalt hjælp til repatriering, og udvidelse af adgangen til straksudsendelse). ",Om skærpelse af bortfaldsregler for udlændinge med asyl m.v.
10320,264793,,1,2025-06-04 00:00:00,17,101419,3,L 180,Forslag til lov om ændring af udlændingeloven og forskellige andre love. (Skærpelse af udvisningsreglerne samt indarbejdelse af reglerne om udvisning af udlændinge omfattet af EU-reglerne m.v.). ,Om skærpelse af udvisningsreglerne samt indarbejdelse af reglerne om udvisning af udlændinge omfattet af EU-reglerne m.v.
10321,265145,,1,2025-06-04 00:00:00,17,101584,3,L 196,"Forslag til lov om ændring af udlændingeloven, integrationsloven og danskuddannelsesloven. (Ændring af regler om bevarelse af opholdstilladelse som følge af partnervold m.v., undtagelse af statsudsendte og deres medfølgende familie fra bortfaldsreglerne, kodificering af EU-retspraksis på familiesammenføringsområdet, gennemførelse af EES-forordningen om gradvis idriftsættelse af ind- og udrejsesystemet og API-forordningen om indsamling og overførsel af forhåndsoplysninger om passagerer m.v.).",Om ændring af regler om bevarelse af opholdstilladelse som følge af partnervold m.v.
10324,265492,,1,2025-06-11 00:00:00,17,101688,3,L 210,"Forslag til lov om ændring af lov om fastsættelse af udgiftslofter for stat, kommuner og regioner for finansåret 2025, lov om fastsættelse af udgiftslofter for stat, kommuner og regioner for finansåret 2026, lov om fastsættelse af udgiftslofter for stat, kommuner og regioner for finansåret 2027 og lov om fastsættelse af udgiftslofter for stat, kommuner og regioner for finansåret 2028. (Konsekvenser af »Aftale om styrkelse af Forsvarets kampkraft« af februar 2025 m.v.).",Om konsekvenser af »Aftale om styrkelse af Forsvarets kampkraft« af 22. februar 2025 m.v.
10325,265184,,1,2025-06-11 00:00:00,17,101587,3,L 192,"Forslag til lov om ændring af lov om Det Centrale Virksomhedsregister, selskabsloven og forskellige andre love. (Begrænsning af adgangen til oplysninger om reelle ejere som følge af 6. hvidvaskdirektiv).",Om begrænsning af adgangen til oplysninger om reelle ejere som følge af 6. hvidvaskdirektiv.
10326,266805,,1,2025-06-11 00:00:00,17,102230,3,L 193 A,"Forslag til lov om ændring af lov om forsikringsvirksomhed, lov om betalinger, lov om etablering af statsgaranti på en del af ejendomskreditaftalerne i landdistrikterne og forskellige andre love. (Tværgående pensionskassers og forsikringsselskabers adgang til at eje og drive skov, vilkår for adgang til betalingssystemer for udbydere af betalingstjenester og etablering af statsgaranti på en del af ejendomskreditaftalerne i landdistrikterne m.v.).",Om tværgående pensionskassers og forsikringsselskabers adgang til at eje og drive skov m.v.
10327,266809,,1,2025-06-11 00:00:00,17,102229,3,L 193 B,"Forslag til lov om ændring af lov om finansiel virksomhed, lov om forvaltere af alternative investeringsfonde m.v., lov om investeringsforeninger m.v., hvidvaskloven og forskellige andre love. (Håndtering af kryptoeksponeringer, udarbejdelse af ESG-omstillingsplaner, nye dokumentationskrav for institutternes ledelsesstruktur, ansvarsfordeling og rapporteringslinjer, tydeligere regler for tilladelse til kreditinstitutter fra lande uden for EU/EØS (tredjelande), ny tilsynsbeføjelse til Finanstilsynet om godkendelse af væsentlige erhvervelser af kapitalandele i andre selskaber, strafbelæggelse af disclosureforordningen, modernisering af reglerne i FAIF-UCITS II-direktivet, styrkelse af reglerne om bekæmpelsen af national og international hvidvask og oprettelse af et fælleseuropæisk adgangspunkt (ESAP) til indsendelse af en række offentliggjorte oplysninger m.v.).","Om institutters håndtering af kryptoeksponeringer, udarbejdelse af ESG-omstillingsplaner m.v."
10330,265445,,1,2025-06-11 00:00:00,17,101681,3,L 201,"Forslag til lov om ændring af lov om social service og barnets lov. (Ændring af betegnelsen merudgiftsydelse til kompensationsydelse og indførelse af et ensartet og forenklet udmålingssystem for kompensationsydelse til børn, unge og voksne).","Om indførelse af et ensartet og forenklet udmålingssystem for kompensationsydelse til børn, unge og voksne m.v."
10331,265419,,1,2025-06-11 00:00:00,17,101679,3,L 202,Forslag til lov om ændring af lov om social service og lov om almene boliger m.v. (Indførelse af beløbsgrænse på 10 pct. for alternative tilbud og almene plejeboliger ved benyttelse af ret til frit valg for personer med betydelig og varigt nedsat fysisk eller psykisk funktionsevne).,Om indførelse af beløbsgrænse på 10 pct. for alternative tilbud og almene plejeboliger ved benyttelse af ret til frit valg.
10332,265432,,1,2025-06-11 00:00:00,17,101680,3,L 203,"Forslag til lov om ændring af lov om social service. (Mulighed for opsigelse af en efterlevende ægtefælle, samlever eller registreret partner fra et længerevarende botilbud).","Om mulighed for opsigelse af en efterlevende ægtefælle, samlever eller registreret partner fra et længerevarende botilbud."
10333,265691,,1,2025-06-11 00:00:00,17,101705,3,L 209,"Forslag til lov om ændring af færdselsloven, lov om offentlige veje m.v., lov om private fællesveje og jernbaneloven. (Opgavebortfald og forenkling af sagsgange ved vejmyndighedernes dispositioner over veje og hjemmel til undtagelse fra kravet om miljøkonsekvensvurdering for vej- og jernbaneprojekter til forsvarsformål og civile beredskabsformål).",Om opgavebortfald og forenkling af sagsgange ved vejmyndighedernes dispositioner over veje m.v.
10334,265652,,1,2025-06-11 00:00:00,17,101702,3,L 207,Forslag til lov om ændring af barselsloven. (Bedre barselsvilkår til forældre med indlagte nyfødte børn og udvidet ret til dagpenge under sorgorlov).,Om bedre barselsvilkår til forældre med indlagte nyfødte børn og udvidet ret til dagpenge under sorgorlov.
10335,265665,,1,2025-06-11 00:00:00,17,101703,3,L 208,Forslag til lov om ændring af lov om aktiv socialpolitik. (Ligestilling af adopterede fra udlandet med personer født her i riget i forhold til opholds- og beskæftigelseskravene).,Om ligestilling af adopterede fra udlandet med personer født her i riget i forhold til opholds- og beskæftigelseskravene.
10336,264672,,1,2025-06-11 00:00:00,17,101408,3,L 182,"Forslag til lov om ændring af sundhedsloven, lov om apoteksvirksomhed og lov om videnskabsetisk behandling af sundhedsvidenskabelige forskningsprojekter og sundhedsdatavidenskabelige forskningsprojekter. (Opfølgning på vision for strategisk samarbejde for bedre brug af sundhedsdata, videregivelse af oplysninger om demensdiagnoser, styrket beskyttelse af medarbejdere i sundhedsvæsenet i sager om aktindsigt m.v.).","Om opfølgning på vision for strategisk samarbejde for bedre brug af sundhedsdata, videregivelse af oplysninger om demensdiagnoser m.v."
10337,265505,,1,2025-06-11 00:00:00,17,101689,3,L 212,"Forslag til lov om ændring af sundhedsloven. (National fordeling og styring af lægekapaciteter i det almenmedicinske tilbud, begrænsning i antal ydernumre ejet af én læge og flere og nye klinikformer i det almenmedicinske tilbud m.v.).",Om national fordeling og styring af lægekapaciteter i det almenmedicinske tilbud og begrænsning af antal ydernumre ejet af en læge m.v.
10338,265518,,1,2025-06-11 00:00:00,17,101690,3,L 213,Forslag til lov om overgangen til en ny sundhedsstruktur (overgangsloven).,Om overgangen til en ny sundhedsstruktur.
10339,265531,,1,2025-06-11 00:00:00,17,101691,3,L 214,"Forslag til lov om ændring af lov om regioner og om nedlæggelse af amtskommunerne, Hovedstadens Udviklingsråd og Hovedstadens Sygehusfællesskab (regionsloven) og forskellige andre love. (Ny regional forvaltningsmodel med sundhedsråd, afskaffelse af kontaktudvalg, sundhedsklynger, sundhedssamarbejdsudvalg, sundhedsaftaler i deres nuværende form, praksisplaner, kommunal medfinansiering på sundhedsområdet og nærhedsfinansiering samt konsekvensændringer i flere love som følge af sammenlægningen af Region Hovedstaden og Region Sjælland m.v.).","Om ny regional forvaltningsmodel med sundhedsråd, afskaffelse af kontaktudvalg m.v."
10340,265544,,1,2025-06-11 00:00:00,17,101692,3,L 215,Forslag til lov om ændring af lov om kommunal udligning og generelle tilskud til kommuner og lov om kommunal indkomstskat og statens afregning af grundskyld og dækningsafgift til kommunerne. (Ændring af selvbudgetteringsordningen og indførelse af øtilskud til Fanø Kommune).,Om ændring af selvbudgetteringsordningen og indførelse af øtilskud til Fanø Kommune.
10341,265557,,1,2025-06-11 00:00:00,17,101693,3,L 216,Forslag til lov om ændring af partiregnskabsloven og partistøtteloven. (Forbud mod udenlandske donationer til politiske partier og kandidater).,Om forbud mod udenlandske donationer til politiske partier og kandidater.
10342,263839,,1,2025-06-11 00:00:00,17,101139,3,L 163,Forslag til lov om fratagelse af dansk indfødsret for Fasar Abrar Raja.,Om fratagelse af dansk indfødsret for Fasar Abrar Raja.
10343,265678,,1,2025-06-11 00:00:00,17,101704,3,L 217,Forslag til lov om indfødsrets meddelelse.,Om indfødsrets meddelelse.
10344,264849,,1,2025-06-11 00:00:00,17,101444,3,L 186,"Forslag til lov om ændring af lov om euforiserende stoffer. (Skærpet indsats mod narkotikakriminalitet, herunder opioider).","Om skærpet indsats mod narkotikakriminalitet, herunder opioider."
10346,266629,,1,2025-06-11 00:00:00,17,102151,3,L 198 A,"Forslag til lov om ændring af lov om fuldbyrdelse af straf m.v., lov om samarbejde med Finland, Island, Norge og Sverige angående fuldbyrdelse af straf m.v. og lov om erstatning fra staten til ofre for forbrydelser. (Etablering af særlige afdelinger for terrordømte m.v., styrkelse af kriminalforsorgens indsats over for radikalisering og ekstremisme m.v. og tiltag på offererstatningsområdet med henblik på at lette sagsbehandlingen af offererstatningssager m.v.).","Om etablering af særlige afdelinger for terrordømte, styrkelse af indsats over for radikalisering og ekstremisme m.v."
10347,266633,,1,2025-06-11 00:00:00,17,102152,3,L 198 B,Forslag til lov om ændring af lov om fuldbyrdelse af straf m.v. (Fuldbyrdelse af bødekrav over for skyldnere med fast bopæl eller hjemsted i udlandet).,Om fuldbyrdelse af bødekrav over for skyldnere med fast bopæl eller hjemsted i udlandet.
10348,266824,,1,2025-06-11 00:00:00,17,102232,3,L 199 A,"Forslag til lov om ændring af værgemålsloven. (Initiativer med henblik på at nedbringe sagsbehandlingstiderne hos Familieretshuset i værgemålssager, fastsættelse af øvre grænse for antal værgemål m.v.).",Om initiativer med henblik på at nedbringe sagsbehandlingstiderne hos Familieretshuset i værgemålssager m.v.
10349,266829,,1,2025-06-11 00:00:00,17,102231,3,L 199 B,Forslag til lov om ændring af værgemålsloven og lov om social service. (Ny attestordning for varetagelse af personlige anliggender m.v.).,Om ny attestordning for varetagelse af personlige anliggender m.v.
10350,265570,,1,2025-06-11 00:00:00,17,101694,3,L 204,"Forslag til lov om ændring af retsplejeloven og forskellige andre love. (Kreditorforfølgning i pensionsordninger for konfiskationskrav og erstatningskrav m.v. som følge af visse strafbare handlinger, der har medført et udbytte).","Om kreditorforfølgning i pensionsordninger som følge af visse strafbare handlinger, der har medført et udbytte m.v."
10351,265596,,1,2025-06-11 00:00:00,17,101696,3,L 205,Forslag til lov om ændring af straffeloven. (Restriktive foranstaltninger).,Om ændring af straffelovens regler om restriktive foranstaltninger.
10352,266900,,1,2025-06-11 00:00:00,17,102265,3,L 219 A,Forslag til lov om ændring af lov om pas til danske statsborgere m.v. (Politiets fysiske inddragelse af pas).,Om politiets fysiske inddragelse af pas.
10356,265896,,1,2025-06-11 00:00:00,17,101806,3,L 221,"Forslag til lov om ændring af værnepligtsloven, lov om forsvarets personel og forskellige andre love. (Fuld ligestilling mellem kvinder og mænd i relation til værnepligt, indførelse af mulighed for værnepligtige befalingsmænd og fritagelse for at møde til Forsvarets Dag under helt særlige forhold m.v.).",Om fuld ligestilling mellem kvinder og mænd i relation til værnepligt og indførelse af mulighed for værnepligtige befalingsmænd m.v.
10358,264610,,1,2025-06-11 00:00:00,17,101403,3,L 188,Forslag til lov om forsvarssamarbejde mellem Danmark og Amerikas Forenede Stater m.v.,Om forsvarssamarbejde mellem Danmark og Amerikas Forenede Stater m.v.
10359,264423,,1,2025-06-11 00:00:00,17,101318,3,L 170,"Forslag til lov om godkendelse og syn af køretøjer.
",Om godkendelse og syn af køretøjer.
10383,268538,,1,2025-11-27 00:00:00,17,103148,3,L 22,"Forslag til lov om ændring af lov om en børne- og ungeydelse, ligningsloven og forskellige andre love. (Ændring af udbetalingsreglerne for børne- og ungeydelsen og delvis skattefritagelse af indtægt fra salg af sociale aviser m.v.).",Om ændring af udbetalingsreglerne for børne- og ungeydelsen og delvis skattefritagelse af indtægt fra salg af sociale aviser m.v.
10384,268616,,1,2025-11-27 00:00:00,17,103154,3,L 23,"Forslag til lov om ændring af minimumsbeskatningsloven, skattekontrolloven og lov om gensidig bistand ved inddrivelse af fordringer i forbindelse med skatter, afgifter og andre foranstaltninger samt administrativt samarbejde på beskatningsområdet. (Indførelse af standardskema til indberetning af oplysninger om ekstraskat, indførelse af indenlandsk ekstraskat på statsløse enheder og opdatering af bestemmelser om udveksling af oplysninger om ekstraskat og finansielle konti m.v.).",Om indførelse af standardskema til indberetning af oplysninger om ekstraskat m.v.
10385,268395,,1,2025-11-27 00:00:00,17,103137,3,L 32,"Forslag til lov om ændring af lov om Arbejdsgivernes Uddannelsesbidrag og ligningsloven. (Ændring af lønbegreb, afgørelser uden forudgående partshøring, omlægning af refusion og tilskud vedrørende oplæring i udlandet, justering af bidrag for 2026 og fastsættelse af modelparametre for 2026 m.v.).","Om ændring af lønbegreb i lov om Arbejdsgivernes Uddannelsesbidrag, justering af bidrag for 2026 m.v."
10386,268434,,1,2025-11-27 00:00:00,17,103140,3,L 33,Forslag til lov om ændring af lov om erhvervsuddannelser. (Prioritering af behandling af sager om seksuel chikane for Tvistighedsnævnet).,Om prioritering af behandling af sager om seksuel chikane for Tvistighedsnævnet.
10387,270580,,1,2025-11-27 00:00:00,17,103800,3,L 34 A,Forslag til lov om ændring af lov om de gymnasiale uddannelser. (Hf som trædesten til erhvervsuddannelse og genindførelse af forhåndstilkendegivelse af ønsket studieretning).,Om hf som trædesten til erhvervsuddannelse og genindførelse af forhåndstilkendegivelse af ønsket studieretning.
10388,270584,,1,2025-11-27 00:00:00,17,103801,3,L 34 B,Forslag til lov om ændring af lov om folkeskolen. (Justering af kommunalbestyrelsens forsyningspligt vedrørende 10. klasse).,Om justering af kommunalbestyrelsens forsyningspligt vedrørende 10. klasse.
10391,268473,,1,2025-12-02 00:00:00,17,103143,3,L 13,"Forslag til lov om ændring af årsregnskabsloven, lov om finansiel virksomhed, lov om forsikringsvirksomhed og lov om fondsmæglerselskaber og investeringsservice og -aktiviteter. (Udskydelse af virksomheders pligt til rapportering om bæredygtighed og afregistrering af revisorer eller uafhængige erklæringsudbydere vedrørende bæredygtighedsrapportering).",Om udskydelse af virksomheders pligt til rapportering om bæredygtighed m.v.
10392,268408,,1,2025-12-02 00:00:00,17,103138,3,L 14,Forslag til lov om ændring af lov om sikkerhed for gasanlæg og gasinstallationer (gassikkerhedsloven). (Udvidelse af lovens anvendelsesområde og indførelse af regler om godkendelse af tredjeparter).,Om udvidelse af gassikkerhedslovens anvendelsesområde og indførelse af regler om godkendelse af tredjeparter.
10395,268486,,1,2025-12-04 00:00:00,17,103144,3,L 12,"Forslag til lov om ændring af lov om kapitalmarkeder, lov om finansiel virksomhed, lov om investeringsforeninger m.v. og forskellige andre love. (Ophævelse af national prospektgrænse, delvis ophævelse af forbud mod aktieklasser i finansielle virksomheder, forsikringsselskaber og fondsmæglerselskaber, ændring af offentliggørelseskrav ved optagelse til handel på en multilateral handelsfacilitet, styrkelse af Finanstilsynets uafhængighed m.v.).","Om ophævelse af national prospektgrænse i finansielle virksomheder, styrkelse af Finanstilsynets uafhængighed m.v."
10397,268146,,1,2025-12-04 00:00:00,17,103117,3,L 7,Forslag til lov om ændring af lov om fremme af vedvarende energi. (Statens afholdelse af Energinets forundersøgelsesomkostninger vedrørende arealer til havvindmølleparker).,Om statens afholdelse af Energinets forundersøgelsesomkostninger vedrørende arealer til havvindmølleparker.
10399,268525,,1,2025-12-04 00:00:00,17,103147,3,L 30,"Forslag til lov om ændring af lov om Arbejdsmarkedets Tillægspension, lov om arbejdsskadesikring og lov om Lønmodtagernes Dyrtidsfond. (Indførelse af en statslig finansieringsgaranti, bortfald af aktuarberetningen, skærpede krav til it- og cybersikkerhed for ATP og LD Fonde, ny takststruktur på arbejdsskadeområdet m.v.).
","Om ATP og statslig finansieringsgaranti, bortfald af aktuarberetningen, skærpede krav til it- og cybersikkerhed m.v."
10400,270815,,1,2025-12-04 00:00:00,17,103913,3,L 31 A,"Forslag til lov om ændring af lov om arbejdsmiljø. (Tydeliggørelse af Sikkerhedsstyrelsens tilsyn med autorisationsordningen på asbestområdet m.v.).
",Om Sikkerhedsstyrelsens tilsyn med autorisationsordningen på asbestområdet m.v.
10402,268094,,1,2025-12-04 00:00:00,17,103113,3,L 5,"Forslag til lov om ændring af udlændingeloven, lov om Det Centrale Personregister og forskellige andre love. (Afskæring af offentlige tilbud m.v. til udlændinge, som opholder sig ulovligt i Danmark).","Om afskæring af offentlige tilbud m.v. til udlændinge, som opholder sig ulovligt i Danmark."
10403,268185,,1,2025-12-04 00:00:00,17,103120,3,L 40,Forslag til lov om ændring af ældreloven. (Videreførelse af ordning om plejevederlag ved pasning af døende på Færøerne og i Grønland).,Om videreførelse af ordning om plejevederlag ved pasning af døende på Færøerne og i Grønland.
10404,268133,,1,2025-12-04 00:00:00,17,103116,3,L 39,"Forslag til lov om ændring af lov om leje, lov om leje af almene boliger, lov om ejerlejligheder og lov om andelsboligforeninger og andre boligfællesskaber. (Ret til etablering af ladepunkt til elektrisk køretøj).",Om ret til etablering af ladepunkt til elektrisk køretøj.
10409,268250,,1,2025-12-09 00:00:00,17,103125,3,L 9,Forslag til lov om ophævelse af 37 love på Transportministeriets område.,Om ophævelse af 37 love på Transportministeriets område.
10410,268302,,1,2025-12-09 00:00:00,17,103129,3,L 10,Forslag til lov om anlæg af ny midtjysk motorvej (strækningerne mellem Klode Mølle og Løvel vest om Viborg og mellem Give og Billund Vest).,Om anlæg af ny midtjysk motorvej.
10415,268019,,1,2025-12-11 00:00:00,17,103080,3,L 1,Forslag til finanslov for finansåret 2026. ,Om finanslov for finansåret 2026.
10416,268032,,1,2025-12-11 00:00:00,17,103081,3,L 2,"Forslag til lov om ændring af lov om fastsættelse af udgiftslofter for stat, kommuner og regioner for finansåret 2025, lov om fastsættelse af udgiftslofter for stat, kommuner og regioner for finansåret 2026, lov om fastsættelse af udgiftslofter for stat, kommuner og regioner for finansåret 2027 og lov om fastsættelse af udgiftslofter for stat, kommuner og regioner for finansåret 2028. (Konsekvenser af regeringens forslag til finanslov for 2026 m.v.).",Om konsekvenser af regeringens forslag til finanslov for 2026 m.v.
10417,268045,,1,2025-12-11 00:00:00,17,103082,3,L 3,"Forslag til lov om fastsættelse af udgiftslofter for stat, kommuner og regioner for finansåret 2029.","Om fastsættelse af udgiftslofter for stat, kommuner og regioner for finansåret 2029."
10418,268577,,1,2025-12-11 00:00:00,17,103151,3,L 27,"Forslag til lov om ændring af lov om social pension og forskellige andre love. (Ophør af udbetaling af forsørgelsesydelser til anbringelses- og behandlingsdømte).
","Om ophør af udbetaling af forsørgelsesydelser til anbringelses- og behandlingsdømte.
"
10419,268564,,1,2025-12-11 00:00:00,17,103150,3,L 28,"Forslag til lov om ændring af lov om en skattefri seniorpræmie, lov om social pension og forskellige andre love. (Forhøjelse af den skattefri seniorpræmie m.v.).
",Om forhøjelse af den skattefri seniorpræmie m.v.
10420,268081,,1,2025-12-11 00:00:00,17,103112,3,L 16,Forslag til lov om supplerende bestemmelser til forordningen om harmoniserede regler om fair adgang til og anvendelse af data (datadelingsloven).,Om supplerende bestemmelser til forordningen om harmoniserede regler om fair adgang til og anvendelse af data.
10421,268224,,1,2025-12-11 00:00:00,17,103123,3,L 17,Forslag til lov om ændring af lov om erhvervsakademiuddannelser og professionsbacheloruddannelser og lov om akkreditering af videregående uddannelsesinstitutioner. (Nye praksisrettede professionsmasteruddannelser og andre elementer fra aftale om reform af professionsbachelor- og erhvervsakademiuddannelser i Danmark m.v.).,Om delvis udmøntning af aftale om reform af professionsbachelor- og erhvervsakademiuddannelser i Danmark m.v.
10422,268198,,1,2025-12-11 00:00:00,17,103121,3,L 18,"Forslag til lov om ændring af lov om Danmarks Forsknings- og Innovationspolitiske Råd og Danmarks Frie Forskningsfond. (Begrænsning af visse ansøgninger til Danmarks Frie Forskningsfond, fondens samarbejde med andre offentlige og private bevillingsgivere og forlængelse af fondens strategiperiode).",Om forskellige ændringer for Danmarks Frie Forskningsfond.
10423,268354,,1,2025-12-11 00:00:00,17,103134,3,L 35,Forslag til lov om ændring af lov om folkeskolen og lov om biblioteksafgift. (Ændring af betegnelsen pædagogisk læringscenter til skolebibliotek og ophævelse af bemyndigelse).,Om ændring af betegnelsen pædagogisk læringscenter til skolebibliotek og ophævelse af bemyndigelse.
10424,268369,,1,2025-12-11 00:00:00,17,103135,3,L 36,Forslag til lov om ændring af lov om arbejdsmarkedsuddannelser m.v. (Indførelse af lovhjemmel til anvendelse af konsekvenspædagogiske redskaber på Træningsskolen).,Om indførelse af lovhjemmel til anvendelse af konsekvenspædagogiske redskaber på Træningsskolen.
10425,269126,,1,2025-12-11 00:00:00,17,103332,3,L 47,Forslag til lov om ændring af lov om luftfart. (De færøske myndigheders etapevise overtagelse af sagsområdet luftfart m.v.).,Om de færøske myndigheders etapevise overtagelse af sagsområdet luftfart m.v.
10426,269113,,1,2025-12-16 00:00:00,17,103331,3,L 46,Forslag til lov om ændring af lov om Det Økonomiske Råd og Det Miljøøkonomiske Råd. (Implementering af dele af direktiv om krav til medlemsstaternes budgetmæssige rammer vedrørende uafhængige finanspolitiske institutioner).,Om implementering af nye regler til medlemsstaternes budgetmæssige rammer vedrørende uafhængige finanspolitiske institutioner.
10427,268120,,1,2025-12-16 00:00:00,17,103115,3,L 41,Forslag til lov om ændring af lov om medicinsk udstyr. (Indberetning af lagerbeholdning og forbrug samt statsligt beredskab for medicinsk udstyr).,Om indberetning af lagerbeholdning og forbrug samt statsligt beredskab for medicinsk udstyr.
10428,268237,,1,2025-12-16 00:00:00,17,103124,3,L 43,Forslag til lov om Digital Sundhed Danmark.,Om Digital Sundhed Danmark.
10429,268211,,1,2025-12-16 00:00:00,17,103122,3,L 44,"Forslag til lov om ændring af sundhedsloven og forskellige andre love. (National planlægningskompetence for digitalisering og data i sundhedsvæsenet, nye regler for fælles digital infrastruktur, ændringer som følge af lov om Digital Sundhed Danmark og Statens Serum Instituts infrastrukturer, databaser m.v.).","Om national planlægningskompetence for digitalisering og data i sundhedsvæsenet, nye regler for fælles digital infrastruktur m.v."
10431,268603,,1,2025-12-16 00:00:00,17,103153,3,L 25,"Forslag til lov om ændring af lov om afgift af elektricitet og forskellige andre love. (Udvidelse af refusionsordningen ved opladning af elbiler, ændring af afgiftsfritagelse for biobrændstoffer i CO2-afgiftsloven, udvidelse af afgiftsfritagelsen for institutionsbusser, nedsættelse af den volumenbaserede emballageafgift i 2026 og 2027 m.v.).","Om udvidelse af refusionsordningen ved opladning af elbiler, nedsættelse af den volumenbaserede emballageafgift i 2026 og 2027 m.v."
10432,271097,,1,2025-12-16 00:00:00,17,70590,3,L 79 A,Forslag til lov om ændring af registreringsafgiftsloven. (Udskydelse af indfasningen af højere registreringsafgift for nulemissionskøretøjer).,Om udskydelse af indfasningen af højere registreringsafgift for nulemissionskøretøjer.
10433,271103,,1,2025-12-16 00:00:00,17,70591,3,L 79 B,"Forslag til lov om ændring af brændstofforbrugsafgiftsloven, lov om afgift af naturgas og bygas m.v. og forskellige andre love. (Fritagelse af nulemissionspersonbiler, der anvendes til erhvervsmæssig persontransport, for periodiske afgifter og udvidelse af procesformål til energi anvendt til CO2-fangst med henblik på geologisk lagring).","Om fritagelse af nulemissionspersonbiler, der anvendes til erhvervsmæssig persontransport m.v."
10505,269074,,1,2025-12-18 00:00:00,17,103328,3,L 51,"Forslag til lov om ændring af lov om elforsyning og lov om Energinet. (Kapacitetsmekanismer og mulighed for, at Energinet kan eje og drive et trykluftslager).","Om kapacitetsmekanismer og mulighed for, at Energinet kan eje og drive et trykluftslager."
10506,269087,,1,2025-12-18 00:00:00,17,103329,3,L 52,Forslag til lov om ændring af lov om elforsyning og elsikkerhedsloven. (Øget hastighed og styrkede borgerrettigheder i form af mulighed for tidligere overtagelse m.v. ved arealerhvervelse til det kollektive elnet).,Om arealerhvervelse til det kollektive elnet.
10507,269100,,1,2025-12-18 00:00:00,17,103330,3,L 53,Forslag til lov om ændring af lov om elforsyning. (Styrket forbrugerbeskyttelse og effektive sanktioner på detailmarkedet for elektricitet).,Om styrket forbrugerbeskyttelse og effektive sanktioner på detailmarkedet for elektricitet.
10508,269727,,1,2025-12-18 00:00:00,17,103489,3,L 61,Forslag til lov om ændring af lov om stedbestemt information. (Bemyndigelsesbestemmelse om fastsættelse af regler vedrørende EU’s naturbeskyttelsesdirektiver).,Om bemyndigelsesbestemmelse om fastsættelse af regler vedrørende EU’s naturbeskyttelsesdirektiver.
10509,268276,,1,2025-12-18 00:00:00,17,103127,3,L 8,"Forslag til lov om ændring af jernbaneloven og lov om DSB. (Fremtidens S-bane, støj fra jernbaneaktiviteter, ekspropriation m.v.).","Om fremtidens S-bane, støj fra jernbaneaktiviteter, ekspropriation m.v."
10510,269350,,1,2025-12-18 00:00:00,17,103410,3,L 56,"Forslag til lov om ændring af lov om rammerne for arealanvendelsen i Københavns Lufthavn, Kastrup. (Bemyndigelse til at fastsætte regler om overordnede rammer for støjudledning som følge af lufthavnens drift). ",Om overordnede rammer for støjudledning som følge af Københavns Lufthavns drift.
10511,269363,,1,2025-12-18 00:00:00,17,103411,3,L 57,"Forslag til lov om ændring af færdselsloven, lov om luftfart, postloven og forskellige andre love. (Styrket beredskab på transportområdet m.v. og præcisering af politiets adgang til at neutralisere droner m.v.).


",Om styrket beredskab på transportområdet m.v. og præcisering af politiets adgang til at neutralisere droner m.v.
10512,268289,,1,2025-12-18 00:00:00,17,103128,3,L 20,Forslag til lov om ændring af konkursloven. (Skærpede regler om udpegning af kurator og habilitet m.v.).,Om skærpede regler om udpegning af kurator og habilitet m.v.
10513,268315,,1,2025-12-18 00:00:00,17,103130,3,L 21,"Forslag til lov om ændring af retsplejeloven, konkursloven, lov om ægtefælleskifte m.v. og forskellige andre love. (Forhøjelse af antallet af dommere og digital behandling af straffesager og sager om forebyggende rekonstruktion, rekonstruktion, konkurs, gældssanering og ægtefælleskifte m.v.).",Om forhøjelse af antallet af dommere og digital behandling af straffesager og visse andre sager m.v.
10514,269569,,1,2025-12-18 00:00:00,17,103475,3,L 62,Forslag til lov om ændring af kriminallov for Grønland. (Forhøjelse af maksimum for tidsbestemt anstaltsanbringelse).,Om kriminallov for Grønland og forhøjelse af maksimum for tidsbestemt anstaltsanbringelse.
10515,268499,,1,2025-12-18 00:00:00,17,103145,3,L 38,Forslag til lov om ændring af lov om miljøbidrag og godtgørelse i forbindelse med ophugning og skrotning af biler. (Nedsættelse af miljøbidrag).,Om bilskrotordningen og nedsættelse af miljøbidrag.
10516,269701,,1,2025-12-18 00:00:00,17,103487,3,L 77,"Forslag til lov om ændring af lov om en aktiv beskæftigelsesindsats, lov om kommunal udligning og generelle tilskud til kommuner og lov om kommunernes finansiering af visse offentlige ydelser udbetalt af kommunerne, Udbetaling Danmark og arbejdsløshedskasserne. (Grænse for kommunernes udgifter til øvrig vejledning og opkvalificering m.v. samt til mentorstøtte i forhold til den kommunale budgetgaranti og indførelse af forældelsesregler i Ydelsesrefusion).",Om grænse for kommunernes udgifter til øvrig vejledning og opkvalificering samt mentorstøtte i den kommunale budgetgaranti m.v.
10517,269582,,1,2025-12-18 00:00:00,17,103476,3,L 74,"Forslag til lov om ændring af folkeoplysningsloven. (Lempelser af krav til underskrivelse af tilskudsregnskab, mellemkommunal refusion og fjernundervisning). ","Om folkeoplysningsloven og lempelse af krav til underskrivelse af tilskudsregnskab, mellemkommunal refusion og fjernundervisning."
10519,269310,,1,2025-12-18 00:00:00,17,103406,3,L 58,Forslag til lov om ændring af lov om internationalt udviklingssamarbejde. (Nedlæggelse af Udviklingspolitisk Råd og ny struktur for inddragelse af relevante danske aktører).,Om nedlæggelse af Udviklingspolitisk Råd og ny struktur for inddragelse af relevante danske aktører.
10520,269763,,1,2025-12-18 00:00:00,17,103493,3,L 69,Forslag til lov om ændring af lov om nordisk samarbejde. (Ændring af princip for valg af suppleanter).,Om ændring af princip for valg af suppleanter i lov om nordisk samarbejde.
10521,269740,,1,2025-12-18 00:00:00,17,103490,3,L 68,"Forslag til lov om ændring af lov om menighedsråd, lov om folkekirkens økonomi, lov om folkekirkens kirkebygninger og kirkegårde og forskellige andre love. (Forenkling og bedre understøttelse af menighedsrådsarbejdet, understøttelse af menighedsrådenes vedligeholdelse af middelalderkirker og orientering om foreløbige ligningsbehov).",Om forenkling og bedre understøttelse af menighedsrådsarbejdet m.v.
10522,269816,,1,2025-12-18 00:00:00,17,103502,3,L 59,Forslag til lov om ændring af lov om valg til Folketinget. (Ændring af folketingsmedlemmers vederlæggelse som opfølgning på »Aftale om en reform af fremtidige folketingsmedlemmers og ministres vederlæggelse«).,Om valg til Folketinget.
10525,268460,,1,2025-12-19 00:00:00,17,103142,3,L 15,Forslag til lov om undtagelse fra regulering på Erhvervsministeriets ressort for internationale finansielle institutioner med virke i Grønland.,Om undtagelse fra regulering på Erhvervsministeriets ressort for internationale finansielle institutioner med virke i Grønland.
10526,269610,,1,2025-12-19 00:00:00,17,103479,3,L 73,"Forslag til lov om ændring af lov for Grønland om kapitalkrav og tilsynsmæssige krav for kreditinstitutter og investeringsselskaber. (Gennemførelse for Grønland af ændringsforordning til forordning (EU) nr. 575/2013 om tilsynsmæssige krav til kreditinstitutter og investeringsselskaber).
",Om tilsynsmæssige krav til kreditinstitutter og investeringsselskaber i Grønland m.v.
10527,269649,,1,2025-12-19 00:00:00,17,103482,3,L 70,Forslag til lov om ændring af patentloven og forskellige andre love. (Ændring af Patent- og Varemærkestyrelsens gebyrer).,Om ændring af Patent- og Varemærkestyrelsens gebyrer.
10528,269636,,1,2025-12-19 00:00:00,17,103481,3,L 71,"Forslag til lov om ændring af erhvervsvirksomhedsloven, aktieavancebeskatningsloven og forskellige andre love. (Ny mulighed for generationsskifte til en medarbejderejevirksomhed og selskabsbeskattede elaktiviteter i andelsselskaber).",Om ny mulighed for generationsskifte til medarbejderejevirksomhed og selskabsbeskattede elaktiviteter i andelsselskaber.
10529,269623,,1,2025-12-19 00:00:00,17,103480,3,L 72,"Forslag til lov om ændring af lov om detailsalg fra butikker m.v. (Lempelse af dispensationsadgang til detailsalg ved særlige lejligheder og adgang til detailsalg på helligdage og øvrige lukkedage i visse byer).
",Om adgang til detailsalg på helligdage og øvrige lukkedage i visse byer og lempelse af dispensationsadgang til detailsalg ved særlige arrangementer.
10530,269789,,1,2025-12-19 00:00:00,17,103495,3,L 67,"Forslag til lov om ændring af lov om Den Sociale Investeringsfond. (Mulighed for formålsspecifikke kapitalindskud, forvaltning af fondens midler m.v.).","Om Den Sociale Investeringsfond og mulighed for formålsspecifikke kapitalindskud, forvaltning af fondens midler m.v."
10531,269337,,1,2025-12-19 00:00:00,17,103409,3,L 54,"Forslag til lov om ændring af ejendomsskatteloven, ejendomsvurderingsloven og forskellige andre love. (Justeringer af låneordninger, bedre mulighed for ansættelse af foreløbige beskatningsgrundlag, retsvirkninger ved ændring eller ophør af samvurderinger m.v.).",Om justeringer af låneordninger og bedre mulighed for ansættelse af foreløbige beskatningsgrundlag m.v.
10532,269662,,1,2025-12-19 00:00:00,17,103483,3,L 63,Forslag til lov om ændring af lov om spil. (Indførelse af ny indtægtsbegrænset tilladelse til onlinekasino).,Om indførelse af ny indtægtsbegrænset tilladelse til onlinekasino.
10544,269776,,1,2026-01-22 00:00:00,17,103494,3,L 76,Forslag til lov om ændring af lov om beskyttelsesrum og CER-loven. (Styrkede beføjelser og tilsynsforanstaltninger på beskyttelsesrumsområdet m.v.).,Om styrkede beføjelser og tilsynsforanstaltninger på beskyttelsesrumsområdet m.v.
10545,271001,,1,2026-01-22 00:00:00,17,104028,3,L 84,Forslag til lov om ændring af lov om social service. (Midlertidigt økonomisk tilskud til husleje i 2026 til de mest udsatte borgere).,Om midlertidigt økonomisk tilskud til husleje i 2026 til de mest udsatte borgere.
10547,268068,,1,2026-01-29 00:00:00,17,103111,3,L 26,"Forslag til lov om ændring af lov om tjenestemænd, lov om tjenestemandspension, lov om pension til statens tjenestemænd m.v. i Grønland og lov om en tjenestemandsret for Grønlands hjemmestyres og kommunernes tjenestemænd i Grønland samt om ophævelse af lov om statens tjenestemænd i Grønland. (Ligestilling af ansættelses- og pensionsvilkår for statens tjenestemænd i Danmark, på Færøerne og i Grønland m.v.).","Om ligestilling af ansættelses- og pensionsvilkår for statens tjenestemænd i Danmark, på Færøerne og i Grønland m.v."
10548,270523,,1,2026-01-29 00:00:00,17,103791,3,L 82,Forslag til lov om ændring af lov om inddrivelse af gæld til det offentlige. (Betinget eftergivelse af gæld til det offentlige m.v.).,Om betinget eftergivelse af gæld til det offentlige m.v.
10550,269061,,1,2026-02-05 00:00:00,17,103327,3,L 50,"Forslag til lov om ændring af lov om social service. (Selvbestemmelsesordning ved valg af tidsbegrænset bostøtte for borgere i hjemløshed, der har haft ophold på herberger m.v.).",Om selvbestemmelsesordning ved valg af tidsbegrænset bostøtte for borgere i hjemløshed m.v.
10551,269323,,1,2026-02-05 00:00:00,17,103407,3,L 55,Forslag til lov om udpegning af retlige repræsentanter for visse tjenesteudbydere til indsamling af elektronisk bevismateriale i straffesager.,Om udpegning af retlige repræsentanter for visse tjenesteudbydere til indsamling af elektronisk bevismateriale i straffesager.
10552,270536,,1,2026-02-05 00:00:00,17,103792,3,L 83,"Forslag til lov om ændring af straffeloven, retsplejeloven, lov om fuldbyrdelse af straf m.v. og forskellige andre love. (Gennemførelse af dele af »Aftale om strafreform og kriminalforsorgens økonomi 2026-2030« m.v.).",Om gennemførelse af dele af »Aftale om strafreform og kriminalforsorgens økonomi 2026-2030« m.v.
10555,269048,,1,2026-02-19 00:00:00,17,103326,3,L 48,Forslag til lov om den nationale digitale identitetstegnebog.,Om den nationale digitale identitetstegnebog.
10556,272274,,1,2026-02-19 00:00:00,17,104574,3,L 86 A,"Forslag til lov om ændring af lov om anvendelse af tvang i psykiatrien m.v. (Øget anvendelse af kropsscannere, metaldetektorer og kropsvisitation, private vagter i psykiatrien m.v.).","Om øget anvendelse af kropsscannere, metaldetektorer og kropsvisitation, private vagter i psykiatrien m.v."
10557,272278,,1,2026-02-19 00:00:00,17,104575,3,L 86 B,Forslag til lov om ændring af lov om anvendelse af tvang i psykiatrien m.v. (Indførelse af klagefrister til Det Psykiatriske Patientklagenævn).,Om indførelse af klagefrister til Det Psykiatriske Patientklagenævn
10558,270087,,1,2026-02-19 00:00:00,17,70437,3,L 80,"Forslag til lov om ændring af lov om social pension, lov om højeste, mellemste, forhøjet almindelig og almindelig førtidspension m.v. og forskellige andre love. (Frakendelse af førtidspension på baggrund af alvorlig kriminalitet, skærpelse af karantæneordninger i ydelsessystemet m.v.).","Om frakendelse af førtidspension på baggrund af alvorlig kriminalitet, skærpelse af karantæneordninger i ydelsessystemet m.v."
10559,271174,,1,2026-02-19 00:00:00,17,104066,3,L 89,"Forslag til lov om ændring af lov om arbejdsmiljø og lov om udstationering af lønmodtagere m.v. (Ansattes adgang til oplysninger fra tredjepart om resultater af asbestprøver, fængselsstraf til personer i ledelsen i særlig grove sager, forhøjelse af bøden for udvalgte formelle overtrædelser m.v.).",Om ansattes adgang til oplysninger fra tredjepart om resultater af asbestprøver m.v.
10565,271509,,1,2026-02-26 00:00:00,17,104246,3,L 93,Forslag til lov om ændring af lov om planlægning. (Undtagelse af visse aktiviteter vedrørende rørført transport af CO2 eller lagring af CO2 i undergrunden på land fra krav om landzonetilladelse).,Om undtagelse af visse aktiviteter rørført transport af CO2 eller lagring af CO2 i undergrunden på land fra krav om landzonetilladelse.
10566,271200,,1,2026-02-26 00:00:00,17,104068,3,L 88,Forslag til lov om ændring af lov om sikkerhed ved bestemte idrætsbegivenheder og straffeloven. (Styrket indsats mod fodbolduroligheder m.v.).,Om styrket indsats mod fodbolduroligheder m.v.
10567,271522,,1,2026-02-26 00:00:00,17,104247,3,L 92,"Forslag til lov om ændring af lov om anvendelse af Danmarks undergrund, lov om rørført transport af CO2, lov om miljøbeskyttelse, lov om naturbeskyttelse, lov om miljøvurderinger, lov om vandløb og lov om skove. (Tiltag til fremme af projekter om CO2-fangst, -rørtransport og -lagring).","Om tiltag til fremme af projekter om CO2-fangst, -rørtransport og -lagring."
10571,273885,,1,2026-06-25 00:00:00,17,105024,3,L 2,Forslag til lov om tillægsbevilling for finansåret 2025.,Om tillægsbevilling for finansåret 2025.
10581,274590,,1,2026-08-27 00:00:00,17,105382,3,L 18,"Forslag til lov om ændring af lov om almene boliger m.v. og lov om leje af almene boliger m.v. (Ændring af støtteordninger i fonden for blandede byer, forenkling af godkendelsesprocedurer for afhændelse, nedrivning og sammenlægning af almene boliger og mulighed for at overstige maksimumsbeløbet for anskaffelsessummen for almene boliger m.v.).",Om at implementering af centrale dele af aftalen om styrkede rammer for alment boligbyggeri.
10584,274499,,1,2026-08-27 00:00:00,17,105379,3,L 11,Forslag til lov om godtgørelsesordning for kvinder omfattet af antikonceptionssagen (spiralsagen) i Grønland i perioden 1960-1991.,Om godtgørelsesordning for kvinder omfattet af antikonceptionssagen (spiralsagen) i Grønland i perioden 1960-1991.
10586,275156,,1,2026-08-27 00:00:00,17,105669,3,L 12 B,"Forslag til lov om ændring af lov om forbud mod salg af tobak og alkohol til personer under 18 år, lov om tobaksvarer m.v. og lov om elektroniske cigaretter m.v. (Styrket alderskontrol ved salg af tobak, nikotin og alkohol).","Om styrket alderskontrol ved salg af tobak, nikotin og alkohol"
10587,274525,,1,2026-08-27 00:00:00,17,105381,3,L 13,Forslag til lov om ændring af lov om anvendelsen af visse af Den Europæiske Unions retsakter om økonomiske forbindelser til tredjelande m.v. (Pligt til at afskære sanktionerede personer fra at udøve kontrol med danske virksomheder).,Om pligt til at afskære sanktionerede personer fra at udøve kontrol med danske virksomheder.
10588,274434,,1,2026-08-27 00:00:00,17,105374,3,L 6,Forslag til lov om reparation af varer.,Om reparation af varer.
