afstemningid,sag_titel,sag_titel_en,dato
2,Forslag til lov om ændring af virksomhedsskatteloven og kildeskatteloven. (Indgreb mod utilsigtet udnyttelse af virksomhedsordningen ved indskud af privat gæld m.v.).,"Proposal for a law amending the Corporate Tax Act and the Law on withholding tax. (Action against unintended exploitation of the corporate scheme by private debt deposits, etc.).",2014-09-09 09:15:00
1783,"Forslag til lov om ændring af lov om afgift af elektricitet, lov om afgift af stenkul, brunkul og koks m.v., personskatteloven og forskellige andre love. (Tilbagerulning af forsyningssikkerhedsafgiften, nedsættelse af elvarmeafgiften, forhøjelse af elafgiften, tilpasning af afgiftsregler for VE-brændsler, forhøjelse af bundskatten og det skrå skatteloft, nedsættelse af den grønne check og afgiftsforhøjelse på cigarillos m.v.).","Proposal for a law amending the Law on the tax of electricity, the Law on the tax of coal, lignite and coke, the Act on the tax of persons and various other laws (Rewinding of the security of supply tax, reduction of the electricity tax, increase of the electricity tax, adjustment of the tax rules on renewable fuels, increase of the base tax and the slanted tax ceiling, reduction of the green cheque and increase of the tax on cigarillos, etc.).",2014-10-31 10:00:00
2267,Forslag til lov om ændring af lov om produktionsskoler. (Ophævelse af revisionsbestemmelse m.v.).,Proposal for a law amending the Law on Production Schools.,2014-12-02 13:00:00
2268,Forslag til lov om dansk turisme.,Draft law on Danish tourism.,2014-12-02 13:00:00
2282,Forslag til lov om ændring af lov om aktiv socialpolitik. (Ændring af formue- og fradragsregler ved efterbetaling af offentlige forsørgelsesydelser og øvrige offentlige sociale ydelser m.v.).,"Proposal for a law amending the Act on Active Social Policy (change of property and deduction rules for post-payment of public and other public social benefits, etc.).",2014-12-04 10:00:00
2283,Forslag til lov om ændring af lov om ferie. (Færre betingelser for optjening af sygeferiegodtgørelse og fællesopkrævning fra arbejdsgivere for betalingen til Feriepengeinfo m.v.).,"Proposal for a law amending the law on holidays. (Further conditions for earning sick leave and joint collection from employers for payment to Holiday Money Info, etc.).",2014-12-04 10:00:00
2284,Forslag til lov om ændring af lov om vikarers retsstilling ved udsendelse af et vikarbureau m.v. og lov om Arbejdsretten og faglige voldgiftsretter. (Overførsel af kompetencer til Arbejdsretten).,"Proposal for a law amending the law on the status of temporary workers in the event of the posting of a temporary employment agency, etc. and the Law on Labour Law and Trade Arbitration Courts. (Transfer of competences to Labour Law).",2014-12-04 10:00:00
2285,Forslag til lov om ophævelse af lov om næringsbrev til visse fødevarevirksomheder og om ændring af lov om restaurationsvirksomhed og alkoholbevilling m.v. (Afskaffelse af næringsbrevsordningen).,"Proposal for a law repealing the law on nutrition to certain food businesses and amending the law on catering and alcoholic beverages, etc. (Department of the Newsletter system).",2014-12-04 10:00:00
2286,"Forslag til lov om ændring af konkurrenceloven. (Forlængelse af tidsfrist for behandling af fusioner, nedsættelse af en bestyrelse for Konkurrence- og Forbrugerstyrelsen på konkurrenceområdet, offentliggørelse af domme om fængselsstraf m.v.).","Proposal for a law amending the Competition Act. (Extension of time limit for dealing with mergers, setting up a Board of Competition and Consumer Protection in the field of competition, publication of sentences on prison sentences, etc.).",2014-12-04 10:00:00
2287,Forslag til lov om Danmarks Grønne Investeringsfond.,Draft law on the Danish Green Investment Fund.,2014-12-04 10:00:00
2288,Forslag til lov om medarbejderinvesteringsselskaber.,Draft law on employee investment companies.,2014-12-04 10:00:00
2289,"Forslag til lov om ændring af aktieavancebeskatningsloven, ligningsloven, selskabsskatteloven og forskellige andre love. (Skattemæssige ændringer i lyset af lov om medarbejderinvesteringsselskaber).","Draft law amending the Share Advance Tax Act, the Equalisation Act, the Corporate Tax Act and various other laws. (Tax changes in the light of the Labour Investment Companies Act).",2014-12-04 10:00:00
2291,"Forslag til lov om ændring af ligningsloven, fondsbeskatningsloven, lov om inddrivelse af gæld til det offentlige, lov om et indkomstregister og forskellige andre love. (Udvidelse af kredsen af yderkommuner med forhøjet befordringsfradrag, forhøjelse af kommunernes andel af selskabsskatten og udvidet mulighed for videregivelse af oplysninger til finansielle virksomheder).","Draft law amending the law on equations, the fund tax law, the law on the recovery of debts to the public, the law on an income register and various other laws.",2014-12-04 10:00:00
2292,Forslag til lov om indgåelse af protokol om ændring af dobbeltbeskatningsoverenskomsten mellem Danmark og Irland.,Proposal for a law on the conclusion of the Protocol amending the double taxation agreement between Denmark and Ireland.,2014-12-09 13:00:00
2293,Forslag til lov om indgåelse af protokol om ændring af dobbeltbeskatningsoverenskomsten mellem Danmark og Indien.,Proposal for a law on the conclusion of the Protocol amending the double taxation agreement between Denmark and India.,2014-12-09 13:00:00
2294,"Forslag til lov om ændring af momsloven, skattekontrolloven og ligningsloven. (Udvidelse af indberetningspligterne vedrørende finansielle produkter, ændring af indberetningspligten vedrørende modtagere af renter og afgivelse af regnskabsoplysninger om moms i forbindelse med selvangivelsen m.v.).","Proposal for a law amending the VAT law, the tax control law and the law on equations. (Enlargement of reporting obligations on financial products, amendment of reporting obligations on recipients of interest and provision of accounting information on VAT in connection with the tax return, etc.).",2014-12-09 13:00:00
2295,Forslag til lov om Hav- og Fiskerifonden.,Proposal for a Law on the Maritime and Fisheries Fund.,2014-12-09 13:00:00
2296,Forslag til lov om Landdistriktsfonden.,Draft law on the Rural Fund.,2014-12-09 13:00:00
2306,Forslag til lov om ændring af lov om frikommuner m.v. (Forlængelse af perioden for frikommuneforsøg).,"Draft law amending the law on free municipalities, etc.",2014-12-11 10:00:00
2307,"Forslag til lov om ændring af lov om landbrugsejendomme. (Udvidet adgang for selskaber m.v. til at erhverve landbrugsejendomme, ophævelse af reglerne om fortrinsstilling til suppleringsjord m.v.).","Proposal for a law amending the Law on agricultural property. (Enlarged access for companies, etc. to acquire agricultural property, repealing the rules on preference for supplementary land, etc.).",2014-12-11 10:00:00
2308,Forslag til lov om ændring af lov om åben uddannelse (erhvervsrettet voksenuddannelse) m.v. og lov om erhvervsrettet grunduddannelse og videregående uddannelse (videreuddannelsessystemet) for voksne. (Understøttelse af de videregående uddannelsesinstitutioners muligheder for mere og bedre videregående voksen- og efteruddannelse m.v.).,"Proposal for a law amending the law on open education (vocational adult education) etc. and the law on basic and higher education (continuing education) for adults. (Supporting the opportunities of higher education institutions for more and better further adult and further education, etc.).",2014-12-11 10:00:00
2309,"Forslag til lov om ændring af universitetsloven og forskellige andre love. (Gennemsigtighed i valg af uddannelse, forsikring af gæsteforskere, krav til oversættelse af eksamensbeviser og midlertidig overgangsordning om supplering mellem bacheloruddannelse og kandidatuddannelse).","Proposal for a law amending the University Law and various other laws. (Privacy in the choice of education, insurance of visiting researchers, requirements for the translation of diplomas and temporary transitional arrangements for supplementing bachelor's degree and Master's degree).",2014-12-11 10:00:00
2310,Forslag til lov om videregående kunstneriske uddannelsesinstitutioner under Kulturministeriet.,Draft law on higher artistic education institutions under the Ministry of Culture.,2014-12-11 10:00:00
2312,Forslag til lov om ændring af lov om byfornyelse og udvikling af byer. (Øgede muligheder for at sikre gode boligsociale rammer både på land og i by m.v.).,Proposal for a law amending the law on urban renewal and development of cities. (Increased opportunities to ensure a good housing social framework both on land and in city etc.).,2014-12-11 10:00:00
2313,Forslag til lov om ændring af lov om andelsboligforeninger og andre boligfællesskaber og lejeloven. (Skærpede krav til stiftelse af andelsboligforeninger m.v.).,Draft law amending the law on cooperative housing associations and other housing communities and the law on rentals.,2014-12-11 10:00:00
2314,Forslag til lov om ændring af lov om jagt og vildtforvaltning. (Styrkelse af vildtudbytteindberetning m.v.).,"Draft law amending the law on hunting and game management. (Strengthening of game yield reporting, etc.).",2014-12-11 10:00:00
2398,Forslag til finanslov for finansåret 2015.,Draft Finance Act for the financial year 2015.,2014-12-18 10:00:00
2399,"Forslag til lov om fastsættelse af udgiftslofter for stat, kommuner og regioner for finansåret 2018.","Draft law on the establishment of expenditure ceilings for state, municipalities and regions for the financial year 2018.",2014-12-18 10:00:00
2400,"Forslag til lov om ændring af lov om fastsættelse af udgiftslofter for stat, kommuner og regioner for finansårene 2014-2017. (Konsekvenser af aftaler om vækstpakke 2014 m.v.).","Proposal for a law amending the Law on the establishment of expenditure ceilings for state, municipalities and regions for the financial years 2014-2017. (Consequences of agreements on growth package 2014 etc.).",2014-12-18 10:00:00
2401,"Forslag til lov om ændring af lov om en aktiv beskæftigelsesindsats, lov om arbejdsløshedsforsikring m.v. og forskellige andre love. (Reform af beskæftigelsesindsatsen, et fælles og intensiveret kontaktforløb, uddannelsesløft, styrket rådighed og målretning af virksomhedsrettede tilbud m.v.).","Proposal for a law amending the Act on Active Employment, the Law on Unemployment Insurance, etc., and various other laws (Reform of employment efforts, a joint and intensified contact process, training boosts, increased availability and targeting of business-oriented offers, etc.).",2014-12-18 10:00:00
2402,"Forslag til lov om ændring af lov om en aktiv beskæftigelsesindsats og lov om aktiv socialpolitik. (Joblog, sanktion ved udeblivelse fra tilbud samt 6 ugers jobrettet uddannelse for modtagere af ledighedsydelse).",Proposal for a law amending the Act on Active Employment and the Act on Active Social Policy.,2014-12-18 10:00:00
2403,Forslag til lov om organisering og understøttelse af beskæftigelsesindsatsen m.v.,"Draft law on the organisation and support of employment, etc.",2014-12-18 10:00:00
2404,Forslag til lov om ændring af lov om forbud mod forskelsbehandling på arbejdsmarkedet m.v. (Ophævelse af 70-årsgrænse m.v.).,"Proposal for a law amending the law prohibiting discrimination on the labour market, etc. (Completion of the 70-year limit, etc.).",2014-12-18 10:00:00
2405,"Forslag til lov om ændring af udlændingeloven, integrationsloven og lov om Det Centrale Personregister. (Reform af international rekruttering m.v.).","Draft law amending the Aliens Act, the Integration Act and the Central Personal Register Act. (Reform of international recruitment, etc.).",2014-12-18 10:00:00
2406,Forslag til lov om ændring af lov om CO2-kvoter og lov om kuldioxidafgift af visse energiprodukter. (Tilpasning af reglerne om udledninger fra luftfart efter Europa-Parlamentets og Rådets forordning (EU) nr. 421/2014 af 16. april 2014 m.v.).,Proposal for a law amending the law on CO2 allowances and the law on carbon dioxide tax for certain energy products. (Adjusting the rules on aviation emissions pursuant to Regulation (EU) No 421/2014 of the European Parliament and of the Council of 16 April 2014 etc.).,2014-12-18 10:00:00
2407,"Forslag til lov om ændring af lov om elforsyning, lov om naturgasforsyning, lov om varmeforsyning, lov om tilskud til fremme af vedvarende energi i virksomheders produktionsprocesser, biobrændstofloven og lov om fremme af besparelser i energiforbruget. (Erhvervsrettet lempelse af PSO-betaling for elektricitet, afskaffelse af tilskudsordning til ikkekvoteomfattet elproduktion, afskaffelse af PSO-betaling for gas, fravigelse af iblandingsprocent for biobrændstoffer, faktureringsoplysninger m.v. til energiforbrugere, ændring af klageregler m.v.).","Draft law amending the law on electricity supply, the Act on natural gas supply, the Law on heating supply, the Law on subsidies for the promotion of renewable energy in the production processes of enterprises, the Biofuel Act and the Law on the promotion of energy saving. (Employee relief of PSO electricity payments, the abolition of subsidies for non-quota electricity generation, the abolition of the PSO payment for gas, the derogation from the incorporation rate for biofuels, billing information, etc. for energy consumers, amendment of complaint rules, etc.).",2014-12-18 10:00:00
2408,"Forslag til lov om ændring af lov om sikkerhed m.v. for offshoreanlæg til efterforskning, produktion og transport af kulbrinter, lov om beskyttelse af havmiljøet og miljøskadeloven. (Gennemførelse af offshoresikkerhedsdirektivet m.v.).","Proposal for a law amending the Law on safety, etc. for offshore installations for the exploration, production and transport of hydrocarbons, the Law on the Protection of the Marine Environment and the Environmental Damage Act. (Implementation of the offshore safety directive, etc.).",2014-12-18 10:00:00
2409,Forslag til lov om en ny fjordforbindelse ved Frederikssund.,Draft law on a new fjord connection at Frederikssund.,2014-12-18 10:00:00
2410,"Forslag til lov om ændring af lov om finansiel virksomhed, lov om værdipapirhandel m.v., lov om betalingstjenester og elektroniske penge og forskellige andre love. (Erstatningsansvar ved handlinger i strid med god skik-reglerne, forbrugerbeskyttelse ved kaution, krav om grundkursus til bestyrelsesmedlemmer, brugerbeskyttelse ved udbud af betalingstjenester og udstedelse af elektroniske penge m.v.).","Proposal for a law amending the Law on Financial Activities, the Securities Trading Act, the Payment Services and Electronic Money Act and various other laws. (Compliance in the event of acts contrary to good practice, consumer protection by guarantee, requirements for basic training for board members, user protection in the provision of payment services and the issuance of electronic money, etc.).",2014-12-18 10:00:00
2411,"Forslag til lov om ændring af lov om efterskoler, husholdningsskoler og håndarbejdsskoler og forskellige andre love. (Fornyelse af frie fagskolers undervisningstilbud m.v.).","Proposal for a law amending the law on secondary schools, home schools and hand-working schools and various other laws. (Renewation of the educational provision of free vocational schools etc.).",2014-12-18 10:00:00
2412,Forslag til lov om ændring af lov om Arbejdsgivernes Uddannelsesbidrag. (Finansiering af elevers ophold på kostafdelinger m.v.).,Proposal for a law amending the Law on Employers' Educational Contributions.,2014-12-18 10:00:00
2413,"Forslag til lov om ændring af lov om indgåelse af protokoller om ændring af dobbeltbeskatningsoverenskomster mellem Danmark og henholdsvis Belgien, Luxembourg, Singapore og Østrig. (Gennemførelse af protokol til ændring af dobbeltbeskatningsoverenskomsten mellem Danmark og Luxembourg).","Proposal for a law amending the Law on the conclusion of protocols amending the double taxation agreements between Denmark and Belgium, Luxembourg, Singapore and Austria respectively (Implementation of the Protocol amending the Convention on double taxation between Denmark and Luxembourg).",2014-12-18 10:00:00
2414,Forslag til lov om indgåelse af dobbeltbeskatningsoverenskomst mellem Danmark og Ghana.,Proposal for a law on the conclusion of a double taxation agreement between Denmark and Ghana.,2014-12-18 10:00:00
2415,"Forslag til lov om ændring af skatteforvaltningsloven, opkrævningsloven og forskellige andre love. (Hurtig afslutning i visse klagesager, omkostningsgodtgørelse i retssager, dækningsrækkefølgen for underholdsbidrag, restanceforebyggelse, momsregistrering af visse virksomheder, forbedret inddrivelse af restancer til det offentlige m.v.).","Proposal for a law amending the Tax Administration Act, the Collection Act and various other laws. (Fast closure in certain appeals, cost compensation in legal proceedings, maintenance order, arrears prevention, VAT registration of certain companies, improved recovery of arrears to the public, etc.).",2014-12-18 10:00:00
2416,Forslag til lov om ændring af ligningsloven. (Betingelse for tredjemandstilskud).,Draft law amending the law on equations.,2014-12-18 10:00:00
2417,Forslag til lov om ændring af momsloven. (Ophævelse af fradragsbegrænsningen for moms på hotelophold).,Proposal for a law amending the VAT Act.,2014-12-18 10:00:00
2418,"Forslag til lov om ændring af registreringsafgiftsloven, brændstofforbrugsafgiftsloven og lov om vægtafgift af motorkøretøjer m.v. (Harmonisering af afgifterne på personbiler  med tilladelse til erhvervsmæssig persontransport).","Proposal for a law amending the Registration Tax Act, the Fuel Consumption Tax Act and the Weighting Tax Act for Motor Vehicles, etc. (Harmonisation of taxes on passenger cars authorised for commercial passenger transport).",2014-12-18 10:00:00
2419,Forslag til lov om ændring af kildeskatteloven. (Nedsættelse af vederlagskravet i skatteordningen for udenlandske forskere og nøglemedarbejdere).,Proposal for a law amending the Law on withholding tax. (Reduction of the remuneration requirement in the tax scheme for foreign researchers and key employees).,2014-12-18 10:00:00
2420,Forslag til lov om ændring af lov om dansk indfødsret. (Accept af dobbelt statsborgerskab og betaling af gebyr i sager om dansk indfødsret).,Draft law amending the law on Danish citizenship. (Accept of dual citizenship and payment of fees in cases of Danish citizenship).,2014-12-18 10:00:00
2421,Forslag til lov om indfødsrets meddelelse.,Draft law on the notification of citizenship.,2014-12-18 10:00:00
2422,"Forslag til lov om ændring af lov for Færøerne om rettens pleje og lov om ændring af tinglysningsloven, konkursloven og andre love. (Indførelse af virksomhedspant på Færøerne).","Proposal for a law amending the Law of the Faroe Islands on the care of the courts and the Law amending the Law of the Land Register, the Law of bankruptcy and other laws. (Introduction of company pledges in the Faroe Islands).",2014-12-18 10:00:00
2423,Forslag til lov om ændring af lov om erstatningsansvar. (Ændring af beregningsprincipperne for erhvervsevnetabserstatning til unge under uddannelse).,Proposal for a law amending the law on liability (Amendment of the principles of calculation of occupational loss compensation for young people undergoing training).,2014-12-18 10:00:00
2424,Forslag til lov om ændring af færdselsloven. (Letbaner).,Proposal for a law amending the Road Traffic Code. (Light runways).,2014-12-18 10:00:00
2425,Forslag til lov om ændring af færdselsloven. (Konstruktivt bestemt hastighed for motorredskaber m.v.).,"Proposal for a law amending the Road Traffic Code. (Constructively determined speed of engine tools, etc.).",2014-12-18 10:00:00
2444,"Forslag til lov om ændring af lov om betalingsregler for spildevandsforsyningsselskaber m.v., lov om miljøbeskyttelse og lov om vandsektorens organisering og økonomiske forhold. (Afdragsordning, finansiering og fristfastsættelse ved påbud om forbedret spildevandsrensning samt drift og vedligeholdelse af anlæg til spildevandshåndtering).","Proposal for a law amending the Law on payment rules for waste water supply companies, etc., the Law on environmental protection and the Law on the organisation and economic conditions of the water sector.",2015-01-22 10:00:00
2445,Forslag til lov om ændring af bogføringsloven. (Opbevaring af regnskabsmateriale m.v.).,"Proposal for a law amending the Accounting Act. (Reservation of accounting records, etc.).",2015-01-22 10:00:00
2446,"Forslag til lov om ændring af lov om arbejdsmiljø. (Undtagelse af frivilligt arbejde fra krav om arbejdspladsvurdering og arbejdsmiljøorganisation, forebyggelse af arbejdsrelateret vold, trusler og anden krænkende adfærd uden for arbejdstid, Arbejdstilsynets adgang til at indhente oplysninger fra eksterne registre m.v.).","Proposal for a law amending the Law on Working Conditions. (Exclusion of voluntary work from requirements on workplace assessment and OSH organisation, prevention of work-related violence, threats and other offensive behaviour outside working hours, access by the Factory Inspectorate to obtain information from external registers, etc.).",2015-01-22 10:00:00
2447,Forslag til lov om ændring af lov om retsforholdet mellem arbejdsgivere og funktionærer. (Forenkling vedrørende fratrædelsesgodtgørelse).,Proposal for a law amending the law on the legal relationship between employers and employees.,2015-01-22 10:00:00
2448,Forslag til lov om ændring af lov om aktiv socialpolitik. (Midlertidig genindførelse af fradrag i uddannelses- og kontanthjælp for samlevers indtægter m.v.).,Proposal for a law amending the Act on active social policy.,2015-01-22 10:00:00
2454,"Forslag til lov om ændring af udlændingeloven. (Midlertidig beskyttelsesstatus for visse udlændinge samt afvisning af realitetsbehandling af asylansøgninger, når ansøgeren har opnået beskyttelse i et andet EU-land m.v.).","Proposal for a law amending the law on aliens. (Temporary protection status of certain aliens and refusal of admissibility of asylum applications once the applicant has obtained protection in another EU country, etc.).",2015-02-03 13:00:00
2457,Forslag til lov om ændring af straffeloven og lov om fuldbyrdelse af straf m.v. (Samfundstjeneste m.v.).,"Proposal for a law amending the Criminal Code and the Law on the Enforcement of Punishment, etc. (Social Service, etc.).",2015-02-05 10:00:00
2458,Forslag til lov om ændring af færdselsloven. (Ændret aldersgrænse for forkortet gyldighedsperiode for kørekort m.v.).,"Proposal for a law amending the Road Traffic Code. (Abbreviated age limit for abbreviated validity of driving licences, etc.).",2015-02-05 10:00:00
2459,Forslag til lov om Miljøteknologisk Udviklings- og Demonstrationsprogram.,Draft law on the Environmental Technology Development and Demonstration Programme.,2015-02-05 10:00:00
2460,Forslag til lov om ændring af lov om Aarhus Letbane og lov om trafikselskaber. (Transportministerens udtræden af Aarhus Letbane I/S).,Proposal for a law amending the law on Aarhus Letbane and the law on transport companies. (The Minister of Transport's withdrawal from Aarhus Letbane I/S).,2015-02-05 10:00:00
2461,Forslag til lov om Odense Letbane.,Draft law on Odense Letbane.,2015-02-05 10:00:00
2462,"Forslag til lov om ændring af lov om en Cityring og lov om Metroselskabet I/S og Udviklingsselskabet By & Havn I/S. (Afgrening fra Cityringen til Sydhavnen, mulighed for udvidelse af afgreningen til Nordhavnen, reduktion af statens ejerandel af Udviklingsselskabet By & Havn I/S, projektering af en Nordhavnstunnel m.v.).","Proposal for a law amending the Law on a Cityring and the Law on the Metro Company I/S and the Development Company City & Port I/S. (Department from Cityringen to South Harbour, possibility of extending the branch to North Harbour, reduction of State ownership of the Development Company City & Port I/S, design of a Nordhavnstunnel, etc.).",2015-02-05 10:00:00
2470,Forslag til lov om ændring af lov om kommunernes styrelse og regionsloven. (Mulighed for indgåelse af aftale om grænsependleres ret til fravær fra arbejdet og afskaffelse af dispensation bl.a. for ikkekommunalbestyrelses-/ikkeregionsrådsmedlemmer som medlemmer i udvalg).,"Proposal for a law amending the law on the administration of municipalities and the Regional Law. (Possibility of concluding an agreement on the right of frontier commuters to absenteeism from work and the abolition of derogations, inter alia, for non-council/non-regional councillors as members of committees).",2015-02-19 10:00:00
2471,"Forslag til lov om ændring af lov om miljøbidrag og godtgørelse i forbindelse med ophugning og skrotning af biler og lov om miljøbeskyttelse. (Obligatorisk digital kommunikation, ændringer i administrationsordningen for udbetaling af skrotningsgodtgørelse og nedsættelse af betalingssats for indsamling af bærbare batterier m.v.).","Proposal for a law amending the Law on environmental contributions and compensation for the scrapping and scrapping of cars and the Law on environmental protection. (Publicational digital communications, changes in the administrative arrangements for the payment of scrap payment and reduction of the payment rate for the collection of portable batteries, etc.).",2015-02-19 10:00:00
2472,"Forslag til lov om ændring af lov om råstoffer, lov om kystbeskyttelse og lov om havstrategi. (Ændringer af auktionsordningen og andre regler om indvinding af råstoffer på havet som følge af regeringens konkurrencepolitiske udspil og evaluering af råstofloven, ændringer som følge af overførelse af kystbeskyttelsesloven til Miljøministeriet og præcisering af gennemførelse af havstrategirammedirektivet m.v.).","Proposal for a law amending the law on raw materials, the law on coastal protection and the law on marine strategy. (Amendments to the auction scheme and other rules on the recovery of raw materials at sea as a result of the Government's competition policy proposals and evaluation of the law on raw materials, amendments resulting from the transfer of the coastal protection law to the Ministry of the Environment and clarification of the implementation of the Marine Strategy Framework Directive, etc.).",2015-02-19 10:00:00
2473,"Forslag til lov om ændring af lov om planlægning og lov om naturbeskyttelse. (Opfølgning på dele af Naturplan Danmark om etablering af et Grønt Danmarkskort, forbud mod gødskning og sprøjtning på § 3-beskyttede arealer og indførelse af et vejledende bødeniveau for overtrædelse af naturbeskyttelsesloven m.v.).","Proposal for a law amending the law on planning and the law on nature conservation. (Follow-up to parts of the Nature Plan Denmark on the establishment of a Green Denmark Card, ban on fertilising and spraying on § 3 protected areas and introduction of an indicative level of fines for infringement of the Nature Conservation Act, etc.).",2015-02-19 10:00:00
2474,Forslag til lov om ændring af lov om udstationering af lønmodtagere m.v. (Forhøjelse af straffen for overtrædelser af grovere karakter af anmeldelsespligten til Register for Udenlandske Tjenesteydere).,"Proposal for a law amending the law on the posting of employees, etc. (Encourage of penalties for grosser offences of the obligation to notify the Register of Foreign Service Providers).",2015-02-19 10:00:00
2475,Forslag til lov om kontantydelse.,Draft law on cash benefits.,2015-02-19 10:00:00
2481,"Forslag til lov om ændring af lov om arbejdsløshedsforsikring m.v. (Forsøg vedrørende fradrag for frivilligt, ulønnet arbejde).","Proposal for a law amending the law on unemployment insurance, etc. (Experiments on the deduction of voluntary unpaid work).",2015-02-26 10:00:00
2482,"Forslag til lov om ændring af kildeskatteloven, kursgevinstloven, selskabsskatteloven, virksomhedsskatteloven og forskellige andre love. (Exitskat og henstand for fysiske personer, gennemførelse af ændring af moder-/datterselskabsdirektivet, justering af rentefradragsbegrænsningsreglerne og opgørelsesprincipper for fordringer og gæld m.v.). ","Draft law amending the withholding tax law, the exchange gains law, the corporation tax law, the corporate tax law and various other laws. (Exit tax and deferred tax for natural persons, implementation of amendments to the parent/subsidiary directive, adjustment of the interest relief rules and statement principles for claims and debts, etc.).",2015-02-26 10:00:00
2483,Forslag til lov om ændring af lov om planlægning og lov om almene boliger m.v. (Blandet boligsammensætning).,"Draft law amending the law on planning and the law on general housing, etc. (Bland housing composition).",2015-02-26 10:00:00
2485,Forslag til lov om ændring af lov om almene boliger m.v. (Støtte til nedrivning af hele boligafdelinger).,"Proposal for a law amending the law on general housing, etc. (Support for the demolition of entire housing departments).",2015-02-26 10:00:00
2486,Forslag til lov om ændring af lov om almene boliger m.v. (Sociale klausuler om uddannelses- og praktikaftaler).,"Proposal for a law amending the law on general housing, etc. (Social clauses on training and practical arrangements).",2015-02-26 10:00:00
2491,Forslag til lov om tillægsbevilling for 2014.,Draft law on the additional allocation for 2014.,2015-03-10 13:00:00
2495,"Forslag til lov om ændring af udlændingeloven. (Styrkede kontrolmuligheder i grænseområder og lufthavne og skærpelse af bødeniveau for udlændinges ulovlige indrejse, ophold og arbejde).",Proposal for a law amending the law on aliens.,2015-03-17 13:00:00
2496,Forslag til lov om ændring af lov om ændring af lov om folkekirkens økonomi. (Ophævelse af revisionsklausul).,Draft law amending the Law amending the Law on the National Church's Economy.,2015-03-19 10:00:00
2497,Forslag til lov om ændring af forældreansvarsloven og retsplejeloven. (Imødegåelse af samarbejdschikane m.v.).,Proposal for a law amending the Parental Responsibility Act and the Code of Criminal Procedure.,2015-03-19 10:00:00
2498,Forslag til lov om ændring af lov om leje af erhvervslokaler m.v. (Fremme af energirenovering i erhvervslejemål).,"Proposal for a law amending the law on the rental of commercial premises, etc. (Promotion of energy renovation in commercial leases).",2015-03-19 10:00:00
2499,"Forslag til lov om ændring af lov om statens voksenuddannelsesstøtte (SVU), lov om en aktiv beskæftigelsesindsats, ligningsloven og lov om institutioner for almengymnasiale uddannelser og almen voksenuddannelse m.v. (Forenkling af ordningen vedrørende statens voksenuddannelsesstøtte).","Proposal for a law amending the Law on State Adult Training Support (SFU), Act on Active Employment Efforts, Equalisation Act and Law on Institutions for General Secondary Education and Adult Education, etc. (Simplification of the State Adult Training Support Scheme).",2015-03-19 10:00:00
2500,Forslag til lov om ændring af lov om akkreditering af videregående uddannelsesinstitutioner. (Ingen prækvalifikation af nye uddannelser ved sammenlægning af eksisterende uddannelser).,Proposal for a law amending the law on the accreditation of higher education institutions.,2015-03-19 10:00:00
2501,"Forslag til lov om ændring af momsloven. (Importmoms på dansksprogede magasiner, tidsskrifter og lign. sendt fra lande uden for EU og bemyndigelse til lempelse og fritagelse vedrørende faktureringspligt).","Proposal for a law amending the VAT Act. (Import VAT in Danish-language magazines, magazines and the like sent from outside the EU and authorisation for relief and exemption in respect of invoicing obligations).",2015-03-19 10:00:00
2503,"Forslag til lov om ændring af varemærkeloven, designloven, patentloven og lov om brugsmodeller. (Styrket indsats mod piratkopiering ved etablering af en håndhævelsesenhed m.v.).","Proposal for a law amending the Trademark Act, the Design Act, the Patent Act and the law on utility models. (Strengthened action against piracy by setting up an enforcement unit, etc.).",2015-03-24 13:00:00
2504,Forslag til lov om ændring af lov om finansiel virksomhed. (Gennemførelse af solvens II- og omnibus II-direktivet).,Proposal for a law amending the Law on Financial Activities (Implementation of the Solvency II and Omnibus II Directive).,2015-03-24 13:00:00
2511,Forslag til lov om ændring af udlændingeloven. (Statsforvaltningens underretning af kommunerne ved udstedelse af registreringsbeviser og opholdskort efter EU-reglerne samt justering af boligkravet m.v.).,"Proposal for a law amending the law on aliens. (Informing the municipalities by the State Administration by issuing registration certificates and residence cards under EU rules and adjusting the housing requirement, etc.).",2015-03-26 10:00:00
2512,Forslag til lov om restrukturering og afvikling af visse finansielle virksomheder.,Proposal for a law on the restructuring and winding-up of certain financial undertakings.,2015-03-26 10:00:00
2513,"Forslag til lov om ændring af lov om finansiel virksomhed, lov om finansiel stabilitet, lov om en garantifond for indskydere og investorer, lov om værdipapirhandel m.v. og ligningsloven. (Gennemførelse af direktiv om genopretning og afvikling af kreditinstitutter og investeringsselskaber (BRRD) og direktiv om indskudsgarantiordninger (DGSD)).","Proposal for a law amending the Law on Financial Activities, the Law on Financial Stability, the Law on a Guarantee Fund for Depositors and Investors, the Law on Securities Trading, etc., and the Equalisation Act. (Implementation of the Directive on the Recovery and Settlement of Credit Institutions and Investment Companies (BRRD) and the Directive on Deposit Guarantee Schemes (DGSD)).",2015-03-26 10:00:00
2515,"Forslag til lov om ændring af lov om anvendelse af Danmarks undergrund. (Gennemførelse af offshoresikkerhedsdirektivet, subsidiært ansvar for afvikling af anlæg, plan for afvikling af anlæg, sikkerhedsstillelse, forlængelse af geotermitilladelser, beredskab for forsyningsmæssige forhold, forsikring, digital kommunikation m.v.).","Proposal for a law amending the Law on the Use of Denmark's Underground. (Implementation of the offshore safety directive, subsidiary responsibility for the decommissioning of installations, plan for the decommissioning of installations, collateralisation, extension of geothermal permits, preparedness for supply, insurance, digital communications, etc.).",2015-04-07 13:00:00
2518,Forslag til lov om ændring af lov om dansk indfødsret. (Overgang til obligatorisk digital selvbetjening ved ansøgning om dansk indfødsret ved naturalisation m.v.).,"Draft law amending the law on Danish citizenship. (Translation to compulsory digital self-service by application for Danish citizenship by naturalisation, etc.).",2015-04-14 13:00:00
2523,Forslag til lov om ændring af lov om fremme af dopingfri idræt og ligningsloven. (Bekæmpelse af manipulation af idrætskonkurrencer).,Proposal for a law amending the law on the promotion of drug-free sport and the law on equations.,2015-04-16 10:00:00
2524,Forslag til lov om ændring af lov om maritime uddannelser og lov om vurdering af udenlandske uddannelseskvalifikationer m.v. (Harmonisering af visse regler for de maritime uddannelser).,"Proposal for a law amending the Law on Maritime Training and the Law on the Assessment of Foreign Educational Qualifications, etc. (Harmonisation of certain rules governing maritime training).",2015-04-16 10:00:00
2525,Forslag til lov om ændring af lov om en rejsegarantifond. (Dækning af tab ved køb af flyrejser i tilfælde af rejseudbyderens konkurs m.v.).,"Proposal for a law amending the law on a travel guarantee fund (Crediting of losses in the purchase of flights in the event of bankruptcy of the travel provider, etc.).",2015-04-16 10:00:00
2527,"Forslag til lov om sikkerhed ved elektriske anlæg, elektriske installationer og elektrisk materiel (elsikkerhedsloven).","Proposal for a law on the safety of electrical installations, electrical installations and electrical equipment (the Electricity Safety Act).",2015-04-16 10:00:00
2528,"Forslag til lov om ændring af sundhedsloven, lægemiddelloven og vævsloven. (Automatisk kronikertilskud, lægemiddelovervågning m.v.).","Proposal for a law amending the Law on Health, Medicines and Tissues (Automatic Chronic Supplements, Pharmacovigilance, etc.).",2015-04-16 10:00:00
2530,"Forslag til lov om ændring af lov om fremstilling, præsentation og salg af tobaksvarer. (Forbud mod salg af løs snus og lignende tobaksprodukter i Danmark).","Proposal for a law amending the law on the manufacture, presentation and sale of tobacco products.",2015-04-16 10:00:00
2534,"Forslag til lov om ændring af lov om Det Centrale Personregister. (Særlig adressebeskyttelse til personer, som udsættes for trusler mod deres person i forbindelse med æresrelaterede eller samlivsrelaterede konflikter m.v.).","Draft law amending the Central Register of Persons. (Special address protection for persons exposed to threats to their individual in connection with honour-related or cohabitation-related conflicts, etc.).",2015-04-21 13:00:00
2535,"Forslag til lov om ændring af lov om social service og lov om retssikkerhed og administration på det sociale område. (Faglig støtte til netværksplejefamilier m.fl., ændring af afgørelseskompetence i sager om ændring af anbringelsessted samt nedsættelse af alder for samtykke i afgørelser om ændring af anbringelsessted m.v.).","Draft law amending the Law on Social Services and the Law on Legal Security and Administration in the Social Field. (Provisional support for network care families, etc., modification of decision-making powers in cases of change of location and reduction of age for consent in decisions to change location, etc.).",2015-04-21 13:00:00
2536,"Forslag til lov om ændring af adoptionsloven, lov om social service, forældreansvarsloven og lov om retssikkerhed og administration på det sociale område. (Lempelse af betingelserne for adoption uden samtykke m.v.).","Proposal for a law amending the adoption law, social services law, parental responsibility law and the law on legal certainty and administration in the social field (Simplifying the conditions for adoption without consent, etc.).",2015-04-21 13:00:00
2537,"Forslag til lov om ændring af lov om Udbetaling Danmark og forskellige andre love. (Overførsel af myndighedsområder til Udbetaling Danmark og indførelse af beføjelser til, at Udbetaling Danmark kan foretage registersamkøringer på bl.a. kommunale ydelsesområder m.v.).",Proposal for a law amending the Law on Disbursement Denmark and various other laws. (Transfer of jurisdictions to Disbursement Denmark and introduction of powers to enable Payout Denmark to carry out register collaborations in areas such as municipal benefits etc.).,2015-04-21 13:00:00
2538,"Forslag til lov om ændring af lov om friplejeboliger, lov om almene boliger m.v., lov om social service og lov om individuel boligstøtte. (Fri adgang til plejeboligmarkedet, ophævelse af krav om genudbud, ændring af afregningssystemet, pantsætningsforbud, forenkling af friplejeboligordningen m.v.).","Proposal for a law amending the law on free-care homes, the law on general housing etc., the law on social services and the law on individual housing subsidies (free access to the nursing housing market, abolition of requirements on re-supply, change of settlement system, ban on pledges, simplification of the free-care housing scheme, etc.).",2015-04-21 13:00:00
2539,Forslag til lov om ændring af lov om almene boliger m.v. og lov om individuel boligstøtte. (Kollektive bofællesskaber).,"Proposal for a law amending the law on general housing, etc. and the law on individual housing aid.",2015-04-21 13:00:00
2540,"Forslag til lov om ændring af lov om værdipapirhandel m.v., lov om finansiel virksomhed, lov om kreditaftaler, lov om finansielle rådgivere, lov om pantebrevsselskaber, lov om realkreditlån og realkreditobligationer m.v. og forskellige andre love. (Ret til basal indlånskonto, gennemførelse af ændringer til gennemsigtighedsdirektivet, modernisering af reglerne for indsendelse af årsrapporter, udvidelse af forsikringsselskabers drift af anden virksomhed, præcisering af regulering af refinansieringsrisiko for realkreditobligationer m.v. og gennemførelse af boligkreditdirektivet m.v.).","Proposal for a law amending the law on securities trading etc., law on financial business, law on credit agreements, law on financial advisors, law on mortgage bond companies, law on mortgage loans and mortgage bonds, etc., and various other laws. (Right to basic deposit accounts, implementation of amendments to the transparency directive, modernisation of the rules for submission of annual reports, extension of the operation of other activities of insurance companies, clarification of the regulation of refinancing risk on mortgage bonds, etc., and implementation of the Housing Credit Directive, etc.).",2015-04-21 13:00:00
2542,Forslag til lov om anlæg af motorvej syd om Regstrup.,Proposal for a law on the construction of the south motorway on Regstrup.,2015-04-21 13:00:00
2543,Forslag til lov om ændring af lov om anlæg af en jernbanestrækning København-Ringsted over Køge. (Bemyndigelse til etablering af niveaufri udfletning ved Ny Ellebjerg med dertilhørende anlæg).,Proposal for a law amending the law on the construction of a railway line Copenhagen-Ringsted over Køge.,2015-04-21 13:00:00
2544,"Forslag til lov om ændring af lov om miljøbeskyttelse og lov om planlægning. (Bemyndigelse til at fastsætte regler om anmeldelse, om vilkår for etablering og drift og om sagsbehandling).","Proposal for a law amending the Law on Environmental Protection and the Law on Planning. (Authorisation to lay down rules on notification, on conditions of establishment and operation and on procedures).",2015-04-21 13:00:00
2545,Forslag til lov om ændring af lov om vandforsyning m.v. og lov om afgift af ledningsført vand. (Grundvandskortlægning efter 2015 og nedsættelse og forlængelse af bidrag til drikkevandsbeskyttelse m.v.).,"Proposal for a law amending the Law on water supply, etc. and the Law on the tax on water supply. (Grand water mapping after 2015 and reduction and extension of contributions to drinking water protection, etc.).",2015-04-21 13:00:00
2546,Forslag til lov om ændring af lov om planlægning. (Midlertidige opholdssteder til flygtninge).,Draft law amending the law on planning. (Temporary residences for refugees).,2015-04-21 13:00:00
2547,"Forslag til lov om ændring af dyreværnsloven og lov om dyrlæger. (Forbud mod seksuel omgang eller seksuelle handlinger med dyr, forbud mod salg af hunde på markeder, avl af familie- og hobbydyr, ændret rådsstruktur m.v.).","Proposal for a law amending the Animal Protection Act and the Veterinary Act (Prohibits against sexual relations or acts involving animals, ban on the sale of dogs on markets, breeding of family and hobby animals, modified council structure, etc.).",2015-04-21 13:00:00
2551,Forslag til lov om ændring af lov om kommunal udligning og generelle tilskud til kommuner. (Nedsættelse af færgetakster for godstransport til og fra øer).,Proposal for a law amending the law on municipal compensation and general subsidies to municipalities. (Reduction of ferry tariffs for the carriage of goods to and from islands).,2015-04-28 13:00:00
2552,Forslag til lov om internationale sikkerhedsrettigheder i flymateriel.,Proposal for a law on international safety rights in aircraft equipment.,2015-04-28 13:00:00
2553,Forslag til lov om ændring af lov om jordbrugets anvendelse af gødning og om plantedække. (Justering af reglerne om plantedække m.v.).,"Proposal for a law amending the law on the use of fertilizers in agriculture and on plant cover. (Adjusting the rules on plant cover, etc.).",2015-04-28 13:00:00
2554,Forslag til lov om anlæg og drift af en fast forbindelse over Femern Bælt med tilhørende landanlæg i Danmark.,Proposal for a law on the construction and operation of a fixed link over Fehmarnbelt and related landworks in Denmark.,2015-04-28 13:00:00
2555,"Forslag til lov om ændring af lov om Sund og Bælt Holding A/S, lov om projektering af fast forbindelse over Femern Bælt med tilhørende landanlæg i Danmark og selskabsskatteloven. (Ophævelse af særbestemmelser vedrørende skat).","Proposal for a law amending the Law on Sund and Bælt Holding A/S, the Law on the design of fixed link over Femern Bælt and related landworks in Denmark and the Corporate Tax Act.",2015-04-28 13:00:00
2556,"Forslag til lov om ændring af lov om apoteksvirksomhed og lov om tinglysning. (Friere adgang til oprettelse m.v. af apoteksfilialer, veterinærafdelinger og apoteksudsalg, ændret procedure for Sundhedsstyrelsens meddelelse af apotekerbevilling og bidrag ved ansættelse af sygehusapotekere, ophævelse af apotekeres adgang til statsgaranti ved lånoptagelse m.v.).","Proposal for a law amending the law on pharmacy and the law on registration. (Freer access to the establishment, etc. of pharmacy branches, veterinary departments and pharmacy sales, amended procedure for the Danish Health Service's notification of pharmacists' authorization and contribution to the recruitment of hospital pharmacists, abolition of pharmacists' access to the State guarantee on borrowing, etc.).",2015-04-28 13:00:00
2557,"Forslag til lov om ændring af lov om anvendelse af tvang i psykiatrien. (Fastlæggelse af mindreårige psykiatriske patienters retsstilling, indførelse af ny formålsbestemmelse, skærpede kriterier for tvangsfiksering, ændring af kriterierne for åbning og kontrol af post, undersøgelse af patientstuer og ejendele samt kropsvisitation m.v.).",Proposal for a law amending the Law on the Use of Force in Psychology.,2015-04-28 13:00:00
2558,Forslag til lov om statstilskud til elintensive virksomheder.,Proposal for a law on State subsidies for electricity-intensive enterprises.,2015-04-28 13:00:00
2559,Forslag til lov om ændring af lov om elforsyning. (Justering og udskydelse af engrosmodellen og udskydelse af leveringspligten).,Proposal for a law amending the law on electricity supply. (Adjustment and postponement of the wholesale model and postponement of the obligation to supply).,2015-04-28 13:00:00
2560,Forslag til lov om ændring af lov om afgift af elektricitet og momsloven. (Tilpasninger til engrosmodellen m.v. og indførelse af omvendt betalingspligt på gas- og elmarkedet).,"Proposal for a law amending the law on taxation of electricity and VAT (Adjustments to the wholesale model, etc. and introduction of reverse charge on the gas and electricity markets).",2015-04-28 13:00:00
2564,Forslag til lov om kommunale internationale grundskoler.,Draft law on municipal international primary schools.,2015-04-30 10:00:00
2572,"Forslag til lov om ændring af SU-loven, lov om erhvervsakademiuddannelser og professionsbacheloruddannelser og lov om specialpædagogisk støtte ved videregående uddannelser. (Statens uddannelsesstøtte til supplering i forbindelse med adgangskurset til ingeniøruddannelserne, hjemmel til elektronisk at indhente oplysninger fra indkomstregisteret og til at samkøre og sammenstille oplysningerne i kontroløjemed m.v.).","Proposal for a law amending the Social Security Act, the Law on vocational education and Bachelor's degree programmes and the Law on special pedagogical support for higher education.",2015-05-07 10:00:00
2579,"Forslag til lov om ændring af lov om social service og lov om socialtilsyn. (Tilbud om anonym, ambulant behandling af stofmisbrugere m.v.).","Proposal for a law amending the Social Services Act and the Social Insurance Act. (Offers for anonymous, outpatient treatment of drug addicts, etc.).",2015-05-12 13:00:00
2580,"Forslag til lov om ændring af lov om social service. (Udvidet og styrket indsats for kvinder på krisecentre og orienteringspligt for kvindekrisecentre, forsorgshjem og herberger m.v.).","Proposal for a law amending the Social Services Act. (Enlarged and strengthened action for women in shelters and orientation for women's crisis centres, welfare homes and shelters etc.).",2015-05-12 13:00:00
2581,Forslag til jernbanelov.,Draft railway law.,2015-05-12 13:00:00
2582,Forslag til lov om ændring af lov om udendørs hold af svin. (Ophævelse af revisionsbestemmelse).,Proposal for a law amending the law on the outdoor holding of pigs.,2015-05-12 13:00:00
2583,Forslag til lov om ændring af arkivloven. (Særlig regulering i arkivloven af Dansk AlmenMedicinsk Database (DAMD)).,Draft law amending the Archive Act. (Special regulation in the Archive Act of the Danish General Medicinsk Database (DAMD)).,2015-05-12 13:00:00
2588,"Forslag til lov om ændring af lov om fremme af vedvarende energi, lov om tilskud til fremme af vedvarende energi i virksomheders produktionsprocesser og lov om elforsyning. (Ny ansøgningsprocedure og grænse på 500 kW for støtte til bl.a. solcelleanlæg og husstandsvindmøller, investeringstilskud og driftsstøtte til kraft-varme-værker, afregningsvilkår for Horns Rev 3 og ophævelse af treledstariffen m.v.).","Proposal for a law amending the law on the promotion of renewable energy, the law on subsidies for the promotion of renewable energy in the production processes of enterprises and the law on electricity supply. (New application procedure and limit of 500 kW for support for, inter alia, solar and household wind turbines, investment grants and operating aid for cogeneration plants, settlement conditions for Horns Rev 3 and the abolition of the three-stage tariff etc.).",2015-05-12 00:00:00
2591,Forslag til lov om ændring af lov om aktiv socialpolitik. (Justering af regler om tilskud til tandpleje m.v.).,Proposal for a law amending the Act on Active Social Policy.,2015-05-19 13:00:00
2592,Forslag til lov om en ordning for økonomisk risikoafdækning i forbindelse med geotermiboringer.,Proposal for a law on a system of economic protection for geothermal drilling.,2015-05-19 13:00:00
2593,Forslag til lov om ændring af lov om varmeforsyning og byggeloven. (Kommuners adgang til varetagelse af varmeforsyningsvirksomhed samt bygningsopvarmning baseret på vedvarende energi m.v.).,"Proposal for a law amending the Law on Heat Supply and Construction. (Communes access to heat supply and building heating based on renewable energy, etc.).",2015-05-19 13:00:00
2594,Forslag til lov om ændring af udlændingeloven og lov om ferie. (Udmøntning af aftalen om en bedre au pair-ordning m.v.).,"Proposal for a law amending the law on foreigners and the law on holidays (implementation of the agreement on a better au pair scheme, etc.).",2015-05-19 13:00:00
2595,"Forslag til lov om ændring af lov om friskoler og private grundskoler m.v. og lov om efterskoler og frie fagskoler. (Tilskud til inklusion, specialundervisning og anden specialpædagogisk bistand på frie skoler og enkeltfagsprøve på frie fagskoler m.v.).","Proposal for a law amending the law on free schools and private primary schools etc. and the law on post-schools and free vocational schools. (Supports for inclusion, special education and other special pedagogical assistance in free schools and individual examination in free vocational schools etc.).",2015-05-19 13:00:00
2597,Forslag til lov om ændring af lov om vederlag og pension m.v. for ministre. (Forlængelse af perioden for midlertidig nedsættelse af grundvederlag til ministre).,"Draft law amending the law on remuneration and pensions, etc. for ministers.",2015-05-19 13:00:00
2610,"Forslag til lov om ændring af årsregnskabsloven og forskellige andre love. (Reduktion af administrative byrder, tilpasning til de internationale regnskabsstandarder, gennemførelse af det nye regnskabsdirektiv og af ændringer til gennemsigtighedsdirektivet m.v.).","Proposal for a law amending the Financial Statements Act and various other laws (Reduction of administrative burdens, adaptation to international accounting standards, implementation of the new Accounting Directive and amendments to the Transparency Directive, etc.).",2015-05-21 10:00:00
2619,"Forslag til lov om ændring af lov om udenrigstjenesten. (Ansættelse af tjenestemænd på åremål, ændring af proceduren for at stille en tjenestemand til rådighed, ophævelse af reglerne om notarialforretninger m.v.).",Proposal for a law amending the Law on the External Action Service.,2015-05-26 13:00:00
2620,"Forslag til lov om ændring af lov om detailsalg fra butikker m.v., lov om forbrugerbeskyttelse ved erhvervelse af fast ejendom m.v., lov om søfarendes ansættelsesforhold m.v., lov om kommuners og regioners udførelse af opgaver for andre offentlige myndigheder og kommuners og regioners deltagelse i selskaber og forskellige andre love og om ophævelse af lov om translatører og tolke og ophævelse af lov om dispachører. (Lempelse af dispensationsadgang for detailsalg på helligdage, afskaffelse af maksimalpriser i huseftersynsordningen, minimumsbeskyttelse af visse personkategorier om bord på skibe, afskaffelse af indberetningspligten for kommuners og regioners deltagelse i selskaber og afskaffelse af beskikkelsesordning for translatører og tolke samt for dispachører m.v.).","Proposal for a law amending the Law on retail sale from shops etc., the Law on consumer protection in the acquisition of immovable property, etc., the Law on employment, etc., the Law on the performance by municipalities and regions of tasks for other public authorities and municipalities and regions of participation in companies and various other laws, and repealing the Law on Translaters and Interpreters and the Law on Dispacers. (Emmission of exemption for retail sale on public holidays, abolition of maximum prices in the house inspection scheme, minimum protection of certain categories of persons on board ships, abolition of reporting obligations on the participation of municipalities and regions in companies and abolition of the system for appointing translators and interpreters and for dispacators, etc.).",2015-05-26 13:00:00
2621,"Forslag til lov om ændring af lov om graveadgang og ekspropriation m.v. til telekommunikationsformål, lov om elektroniske kommunikationsnet og -tjenester og konkurrenceloven. (Fælles udnyttelse af passiv fysisk infrastruktur, forberedelse af bygninger til højhastighedsnet, krav til øget sikring af ikkediskrimination ved lancering af nye eller væsentligt ændrede detailprodukter, sektorspecifik fusionskontrol og gratis wifi til turismeformål m.v.).","Proposal for a law amending the law on digging and expropriation for telecommunications purposes, the law on electronic communications networks and services and the law on competition. (Common exploitation of passive physical infrastructure, preparation of buildings for high-speed networks, requirements for increased non-discrimination in the launch of new or substantially modified retail products, sectoral merger control and free wifi for tourism purposes, etc.).",2015-05-26 13:00:00
2622,"Forslag til lov om ændring af selskabsloven, lov om visse erhvervsdrivende virksomheder, lov om forebyggende foranstaltninger mod hvidvask af udbytte og finansiering af terrorisme og skattekontrolloven. (Gennemførelse af en del af initiativerne i skattelypakken på erhvervsområdet).","Proposal for a law amending the Companies Act, law on certain economic operators, law on preventive measures against money laundering and terrorist financing and the Tax Control Act. (Implementation of part of the initiatives in the business tax havens package).",2015-05-26 13:00:00
2623,"Forslag til lov om ændring af lov om folkeskolen. (Indførelse af fælles prøve i fysik/kemi, biologi og geografi, ændring af bedømmelsesordning ved folkeskolens skriftlige prøver m.v.).","Proposal for a law amending the law on primary school. (Introduction of a joint test in physics/chemistry, biology and geography, amendment of the assessment scheme in the written examinations of the primary school, etc.).",2015-05-26 13:00:00
2624,"Forslag til lov om ændring af lov om godskørsel og lov om buskørsel. (Ansatte chauffører, ophævelse af chaufførudlånsordningen, aflønning af chaufførvikarer, udvidet anvendelse af overenskomstnævnet, ændring af domstolsprøvelse i visse sager m.v.).",Proposal for a law amending the law on the carriage of goods and the law on bus services.,2015-05-26 13:00:00
2625,Forslag til lov om anlæg af en ny Storstrømsbro og nedrivning af den eksisterende Storstrømsbro.,Proposal for a law on the construction of a new Storstrøm bridge and demolition of the existing Storstrøm bridge.,2015-05-26 13:00:00
2638,"Forslag til lov om ændring af lov om aktiv socialpolitik, lov om en aktiv beskæftigelsesindsats, integrationsloven og forskellige andre love. (Indførelse af en integrationsydelse, ændring af reglerne om ret til uddannelses- og kontanthjælp m.v.).","Proposal for a law amending the Act on Active Social Policy, the Act on Active Employment, the Integration Act and various other laws.",2015-08-26 13:00:00
2639,Forslag til lov om ændring af ligningsloven. (Genindførelse af boligjobordningen).,Proposal for a law amending the law on equations.,2015-08-26 13:00:00
2640,Forslag til lov om ændring af opkrævningsloven og selskabsskatteloven. (Ændring af rentetillæg for afregning af selskabsskat og begrænsning af indestående på skattekontoen m.v.).,"Proposal for a law amending the Law on Collection and Corporate Tax. (Changing the interest rate surcharge for settlement of corporation tax and limiting the holding in the tax account, etc.).",2015-08-26 13:00:00
2641,Forslag til lov om ændring af lov om børnetilskud og forskudsvis udbetaling af børnebidrag og lov om en børne- og ungeydelse. (Genindførelse af optjeningsprincippet for ret til børnetilskud og børne- og ungeydelse for flygtninge m.v.).,"Proposal for a law amending the law on family allowances and the advance payment of child allowances and the law on a child and young person's allowance. (Renewing the principle of the right to family allowances and child and young people's allowance for refugees, etc.).",2015-08-26 13:00:00
2656,Forslag til lov om ændring af lov om inddrivelse af gæld til det offentlige. (Udskydelse af forældelse som følge af utilstrækkelig funktionalitet i Et Fælles Inddrivelsessystem).,Draft law amending the law on the recovery of public debt (exclusion of limitation periods due to insufficient functionality of a common recovery system).,2015-11-12 10:00:00
2666,Forslag til lov om omdannelse af retsforbeholdet til en tilvalgsordning.,Draft law on the conversion of the legal reserve into an electoral system.,2015-11-12 10:00:00
2684,Forslag til lov om ændring af lov om elforsyning og lov om Energinet.dk. (Støtte til eksisterende naturgasfyrede industrielle kraft-varme-værker m.v.).,Proposal for a law amending the law on electricity supply and the Act on Energinet.dk. (Support to existing natural gas-fired industrial cogeneration plants etc.).,2015-11-19 10:00:00
2691,Forslag til lov om ændring af udlændingeloven. (Håndtering af flygtninge- og migrantsituationen).,Proposal for a law amending the law on foreigners (Managing the refugee and migrant situation).,2015-11-20 15:00:00
2693,"Forslag til lov om ændring af lov om finansiel virksomhed, lov om investeringsforeninger m.v., lov om værdipapirhandel m.v. og forskellige andre love. (Gennemførelse af UCITS V-direktivet, indfasning af nyt likviditetsdækningskrav for penge- og realkreditinstitutter og hjemmel for Finanstilsynet til at indsamle og offentliggøre priser på boliglån).","Proposal for a law amending the law on financial activities, the law on investment funds, etc., the law on securities trading, etc., and various other laws (Implementation of the UCITS V Directive, phasing-in of new liquidity coverage requirements for money and mortgage institutions, and legal basis for the FSA to collect and publish prices for residential loans).",2015-12-04 10:00:00
2694,"Forslag til lov om ændring af lov om betalingstjenester og elektroniske penge. (Loft over interbankgebyrer, tilsyn med forordningen om interbankgebyrer m.v.).",Proposal for a law amending the law on payment services and electronic money.,2015-12-04 10:00:00
2697,"Forslag til lov om ændring af lov om spil, lov om afgifter af spil og lov for Grønland om visse spil. (Justering af gebyrskalaen for væddemål og onlinekasino, månedsafregning for væddemål og onlinekasino m.v.).","Draft law amending the law on gambling, the law on gambling charges and the law for Greenland on certain gambling. (Adjusting the fee scale for betting and online casino, monthly billing for betting and online casino, etc.).",2015-12-08 13:00:00
2698,"Forslag til lov om ændring af lov om spil, lov om afgifter af spil, lov for Grønland om visse spil og forskellige andre love. (Natlukning af spillehaller med gevinstgivende spilleautomater og ophævelse af reglen om nedslag i afgiften for udlodninger m.v.).","Proposal for a law amending the law on gambling, the law on gambling charges, the law for Greenland on certain games and various other laws. (Night closing of gambling halls with winning slot machines and repealing the rule on discounting the tax on distributions etc.).",2015-12-08 13:00:00
2699,Forslag til lov for Grønland om kapitalkrav og tilsynsmæssige krav for kreditinstitutter og investeringsselskaber.,Proposal for a law for Greenland on capital requirements and prudential requirements for credit institutions and investment firms.,2015-12-08 13:00:00
2700,Forslag til lov om ændring af lov om arbejdsskadesikring i Grønland. (Tekniske justeringer).,Draft law amending the law on occupational injury insurance in Greenland. (Technical adjustments).,2015-12-08 13:00:00
2706,"Forslag til lov om ændring af lov om Forsvarets Efterretningstjeneste (FE). (Styrket indsats mod aktiviteter i udlandet, der kan indebære en terrortrussel mod Danmark og danske interesser).",Draft law amending the Law on Defence Intelligence (FE). (Strengthened action against activities abroad that may involve a terrorist threat to Denmark and Danish interests).,2015-12-10 10:00:00
2707,Forslag til lov om net- og informationssikkerhed.,Proposal for a law on network and information security.,2015-12-10 10:00:00
2708,Forslag til lov om ændring af udlændingeloven. (Gennemførelse af den reviderede Eurodac-forordning).,Proposal for a law amending the law on foreigners. (Implementation of the revised Eurodac Regulation).,2015-12-10 10:00:00
2709,"Forslag til lov om ændring af lov om social service. (Målrettet rådgivning til voksne, der er i risiko for radikalisering, eller som ønsker at forlade ekstremistiske miljøer).",Proposal for a law amending the Social Services Act. (Measured advice for adults at risk of radicalisation or wishing to leave extremist environments).,2015-12-10 10:00:00
2710,Forslag til lov om ansættelsesklausuler.,Draft law on employment clauses.,2015-12-10 10:00:00
2711,"Forslag til lov om ændring af lov om Arbejdsmarkedets Tillægspension, lov om Lønmodtagernes Dyrtidsfond, lov om arbejdsløshedsforsikring m.v. og forskellige andre love. (Ændring af investeringsregler som følge af solvens II, undtagelse af investeringsdel fra lov om offentlighed i forvaltningen, fritagelse for betaling af finansieringsbidrag m.v.).","Proposal for a law amending the Law on the Supplementary Pension of the Labour Market, the Law on the Animal Time Fund of Employees, the Law on Unemployment Insurance, etc., and various other laws (Amendment of the rules on investment resulting from solvency II, except for investment part from the Act on Publicity in Administration, exemption from the payment of financial contributions, etc.).",2015-12-10 10:00:00
2712,"Forslag til lov om ændring af lov om Ligebehandlingsnævnet. (Indførelse af krav om retlig interesse, formandsafgørelser samt mulighed for, at Institut for Menneskerettigheder – Danmarks Nationale Menneskerettighedsinstitution kan indbringe visse sager for Ligebehandlingsnævnet m.v.).","Proposal for a law amending the Law on the Equal Treatment Board. (Introduction of requirements of legal interest, Presidential decisions and the possibility for the Institute of Human Rights to refer certain cases to the Equal Treatment Board, etc.).",2015-12-10 10:00:00
2713,"Forslag til lov om ændring af lov om tilbagelevering af kulturgoder, som ulovligt er fjernet fra et EU-medlemslands område m.v., og lov om fuldbyrdelse af visse strafferetlige afgørelser i Den Europæiske Union. (Gennemførelse af Europa-Parlamentets og Rådets direktiv 2014/60/EU af 15. maj 2014 om tilbagelevering af kulturgoder).","Proposal for a law amending the law on the return of cultural goods unlawfully removed from the territory of a Member State of the European Union, etc., and the law on the enforcement of certain criminal decisions in the European Union. (Implementation of Directive 2014/60/EU of the European Parliament and of the Council of 15 May 2014 on the return of cultural goods).",2015-12-10 10:00:00
2716,Forslag til lov om ændring af udlændingeloven. (Transportøransvar i forbindelse med midlertidig grænsekontrol ved indre Schengengrænser).,Proposal for a law amending the law on aliens.,2015-12-11 10:00:00
2718,"Forslag til lov om ændring af retsplejeloven, lov om Domstolsstyrelsen og lov om retsafgifter. (Digitalisering af retsprocessen i borgerlige sager, oprettelse af en domsdatabase m.v.).","Proposal for a law amending the Code of Civil Procedure, the Law on the Court of Justice and the Law on court fees (Digitization of the judicial process in civil matters, creation of a judgment database, etc.).",2015-12-15 13:00:00
2719,Forslag til lov om ændring af straffeloven. (Tilslutning til fjendtlig væbnet styrke).,Draft law amending the penal code. (Connect to enemy armed force).,2015-12-15 13:00:00
2806,Forslag til finanslov for finansåret 2016.,Draft Finance Act for the financial year 2016.,2015-12-17 10:00:00
2807,"Forslag til lov om fastsættelse af udgiftslofter for stat, kommuner og regioner for finansåret 2019.","Proposal for a law on the establishment of expenditure ceilings for state, municipalities and regions for the financial year 2019.",2015-12-17 10:00:00
2808,"Forslag til lov om ændring af lov om fastsættelse af udgiftslofter for stat, kommuner og regioner for finansårene 2014-2017 og lov om fastsættelse af udgiftslofter for stat, kommuner og regioner for finansåret 2018. (Konsekvenser af regeringens forslag til finanslov for 2016).","Proposal for a law amending the Law on the establishment of expenditure ceilings for state, municipalities and regions for the financial years 2014-2017 and the Act on the establishment of expenditure ceilings for state, municipalities and regions for the financial year 2018. (Consequences of the Government's draft Finance Act 2016).",2015-12-17 10:00:00
2809,"Forslag til lov om ændring af lov om institutioner for almengymnasiale uddannelser og almen voksenuddannelse m.v., lov om institutioner for erhvervsrettet uddannelse og forskellige andre love. (Tilskud til fjernundervisning m.v.).","Proposal for a law amending the law on institutions for general upper secondary education and adult education, etc., the law on institutions for vocational training and various other laws. (Subsidies for distance learning, etc.).",2015-12-17 10:00:00
2810,Forslag til lov om ændring af forskellige lovbestemmelser om klageadgang og kompetence m.v. på det familieretlige område. (Ankestyrelsen som familieretlig klagemyndighed m.v.).,Proposal for a law amending various legal provisions on the right of appeal and jurisdiction in the field of family law.,2015-12-17 10:00:00
2811,Forslag til lov om ændring af adoptionsloven. (Et nyt adoptionssystem m.v.).,"Draft law amending the adoption law. (A new adoption system, etc.).",2015-12-17 10:00:00
2812,"Forslag til lov om ændring af lov om valg til Folketinget, lov om valg af danske medlemmer til Europa-Parlamentet, lov om kommunale og regionale valg og lov om økonomisk støtte til politiske partier m.v. (Anmeldelse af kandidatlister, afskaffelse af pligt til opstilling til kommunale og regionale valg, åbningstid på valgdagen, frister for brevstemmeafgivning m.v.).","Draft law amending the law on elections to the Folketing, the law on the election of Danish Members to the European Parliament, the law on municipal and regional elections and the law on financial support for political parties, etc. (Resignation of lists of candidates, abolition of the obligation to stand for municipal and regional elections, opening hours on the day of the election, deadlines for the submission of letters, etc.).",2015-12-17 10:00:00
2813,Forslag til lov om indfødsrets meddelelse.,Draft law on the notification of citizenship.,2015-12-17 10:00:00
2814,Forslag til lov om ændring af lov om mæglings- og klageinstitutionen for ansvarlig virksomhedsadfærd. (Ophævelse af revisionsbestemmelse).,Proposal for a law amending the law on the mediation and complaint institution for responsible corporate behaviour.,2015-12-17 10:00:00
2815,Forslag til lov om ændring af lov om planlægning og lov om midlertidig regulering af boligforholdene. (Udvidelse af fleksboligordningen).,Proposal for a law amending the law on planning and the law on the temporary regulation of housing conditions.,2015-12-17 10:00:00
2816,Forslag til lov om ændring af lov om fremgangsmåden ved ekspropriation vedrørende fast ejendom og lov om offentlige veje m.v. (Udvidelse af adgangen til udpegning af kommissarier og formænd for taksationskommissioner og overtaksationskommissioner).,"Proposal for a law amending the law on the procedure for expropriation of immovable property and the law on public roads, etc. (Enlargement of access to appointment of Commissions and Chairs of Administrative Commissions and Administrative Commissions).",2015-12-17 10:00:00
2827,"Forslag til lov om ændring af lov om social pension, lov om arbejdsskadesikring og lov om afgift af bidraget til Arbejdsmarkedets Erhvervssygdomssikring og af arbejdsulykkeerstatninger m.v. (Regulering af folkepensionsalderen, ændring af revisionsbestemmelse m.v.)","Proposal for a Law amending the Law on Social Pensions, the Law on Occupational Injury Insurance and the Law on the Tax on the Contribution to Occupational Sickness Insurance of the Labour Market, and compensation for accidents at work, etc. (Regulation of the retirement age, amendment of the revision clause, etc.)",2015-12-18 10:00:00
2828,"Forslag til lov om ændring af kursgevinstloven, ligningsloven, pensionsafkastbeskatningsloven, statsskatteloven og forskellige andre love. (Skattemæssig behandling af negative renter, forrentning af pensionsafkastskat og renter vedrørende visse pensionsordninger m.v.).","Draft law amending the law on exchange gains, the law on equations, the pension income tax law, the State Tax Act and various other laws. (Tax treatment of negative interest, return on pension and interest on certain pension schemes, etc.).",2015-12-18 10:00:00
2829,"Forslag til lov om ændring af skattekontrolloven, arbejdsmarkedsbidragsloven, kildeskatteloven, ligningsloven og pensionsbeskatningsloven. (Indførelse af land for land-rapportering for store multinationale koncerner, gennemførelse af ændring af direktiv om administrativt samarbejde på beskatningsområdet m.v.).","Proposal for a law amending the tax control law, the labour market contribution law, the withholding tax law, the law on equations and the pension tax law. (Introduction of country-by-country reporting for large multinational groups, implementation of amendments to the directive on administrative cooperation in the field of taxation, etc.).",2015-12-18 10:00:00
2843,Forslag til lov om ændring af sundhedsloven og lov om socialtilsyn. (Øget kvalitet i alkoholbehandlingen).,Proposal for a law amending the Health Act and the Social Insurance Act. (Increased quality in alcohol treatment).,2015-12-21 10:00:00
2844,Forslag til lov om ændring af lov om social service. (Målretning af de forebyggende hjemmebesøg).,Proposal for a law amending the Social Services Act.,2015-12-21 10:00:00
2845,"Forslag til lov om ændring af lov om miljøvenligt design af energirelaterede produkter, lov om energimærkning af energirelaterede produkter, lov om fremme af energibesparelser i bygninger, lov om fjernkøling og lov om fremme af besparelser i energiforbruget. (Skærpet håndhævelse af dokumentationskrav til ecodesign og energimærkning af energirelaterede produkter, justering af forpligtelsen til at lade udarbejde energimærkning for bygninger med ejerlejligheder, lettelse af vilkårene for godkendelse som bedre bolig-rådgiver og faktureringsoplysninger til fjernkølingskunder m.v.).","Proposal for a law amending the Ecodesign Act for energy-related products, Law on energy labelling of energy-related products, Law on the promotion of energy savings in buildings, Law on remote cooling and Law on the promotion of savings in energy consumption. (Enhanced enforcement of documentation requirements for ecodesign and energy labelling of energy-related products, adjustment of the obligation to have energy labelling for buildings with ownership facilities, facilitation of conditions for approval as better residential advisor and billing information for remote cooling customers, etc.).",2015-12-21 10:00:00
2846,Forslag til lov om ændring af lov om fremme af vedvarende energi. (Nedsættelse af støtte for husstandsvindmøller).,Proposal for a law amending the law on the promotion of renewable energy sources.,2015-12-21 10:00:00
2847,"Forslag til lov om ændring af lov om luftfart. (Fri adgang til og fra ankomst- og afgangsterminaler, trafikledelsesordninger på flyvepladsernes områder og opkrævning af betaling).","Proposal for a law amending the Air Transport Act. (Free access to and from terminal arrivals and departures, traffic management arrangements at aerodromes and collection of payments).",2015-12-21 10:00:00
2848,Forslag til lov om anerkendelse af visse uddannelses- og erhvervsmæssige kvalifikationer.,Proposal for a law on the recognition of certain training and vocational qualifications.,2015-12-21 10:00:00
2849,Forslag til lov om ændring af lov om fødevarer. (Ændret finansiering af kontrolkampagner og kosttilskudskontrol og indførelse af mulighed for rekvireret vejledning).,Proposal for a law amending the Food Law (changed funding of control campaigns and food supplements control and introduction of available guidance).,2015-12-21 10:00:00
2850,"Forslag til lov om ændring af lov om arbejdsmiljø. (Risikobaseret tilsyn, offentliggørelse af navne på virksomheder under skærpet tilsyn, skærpelse af straf og offentliggørelse af arbejdspladsvurdering vedrørende elektromagnetiske felter m.v.).","Proposal for a law amending the Law on Working Conditions. (Risk-based supervision, publication of names of companies under enhanced supervision, tightening of penalties and publication of workplace assessment on electromagnetic fields, etc.).",2015-12-21 09:00:00
2851,Forslag til lov om ændring af lov om Fonden for Forebyggelse og Fastholdelse. (Ændring af organiseringen og administrationen af Fonden for Forebyggelse og Fastholdelse).,Proposal for a law amending the Law on the Fund for Prevention and Maintenance. (Changing the organisation and administration of the Fund for Prevention and Maintenance).,2015-12-21 10:00:00
2852,"Forslag til lov om ændring af lov om sygedagpenge, lov om en aktiv beskæftigelsesindsats, lov om organisering og understøttelse af beskæftigelsesindsatsen m.v., lov om aktiv socialpolitik og lov om ferie. (Midlertidig periode med ret til sygedagpenge ved livstruende, alvorlig sygdom m.v.).","Proposal for a law amending the Law on sickness benefits, Act on active employment, Act on the organisation and support of employment, etc., Act on active social policy and law on holidays (Temporary period of entitlement to sickness benefit in the event of life-threatening serious illness, etc.).",2015-12-21 10:00:00
2853,"Forslag til lov om ændring af lov om en aktiv beskæftigelsesindsats og lov om kommunal udligning og generelle tilskud til kommuner. (Ændret minimumskrav til mentorindsats, sammenlægning af rammer for mentor og aktiv indsats m.v.).","Proposal for a law amending the Act on Active Employment and the Law on Municipal Equalisation and General Grants to Municipalities (changed minimum mentoring effort, merging framework for mentoring and active action, etc.).",2015-12-21 10:00:00
2854,"Forslag til lov om ændring af kildeskatteloven, momsloven og skattekontrolloven. (Ophævelse af hjemmel til kontrol af udendørs byggeaktivitet på privat grund – retssikkerhedspakke I).","Proposal for a law amending the withholding tax law, the VAT law and the Tax Control Act.",2015-12-21 10:00:00
2855,Forslag til lov om ændring af tonnageskatteloven og sømandsbeskatningsloven. (Udvidelse af tonnageskatteordningen med en række specialskibe).,Proposal for a law amending the Tonnage Tax Act and the Maritime Taxation Act. (Enlargement of the Tonnage Tax Scheme by a number of special ships).,2015-12-21 10:00:00
2856,"Forslag til lov om ændring af lov om kommunal ejendomsskat
og lov om vurdering af landets faste ejendomme (Fritagelse for grundskyld for ejendomme ramt af kystnedbrydning og vurdering af visse ejendomme med hjemfaldspligt).",Proposal for a law amending the law on municipal property tax and the law on the valuation of the country's real estate (Derogation of land due to coastal degradation and assessment of certain properties subject to a return obligation).,2015-12-21 10:00:00
2857,"Forslag til lov om ændring af momsloven og forskellige
andre love. (Momsgodtgørelse for ambassader m.v., bemyndigelse til momskontrol af betalingsoplysninger, tilpasning af reglerne om herboende repræsentant for motoransvars- og lystfartøjsforsikringer, tilpasning af adgangen til registrering af oplysninger i Køretøjsregisteret, afskaffelse af befordringsfradrag m.v. for skattefritagne personer m.v.)","Proposal for a law amending the VAT Act and various other laws. (Remuneration of embassies, etc., authorisation for VAT control of payment data, adaptation of the rules on resident representatives of motor liability and pleasure craft insurance, adaptation of access to vehicle register data, abolition of tax-free allowances, etc.)",2015-12-21 09:00:00
2858,"Forslag til lov om ændring af lov om registrering af køretøjer.
(Tilpasning af adgangen til indhentelse af oplysninger
i Køretøjsregisteret).",Proposal for a law amending the law on vehicle registration. (Adjustment of access to information in the Vehicle Register).,2015-12-21 09:00:00
2859,"Forslag til lov om ændring af registreringsafgiftsloven, brændstofforbrugsafgiftsloven og forskellige andre love. (Indfasning af eldrevne og brændselscelledrevne køretøjer i grøn ejerafgift og registreringsafgift m.v.).","Proposal for a law amending the Registration Tax Act, the Fuel Consumption Tax Act and various other laws (phase-in of electric and fuel cell vehicles in green ownership tax and registration tax, etc.).",2015-12-21 10:00:00
2860,Forslag til lov om ændring af ligningsloven. (Forhøjelse af fradrag for passage af Storebæltsforbindelsen).,Proposal for a law amending the law on equations. (Increase of deduction for passage of the Storebælt link).,2015-12-21 10:00:00
2861,Forslag til lov om ophævelse af reklameafgiftsloven. (Ophævelse af reklameafgiftsloven).,Proposal for a law repealing the Advertising Tax Act.,2015-12-21 10:00:00
2862,Forslag til lov om ændring af registreringsafgiftsloven. (Nedsættelse af registreringsafgiftens højeste sats for personbiler m.v.).,Proposal for a law amending the Registration Tax Act. (Reduction of registration tax rate for passenger cars etc.).,2015-12-21 10:00:00
2863,"Forslag til lov om ændring af lov om afgift af kvælstofoxider og forskellige andre love. (Nedsættelse af NOx-afgiften, tilretning og senere ophævelse af NOx-afgiftsloven, indførelse af forbrugsregistrering for afgifterne på affaldsvarme og ændring af visse miljø- og energiafgifter).",Proposal for a law amending the law on the levy of nitrogen oxides and various other laws.,2015-12-21 10:00:00
2864,Forslag til lov om indfødsretsprøven af 2015.,Proposal for a law on the 2015 citizenship test.,2015-12-21 09:00:00
2865,"Forslag til lov om ændring af integrationsloven og lov om planlægning. (Midlertidig indkvartering af flygtninge).
",Draft law amending the law on integration and the law on planning. (Temporary accommodation of refugees).,2015-12-21 09:00:00
2866,Forslag til lov om ændring af lov om Politiets Efterretningstjeneste (PET) og toldloven. (Politiets Efterretningstjenestes adgang til oplysninger om flypassagerer i terrorsager m.v. og SKATs håndtering af oplysninger om flypassagerer i forbindelse med toldkontrol m.v.).,Proposal for a law amending the Law on Police Intelligence (PET) and the Customs Act.,2015-12-21 09:00:00
2870,"Forslag til lov om ændring af myndighedsloven for Grønland, lov om ikrafttræden for Grønland af lov om ægteskabets retsvirkninger, retsplejelov for Grønland og kriminallov for Grønland. (Ændringer som følge af ikraftsættelse for Grønland af forældreansvarslovgivningen og lovgivningen om ægteskab mellem to personer af samme køn).","Draft law amending the Law on Authorities for Greenland, Law on the entry into force for Greenland of the Law on the Effects of Marriage, Law on the Law on the Law on the Law on the Law on the Law on the Law on the Law on the Law on the Law on the Law on the Law on the Law on the Law on the Law on the Law on the Law on the Law on the Law on the Law on the Law on the Law on the Law on the Law on the Law on the Law on the Law on the Law on the Law on the Law on the Law on the Law on the Law on the Law on the Law on the Law on the Law on the Law on the Law on the Law on the Law on the Law on the Law on Criminal Procedure for Greenland and the Law on Criminal Law on the Law on the Law on the Law on the Law on the Law on the Law on the Law on the Law on the Law on the Law on the Law on the Law on the Law on the Law on the Law on the Law on the Law on the Law on the Law on the Law on Law on the Law on the Law on the Law on the Law on the Law on the Law on the Law on the Law on the Law on the Law on the Law on the Law on the Law on the Law on the Law on the Law on the Law on the Law on the Law on the Law on the Law on the Law on the Law on the Law on the Law on the Law on the Law on the Law on the Law on the Law on the Law on the Law on Law on the Law on the Law on the Law on the Law on the Law on the Law on the Law on the Law on the Law on the Law on the Law on the Law on the Law on the Law on of of of of of of of of of of of of of of of on the Law on the Law on the Law on the Law on the Law on the Law on the Law on the Law on the Law on the Law on Law on the Law on the Law on the Law on the Law on the Law on the Law on the Law on the Law on the Law on the Law on the Law on the Law on the Law on the Law on the Law on the Law on the Law on the Law on the Law on the Law on the Law on the Law on the Law on the Law on the Law on the Law on the Law on the Law on the Law on the Law on the Law",2016-01-19 13:00:00
2875,Forslag til lov om EKF Danmarks Eksportkredit.,Draft law on EKF Denmark's Export Credit.,2016-01-21 10:00:00
2876,Forslag til lov om ændring af lov om naturgasforsyning. (Bemyndigelse til fastsættelse af regler om opgørelse af produktions- og tilførselsomkostninger for opgraderet og renset biogas m.v.).,"Proposal for a law amending the Act on natural gas supply. (Authorisation to lay down rules on the calculation of production and input costs for upgraded and purified biogas, etc.).",2016-01-21 10:00:00
2877,Forslag til lov om ophævelse af lov om randzoner.,Proposal for a law repealing the law on peripheral areas.,2016-01-21 10:00:00
2878,Forslag til lov om ændring af lov om friskoler og private grundskoler m.v. (Bedre rammer for skoletilbud på 27 småøer).,Proposal for a law amending the law on free schools and private primary schools etc. (Better framework for school provision of 27 small islands).,2016-01-21 10:00:00
2879,"Forslag til lov om ændring af lov for Færøerne om rettens pleje, lov om ændring af færdselsloven og pasloven og lov om ændring af lov om Arbejdsmarkedets Tillægspension og forskellige andre love. (Videoafhøring af børn og unge i straffesager, bestemmelser om territorial gyldighed for Færøerne og Grønland m.v.).","Draft law amending the Law of the Faroe Islands on the care of the courts, the law amending the Road Traffic Act and the Law amending the Law on the Supplementary Pension of the Labour Market and various other laws. (Video consultation of children and young people in criminal proceedings, provisions on territorial validity for the Faroe Islands and Greenland, etc.).",2016-01-21 10:00:00
2887,"Forslag til lov om ændring af udlændingeloven. (Udskydelse af retten til familiesammenføring for personer med midlertidig beskyttelsesstatus, skærpelse af reglerne om tidsubegrænset opholdstilladelse, skærpelse af reglerne om inddragelse af flygtninges opholdstilladelse m.v.).","Proposal for a law amending the law on aliens. (Exclusion of the right to family reunification for persons with temporary protection status, tightening of the rules on permanent residence permits, tightening of the rules on the withdrawal of refugee residence permits, etc.).",2016-01-26 13:00:00
2890,Forslag til lov om ændring af lov om dansk indfødsret. (Ophævelse af erklæringsadgangen for unge født og opvokset i Danmark m.v.).,"Proposal for a law amending the Law on Danish citizenship. (Completion of declaration access for young people born and raised in Denmark, etc.).",2016-02-02 13:00:00
2891,Forslag til lov om ændring af lov om dansk indfødsret. (Omfattelse af børn som bipersoner ved afgivelse af erklæring i medfør af reglerne om dobbelt statsborgerskab).,Proposal for a law amending the law on Danish citizenship.,2016-02-02 13:00:00
2893,Forslag til lov om ophævelse af lov om barselsudligning for selvstændigt erhvervsdrivende.,Proposal for a law repealing the law on maternity compensation for selfemployed persons.,2016-02-04 10:00:00
2894,Forslag til lov om ændring af lov om lige løn til mænd og kvinder. (Kønsopdelt lønstatistik).,Proposal for a law amending the law on equal pay for men and women.,2016-02-04 10:00:00
2901,"Forslag til lov om ændring af forældreansvarsloven og lov om social service. (Forældremyndighed, når den ene forælder har forvoldt den anden forælders død, overførsel af forældremyndighed til samlevende par m.v.).","Proposal for a law amending the law on parental responsibility and the law on social services. (Parental authority when one parent has caused the death of the other parent, transfer of parental authority to cohabiting couples, etc.).",2016-02-11 10:00:00
2902,Forslag til lov om ændring af lov om radiofrekvenser og om ophævelse af lov om auktion over tilladelser til 3. generations mobilnet. (Ændring af auktions- og udbudsbestemmelser og ophævelse af lov om auktion over tilladelser til 3. generations mobilnet).,Proposal for a law amending the law on radio frequencies and repealing the law on the auction of licences for third generation mobile networks.,2016-02-11 10:00:00
2903,"Forslag til lov om ændring af lov om vandsektorens organisering og økonomiske forhold, lov om vandforsyning m.v., lov om betalingsregler for spildevandsforsyningsselskaber m.v. og forskellige andre love. (Opfølgning på politisk forlig om en ny og forbedret regulering af den danske vandsektor).","Draft law amending the law on the organisation and economic conditions of the water sector, the Law on water supply, etc., the Law on payment rules for waste water supply companies, etc., and various other laws. (Follow-up to political conciliation on a new and improved regulation of the Danish water sector).",2016-02-11 10:00:00
2904,Forslag til lov om ændring af ligningsloven. (Grøn boligjobordning i 2016 og 2017).,Draft law amending the law on equations. (Green Housing Job Scheme in 2016 and 2017).,2016-02-11 10:00:00
2905,Forslag til lov om ændring af retsplejeloven. (Videoafhøring af børn og unge i straffesager).,Proposal for a law amending the Code of Criminal Procedure. (Video consultation of children and young people in criminal proceedings).,2016-02-11 10:00:00
2906,"Forslag til lov om ændring af retsplejeloven. (Udtagelse af blodprøve, anklagemyndighedens deltagelse i retsmøder via videokommunikation ved fristforlængelser m.v.).","Proposal for a law amending the Code of Criminal Procedure (Exclusion of blood tests, participation of the Public Prosecutor in hearings via video communications by extension of time limits, etc.).",2016-02-11 10:00:00
2907,"Forslag til lov om ændring af sundhedsloven. (Regler for private ambulanceberedskaber, honorarer til medlemmer af patientinddragelsesudvalg, personkreds i sundhedshuse m.v.).","Proposal for a Law amending the Health Act. (Rules for private ambulance services, fees for members of patient involvement committees, health care centres, etc.).",2016-02-11 10:00:00
2910,Forslag til lov om ændring af retsplejeloven. (Udveksling af oplysninger om tegn på radikalisering og ekstremisme).,Draft law amending the Code of Criminal Procedure. (Exchange of information on signs of radicalisation and extremism).,2016-02-23 13:00:00
2911,Forslag til lov om ændring af lov om fuldbyrdelse af straf m.v. (Sektionering af radikaliserede og ekstremistiske indsatte).,"Draft law amending the Law on the Enforcement of Punishment, etc. (Sectionation of radicalised and extremist inmates).",2016-02-23 13:00:00
2912,Forslag til lov om ændring af straffeloven. (Kriminalisering af uretmæssig besiddelse af mobiltelefon og lignende kommunikationsudstyr i varetægtssurrogat).,Proposal for a law amending the Criminal Code (Criminalisation of improper possession of mobile phones and similar communications equipment in custody).,2016-02-23 13:00:00
2913,Forslag til lov om ændring af lov om DSB. (Vilkår for udlån af tjenestemænd og ophævelse af bestemmelser om DSB S-tog A/S).,Proposal for a law amending the law on DSB. (Terms of lending of civil servants and repealing provisions on DSB S-tog A/S).,2016-02-23 13:00:00
2914,Forslag til lov om ændring af lov om social service. (Værdighedspolitikker for ældreplejen).,Proposal for a law amending the Social Services Act.,2016-02-23 13:00:00
2915,Forslag til lov om ændring af lov om kommunal ejendomsskat og lov om kommunal udligning og generelle tilskud til kommuner. (Fastfrysning af grundskyld for ejerboliger i 2016).,Proposal for a law amending the Law on Municipal Property Tax and the Law on Municipal Equalisation and General Grants to Municipalities.,2016-02-25 10:00:00
2916,Forslag til lov om ændring af lov om jordbrugets anvendelse af gødning og om plantedække. (Justering af reglerne om kvælstofnormer).,Proposal for a law amending the Law on the Use of Fertilizers in Agriculture and on Plant Covers.,2016-02-25 10:00:00
2917,"Forslag til lov om ændring af lov om assisteret reproduktion i forbindelse med behandling, diagnostik og forskning m.v. (Information og samtykke i forbindelse med behandling med assisteret reproduktion m.v.).","Proposal for a law amending the Law on Assisted Reproduction for Treatment, Diagnostics and Research, etc. (Information and consent for treatment with Assisted Reproduction, etc.).",2016-02-25 10:00:00
2921,"Forslag til lov om ændring af selskabsloven, lov om visse erhvervsdrivende virksomheder, lov om erhvervsdrivende fonde og forskellige andre love. (Indførelse af register over reelle ejere).","Proposal for a law amending the Companies Act, the Law on certain Business Enterprises, the Law on Economic Funds and various other laws. (Incorporation of the Register of Real Owners).",2016-03-01 13:00:00
2925,Forslag til lov om radioudstyr og elektromagnetiske forhold.,Proposal for a law on radio equipment and electromagnetic conditions.,2016-03-03 10:00:00
2926,Forslag til lov om pilotudbud af pristillæg for elektricitet fremstillet på solcelleanlæg.,Proposal for a law on the pilot provision of price surcharges for electricity produced at solar installations.,2016-03-03 10:00:00
2927,Forslag til lov om tillægsbevilling for finansåret 2015.,Draft law on additional appropriations for the financial year 2015.,2016-03-03 10:00:00
2928,Forslag til lov om ændring af lov om retshjælp til indgivelse og førelse af klagesager for internationale klageorganer i henhold til menneskerettighedskonventioner og retsplejeloven. (Ændring af betingelserne for retshjælp og indførelse af klageadgang til Procesbevillingsnævnet).,Proposal for a law amending the law on legal aid for the submission and conduct of appeals to international review bodies under human rights conventions and the Code of Procedure.,2016-03-03 10:00:00
2943,Forslag til lov om ændring af deltidslov. (Opfølgning på begrundet udtalelse fra Europa-Kommissionen om forskelsbehandling af deltidsansatte samt forenkling af loven).,Proposal for a law amending part-time legislation (Follow-up to the reasoned opinion of the European Commission on discrimination against part-time workers and simplification of the law).,2016-03-17 10:00:00
2945,"Forslag til lov om ændring af lov om aktiv socialpolitik, lov om individuel boligstøtte, integrationsloven og forskellige andre love. (Kontanthjælpsloft, 225-timersregel, ferie til uddannelses- og kontanthjælpsmodtagere m.v.).","Proposal for a law amending the Act on Active Social Policy, the Law on Individual Housing Assistance, the Integration Act and various other laws.",2016-03-17 10:00:00
2946,Forslag til lov om ændring af lov om almene boliger m.v. og lov om friplejeboliger. (Nedsættelse af grundkapital og kapitalindskud samt revision af reglerne for totaløkonomiske merinvesteringer m.v.).,"Proposal for a law amending the law on general housing, etc. and the law on free-care homes (Reduction of basic capital and capital injections, revision of the rules on total economic extra investment, etc.).",2016-03-17 10:00:00
2947,"Forslag til lov om ændring af lov om aktiv socialpolitik, integrationsloven og forskellige andre love. (Udvidelse af personkredsen for modtagelse af integrationsydelse m.v.).","Proposal for a law amending the Act on Active Social Policy, the Integration Act and various other laws.",2016-03-17 10:00:00
2948,"Forslag til lov om ændring af lov om inddrivelse af gæld til det offentlige, lov om en børne- og ungeydelse og opkrævningsloven. (Restanceinddrivelsesmyndighedens inddrivelse i perioden til og med 2019, gennemførelse af modregning og indkomstaftrapning af børne- og ungeydelsen uden partshøring m.v.).","Draft law amending the law on the recovery of public debt, the law on child and youth benefits and the law on collection. (Restance recovery authority's recovery in the period up to and including 2019, implementation of set-off and income escalation of child and youth benefits without party consultation, etc.).",2016-03-17 10:00:00
2967,"Forslag til lov om ændring af toldloven, momsloven, opkrævningsloven og lov om anvendelse af Det Europæiske Fællesskabs forordning om toldmyndighedernes indgriben over for varer, der mistænkes for at krænke visse intellektuelle ejendomsrettigheder, og om de foranstaltninger, som skal træffes over for varer, der krænker sådanne rettigheder. (Ændringer som følge af forordning om EU-toldkodeksen).","Proposal for a law amending the Customs Code, the VAT Code, the Tax Code and the Law on the Application of the European Community Regulation on Customs Action against Goods suspected of infringing certain intellectual property rights and on the measures to be taken in respect of goods infringing such rights (Amendments resulting from the EU Customs Code Regulation).",2016-03-31 10:00:00
2968,Forslag til lov om kollektiv forvaltning af ophavsret.,Proposal for a law on collective management of copyright.,2016-03-31 10:00:00
2971,Forslag til lov om ændring af lov om euforiserende stoffer. (Assisteret stofindtagelse i stofindtagelsesrum).,Proposal for a law amending the law on drugs.,2016-04-05 13:00:00
2974,Forslag til lov om ændring af færdselsloven. (Udøvelse af markedskontrol med udstyr til køretøjer og godkendelse af prøvningsinstanser).,Proposal for a law amending the Road Traffic Code. (Exercise of market controls on vehicle equipment and approval of testing bodies).,2016-04-12 13:00:00
2976,Forslag til lov om ændring af lov om international fuldbyrdelse af forældremyndighedsafgørelser m.v. (internationale børnebortførelser). (Øget fleksibilitet i anvendelsen af retshjælpsordningen i børnebortførelsessager).,"Proposal for a law amending the Law on the International Enforcement of Parental Decisions, etc. (International Child Abduction). (Increased flexibility in the application of the legal aid scheme in child abduction cases).",2016-04-12 13:00:00
2977,Forslag til lov om indfødsrets meddelelse.,Draft law on the notification of citizenship.,2016-04-12 13:00:00
2980,"Forslag til lov om ændring af sundhedsloven og lov om autorisation af sundhedspersoner og om sundhedsfaglig virksomhed. (Mulighed for anvendelse af personlige alarm- og pejlesystemer på sygehuse, tilbageholdelse af patienter m.v.).","Proposal for a Law amending the Law on Health and the Law on the Authorisation of Health Care Professionals and on Health Care (Opportunity for the Use of Personal Warning and Directional Systems in Hospitals, Intention of Patients, etc.).",2016-04-14 10:00:00
2981,"Forslag til lov om ændring af lov om udlevering af lovovertrædere, lov om fuldbyrdelse af visse strafferetlige afgørelser i Den Europæiske Union, lov om international fuldbyrdelse af straf m.v. og retsplejeloven. (Overførsel af kompetence fra Justitsministeriets departement til anklagemyndigheden i sager om udlevering og fuldbyrdelse af visse strafferetlige afgørelser m.v.).","Proposal for a law amending the law on the extradition of of offenders, the law on the enforcement of certain criminal convictions in the European Union, the law on the international enforcement of penalties, etc., and the law on the administration of justice (Transfer of jurisdiction from the Department of Justice to the Public Prosecutor in cases relating to the extradition and enforcement of certain criminal decisions, etc.).",2016-04-14 10:00:00
2982,Forslag til lov om betalingskonti.,Draft law on payment accounts.,2016-04-19 13:00:00
2988,"Forslag til lov om ændring af byggeloven. (Indførelse af certificeringsordning for dokumentation af tekniske forhold, undtagelse af udlejningsejendomme for byggeskadeforsikring m.v.).","Proposal for a law amending the Building Act. (Introduction of certification scheme for technical documentation, exemption of rental property for building damage insurance, etc.).",2016-04-21 10:00:00
2989,Forslag til lov om knive og blankvåben m.v.,"Draft law on knives and blank weapons, etc.",2016-04-21 10:00:00
2990,"Forslag til lov om ændring af lov om social service. (Revision af hjemmetræningsordningen, herunder præcisering af kravet om udredning, fastsættelse af krav om inddragelse af sundhedsfaglige kompetencer, præcisering af reglerne for tabt arbejdsfortjeneste m.v.).","Proposal for a law amending the Social Services Act. (Revision of the home training scheme, including clarification of the need for clarification, laying down requirements for the inclusion of health professional competences, clarification of the rules on lost earnings, etc.).",2016-04-21 10:00:00
2991,Forslag til lov om ændring af lov om retssikkerhed og administration på det sociale område og forskellige andre love. (Betalings- og handlekommune ved ophold i veterantilbud m.v.).,Proposal for a law amending the law on legal certainty and administration in the social field and various other laws.,2016-04-21 10:00:00
2992,Forslag til lov om ændring af lov om valg af danske medlemmer til Europa-Parlamentet og lov om kommunale og regionale valg. (Valgret til personer under værgemål med fratagelse af den retlige handleevne).,Draft law amending the law on the election of Danish Members to the European Parliament and the law on municipal and regional elections.,2016-04-21 10:00:00
2994,"Forslag til lov om ændring af lov om søfarendes ansættelsesforhold m.v., lov om sikkerhed til søs og forskellige andre love. (Sikring af søfarendes økonomiske stilling ved rederens misligholdelse af ansættelsesforholdet, styrket sikkerhed ved større maritime anlægsprojekter, forsikring i forbindelse med vragfjernelse, effektivisering af synsvirksomheden på dykkerområdet m.v.).","Proposal for a law amending the Law on seafarers' employment conditions, the Law on maritime safety and various other laws. (Safeguarding the financial position of seafarers in the event of the vessel owner's failure to fulfil his employment relationship, strengthening the safety of major maritime construction projects, wreck removal insurance, efficiency of the surveying activities in the diving sector, etc.).",2016-04-26 13:00:00
2995,Forslag til lov om ændring af lov om ændring af lov om planlægning og lov om naturbeskyttelse. (Ophævelse af forbud mod gødskning og sprøjtning på § 3-beskyttede arealer).,Proposal for a law amending the law amending the law on planning and the law on nature protection.,2016-04-26 13:00:00
2996,Forslag til lov om den selvejende institution Arbejdsmarkedets Erhvervssikring.,Proposal for a law on the self-employed institution Social security.,2016-04-26 13:00:00
2997,"Forslag til lov om ændring af lov om arbejdsskadesikring, lov om arbejdsløshedsforsikring m.v., lov om arbejdsmiljø og forskellige andre love. (Overførsel af Arbejdsskadestyrelsens opgaver til den selvejende institution Arbejdsmarkedets Erhvervssikring og til Styrelsen for Arbejdsmarked og Rekruttering samt nedlæggelse af Arbejdsmarkedets Erhvervssygdomssikring).","Proposal for a law amending the law on occupational injury insurance, the law on unemployment insurance, etc., the law on the working environment and various other laws.",2016-04-26 13:00:00
2999,"Forslag til lov om ændring af universitetsloven, lov om erhvervsakademiuddannelser og professionsbacheloruddannelser, lov om videregående kunstneriske uddannelsesinstitutioner, lov om maritime uddannelser og lov om videregående kunstneriske uddannelsesinstitutioner under Kulturministeriet. (Justering af fremdriftsreformen m.v.).","Proposal for a law amending the University Law, the Law on vocational education and Bachelor's degree programmes, the Law on Higher Artistic Education Institutions, the Law on Maritime Education and the Law on Higher Artistic Education Institutions of the Ministry of Culture.",2016-05-03 13:00:00
3000,Forslag til lov om aktiviteter i det ydre rum.,Draft law on activities in outer space.,2016-05-03 13:00:00
3001,"Forslag til lov om ændring af færdselsloven. (Højere lokale 
hastighedsgrænser på motortrafikveje og justering af bødetaksten for hastighedsoverskridelser på visse motortrafikveje).",Proposal for a law amending the Road Traffic Code.,2016-05-03 13:00:00
3008,"Forslag til lov om ændring af lov om fremme af vedvarende energi.
(Ophævelse af 60-40-støtteordningen for solcelleanlæg).",Proposal for a law amending the law on the promotion of renewable energy. (Completion of the 60-40 scheme for solar installations).,2016-05-03 16:00:00
3014,Forslag til lov om miljøvurdering af planer og programmer og af konkrete projekter (VVM).,Proposal for a law on the environmental assessment of plans and programmes and of specific projects (EIA).,2016-05-10 13:00:00
3015,"Forslag til lov om ændring af lov om miljøgodkendelse m.v. af husdyrbrug, lov om planlægning, lov om anvendelse af Danmarks undergrund, lov om fremme af vedvarende energi og forskellige andre love. (Konsekvensændringer m.v. som følge af lov om miljøvurdering af planer og programmer og af konkrete projekter (VVM)).","Proposal for a law amending the law on environmental approval, etc. of livestock farming, law on planning, law on the use of Denmark's subsoil, law on the promotion of renewable energy and various other laws. (Consequences amendments etc. due to the law on environmental assessment of plans and programmes and of concrete projects (EIA)).",2016-05-10 13:00:00
3016,Forslag til lov om kliniske forsøg med lægemidler.,Proposal for a law on clinical trials of medicinal products.,2016-05-10 13:00:00
3017,Forslag til lov om ændring af sundhedsloven. (Reel ret til hurtig udredning og udvidet frit sygehusvalg ved 30 dages ventetid på behandling m.v.).,Proposal for a law amending the Health Act. (Reel right to rapid investigation and extended free hospital choice at 30 days waiting time for treatment etc.).,2016-05-10 13:00:00
3018,Forslag til lov om elektroniske cigaretter m.v.,"Proposal for a law on electronic cigarettes, etc.",2016-05-10 13:00:00
3020,Forslag til lov om fremtidsfuldmagter.,Draft law on future powers.,2016-05-12 10:00:00
3021,"Forslag til lov om ændring af lov om inddrivelse af gæld til det offentlige, kildeskatteloven, ligningsloven, opkrævningsloven og selskabsskatteloven. (Indførelse af beløbsmæssige bagatelgrænser i forbindelse med udbetaling og opkrævning m.v.).","Proposal for a law amending the Law on the Recovery of Debts to the Government, the Law on withholding tax, the law on equations, the Law on collection and corporation tax.",2016-05-12 10:00:00
3022,Forslag til lov om ændring af ligningsloven. (Skattefrihed for godtgørelse til visse asbestofre).,Proposal for a law amending the law on equations. (Freedom of tax on compensation for certain victims of asbestos).,2016-05-12 10:00:00
3024,"Forslag til lov om ændring af ligningsloven, aktieavancebeskatningsloven, kursgevinstloven og skattekontrolloven. (Skattebegunstigelse af individuelle medarbejderaktieordninger).","Proposal for a law amending the law on equations, the law on profit margins, the law on exchange gains and tax control.",2016-05-12 10:00:00
3033,Forslag til lov om ændring af lov om befordringsrabat til studerende ved videregående uddannelser. (Målretning af befordringsrabatordningen).,Proposal for a law amending the law on the carriage of passengers by higher education students.,2016-05-17 13:00:00
3034,Forslag til lov om ændring af lov om statens voksenuddannelsesstøtte. (Målretning af målgruppen og nedsættelse af satsen for SVU til videregående uddannelse).,Proposal for a law amending the Law on State Adult Education Support.,2016-05-17 13:00:00
3048,Forslag til lov om ændring af lov om social pension og lov om organisering og understøttelse af beskæftigelsesindsatsen m.v. (Undtagelse af visse førtidspensionssager fra forelæggelse for rehabiliteringsteamet).,"Proposal for a law amending the Social Pensions Act and the Employment Support Act, etc. (Exclusion of certain early retirement cases from submission to the rehabilitation team).",2016-05-19 10:00:00
3049,Forslag til lov om maritim fysisk planlægning.,Draft law on maritime spatial planning.,2016-05-19 10:00:00
3050,Forslag til lov om ændring af revisorloven og forskellige andre love. (Gennemførelse af ændringer i revisordirektivet og valgmuligheder i forordningen om særlige krav til revision af virksomheder af interesse for offentligheden).,Proposal for a law amending the statutory auditor law and various other laws. (Implementation of amendments to the statutory auditor directive and options in the regulation on special requirements for auditing public-interest entities).,2016-05-19 10:00:00
3051,Forslag til lov om ændring af lov om miljøbeskyttelse. (Landskabelige hensyn og inddragelse af offentligheden).,Proposal for a law amending the Law on the Protection of the Environment.,2016-05-19 10:00:00
3055,Forslag til lov om ændring af lov om statstilskud til elintensive virksomheder. (Udvidelse af tilskudskredsen for målrettet PSO-tilskud).,Proposal for a law amending the Law on State subsidies for electricity-intensive enterprises. (Enlargement of the subsidy circle for targeted PSO grants).,2016-05-24 13:00:00
3064,"Forslag til lov om ændring af beredskabsloven, lov om beskyttelsesrum, lov om beskyttelse af havmiljøet og lov om fyrværkeri og andre pyrotekniske artikler. (Ændring af sammensætningen af beredskabskommissioner, hjemmel til operativt samarbejde på beredskabsområdet hen over landegrænserne, ændring af bestemmelse om brandsyn m.v.).","Proposal for a law amending the Law on Emergency Responses, the Law on Protections, the Law on Protection of the Marine Environment and the Law on Fireworks and other pyrotechnic articles.",2016-05-26 10:00:00
3065,Forslag til lov om ændring af straffeloven. (Skærpelse af straffen for voldtægt og for samleje med et barn under 15 år ved udnyttelse af fysisk eller psykisk overlegenhed).,Proposal for a law amending the penal code. (Strengthening the penalty for rape and sexual intercourse with a child under 15 years of age by exploiting physical or psychological superiority).,2016-05-26 10:00:00
3066,Forslag til lov om ændring af straffeloven. (Skærpelse af straffen for falsk anklage).,Draft law amending the penal code.,2016-05-26 10:00:00
3069,"Forslag til lov om ændring af lov om offentlighed i forvaltningen. (Ophævelse af bestemmelser, som friholder kalenderføring, ministerbetjening og dokumenter udvekslet mellem ministre og folketingsmedlemmer fra at være omfattet af retten til aktindsigt).","Proposal for a law amending the law on public disclosure in the administration. (Cancelling of provisions which exempt calendaring, ministerial service and documents exchanged between ministers and members of parliament from the right of access to documents).",2016-05-26 10:00:00
3086,"Forslag til lov om ændring af lov om letbane på Ring 3, lov om Metroselskabet I/S og Udviklingsselskabet By & Havn I/S og lov om trafikselskaber. (Anlæg af letbanen på Ring 3, særlig regulering i anlægsperioden m.v.).","Proposal for a law amending the law on light rail on Ring 3, law on the Metro Company I/S and the Development Company City & Port I/S and law on traffic companies. (Design of light rail on Ring 3, special regulation during the construction period etc.).",2016-05-31 13:00:00
3087,"Forslag til lov om ændring af lov om luftfart. (Regulering af mindre droner, justering af arbejdsmiljøregler samt afgifter og gebyrer).","Proposal for a law amending the law on air transport. (Regulation of smaller drones, adjustment of health and safety rules and charges).",2016-05-31 13:00:00
3088,"Forslag til lov om ændring af lov om offentlige veje m.v., jernbaneloven og forskellige andre love. (Implementering af VVM-direktivet for statslige vej- og jernbaneprojekter samt havneprojekter).","Proposal for a law amending the Law on Public Roads, etc., the Railway Act and various other laws (Implementation of the EIA Directive for State Road and Rail Projects and Port Projects).",2016-05-31 13:00:00
3089,Forslag til lov om ændring af færdselsloven. (Forsøgsordning med kørekort til 17-årige betinget af ledsaget kørsel indtil det fyldte 18. år m.v.).,Proposal for a law amending the Road Traffic Code. (Experimenting system with driving licences for 17-year-olds conditional on accompanied driving up to the age of 18 etc.).,2016-05-31 13:00:00
3090,Forslag til lov om ændring af færdselsloven. (Nedsættelse af aldersgrænsen for kørekort til lille knallert).,Proposal for a law amending the Road Traffic Code. (Reduction of the age limit for driving licences for small mopeds).,2016-05-31 13:00:00
3091,"Forslag til lov om ændring af registreringsafgiftsloven, brændstofforbrugsafgiftsloven, lov om registrering af køretøjer og lov om spil. (Ændring af reglerne om forholdsmæssig registreringsafgift for leasingkøretøjer, ændring af reglerne om udbetaling af eksportgodtgørelse, fastsættelse af brændstofforbruget for særlig store biler, nedsættelse af pristillægget for ønskenummerplader m.v.).","Proposal for a law amending the Registration Tax Act, the Fuel Consumption Tax Act, the Vehicle Registration Act and the Game Act. (Amendment of the rules on proportional registration fee for leasing vehicles, amendment of the rules on the payment of export refunds, fixing of fuel consumption for particularly large cars, reduction of the price surcharge for wish number plates, etc.).",2016-05-31 13:00:00
3092,Forslag til lov om voksenansvar for anbragte børn og unge.,Proposal for a law on adult responsibility for children and young people placed in care.,2016-05-31 13:00:00
3093,"Forslag til lov om ændring af lov om social service, lov om socialtilsyn og lov om folkeskolen. (Konsekvensændringer som følge af lov om voksenansvar for anbragte børn og unge m.v.).","Proposal for a law amending the Social Services Act, the Social Insurance Act and the National School Act. (Consequences changes resulting from the Law on Adult Responsibility for Children and Young People in Care).",2016-05-31 13:00:00
3094,"Forslag til lov om ændring af lov om radio- og fjernsynsvirksomhed, lov om leje og lov om leje af almene boliger. (Frit valg af tv-distributør, 
distribution af digital radio m.v.).","Proposal for a law amending the law on broadcasting, the law on rental and the law on rental of public dwellings. (Free choice of television distributor, distribution of digital radio, etc.).",2016-05-31 13:00:00
3095,Forslag til lov om ændring af lov om Udbetaling Danmark og forskellige andre love. (Overførsel af opgaver fra Statens Administrations Finansservicecenter m.fl. til Udbetaling Danmark m.v.).,Proposal for a law amending the Law on Disbursement Denmark and various other laws. (Transfer of tasks from the Statens Administration Financial Services Center and others to Payout Denmark etc.).,2016-05-31 13:00:00
3148,"Forslag til lov om ændring af lov om ændring af straffeloven, retsplejeloven, lov om konkurrence- og forbrugerforhold på telemarkedet, våbenloven, udleveringsloven samt lov om udlevering af lovovertrædere til Finland, Island, Norge og Sverige. (Ændring af revisionsbestemmelse).","Proposal for a law amending the Law amending the Criminal Code, the Code of Procedure, the Law on Competition and Consumer Relations in the Telecommunications Market, the Law on Arms, the Extradition Act and the Law on the Extradition of Violators to Finland, Iceland, Norway and Sweden (Amendment of the revision clause).",2016-06-02 10:00:00
3149,"Forslag til lov om ændring af lov om fuldbyrdelse af straf m.v., straffeloven og retsplejeloven. (Styrket indsats mod mobiltelefoner i fængsler m.v.).","Draft law amending the Law on the Enforcement of Punishment etc., the Criminal Code and the Code of Criminal Procedure. (Enhanced action against mobile phones in prisons, etc.).",2016-06-02 10:00:00
3150,"Forslag til lov om ændring af straffeloven og om ophævelse af Lov, hvorved det forbydes fra dansk Territorium at understøtte krigsførende Magter. (Væbnede konflikter i udlandet m.v.).","Proposal for a law amending the Criminal Code and repealing the Law prohibiting the support of warring Powers from the Danish Territories (Armed Conflicts Abroad, etc.).",2016-06-02 10:00:00
3151,Forslag til lov om ændring af retsplejelov for Grønland. (Videoafhøring af børn og unge i kriminalsager m.v.).,"Proposal for a law amending the law on the administration of justice for Greenland (Video consultation of children and young people in criminal matters, etc.).",2016-06-02 10:00:00
3152,Forslag til lov for Grønland om kontrol med den fredelige udnyttelse af nukleart materiale.,Draft law for Greenland on the control of the peaceful use of nuclear material.,2016-06-02 10:00:00
3153,Forslag til lov om ændring af lov om Dansk Institut for Internationale Studier. (Fastsættelse af instituttets hjemsted).,Draft law amending the Law on the Danish Institute of International Studies.,2016-06-02 10:00:00
3154,"Forslag til lov om ændring af lov om dyrkning m.v. af genetisk modificerede afgrøder og lov om miljø og genteknologi. (Dyrkningsforbud, obligatorisk digital kommunikation m.v.).","Proposal for a law amending the law on the cultivation, etc. of genetically modified crops and the law on the environment and genetic engineering.",2016-06-02 10:00:00
3155,"Forslag til lov om ændring af dyreværnsloven. (Skærpelse af straffen i grove dyreværnssager, præcisering af dyrs status som levende væsener, skærpelse af reglerne om rettighedsfrakendelse, meddelelse af påbud og forbud, ophævelse af krav om tilladelse til æglægningsbure).",Proposal for a law amending the Law on the Protection of Animals.,2016-06-02 10:00:00
3156,Forslag til lov om ændring af lov om fremme af vedvarende energi. (Ændring af støtteordninger til biogas).,Proposal for a law amending the law on the promotion of renewable energy sources.,2016-06-02 10:00:00
3157,"Forslag til lov om ændring af lov om Energinet.dk, lov om naturgasforsyning og lov om etablering og benyttelse af en rørledning til transport af råolie og kondensat. (Energinet.dk's varetagelse af gasopstrømssystem-, olierørlednings- og separationsvirksomhed samt økonomisk regulering af naturgasdistributionsvirksomhed varetaget af Energinet.dk m.v.).","Proposal for a law amending the Act on Energinet.dk, Act on natural gas supply and Law on the establishment and use of a pipeline for the transport of crude oil and condensate. (Energynet.dk's conduct of gas upstream, oil pipeline and separation activities and economic regulation of natural gas distribution activities carried out by Energinet.dk, etc.).",2016-06-02 10:00:00
3158,"Forslag til lov om ændring af arkivloven. (Kroers, foreningers og virksomheders anvendelse af kongekronen).","Proposal for a law amending the Law on Archives (application of the Royal Crown by Croers, Associations and Companies).",2016-06-02 10:00:00
3161,"Forslag til lov om ændring af sundhedsloven, lov om klage- og erstatningsadgang inden for sundhedsvæsenet og lov om tilbageholdelse af stofmisbrugere i behandling. (Styrket indsats for gravide med et misbrug af rusmidler).","Proposal for a law amending the Health Act, the Law on access to health care, and the Law on the retention of drug addicts in treatment. (Enhanced action for pregnant women with an abuse of drugs).",2016-06-02 10:00:00
3162,Forslag til lov om tobaksvarer m.v.,"Proposal for a law on tobacco products, etc.",2016-06-02 10:00:00
3164,"Forslag til lov om ændring af lov om indkomstbeskatning af aktieselskaber m.v., aktieavancebeskatningsloven, virksomhedsskatteloven og forskellige andre love og om ophævelse af lov om investeringsfonds. (Tilpasning i forhold til EU-retten med hensyn til genbeskatning af underskud i faste driftssteder, definition af datterselskabsaktier og nedsættelse af indkomstskattesatsen på udgående udbytter samt indgreb mod omgåelse af udbyttebeskatningen i forbindelse med investering i investeringsinstitutter, justering af indgrebet i virksomhedsordningen og andre justeringer af erhvervsbeskatningen).","Proposal for a law amending the Law on Income Tax on Companies, Share Profit Tax Act, Corporate Tax Act and various other laws and repealing the Investment Fund Act. (Adjustment to Union law with regard to the re-taxation of losses in permanent establishments, definition of subsidiary shares and reduction of income tax on outgoing dividends, as well as measures to circumvent the dividend tax on investment in UCITS, adjustment of the intervention in the corporate regime and other adjustments to business taxation).",2016-06-02 10:00:00
3165,Forslag til lov om ændring af lov om almene boliger m.v. og lov om leje af almene boliger. (Inklusionsboliger).,"Proposal for a law amending the law on general housing, etc. and the law on rental of general housing. (Inclusion dwellings).",2016-06-02 10:00:00
3166,Forslag til lov om ændring af lov om byfornyelse og udvikling af byer. (Målretning af byfornyelsesinstrumenter til at forbedre boliger og igangsætte udvikling af byer uden for vækstområder).,Proposal for a law amending the law on urban renewal and urban development.,2016-06-02 10:00:00
3167,Forslag til lov om ændring af udlændingeloven. (Beløbsordningen).,Draft law amending the law on foreigners.,2016-06-02 10:00:00
3168,Forslag til lov om ændring af udlændingeloven. (Ophævelse af greencardordningen).,Proposal for a law amending the law on foreigners.,2016-06-02 10:00:00
3169,Forslag til lov om indfødsrets meddelelse.,Draft law on the notification of citizenship.,2016-06-02 10:00:00
3193,Forslag til lov om kommunale særlige tilbud om grundskoleundervisning til visse udenlandske børn og unge.,Draft law on municipal special offers of primary education for certain foreign children and young people.,2016-06-03 09:00:00
3194,Forslag til lov om integrationsgrunduddannelse (igu).,Draft law on basic integration training (igu).,2016-06-03 09:00:00
3198,Forslag til lov om ændring af integrationsloven og forskellige andre love. (Bedre rammer for at modtage og integrere flygtninge og styrket virksomhedsrettet integrationsprogram m.v.).,"Draft law amending the law on integration and various other laws. (Better framework for receiving and integrating refugees and strengthened enterprise-oriented integration programme, etc.).",2016-06-03 09:00:00
3200,"Forslag til lov om ændring af udlændingeloven. (Ophævelse af 2-årsfristen i sager om familiesammenføring med børn).
",Proposal for a law amending the law on foreigners. (Completion of the two-year period in cases of family reunification with children).,2016-06-03 09:00:00
3201,"Forslag til lov om ændring af lov om ændring af lov om aktiv socialpolitik, integrationsloven og forskellige andre love. (Overgangsregel for ret til ferie for uddannelseshjælps- og kontanthjælpsmodtagere, der overgår til integrationsydelse).
","Proposal for a law amending the Act amending the Act on Active Social Policy, the Integration Act and various other laws.",2016-06-03 09:00:00
3202,"Forslag til lov om ændring af lov om værdipapirhandel m.v., lov om finansiel virksomhed, lov om forvaltere af alternative investeringsfonde m.v., straffeloven og retsplejeloven. (Ændringer som følge af forordningen om markedsmisbrug samt gennemførelse af regler om provisionsbetalinger m.v. fra tredjeparter og oplysninger om omkostninger m.v. i direktivet om markeder for finansielle instrumenter (MiFID II)).","Proposal for a law amending the Securities Trading Act, Financial Business Act, Alternative Investment Fund Managers Act, Criminal and Judicial Law. (Amendments resulting from the Market Abuse Regulation and implementation of rules on commission payments etc. by third parties and information on costs etc. in the Financial Instruments Markets Directive (MIFID II)).",2016-06-03 09:00:00
3203,Forslag til lov for Grønland om kontrol med eksport af produkter med dobbelt anvendelse.,Draft law for Greenland on the control of exports of dual-use products.,2016-06-03 09:00:00
3204,"Forslag til lov om ændring af lov om arbejdsskadesikring i Grønland.
(Konsekvensændringer som følge af overførsel af Arbejdsskadestyrelsens opgaver til den selvejende institution Arbejdsmarkedets Erhvervssikring og nedlæggelse af Arbejdsmarkedets Erhvervssygdomssikring).
",Proposal for a law amending the law on occupational injury insurance in Greenland.,2016-06-03 09:00:00
3205,Forslag til lov om Arbejdsmarkedets Fond for Udstationerede.,Proposal for a law on the Labour Market Fund for Posted Persons.,2016-06-03 09:00:00
3206,"Forslag til lov om ændring af lov om udstationering af lønmodtagere m.v., lov om Arbejdsretten og faglige voldgiftsretter og lov om Arbejdsmarkedets Tillægspension. (Implementering af håndhævelsesdirektivet).","Proposal for a law amending the law on the posting of employees etc., the Law on Labour Law and Trade Union Arbitration Law and the Labour Market Supplementary Pension Act. (Implementation of the Enforcement Directive).",2016-06-03 09:00:00
3208,"Forslag til lov om ændring af lov om arbejdsløshedsforsikring m.v., lov om en aktiv beskæftigelsesindsats og forskellige andre love og om ophævelse af lov om akutjob og jobpræmie til arbejdsgivere og lov om uddannelsesordning for ledige, som har opbrugt deres dagpengeret. (Fleksibelt og indkomstbaseret dagpengesystem, månedsudbetaling af dagpenge m.v.).","Proposal for a law amending the Law on unemployment insurance, etc., the Act on active employment and various other laws, and repealing the Act on acute jobs and job premium to employers and the Law on the Training Scheme for the Unemployed who have exhausted their benefit rights (Flexible and income-based benefit system, monthly payment of daily allowance, etc.).",2016-06-03 09:00:00
3209,"Forslag til lov om ændring af lov om sygedagpenge, lov om aktiv socialpolitik, lov om organisering og understøttelse af beskæftigelsesindsatsen m.v., lov om social pension og lov om en aktiv beskæftigelsesindsats. (Forlængelse af forsøg med ret til at afvise lægebehandling uden ydelsesmæssige konsekvenser m.v.).","Proposal for a law amending the Law on sickness benefits, Act on active social policy, Act on the organisation and support of employment, etc., Act on social pensions and Act on active employment (Extension of attempts to refuse medical treatment without any benefit consequences, etc.).",2016-06-03 09:00:00
3210,"Forslag til lov om ændring af sundhedsloven, lov om autorisation af sundhedspersoner og om sundhedsfaglig virksomhed og forskellige andre love. (Styrelsen for Patientsikkerheds fremtidige tilsyn m.v.).","Proposal for a law amending the Health Act, the Law on the Authorisation of Health Care Professionals and on Healthcare Professionals and various other laws (Guidelines for Patient Safety Future Supervision, etc.).",2016-06-03 09:00:00
3212,"Forslag til lov om ændring af lov om kommunal udligning og generelle tilskud til kommuner. (Nedsættelse af færgetakster for biler, passagerer m.v. til og fra visse øer).","Proposal for a law amending the law on municipal compensation and general subsidies to municipalities. (Residence of ferry tariffs for cars, passengers, etc. to and from certain islands).",2016-06-03 09:00:00
3213,Forslag til lov om ændring af lov om kommunal udligning og generelle tilskud til kommuner. (Nedlæggelse af den sociale særtilskudspulje).,Proposal for a law amending the law on municipal compensation and general grants to municipalities.,2016-06-03 09:00:00
3248,Forslag til lov om ændring af lov om aktiv socialpolitik og barselsloven. (Præciseringer af jobreform fase I og konsekvens for arbejdsgivers ret til refusion ved for sen anmeldelse af graviditetsbetinget sygefravær m.v.).,Proposal for a law amending the Act on Active Social Policy and the Childbirth Act.,2016-11-24 10:00:00
3250,"Forslag til lov om ændring af selskabsloven og årsregnskabsloven. (Ændrede krav til ejerregistrering, betinget lovliggørelse af kapitalejerlån m.v.).","Proposal for a law amending the Companies Act and the Financial Statements Act (changed ownership registration requirements, conditional legalisation of equity ownership loans, etc.).",2016-12-01 10:00:00
3251,Forslag til lov om ændring af varemærkeloven og forskellige andre love. (Styrket indsats mod piratkopiering ved etablering af en særlig enhed om håndhævelse og piratkopiering samt overførsel af gebyrindtægter).,Proposal for a law amending the Trade Mark Act and various other laws. (Strengthened action against piracy by establishing a special entity for enforcement and piracy and transfer of fee revenue).,2016-12-01 10:00:00
3252,"Forslag til lov om ændring af lov om finansiel virksomhed, lov om investeringsforeninger m.v., lov om værdipapirhandel m.v. og forskellige andre love. (Forhøjelse af bødeniveauet for overtrædelse af lov om finansiel virksomhed, udpegning af systemisk vigtige finansielle institutter (SIFI), krav til egnethed og hæderlighed for nøglepersoner i SIFI'er, aflønningsregler for finansielle virksomheder m.v., lempelse af kapitalkrav for fondsmæglerselskaber, udvidelse af tilsyns- og kontrolbeføjelser for Finanstilsynet og Erhvervsstyrelsen for at imødegå markedsmisbrug m.v.).","Proposal for a law amending the Law on Financial Activities, the Investment Funds Act, the Securities Trading Act, etc., and various other laws. (Prevention of the level of fines for breaches of the Law on Financial Activities, designation of Systemically Important Financial Institutions (SIFI), fitness and integrity requirements for key persons in SIFIs, remuneration rules for financial undertakings, etc., relaxation of capital requirements for fund brokers, extension of supervisory and control powers for the Danish Financial Supervisory Authority and the Danish Business Authority to address market abuse, etc.).",2016-12-01 10:00:00
3253,"Forslag til lov om ændring af lov om kuldioxidafgift af visse energiprodukter, lov om afgift af lønsum m.v., lov om afgift af elektricitet, lov om afgift af kvælstofoxider, lov om registrering af køretøjer og forskellige andre love. (Tilpasning af afgiftslovene til Europa-Kommissionens statsstøttereform, lønsumsafgiftsfritagelse for visse undervisningsaktiviteter, ændring af godtgørelsesbestemmelse for elektricitet leveret fra land til skibe, tekniske justeringer af lov om afgift af kvælstofoxider og ændring af reglerne for registrering og udstedelse af EU-registreringsbevis for blokvogne m.v.).","Proposal for a law amending the Law on the carbon dioxide tax of certain energy products, the Law on the tax on wages, etc., the Law on the tax on electricity, the Law on the tax on nitrogen oxides, the Law on the registration of vehicles and various other laws.",2016-12-01 10:00:00
3254,Forslag til lov om ændring af lov om hjemmeværnet. (Nedlæggelse af Marinehjemmeværnsinspektoratet og Flyverhjemmeværnsinspektoratet).,Draft law amending the National Guard Act. (Destruction of the Marine Home Guard Inspectorate and the Aviation Home Guard Inspectorate).,2016-12-01 10:00:00
3255,"Forslag til lov om ændring af lov om social service, lov om retssikkerhed og administration på det sociale område og lov om voksenansvar for anbragte børn og unge. (Fremtidsfuldmagter på det sociale område m.v.).","Proposal for a law amending the Law on Social Services, the Law on Legal Security and Social Administration and the Law on Adult Responsibility for Children and Young People. (Futureful Powers in Social Affairs, etc.).",2016-12-01 10:00:00
3256,"Forslag til lov om ændring af lov om Det Centrale Personregister. (Indførelse af ret til at få indsat en markering i CPR om, at borgeren ønsker at advare mod kreditgivning i vedkommendes navn).",Proposal for a law amending the Central Register of Persons. (Incorporation of the right to have a mark added to the CPR stating that the citizen wishes to warn against credit in his or her name).,2016-12-01 10:00:00
3261,"Forslag til lov om ændring af lov om socialtilsyn, lov om social service og lov om voksenansvar for anbragte børn og unge. (Opfølgning på socialtilsynsreformen m.v.).","Proposal for a law amending the Social Protection Act, the Social Services Act and the Adult Responsibility Act for Children and Young People placed in care. (Follow-up to the Social Protection Reform Act, etc.).",2016-12-06 13:00:00
3262,"Forslag til lov om ændring af lov om almene boliger m.v., lov om leje af almene boliger og lov om friplejeboliger. (Effektivisering af den almene boligsektors drift, forsøg med varmeregnskaber m.v.).","Proposal for a law amending the law on general housing, the law on the rental of general housing and the law on the free care of dwellings (Effectiveization of the operation of the general housing sector, experiments on heating accounts, etc.).",2016-12-06 13:00:00
3263,Forslag til lov om ændring af udlændingeloven. (Ændring af Flygtningenævnets sammensætning m.v.).,"Draft law amending the law on aliens. (Changing the composition of the Refugee Board, etc.).",2016-12-06 13:00:00
3264,"Forslag til lov om ændring af lov om dansk indfødsret. (Krav om forældremyndighedsindehavers samtykke og vandel, når børn som bipersoner erhverver dansk indfødsret m.v.).","Proposal for a law amending the law on Danish citizenship. (Require about the consent and good character of the custody holder when children acquire Danish citizenship, etc.).",2016-12-06 13:00:00
3266,Forslag til lov om ændring af lov om friskoler og private grundskoler m.v. og lov om efterskoler og frie fagskoler. (Styrkelse af kvaliteten på de frie grundskoler m.v.).,"Draft law amending the law on free schools and private primary schools, etc. and the law on post-schools and free vocational schools (strengthening the quality of free primary schools, etc.).",2016-12-06 13:00:00
3267,Forslag til lov om ændring af dagtilbudsloven. (Internationale dagtilbud).,Draft law amending the day-offer law. (International Day-offer Act).,2016-12-06 13:00:00
3268,Forslag til lov om ændring af dagtilbudsloven. (Bedre vilkår for etablering af virksomhedsinstitutioner).,Draft law amending the daily offer law. (Better conditions for setting up business institutions).,2016-12-06 13:00:00
3269,Forslag til lov om ændring af lov om leje af erhvervslokaler m.v. (Vurdering af markedslejen).,"Proposal for a law amending the law on the rental of commercial premises, etc. (Assumption of market rent).",2016-12-08 10:00:00
3270,Forslag til lov om ændring af lov om en garantifond for skadesforsikringsselskaber. (Dækning af krav fra danske forsikringstagere i det liechtensteinske forsikringsselskab Gable Insurance AG under konkurs).,Proposal for a Law amending the Law on a Guarantee Fund for Non-life Insurance Companies.,2016-12-08 11:00:00
3280,"Forslag til lov om ændring af lov om tinglysning, lov om afgift af tinglysning og registrering af ejer- og panterettigheder m.v., lov om realkreditlån og realkreditobligationer m.v. og forskellige andre love. (Ændring af reglerne for tinglysning og realkreditbelåning vedrørende visse tele-, energiforsynings- og vandforsyningsvirksomheder).","Proposal for a law amending the law on registration, the law on the tax on registration and registration of ownership and mortgage rights, etc., the law on mortgage loans and mortgage bonds, etc., and various other laws (Amendment of the rules on registration and mortgage lending for certain telecommunications, energy supply and water supply companies).",2016-12-13 13:00:00
3281,Forslag til lov om ændring af lov om forbud mod besøgende i bestemte lokaler og lov om politiets virksomhed. (Initiativer mod handel med hash m.v. og politiets anvendelse af peberspray).,Proposal for a law amending the law prohibiting visitors in certain premises and the law on police activities. (Initiatives against trafficking in hash etc. and the use of pepper spray by the police).,2016-12-13 13:00:00
3283,"Forslag til lov om ændring af lov om tilhold, opholdsforbud og bortvisning. (Strakstilhold).","Draft law amending the law on restraining orders, residence bans and expulsions.",2016-12-13 13:00:00
3284,Forslag til lov om ændring af retsplejeloven. (Sagkyndig bevisførelse m.v.).,"Draft law amending the Code of Civil Procedure. (Professional evidence, etc.).",2016-12-13 13:00:00
3312,Forslag til finanslov for finansåret 2017.,Draft Finance Act for the financial year 2017.,2016-12-15 10:00:00
3313,"Forslag til lov om fastsættelse af udgiftslofter for stat, kommuner og regioner for finansåret 2020.","Proposal for a law on the establishment of expenditure ceilings for state, municipalities and regions for the financial year 2020.",2016-12-15 10:00:00
3314,"Forslag til lov om ændring af lov om fastsættelse af udgiftslofter for stat, kommuner og regioner for finansårene 2014-2017, lov om fastsættelse af udgiftslofter for stat, kommuner og regioner for finansåret 2018 og lov om fastsættelse af udgiftslofter for stat, kommuner og regioner for finansåret 2019. (Konsekvenser af aftale om afskaffelse af PSO-afgiften og aftale om finansloven for 2017).","Proposal for a law amending the Law on the establishment of expenditure ceilings for state, municipalities and regions for financial years 2014-2017, Act on the establishment of expenditure ceilings for state, municipalities and regions for the financial year 2018 and Act on the establishment of expenditure ceilings for state, municipalities and regions for the financial year 2019. (Consequences of agreement on the abolition of the PRS tax and agreement on the Finance Act 2017).",2016-12-15 10:00:00
3315,Forslag til lov om tilskud til Færøernes hjemmestyre for 2016-2019.,Draft law on grants to the Home Government of the Faroe Islands for 2016-2019.,2016-12-15 10:00:00
3316,Forslag til lov om ændring af lov om ændring af adoptionsloven og lov om ændring af lov om ægteskabs indgåelse og opløsning og forskellige andre love. (Ikraftsættelse for Færøerne af visse bestemmelser i adoptionsloven).,Draft law amending the law amending the adoption law and amending the law on the conclusion and dissolution of marriage and various other laws. (Enforcement of certain provisions of the adoption law for the Faroe Islands).,2016-12-15 10:00:00
3318,Forslag til lov om ændring af lov om social service. (Konsekvensrettelser m.v. som følge af lov om voksenansvar for anbragte børn).,"Proposal for a law amending the Social Services Act. (Consequences, etc., as a result of the Law on Adult Responsibility for Children placed in care).",2016-12-15 00:00:00
3319,"Forslag til lov om ændring af lov om ægteskabs indgåelse og opløsning. (Dekorumkrav og obligatorisk kursus i dansk familieret, frihed og folkestyre).","Draft law amending the law on the conclusion and dissolution of marriage. (Dekorium requirements and compulsory course in Danish family law, freedom and popular rule).",2016-12-15 10:00:00
3320,Forslag til lov om ændring af lov om arbejdsløshedsforsikring m.v. (Tidspunkt for skift af dagpengesats for unge under 25 år og ph.d.-studerendes ret til arbejdsløshedsdagpenge).,"Proposal for a law amending the law on unemployment insurance, etc. (Time for changing the unemployment benefit rate for young people under 25 and the entitlement of PhD students to unemployment benefit).",2016-12-15 10:00:00
3321,"Forslag til lov om ændring af lov om arbejdsmiljø, lov om arbejdsskadesikring, lov om udstationering af lønmodtagere m.v. og lov om ændring af lov om udstationering af lønmodtagere m.v. (Ændring af organisering og finansiering af arbejdsmarkedets parters arbejdsmiljøindsats m.v.).","Proposal for a law amending the Law on the Working Environment, the Law on Work Damage Protection, the Law on the Posting of Workers, etc., and the Law amending the Law on the Posting of Workers, etc. (Changing the Organisation and Financing of Social Partners' Work Environment Efforts, etc.).",2016-12-15 10:00:00
3322,"Forslag til lov om ændring af lov om bæredygtige biobrændstoffer og om reduktion af drivhusgasser fra transport. (Indførelse af krav om anvendelse af 0,9 pct. avancerede biobrændstoffer i brændstof til landtransport, ændret definition af, hvilke virksomheder der er omfattet af loven, bemyndigelse til fastsættelse af regler til efterlevelse af MRV-forordning om fremme af reduktion af CO2-emissioner fra søtransport samt regler om adgang til skibe).",Proposal for a law amending the law on sustainable biofuels and reducing greenhouse gases from transport.,2016-12-15 10:00:00
3323,"Forslag til lov om ændring af lov om elforsyning og lov om naturgasforsyning. (It-beredskab i el- og naturgassektorerne, gebyr for tilladelser til Energinet.dk og forhøjelse af indtægtsrammer for netvirksomheder m.v.).",Proposal for a law amending the law on electricity supply and the Act on natural gas supply.,2016-12-15 10:00:00
3324,Forslag til lov om Planklagenævnet.,Draft law on the Board of Appeal.,2016-12-15 10:00:00
3325,Forslag til lov om indfødsrets meddelelse.,Draft law on the notification of citizenship.,2016-12-15 10:00:00
3326,"Forslag til lov om ændring af skatteforvaltningsloven og ligningsloven. (Omkostningsgodtgørelse til skattepligtige selskaber og fonde, udskydelse af søgsmålsfristen ved klage til Folketingets Ombudsmand, overførelse af sager om fradrag for forbedring af grundværdi fra Landsskatteretten til vurderingsankenævnene, ingen omkostningsgodtgørelse ved påklage af afgørelser om godtgørelse og ved overspringelse af klageinstans i sager om ejendomsvurderinger, initiativer til imødegåelse af misbrug af godtgørelsesordningen m.v.).","Proposal for a law amending the Tax Administration Act and the Equalisation Act. (Cost reimbursement to taxable companies and foundations, postponement of the time limit for bringing proceedings by complaint to the Parliamentary Ombudsman, transfer of cases of deduction for the improvement of the basic value from the National Tax Court to the Apprenticeships, no cost compensation for appealing against decisions on reimbursement and for the annulment of the Board of Appeal in matters relating to property assessments, initiatives to counter abuse of the drawback system, etc.).",2016-12-15 10:00:00
3335,Forslag til lov om ændring af lov om apotekervirksomhed og lov om lægemidler. (Bedre tilgængelighed til lægemidler ved etablering af apotekernes vagttjeneste og selvvalg af håndkøbslægemidler).,Proposal for a law amending the Law on Pharmacy and the Law on Medicinal Products.,2016-12-16 10:00:00
3336,Forslag til lov om ændring af lov om autorisation af sundhedspersoner og om sundhedsfaglig virksomhed og lov om en brancheadministreret registreringsordning for alternative behandlere. (Ændring af kiropraktorers forbeholdte virksomhedsområde m.v.).,"Proposal for a law amending the Law on the Authorisation of Healthcare Professionals and the Law on a Trade-Managed Registration Scheme for Alternative Careers (changes to the restricted scope of chiropractors, etc.).",2016-12-16 10:00:00
3337,"Forslag til lov om ændring af lov om regionernes finansiering. (Ændret kommunal medfinansiering, indførelse af regional omfordeling som følge af effektiviseringsgevinster ved kvalitetsfondsstøttede sygehusbyggerier m.v.).","Proposal for a law amending the law on the financing of the regions (changed local co-financing, introduction of regional redistribution due to efficiency gains from quality fund-aided hospital buildings, etc.).",2016-12-16 10:00:00
3338,Forslag til lov om ændring af sundhedsloven. (Justering af takster for somatiske færdigbehandlingsdage).,Proposal for a Law amending the Health Act.,2016-12-16 10:00:00
3343,Forslag til lov om ændring af lov om arbejdsløshedsforsikring m.v. (Optjening af ret til feriedagpenge for perioder med sygedagpenge ophæves).,"Proposal for a law amending the law on unemployment insurance, etc. (Acquisition of entitlement to a holiday allowance for periods of sickness benefit is abolished).",2016-12-19 10:00:00
3344,"Forslag til lov om ændring af lov om Det Økonomiske Råd og Det Miljøøkonomiske Råd. (Formandskabets vurdering af produktivitetsudviklingen, sammensætningen af rådene og lovfæstelse af følg eller forklar-princippet m.v.).",Proposal for a Law amending the Law on the Economic Council and the Environmental Economic Council.,2016-12-19 10:00:00
3346,"Forslag til lov om ændring af lov om Sund og Bælt Holding A/S. (Oprettelse af nyt selskab til varetagelse af betalingsanlæg på brugerfinansieret infrastruktur, vilkår for A/S Femern Landanlæg, adgang til anvendelse af finansielle transaktioner m.v.).","Proposal for a law amending the Law on Sund and Bælt Holding A/S. (Creating a new company for the provision of payment facilities on user-financed infrastructure, terms for A/S Femern Landanlæg, access to the use of financial transactions, etc.).",2016-12-19 10:00:00
3347,Forslag til lov om ændring af færdselsloven. (Ophævelse af hørekrav for førere af motorkøretøjer).,Proposal for a law amending the Road Traffic Code (Cancelling of hearing requirements for drivers of motor vehicles).,2016-12-19 10:00:00
3349,Forslag til lov om ændring af lov om vandplanlægning og forskellige andre love. (Inddragelse af kommuner og vandråd i afgrænsning af vandløb i vandområdeplaner og kvalificering af udpegning af kunstige og stærkt modificerede vandløb samt ny organisering i Miljø- og Fødevareministeriet).,Proposal for a law amending the Law on Water Planning and various other laws. (Involvement of municipalities and water councils in the demarcation of watercourses in river basin management plans and qualification of the designation of artificial and highly modified watercourses as well as new organisation in the Ministry of the Environment and Food).,2016-12-19 10:00:00
3350,Forslag til lov om Miljø- og Fødevareklagenævnet.,Draft law on the Environmental and Food Complaints Board.,2016-12-19 10:00:00
3351,Forslag til lov om ændring af lov om kystbeskyttelse. (Forenkling af kommunernes sagsbehandling m.v.).,"Draft law amending the Law on Coastal Protection. (Simplification of municipal procedures, etc.).",2016-12-19 10:00:00
3352,Forslag til lov om ændring af lov om hold af malkekvæg og afkom af malkekvæg. (Midlertidige lempelser af visse krav).,Proposal for a law amending the law on the keeping of dairy cattle and the offspring of dairy cattle. (Temporary relaxation of certain requirements).,2016-12-19 10:00:00
3353,Forslag til lov om ændring af lov om adgangsregulering ved videregående uddannelser. (Begrænsning af dobbeltuddannelse).,Proposal for a law amending the Law on the regulation of admission to higher education.,2016-12-19 10:00:00
3354,"Forslag til lov om ændring af udlændingeloven. (Indførelse af en offentlig sanktionsliste over udenlandske religiøse forkyndere m.fl., som kan udelukkes fra at indrejse).","Draft law amending the Aliens Act. (Incorporation of a public punitive list of foreign religious ministers, etc., which can be excluded from entry).",2016-12-19 10:00:00
3355,Forslag til lov om ændring af udlændingeloven. (Ændring af udvisningsreglerne m.v.).,"Draft law amending the law on aliens (change of rules on expulsion, etc.).",2016-12-19 10:00:00
3356,"Forslag til lov om ændring af udlændingeloven og kildeskatteloven. (Opholdstilladelse med henblik på ansættelse på forskningscenteret European Spallation Source i Sverige, europæiske forskningsinfrastrukturkonsortiers anvendelse af skatteordningen for udenlandske forskere og nøglemedarbejdere m.v.).",Proposal for a law amending the law on foreigners and withholding tax.,2016-12-19 10:00:00
3357,"Forslag til lov om ændring af lov om elforsyning, lov om fremme af vedvarende energi og elsikkerhedsloven og om ophævelse af lov om tilskud til fremme af vedvarende energi i virksomheders produktionsprocesser. (Udfasning af PSO-opkrævning, ophævelse af ForskEL, finansiering af Sikkerhedsstyrelsens virksomhed på elsikkerhedsområdet og nedjustering af balanceringsgodtgørelse).","Proposal for a law amending the law on electricity supply, the law on the promotion of renewable energy and the law on electricity security and repealing the law on subsidies for the promotion of renewable energy in the production processes of enterprises.",2016-12-19 10:00:00
3358,Forslag til lov om de gymnasiale uddannelser.,Draft law on upper secondary education.,2016-12-19 10:00:00
3359,"Forslag til lov om ændring af lov om institutioner for almengymnasiale uddannelser og almen voksenuddannelse m.v., lov om institutioner for erhvervsrettet uddannelse og forskellige andre love. (Indførelse af folkeskolens afgangseksamen, adgangskrav til erhvervsuddannelserne og ændringer som følge af lovgivning om de gymnasiale uddannelsers indhold m.v.).","Draft law amending the law on institutions for general upper secondary education and general adult education, etc., the law on institutions for vocational training and various other laws. (Introduction of primary education, admission requirements for vocational training and changes resulting from legislation on the content of upper secondary education, etc.).",2016-12-19 10:00:00
3360,Forslag til lov om ændring af lov om Arbejdsgivernes Uddannelsesbidrag og lov om erhvervsuddannelser. (Justering af arbejdsgiverbidrag og midlertidige bonusordninger for 2017 m.v.).,Proposal for a law amending the Law on Employers' Educational Contributions and the Law on Vocational Training. (Adjustment of Employers' Contributions and Temporary Bonus Schemes for 2017 etc.).,2016-12-19 10:00:00
3362,Forslag til lov om ændring af lov om produktionsskoler. (Harmonisering af skoleydelse til et SU-lignende niveau m.v.).,"Proposal for a law amending the Law on Production Schools. (Harmonization of school allowance to an SU-like level, etc.).",2016-12-19 10:00:00
3363,Forslag til lov om ændring af lov om efterskoler og frie fagskoler. (Øvre grænse for kursusuger i årselevberegning m.v.).,Proposal for a law amending the law on post-secondary schools and free vocational schools.,2016-12-19 10:00:00
3364,Forslag til lov om ændring af lov om forberedende voksenundervisning og ordblindeundervisning for voksne. (FVU-tilbud for tosprogede m.m.).,Proposal for a law amending the law on preparatory adult education and dyslexic education for adults. (FVU offer for bilingual etc.).,2016-12-19 10:00:00
3365,"Forslag til lov om ændring af lov om internationalt udviklingssamarbejde. (Opdatering af lovens formål, justering af kravet om udarbejdelse af 4-årsplan for udgiftsrammer for udviklingsaktiviteter, ændring af rammerne for Investeringsfonden for Udviklingslandes virke, herunder bl.a. fastsættelse af en udbyttepolitik, og ændring af organiseringen af den udviklingsfaglige rådgivning m.v.).",Proposal for a law amending the law on international development cooperation.,2016-12-19 10:00:00
3366,Forslag til lov om jobordning for veteraner.,Proposal for a Law on Veterans' Job Schemes.,2016-12-19 10:00:00
3367,Forslag til lov om ændring af beredskabsloven. (Sikringsmæssige foranstaltninger for nukleart materiale og nukleare anlæg).,Proposal for a law amending the Emergency Response Act. (Security measures for nuclear material and installations).,2016-12-19 10:00:00
3368,Forslag til lov om ændring af lov om røgfri miljøer og lov om fuldbyrdelse af straf m.v. (Udvidelse af rygeforbuddet i kriminalforsorgens institutioner m.v.).,"Proposal for a law amending the law on smoke-free environments and the law on the enforcement of penalties, etc. (Enlargement of the ban on smoking in criminal services institutions, etc.).",2016-12-19 10:00:00
3369,Forslag til lov om ændring af lov om Politiets Efterretningstjeneste (PET). (Ændring af PET’s opgaver i forhold til den alvorligste organiserede kriminalitet og PET’s forpligtelse til sletning af oplysninger).,Proposal for a law amending the Law on Police Intelligence (PET).,2016-12-19 10:00:00
3370,"Forslag til lov om ændring af straffeloven, lov om fuldbyrdelse af straf m.v. og forskellige andre love. (Øget respekt for det offentlige rum, offentlige myndigheder og personer i offentlig tjeneste m.v.).","Draft law amending the Criminal Code, the Law on the Enforcement of Punishment, etc. and various other laws (Increased respect for public space, public authorities and public service persons, etc.).",2016-12-19 10:00:00
3371,"Forslag til lov om ændring af lov for Grønland om visse spil. (Forhøjelse af det beløb, der årligt overføres til Grønlands Selvstyre for spil udbudt i Grønland).",Proposal for a law amending the law for Greenland on certain games. (Increase of the amount transferred annually to Greenland's Self-Government for games offered in Greenland).,2016-12-19 10:00:00
3380,"Forslag til lov om ændring af lov om fremme af vedvarende energi. (Kommunal indsigelsesret, udvidelse af køberetsordningen og den grønne ordning, pristillæg og afregningsvilkår for havvindmølleparkerne Vesterhav Syd, Vesterhav Nord og Kriegers Flak samt midlertidig suspension af støtteordninger og indsættelse af loft for støtte til visse anlæg).",Proposal for a law amending the law on the promotion of renewable energy sources.,2016-12-19 10:00:00
3382,Forslag til lov om ændring af lov om vurdering af landets faste ejendomme og lov om finansiel virksomhed. (Bestemmelser om indsamling og registrering af data m.v.).,"Proposal for a law amending the law on the valuation of the country's real estate and the law on financial activities. (Provisions on the collection and recording of data, etc.).",2017-01-10 13:00:00
3383,"Forslag til lov om ændring af lov om vurdering af landets faste ejendomme og lov om kommunal ejendomsskat. (Videreførelse af vurderingerne med 1 år, fremrykning af beskatningsgrundlaget og udvidelse af den ekstraordinære revisionsbestemmelse).","Proposal for a law amending the law on the valuation of land and the law on the municipal property tax. (Provision of the valuations by one year, advance of the tax base and extension of the extraordinary revision provision).",2017-01-10 13:00:00
3384,Forslag til lov om ændring af registreringsafgiftsloven. (Nedsættelse af registreringsafgiften).,Proposal for a law amending the Registration Tax Act.,2017-01-10 13:00:00
3386,"Forslag til lov om ændring af lov om ægteskabs indgåelse og opløsning, udlændingeloven og værgemålsloven. (Afskaffelse af muligheden for dispensation fra alderskrav ved indgåelse af ægteskab, anerkendelse af udenlandske ægteskaber og forhøjelse af gebyret for prøvelse af ægteskabsbetingelserne).","Draft law amending the law on the conclusion and dissolution of marriages, the Aliens Act and the Law on guardianship. (Abolition of the possibility of exemption from age requirements by marriage, recognition of foreign marriages and an increase in the fee for review of marriage conditions).",2017-01-19 10:00:00
3387,"Forslag til lov om ændring af lov om udstykning og anden registrering i matriklen, lov om Geodatastyrelsen, lov om tinglysning og forskellige andre love. (Effektivisering af ejendomsregistrering og -forvaltning m.v.).","Proposal for a law amending the Law on the Law on the Law on the Law on the Law on the Law on the Law on the Law on the Law on the Law on the Law on the Law on the Law on the Law on the Law on the Law on the Law on the Law on the Law on the Law on the Law on the Law on the Law on the Law on the Law on the Law on the Law on the Law on the Law on the Law on the Law on the Law on the Law on the Law on the Law on the Law on the Law on the Law on the Law on the Law on the Law on the Law on the Law on the Law on the Law on the Law on the Law on the Law on the Law on the Law on the Law on the Law on the Law on the Law on the Law on the Law on the Law on the Law on the Law on the Law on the Law on the Law on the Law on the Law on the Law on the Law on the Law on the Law on the Law on the Law on the Law on the Law on the Law on the Law on Geops, the Law on the Law on the Law on the Law on the Law on the Law on the Law on the Law on Spatial, the Law on the Law on the Law on the Law on the Law on the Law on the Law on the Law on the Law on the Law on the Law on the Law on the Law on the Law on the Law on the Law on Spatial of the Law on the Law on the Law on the Law on the Law on the Law on the Law on the Law on the Law on the Law on the Law on the Law on the Law on the Law on the Law on the Law on the Law on the Law on the Law on the Law on the Law on the Law on Geo of the Law on the Law on the Law on the Law on the Law on the Law on the Law on the Law on the Law on the Law on the Law on the Law on the Law on the Law on the Law on the Law on the Law on the Law on the Law on the Law on the Law on the Law on Geo, the Law on the Law on the Law on the Law on the Law on the Law on the Law on the Law on the Law on the Law on the Law on the Law on the Law on the Law on the Law on the Law on the Law on the Law on the Law on the Law on the Law on the Law on",2017-01-19 10:00:00
3388,Forslag til adresseloven.,Draft address law.,2017-01-19 10:00:00
3393,"Forslag til lov om ændring af lov om inddrivelse af gæld til det offentlige, lov om fremgangsmåden ved inddrivelse af skatter og afgifter m.v. og lov om kommunal ejendomsskat. (Overdragelse af inddrivelsesopgaven vedrørende fortrinsberettigede kommunale fordringer til kommunerne).","Proposal for a Law amending the Law on the Recovery of Public Debts, the Law on the Procedure for the Recovery of Taxes, etc., and the Law on Municipal Property Tax.",2017-01-26 10:00:00
3394,"Forslag til lov om ændring af sundhedsloven, lov om autorisation af sundhedspersoner og om sundhedsfaglig virksomhed og lov om klage- og erstatningsadgang inden for sundhedsvæsenet. (Etablering af en bisidderordning og praktiserende kiropraktorers mulighed for henvisning til billeddiagnostiske undersøgelser samt kvalitetsarbejde m.v.).","Proposal for a law amending the Health Act, the Law on the Authorisation of Health Care Professionals and the Law on access to health care and compensation. (Provision of a bisidder scheme and the possibility of practicing chiropractors to refer to imaging studies and quality work, etc.).",2017-01-26 10:00:00
3400,Forslag til lov om ændring af lov om offentlighed i forvaltningen. (Ændring af revisionsbestemmelse).,Proposal for a law amending the law on public disclosure in the administration. (Amendment of the revision provision).,2017-02-02 10:00:00
3401,"Forslag til lov om ændring af retsplejelov for Grønland og kriminallov for Grønland. (Telefonforkyndelse, magtanvendelse i grønlandske anstalter samt tilhold, opholdsforbud og bortvisning m.v.).","Proposal for a law amending the Code of Criminal Procedure for Greenland and the Code of Criminal Procedure for Greenland. (Phone preaching, use of force in Greenlandic establishments and restraining orders, residence bans and expulsions, etc.).",2017-02-02 10:00:00
3402,Forslag til lov om ændring af lov om miljøbidrag og godtgørelse i forbindelse med ophugning og skrotning af biler. (Nedsættelse af miljøbidrag).,Proposal for a law amending the Act on environmental contributions and compensation for the scrapping and scrapping of cars.,2017-02-02 10:00:00
3412,"Forslag til lov om ændring af lov om en aktiv beskæftigelsesindsats og lov om arbejdsløshedsforsikring m.v. (Trepartsaftale på Beskæftigelsesministeriets område om uddannelsesløft, voksenlærlingeordningen og 6 ugers jobrettet uddannelse).","Proposal for a law amending the Act on Active Employment Efforts and the Law on Unemployment Insurance, etc. (Trepart Agreement in the Ministry of Employment on Training Lifts, Adult Apprenticeship Scheme and 6 weeks of job-oriented training).",2017-02-09 10:00:00
3413,"Forslag til lov om ændring af lov om kommunernes styrelse og regionsloven. (Overførsel af det kommunale og regionale tilsyn til Ankestyrelsen, befordringsgodtgørelse til kommunalbestyrelsesmedlemmer ved foretagelse af borgerlige vielser og målretning af Ankestyrelsens udvælgelse af tilsynssager m.v.).","Proposal for a law amending the law on the administration of municipalities and the Regional Law. (Transfer of municipal and regional supervision to the Ankestyrelsen, travel allowance to members of the municipal council by making civil marriages and targeting the selection of supervisory cases by the Archestyrelsen).",2017-02-09 10:00:00
3415,Forslag til lov om ændring af lov om folkeskolen og lov om institutioner for almengymnasiale uddannelser og almen voksenuddannelse m.v. (Opfølgning på folkeskolereformen m.v.).,Proposal for a law amending the law on primary school and the law on institutions for general upper secondary education and general adult education etc. (Follow-up to the reform of primary school etc.).,2017-02-21 13:00:00
3416,"Forslag til lov om ændring af lov om psykologer m.v. (Offentliggørelse af tilsynssager, adgang til at give påbud, ændring af Psykolognævnets sammensætning m.v.).","Proposal for a law amending the law on psychologists, etc. (Publication of supervisory cases, access to injunctions, modification of the composition of the Psychologist Board, etc.).",2017-02-21 13:00:00
3417,"Forslag til lov om ændring af udlændingeloven, lov om fuldbyrdelse af straf m.v. og straffeloven. (Styrket kontrol med udlændinge på tålt ophold og kriminelle udviste, herunder indførelse af underretningspligt, skærpet straf, afsoning i fodlænke og særlig adgang til varetægtsfængsling, og ændring af klageadgang).","Proposal for a law amending the Aliens Act, the Law on the Enforcement of Punishment, etc., and the Criminal Code.",2017-02-21 13:00:00
3418,Forslag til lov om ændring af udlændingeloven. (Overførsel af opgaver fra Udlændinge- og Integrationsministeriet til Flygtningenævnet og Udlændingenævnet m.v.).,"Draft law amending the Aliens Act. (Transfer of tasks from the Ministry of Foreign Affairs and Integration to the Refugee Board and the Foreigner's Board, etc.).",2017-02-21 13:00:00
3419,Forslag til lov om ændring af personskatteloven og lov om skattefri kompensation for forhøjede energi- og miljøafgifter. (Forhøjelse af bundskatten og det skrå skatteloft og reduktion af den grønne check til finansiering af afskaffelsen af PSO-afgiften m.v.).,"Proposal for a law amending the Personal Tax Act and the Law on Tax-Free Compensation for Increases in Energy and Environmental Taxes. (Increase of the base tax and the slanted tax ceiling and reduction of the green cheque to finance the abolition of the PSO tax, etc.).",2017-02-21 13:00:00
3423,"Forslag til lov om ændring af retsplejeloven, lov om fuldbyrdelse af straf m.v. og lov om elektroniske kommunikationsnet og -tjenester. (Udeblivelsesdomme, forkyndelse og anvendelse af digital kommunikation i straffesager m.v.).","Proposal for a law amending the Code of Criminal Procedure, the Law on the Enforcement of Punishment, etc., and the Law on Electronic Communications Networks and Services (Delivery judgments, service and use of digital communications in criminal proceedings, etc.).",2017-02-23 10:00:00
3424,"Forslag til lov om ændring af lov om hold af heste. (Ændring af opbindingsperiode for gruppeopstaldede heste, ændring af indretningsmæssige krav, ændring af krav om fold og adgang til fold og indførelse af undtagelse fra krav om håndtering af visse heste).","Proposal for a law amending the law on the keeping of horses. (Change of retention period for group-housed horses, change of business requirements, change of fold requirements and access to fold and introduction of exemption from requirements for handling certain horses).",2017-02-23 10:00:00
3425,"Forslag til lov om ændring af lov om miljøgodkendelse m.v. af husdyrbrug, lov om miljøbeskyttelse, lov om jordbrugets anvendelse af gødning og om plantedække og forskellige andre love. (Ny regulering af husdyrbrug m.v. og indførelse af generelle regler for anvendelse af gødning på arealer og for husdyrbrug m.v. som udmøntning af dele af fødevare- og landbrugspakken samt ændringer som følge af VVM-direktivet m.v.).","Proposal for a law amending the law on the environmental approval, etc. of livestock farming, the law on environmental protection, the law on the use of fertilizers in agriculture and on plant cover and various other laws. (New regulation of livestock farming, etc., and the introduction of general rules on the use of manure on land and on livestock farming, etc., to implement parts of the food and agriculture package, as well as amendments resulting from the EIA Directive, etc.).",2017-02-23 10:00:00
3430,"Forslag til lov om ændring af lov om klage- og erstatningsadgang inden for sundhedsvæsenet. (Godtgørelse til forældre, der har mistet et barn som følge af skade påført i sundhedsvæsenet).",Proposal for a law amending the Law on access to justice and compensation in the health care sector.,2017-02-28 13:00:00
3433,Forslag til lov om ændring af lov om social service. (Forsikring af frivillige m.v.).,"Proposal for a law amending the Social Services Act. (Insurance of volunteers, etc.).",2017-03-02 10:00:00
3434,Forslag til lov om udstedelse af legitimationskort.,Draft law on the issue of ID cards.,2017-03-02 10:00:00
3435,Forslag til lov om ændring af lov om kommunal ejendomsskat og lov om kommunal udligning og generelle tilskud til kommuner. (Fastfrysning af grundskylden i 2017 for alle ejendomme).,Proposal for a law amending the Law on Municipal Property Tax and the Law on Municipal Equalisation and General Grants to Municipalities. (Fixation of the ground debt in 2017 for all properties).,2017-03-02 10:00:00
3436,Forslag til lov om tillægsbevilling for finansåret 2016.,Draft law on the supplementary allocation for the financial year 2016.,2017-03-02 00:00:00
3437,Forslag til lov om ændring af udlændingeloven. (Ændring af reglerne om inddragelse af studieopholdstilladelse ved ulovligt arbejde).,Proposal for a law amending the law on aliens. (Amendment of the rules on the withdrawal of residence permits for illegal work).,2017-03-02 10:00:00
3443,"Forslag til lov om ændring af udlændingeloven. (Obligatorisk kursus i dansk familieret, frihed og folkestyre for religiøse forkyndere m.fl. og løfteerklæring om overholdelse af dansk lovgivning).","Draft law amending the Aliens Act. (Optional course in Danish family law, freedom and popular rule for religious preachers, etc. and declaration of promise on compliance with Danish law).",2017-03-14 13:00:00
3444,Forslag til lov om ændring af udlændingeloven. (Ændring som følge af forordning om den europæiske grænse- og kystvagt m.v.).,"Proposal for a law amending the law on foreigners (Amendments to the regulation on the European Border and Coast Guard, etc.).",2017-03-14 00:00:00
3447,Forslag til lov om Haagerkonventionen af 2007.,Draft law on the 2007 Hague Convention.,2017-03-21 13:00:00
3448,Forslag til lov om en midlertidig jobpræmie til langtidsledige m.v.,Proposal for a law on a temporary job premium for the longterm unemployed etc.,2017-03-21 00:00:00
3451,"Forslag til lov om ændring af barselsloven, lov om barselsudligning på det private arbejdsmarked, lov om sygedagpenge og lov om kommunernes finansiering af visse offentlige ydelser udbetalt af kommunerne, Udbetaling Danmark og arbejdsløshedskasserne. (Digitalisering af barselslovens beskæftigelseskrav og beregning, mulighed for mere fleksibel afholdelse af fædreorlov, fastsættelse af klageadgang i sager om sygedagpengeforsikring, omregning af månedsbaserede arbejdsløshedsdagpenge til berørte uger m.v.).","Proposal for a law amending the law on maternity leave, law on maternity compensation in the private labour market, law on sickness benefits and law on the financing by municipalities of certain public benefits paid by municipalities, payment of Denmark and unemployment funds. (Digitization of the employment requirements and calculation of the law on maternity leave, possibility of more flexible paternity leave, provision of redress in cases of sickness insurance, conversion of monthly unemployment benefit to affected weeks, etc.).",2017-03-23 00:00:00
3452,Forslag til lov om ændring af lov om inddrivelse af gæld til det offentlige og forskellige andre love. (Forenkling af regler om inddrivelse af gæld til det offentlige m.v.).,"Draft law amending the law on the recovery of public debt and various other laws. (Simplification of rules on the recovery of public debt, etc.).",2017-03-23 00:00:00
3465,Forslag til lov om stedbestemt information.,Draft law on spatial information.,2017-03-28 00:00:00
3466,"Forslag til lov om ændring af lov om elevers og studerendes undervisningsmiljø og lov om folkeskolen. (Krav om antimobbestrategi, handlingsplan ved problemer med det psykiske undervisningsmiljø, oprettelse af klageinstans, tilsyn, genindførelse af kommunalbestyrelsens behandling af skolelederens beslutninger m.v.).","Proposal for a law amending the law on the education environment of pupils and students and the law on the primary school. (Requirements on anti-bulb strategy, action plan for problems with the mental education environment, establishment of a review body, supervision, re-establishment of the municipal council's handling of school leader's decisions, etc.).",2017-03-28 00:00:00
3473,Forslag til lov om anlæg af Haderup Omfartsvej.,Proposal for a law on the construction of Haderup omfartsvej.,2017-04-04 00:00:00
3474,Forslag til lov om anlæg af et nyt Statens Naturhistoriske Museum.,Draft law on the construction of a new National Natural History Museum.,2017-04-04 00:00:00
3475,"Forslag til lov om ændring af lov om europæiske samarbejdsudvalg, lov om information og høring af lønmodtagere, lov om varsling m.v. i forbindelse med afskedigelser af større omfang og lov om lønmodtageres retsstilling ved virksomhedsoverdragelse. (Implementering af direktiv om ændring af visse direktiver på det arbejds- og ansættelsesretlige område, for så vidt angår søfarende, m.v.).","Proposal for a law amending the law on European Works Councils, the law on information and consultation of employees, the law on early warning, etc. in the event of redundancies of a greater scale and the law on the legal status of employees in the event of transfers of undertakings. (Implementation of the Directive amending certain directives in the field of employment and employment law in the case of seafarers, etc.).",2017-04-04 00:00:00
3484,Forslag til lov om videnskabelig uredelighed m.v.,"Draft law on scientific infidelity, etc.",2017-04-20 00:00:00
3485,Forslag til lov om Danmarks Forsknings- og Innovationspolitiske Råd og Danmarks Frie Forskningsfond.,Draft law on the Danish Research and Innovation Policy Council and the Danish Free Research Foundation.,2017-04-20 00:00:00
3486,"Forslag til lov om ændring af lov om almene boliger m.v., lov om friplejeboliger, lov om leje af almene boliger, lov om tvungen administration af udlejningsejendomme og lov om ejerlejligheder. (Medfinansiering af Center for Boligsocial Udvikling, mulighed for afskæring af klageadgang og ejerlejlighedsopdeling).","Proposal for a law amending the law on general housing, the law on free-care homes, the law on the rental of general housing, the law on the compulsory administration of rental properties and the law on the ownership of apartments. (Co-financing of the Centre for Housing Social Development, the possibility of cutting legal redress and the sharing of condos).",2017-04-20 00:00:00
3487,Forslag til lov om ændring af lov om restaurationsvirksomhed og alkoholbevilling m.v. (Ændring af alderskrav for unge personers beskæftigelse og alderskrav til bevillingshavere og bestyrere m.v.).,"Proposal for a law amending the law on catering and alcoholic beverages, etc. (Modification of age requirements for young people's employment and age requirements for holders and managers, etc.).",2017-04-20 00:00:00
3497,Forslag til lov om markedsføring.,Proposal for a law on marketing.,2017-04-25 10:00:00
3498,Forslag til lov om ændring af lov om realkreditlån og realkreditobligationer m.v. og lov om finansiel virksomhed. (Ændring af lånegrænse for fritidshuse).,Proposal for a law amending the law on mortgage loans and mortgage bonds etc. and the law on financial services (change of loan limit for leisure homes).,2017-04-25 00:00:00
3499,Forslag til lov om ændring af lov for Færøerne om rettens pleje. (International kompetence i ægteskabssager).,Draft law amending the Law of the Faroe Islands on the care of the courts. (International jurisdiction in matrimonial matters).,2017-04-25 00:00:00
3500,Forslag til lov om ændring af dagtilbudsloven. (Udvidet obligatorisk dagtilbud og krav om dansk og fokus på demokrati i privat pasning).,Proposal for a law amending the Day Offer Act. (Extended mandatory day offer and demand for Danish and focus on democracy in private care).,2017-04-25 00:00:00
3512,Forslag til lov om ændring af sundhedsloven. (Bedre brug af helbredsoplysninger til kvalitetsarbejde og retslægeligt ligsyn og obduktion samt særligt om samtykke ved behandling af børn og unge).,"Proposal for a Law amending the Health Act. (Better use of health information for quality work and medical examination and autopsy and, in particular, for consent in the treatment of children and young people).",2017-04-27 00:00:00
3513,Forslag til lov om ændring af lov om kommunal udligning og generelle tilskud til kommuner. (Oprettelse af ny særtilskudspulje og forlængelse af overgangsordningen i forbindelse med refusionsomlægning på beskæftigelsesområdet).,Proposal for a law amending the law on municipal compensation and general grants to municipalities. (Creating a new special grant pool and extending the transitional arrangements for the reorganization of reimbursements in the field of employment).,2017-04-27 00:00:00
3514,Forslag til lov om ændring af lov om fuldbyrdelse af straf m.v. (Skærpelse af afsoningsvilkårene for udvisningsdømte indsatte).,"Draft law amending the Law on the Enforcement of Punishment, etc.",2017-04-27 00:00:00
3515,Forslag til lov om retshåndhævende myndigheders behandling af personoplysninger.,Draft law on the processing of personal data by law enforcement authorities.,2017-04-27 00:00:00
3516,Forslag til lov om Den Europæiske Unions Agentur for Retshåndhævelsessamarbejde (Europol).,Proposal for a law on the European Union Agency for Law Enforcement Cooperation (Europol).,2017-04-27 00:00:00
3522,"Forslag til lov om ændring af universitetsloven, SU-loven og andre love. (Lønnede projektorienterede forløb i visse lande og mulighed for erkendtlighed under ulønnede projektorienterede forløb, praktik og studieophold).","Proposal for a law amending the University Act, the SU Act and other laws. (Salary project-oriented courses in certain countries and possibility of recognition during unpaid project-oriented courses, internships and study placements).",2017-05-02 00:00:00
3532,Forslag til lov om ændring af lov om arbejdsmiljø i Grønland og lov om arbejdsskadesikring i Grønland. (Betaling for tilsyn med råstof- og vandkraftaktiviteter og indsamling og videregivelse af oplysninger om arbejdsulykker og erhvervssygdomme m.v.).,"Proposal for a law amending the Law on the Working Environment in Greenland and the Law on occupational injury insurance in Greenland. (Payment for supervision of raw materials and hydropower activities and collection and transmission of information on accidents at work and occupational diseases, etc.).",2017-05-04 00:00:00
3534,Forslag til lov om ændring af udlændingeloven. (Skærpelse af reglerne om tidsubegrænset opholdstilladelse).,Draft law amending the law on aliens. (Strengthening the rules on permanent residence permits).,2017-05-04 00:00:00
3544,"Forslag til lov om ændring af færdselsloven. (Tidsbegrænset parkering, vejmyndighedens mulighed for at overtage parkeringskontrollen m.v.).","Proposal for a law amending the Road Traffic Code (Time-limited parking, possibility for the Road Authority to take over parking control, etc.).",2017-05-09 00:00:00
3545,Forslag til lov om ændring af færdselsloven. (Oprettelse af klagenævn).,Proposal for a law amending the Road Traffic Code. (Creation of Boards of Appeal).,2017-05-09 00:00:00
3546,Forslag til lov om ændring af lov om biblioteksafgift. (Indførelse af biblioteksafgift for e-bøger og netlydbøger og ændring af biblioteksafgiftens undergrænse m.v.).,"Proposal for a law amending the law on library fees. (Introduction of library fees for e-books and online audio books and amendment of the library tax sub-limit, etc.).",2017-05-09 00:00:00
3547,Forslag til lov om ændring af lov om mediestøtte. (Tilskud til nyhedsmedier i grænselandet).,Draft law amending the law on media support. (Subsidies for news media in the border country).,2017-05-09 00:00:00
3548,Forslag til lov om forsøg i folkekirken.,Draft law on tests in the church.,2017-05-09 00:00:00
3550,"Forslag til lov om ændring af lov om beskyttelse af havmiljøet, lov om miljøbeskyttelse og lov om sikkerhed til søs. (Implementering af dele af Hongkongkonventionen).","Proposal for a law amending the Law on the Protection of the Marine Environment, the Law on the Protection of the Environment and the Law on Safe Seas. (Implementation of parts of the Hong Kong Convention).",2017-05-09 00:00:00
3551,Forslag til lov om ændring af lov om drift af landbrugsjorder. (Permanent genopdyrkningsret).,Proposal for a law amending the Law on the Operation of Agricultural Areas (Permanent Recultivation Law).,2017-05-09 00:00:00
3552,Forslag til lov om ændring af lov om Forsvarets Efterretningstjeneste (FE) og toldloven. (FE’s adgang til oplysninger om flypassagerer og ændring af FE’s forpligtelse til sletning af oplysninger).,Proposal for a law amending the Law on Defence Intelligence (FE) and the Customs Act.,2017-05-09 00:00:00
3553,"Forslag til lov om ændring af fondsbeskatningsloven, ligningsloven og skattekontrolloven. (Justering af fondes adgang til fradrag for ikkealmennyttige uddelinger).","Proposal for a law amending the fund tax law, the law on equations and the tax control law.",2017-05-09 10:00:00
3557,"Forslag til lov om ændring af lov om en garantifond for skadesforsikringsselskaber og lov om forsikringsformidling. (Mulighed for, at direkte tegnende skadesforsikringsselskaber i EU/EØS kan tilslutte sig Garantifonden for skadesforsikringsselskaber og nye informationsforpligtelser for forsikringsagenter m.fl. ved markedsføring og salg af skadesforsikringsaftaler til forbrugere).",Proposal for a law amending the law on a guarantee fund for non-life insurance companies and the law on insurance mediation. (Possible for EU/EEA direct non-life insurance companies to join the Guarantee Fund for non-life insurance companies and new information obligations for insurance agents and others in the marketing and sale of non-life insurance contracts to consumers).,2017-05-11 00:00:00
3558,"Forslag til lov om ændring af lov om kuldioxidafgift af visse energiprodukter, momsloven, tinglysningsafgiftsloven, toldloven og forskellige andre love. (Tilretning af elpatronordningen, betalingspligt for moms ved tvangsauktionssalg, adgang til tilbagebetaling af tinglysningsafgift ved tastefejl, ændring af sikkerhedsstillelsesordningen for potentiel toldskyld m.v.).","Proposal for a law amending the law on carbon dioxide tax for certain energy products, the VAT Act, the Landing Tax Act, the Customs Code and various other laws.",2017-05-11 00:00:00
3559,Forslag til lov om ændring af ligningsloven. (Skattefrihed for befordringsgodtgørelse under integrationsgrunduddannelse).,Proposal for a law amending the law on equations. (Freedom of movement allowance during basic integration training).,2017-05-11 00:00:00
3560,Forslag til lov om ændring af udlændingeloven. (Mulighed for i en krisesituation at afvise asylansøgere ved grænsen).,Proposal for a law amending the law on aliens.,2017-05-11 00:00:00
3564,Forslag til lov om ændring af lov om vederlag og pension m.v. for ministre. (Ændring af ministres vederlæggelse og pensionsforhold som opfølgning på Vederlagskommissionens anbefalinger m.v.).,"Draft law amending the law on remuneration and pensions, etc. for ministers (changes in the payment and pension conditions of ministers following the recommendations of the remuneration commission, etc.).",2017-05-16 00:00:00
3569,Forslag til lov om ændring af lov om valg til Folketinget. (Ændring af folketingsmedlemmernes vederlæggelse og pensionsforhold som opfølgning på Vederlagskommissionens anbefalinger m.v.).,"Draft law amending the law on election to the Folketing. (Changes in the remuneration and pension conditions of members of parliament following the recommendations of the remuneration commission, etc.).",2017-05-16 00:00:00
3571,Forslag til lov om ændring af lov om våben og eksplosivstoffer. (Ændring af forbuddet mod transport af våben m.v. mellem visse andre lande end Danmark).,"Proposal for a law amending the Law on arms and explosives (Amendment of the ban on the transport of arms, etc. between certain countries other than Denmark).",2017-05-16 00:00:00
3576,Forslag til lov om ændring af sundhedsloven og lov om klage- og erstatningsadgang inden for sundhedsvæsenet. (Afvikling af kontaktpersonordningen).,Proposal for a law amending the Health Act and the Law on access to health care.,2017-05-18 00:00:00
3577,Forslag til lov om ændring af sundhedsloven. (Genindførelse af retten til frit valg af tandpleje for børn under 16 år og brugere af omsorgstandplejen).,Proposal for a law amending the Health Act. (Reintroducing the right to free choice of dental care for children under 16 years of age and care providers).,2017-05-18 00:00:00
3578,Forslag til lov om ændring af udlændingeloven. (Ophævelse af 26-årsreglen i ægtefællesammenføringssager).,Proposal for a law amending the law on aliens.,2017-05-18 00:00:00
3579,Forslag til lov om ændring af udlændingeloven. (Ny opholdsordning for medfølgende familie til hjemvendende udlandsdanskere med visse beskæftigelsesmæssige kvalifikationer).,Draft law amending the Aliens Act. (New residence scheme for accompanying families of returning foreign dancers with certain employment qualifications).,2017-05-18 00:00:00
3580,Forslag til lov om ændring af udlændingeloven. (Politiets Efterretningstjenestes og Forsvarets Efterretningstjenestes adgang til udlændingemyndighedernes registre og systemer m.v.).,"Proposal for a law amending the Aliens Act. (Access of Police Intelligence and Defence Intelligence to immigration authorities' registers and systems, etc.).",2017-05-18 00:00:00
3585,Forslag til lov om forsøg med personlige borgerstyrede budgetter til socialt udsatte borgere.,Proposal for a law on the trial of personalised citizens' budgets for socially disadvantaged citizens.,2017-05-23 00:00:00
3586,Forslag til lov om ændring af lov om retssikkerhed og administration på det sociale område. (Mellemkommunal refusion ved efterværn).,Proposal for a law amending the law on legal certainty and administration in the social field.,2017-05-23 00:00:00
3587,Forslag til lov om ægtefællers økonomiske forhold.,Draft law on the financial situation of spouses.,2017-05-23 00:00:00
3588,"Forslag til lov om ændring af lov om ægteskabs indgåelse og opløsning, lov om ægtefælleskifte m.v. og forskellige andre love. (Ændringer som følge af lov om ægtefællers økonomiske forhold).","Draft law amending the law on the conclusion and dissolution of marriage, the law on the change of spouse, etc., and various other laws. (Amendments resulting from the law on the financial situation of spouses).",2017-05-23 00:00:00
3589,"Forslag til lov om ændring af lov om hold af dyr. (Bemyndigelse til fastsættelse af regler om obligatorisk hygiejnekursus for visse personer, der håndterer svin, m.v.).","Proposal for a law amending the law on the keeping of animals. (Authorization to lay down rules on compulsory hygiene training for certain persons handling pigs, etc.).",2017-05-23 00:00:00
3590,Forslag til lov om ændring af lov om Landdistriktsfonden. (Mulighed for at undtage støtteordninger med standardomkostninger fra tilbudslovens regler).,Proposal for a law amending the Rural Fund Act.,2017-05-23 00:00:00
3619,Forslag til lov om ændring af færdselsloven. (Bemyndigelse til at fastsætte regler om og give tilladelse til forsøg med selvkørende motorkøretøjer).,Proposal for a law amending the Road Traffic Code.,2017-05-30 00:00:00
3620,Forslag til lov om ændring af færdselsloven. (Ændring af sanktionerne for kørsel i THC-påvirket tilstand og af regler om alkolåse).,Proposal for a law amending the Road Traffic Code. (Amendment of the sanctions for driving in the THC affected condition and of rules on alcolocks).,2017-05-30 00:00:00
3621,Forslag til lov om ændring af færdselsloven. (Ændring af sanktionerne på køre- og hviletidsområdet m.v.).,"Proposal for a law amending the Road Traffic Code. (Change of sanctions in the area of driving and rest periods, etc.).",2017-05-30 00:00:00
3622,"Forslag til lov om ændring af lov om social pension og lov om højeste, mellemste, forhøjet almindelig og almindelig førtidspension m.v. (Ændrede regler om meddelelse om ret til folkepension, opsat pension m.v.).","Proposal for a Law amending the Law on Social Pensions and the Law on the highest, middle, increased general and general early retirement pension, etc. (Adjusted rules on the notification of entitlement to a retirement pension, retirement pension, etc.).",2017-05-30 00:00:00
3623,"Forslag til lov om ændring af lov om arbejdsløshedsforsikring m.v. (Midlertidig forhøjelse af timebegrænsning for frivilligt, ulønnet arbejde).","Proposal for a law amending the law on unemployment insurance, etc. (Temporary increase in hours limit for voluntary unpaid work).",2017-05-30 00:00:00
3624,Forslag til lov om ændring af retsplejeloven. (Ændring af reglerne for lægdommere).,Proposal for a law amending the Code of Civil Procedure. (Amendment of the rules applicable to lay judges).,2017-05-30 00:00:00
3625,"Forslag til lov om ændring af retsplejeloven, lov om Bruxelles I-forordningen m.v. og forskellige andre love. (Ændring af reglerne for lægdommere, gennemførelse af værnetingsaftalekonventionen m.v.).","Draft law amending the Code of Procedure, the Brussels I Regulation, etc., and various other laws (changes to the rules applicable to lay judges, implementation of the Convention on Jurisdiction and the Enforcement of Judgments, etc.).",2017-05-30 00:00:00
3626,Forslag til lov om kapitalmarkeder.,Proposal for a law on capital markets.,2017-05-30 00:00:00
3627,"Forslag til lov om ændring af lov om finansiel virksomhed, lov om finansielle rådgivere og boligkreditformidlere og forskellige andre love. (Gennemførelse af direktiv om markeder for finansielle instrumenter (MiFID II) og ændringer som følge af forordning om markeder for finansielle instrumenter (MiFIR) m.v.).","Proposal for a law amending the Law on Financial Activities, the Law on Financial Advisors and Housing Credit Intermediaries and various other laws. (Implementation of the Directive on Financial Instruments Markets (MIFID II) and amendments resulting from the Regulation on Financial Instruments Markets (MIFIR) etc.).",2017-05-30 00:00:00
3644,"Forslag til lov om ændring af lov om planlægning, lov om naturbeskyttelse og lov om aktindsigt i miljøoplysninger. (Modernisering af planloven, bedre rammer for kommuner, borgere og virksomheder i hele landet).","Proposal for a law amending the law on planning, the law on nature protection and the law on public access to environmental information. (Modernisation of the law on planning, a better framework for municipalities, citizens and businesses throughout the country).",2017-06-01 00:00:00
3646,"Forslag til lov om ændring af lov om finansiel virksomhed, lov om ejendomskreditselskaber og lov om realkreditlån og realkreditobligationer m.v. (Øget gennemsigtighed og mobilitet på realkreditmarkedet).","Proposal for a law amending the law on financial activities, the law on real estate credit companies and the law on mortgage loans and mortgage bonds etc. (Increased transparency and mobility in the mortgage market).",2017-06-01 00:00:00
3647,Forslag til lov om ændring af lov om bygningsfredning og bevaring af bygninger og bymiljøer. (Det Særlige Bygningssyns sammensætning og kompetencer).,Proposal for a law amending the Law on the Conservation and Conservation of Buildings and Urban Environments.,2017-06-01 00:00:00
3648,Forslag til lov om ændring af lov om valg til Folketinget. (Valg på personlige stemmer).,Draft law amending the Act on Elections to the Folketing. (Selecting personal votes).,2017-06-01 00:00:00
3649,Forslag til lov om ændring af lov om valg til Folketinget. (Indførelse af prioriteret sideordnet opstilling).,Draft law amending the Act on Elections to the Folketing.,2017-06-01 00:00:00
3650,Forslag til lov om ændring af lov om et analyse- og forskningsinstitut for kommuner og regioner og lov om apoteksvirksomhed. (Oprettelse af Det Nationale Forsknings- og Analysecenter for Velfærd og adgang til oplysninger fra Lægemiddelstatistikregisteret).,Proposal for a law amending the Law on the Analysis and Research Institute for Municipalities and Regions and the Law on Pharmacy. (Creation of the National Centre for Social Science and Access to Information from the Pharmaceutical Statistics Register).,2017-06-01 00:00:00
3651,"Forslag til lov om ændring af lov om drift af landbrugsjorder, registreringsafgiftsloven, lov om kommunale borgerservicecentre og forskellige andre love. (Opfølgning på frikommuneforsøget 2012-2015).","Proposal for a law amending the Law on the Operation of Agricultural Areas, the Registration Tax Act, the Law on Municipal Citizen Services Centres and various other laws. (Follow-up to the 2012-2015 Free Commune Trial).",2017-06-01 00:00:00
3652,"Forslag til lov om ændring af lov om kommunale og regionale valg og lov om valg af danske medlemmer til Europa-Parlamentet. (Afskaffelse af valgret for udlændinge på tålt ophold, udvisningsdømte udlændinge og administrativt udviste udlændinge m.v.).",Proposal for a law amending the law on municipal and regional elections and the law on the election of Danish Members to the European Parliament.,2017-06-01 00:00:00
3653,Forslag til lov om frikommunenetværk.,Draft law on free community networks.,2017-06-01 00:00:00
3654,"Forslag til lov om ændring af lov om kommunal udligning og generelle tilskud til kommuner. (Kompensation for øget afgiftsbelastning og udvidelse af landevejsprincippet for biler, passagerer m.v. til og fra visse øer).","Proposal for a law amending the law on municipal compensation and general subsidies to municipalities. (Compensation for increased tax burden and extension of the road principle for cars, passengers, etc. to and from certain islands).",2017-06-01 00:00:00
3655,Forslag til lov om ændring af lov om private bidrag til politiske partier og offentliggørelse af politiske partiers regnskaber og lov om økonomisk støtte til politiske partier m.v. (Øget åbenhed om den private økonomiske støtte til politiske partier m.v.).,"Draft law amending the law on private contributions to political parties and the publication of the accounts of political parties and the law on financial support for political parties, etc. (Increased openness on private financial support for political parties, etc.).",2017-06-01 00:00:00
3656,Forslag til lov om ændring af lov om politiets virksomhed og toldloven. (Politiets anvendelse af databaserede analyseredskaber og adgang til oplysninger om flypassagerer).,Proposal for a law amending the law on police activities and the Customs Code. (Political use of data-based analysis tools and access to information on air passengers).,2017-06-01 00:00:00
3657,"Forslag til lov om ændring af straffeloven, lov om forbud mod ophold i bestemte ejendomme og lov om fuldbyrdelse af straf m.v. (Styrket indsats mod rocker- og bandekriminalitet m.v.).","Proposal for a law amending the criminal code, law prohibiting residence in certain properties and the law on the enforcement of penalties, etc. (Strengthened action against biker and gang crimes, etc.).",2017-06-01 00:00:00
3658,Forslag til lov om forbud mod anvendelse af bestemte ejendomme som samlingssted for en gruppe.,Proposal for a law prohibiting the use of certain properties as a gathering point for a group.,2017-06-01 00:00:00
3659,Forslag til lov om ændring af retsplejeloven og forskellige andre love. (Blokering af hjemmesider og stop af offentlige ydelser til fremmedkrigere).,Draft law amending the Code of Procedure and various other laws. (Bloking of websites and stopping public services to foreign fighters).,2017-06-01 00:00:00
3660,"Forslag til lov om ændring af lov om ændring af straffeloven, retsplejeloven, lov om konkurrence- og forbrugerforhold på telemarkedet, våbenloven, udleveringsloven samt lov om udlevering af lovovertrædere til Finland, Island, Norge og Sverige. (Ændring af revisionsbestemmelse).","Proposal for a law amending the Law amending the Criminal Code, the Code of Procedure, the Law on Competition and Consumer Relations in the Telecommunications Market, the Law on Arms, the Extradition Act and the Law on the Extradition of Violators to Finland, Iceland, Norway and Sweden (Amendment of the revision clause).",2017-06-01 00:00:00
3662,Forslag til lov om ændring af lov om miljøbeskyttelse. (Kompenserende marine virkemidler ved etablering eller udvidelse af havbrug).,Proposal for a law amending the Law on the Protection of the Environment.,2017-06-01 00:00:00
3663,Forslag til lov om ændring af lov om naturbeskyttelse. (Nye muligheder for visse anlæg og indretninger på klitfredede arealer og inden for strandbeskyttelseslinjen samt inden for sø- og åbeskyttelseslinjen).,Proposal for a law amending the Nature Conservation Act.,2017-06-01 00:00:00
3683,"Forslag til lov om ændring af lov om elforsyning, lov om fremme af vedvarende energi, lov om naturgasforsyning og lov om vandsektorens organisering og økonomiske forhold. (Økonomisk regulering af netvirksomheder, skærpelse af netvirksomheders særskilte identitet, ophævelse af støtteordninger for elektricitet fra særlige anlæg, der anvender biomasse som energikilde, og opkrævning af betaling for myndighedsbehandling m.v.).","Proposal for a law amending the law on electricity supply, the law on the promotion of renewable energy, the law on natural gas supply and the law on the organisation and economic conditions of the water sector. (Economic regulation of network companies, strengthening the separate identity of network companies, the abolition of aid schemes for electricity from special plants using biomass as energy source, and the collection of payments for regulatory processing, etc.).",2017-06-02 00:00:00
3684,"Forslag til lov om ændring af lov om varmeforsyning, lov om elforsyning, lov om naturgasforsyning og lov om kommunal udligning og generelle tilskud til kommuner. (Forhøjelse af procenten for modregning i den enkelte kommunes statstilskud ved overførsel af midler fra kommunale varmeforsyningsvirksomheder m.v.).  ","Proposal for a law amending the Law on Heat Supply, the Law on Electricity, the Act on Natural Gas Supply and the Law on Municipal Equalisation and General Grants to Municipalities.",2017-06-02 00:00:00
3685,Forslag til lov om indfødsrets meddelelse.,Draft law on the notification of citizenship.,2017-06-02 00:00:00
3686,Forslag til lov om ændring af udlændingeloven. (Præcisering af kravene til aflønning efter beløbsordningen).,Proposal for a law amending the law on foreigners.,2017-06-02 00:00:00
3687,Forslag til lov om ændring af udlændingeloven. (Forhøjelse af mindstebeløbet i beløbsordningen).,Proposal for a law amending the law on foreigners.,2017-06-02 00:00:00
3688,"Forslag til lov om ændring af repatrieringsloven og udlændingeloven. (Øget støtte til repatriering, genindførelse af resultattilskud til kommunerne og indførelse af absolut tilbagebetalingskrav m.v.).","Proposal for a law amending the Return Act and the Aliens Act. (Increased aid for repatriation, re-establishment of income subsidies to municipalities and introduction of absolute recovery claims, etc.).",2017-06-02 00:00:00
3689,"Forslag til lov om ændring af lov om danskuddannelse til voksne udlændinge m.fl. og forskellige andre love. (Mere virksomhedsrettet danskuddannelse til voksne udlændinge, krav om mellemkommunal aftale ved midlertidig boligplacering af flygtninge i en anden kommune m.v.).","Draft law amending the law on Danish education for adult foreigners and others and various other laws. (More business-oriented Danish education for adult foreigners, demand for intercommunal agreement by temporary housing of refugees in another municipality, etc.).",2017-06-02 00:00:00
3690,Forslag til lov om ændring af udlændingeloven. (Øget brug af biometri m.v.).,"Draft law amending the law on foreigners. (Increased use of biometrics, etc.).",2017-06-02 00:00:00
3692,"Forslag til lov om ændring af lov om social service, lov om socialtilsyn og lov om retssikkerhed og administration på det sociale område. (Udvidelse og tydeliggørelse af muligheden for at yde en tidlig forebyggende indsats efter lov om social service, forenkling af udmålingssystemet for merudgiftsydelsen, indførelse af varsling ved afgørelser om frakendelse eller nedsættelse af hjælp efter lov om social service m.v.).","Proposal for a law amending the Social Services Act, the Social Protection Act and the Law on Legal Security and Administration in the Social Field. (Enlargement and clarification of the possibility of early preventive action under the Social Services Act, simplification of the measurement system for the additional cost of services, introduction of warning by decisions to disallow or reduce aid under the Social Services Act, etc.).",2017-06-02 00:00:00
3693,Forslag til lov om tilkøb af socialpædagogisk ledsagelse under ferie.,Proposal for a law on the purchase of social pedagogical accompaniment during holidays.,2017-06-02 00:00:00
3694,Forslag til lov om ændring af lov om social service og lov om retssikkerhed og administration på det sociale område. (Udvidelse af reglerne om optagelse i et bestemt botilbud uden samtykke m.v.).,"Proposal for a law amending the Law on Social Services and the Law on Legal Security and Administration in the Social Field. (Enlargement of the rules on admission to a particular residence offer without consent, etc.).",2017-06-02 00:00:00
3695,Forslag til lov om forebyggende foranstaltninger mod hvidvask og finansiering af terrorisme (hvidvaskloven).,Proposal for a law on preventive measures against money laundering and terrorist financing (Whitewash Act).,2017-06-02 10:00:00
3696,Forslag til lov om betalinger.,Draft law on payments.,2017-06-02 00:00:00
3697,Forslag til lov om ændring af personskatteloven og virksomhedsskatteloven. (Kildeartsbegrænsning af underskud fra fysiske personers investeringer i visse anpartsprojekter).,Proposal for a law amending the Personal Tax Act and the Corporate Tax Act. (Source reduction of losses from investments by natural persons in certain equity projects).,2017-06-02 00:00:00
3698,Forslag til lov om ændring af boafgiftsloven og forskellige andre love. (Nedsættelse af bo- og gaveafgiften ved generationsskifte af erhvervsvirksomheder og genoptagelse af skatteansættelsen for værdipapirer m.v.).,Proposal for a law amending the Code of Conduct and various other laws.,2017-06-02 00:00:00
3699,Forslag til lov om ændring af ligningsloven. (Kvalifikation af selvstændig erhvervsvirksomhed ved deltagelse i et skattemæssigt transparent selskab).,Proposal for a law amending the law on equations. (Qualification of selfemployed activities by participation in a tax transparent company).,2017-06-02 00:00:00
3700,Forslag til lov om ændring af ligningsloven. (Skattefrihed for OL- og PL-præmiebonus).,Draft law amending the law on equations. (Freedom of charge for Olympic and PL prizes).,2017-06-02 00:00:00
3701,"Forslag til lov om ændring af lov om spil, lov om afgifter af spil og lov om Danske Spil A/S. (Liberalisering af onlinebingo, heste- og hundevæddemål og væddemål på kapflyvning med brevduer samt indførelse af et særligt bidrag til hestevæddeløbssporten).","Draft law amending the law on gambling, the law on fees for gambling and the law on Danish Games A/S. (Liberalisation of online bingo, horse and dog betting and betting on racing with carrier pigeons and introduction of a special contribution to horse racing).",2017-06-02 00:00:00
3702,"Forslag til lov om ændring af registreringsafgiftsloven, brændstofforbrugsafgiftsloven, lov om afgift af elektricitet og forskellige andre love. (Udskydelse af indfasning af registreringsafgift på eldrevne køretøjer m.v., midlertidigt fradrag for batterikapacitet, forlængelse af ordning med lav afgift på el til opladning af eldrevne køretøjer og særlig ordning for elbusser, ændring af beregning af brændstofforbrug for gasdrevne biler og gasdrevne pluginhybridbiler og nedsættelse af afgift af metanol iblandet vand).","Proposal for a law amending the Registration Tax Act, the Fuel Consumption Tax Act, the Electricity Tax Act and various other laws.",2017-06-02 00:00:00
3703,Forslag til ejendomsvurderingsloven.,Proposal for the Property Assessment Act.,2017-06-02 00:00:00
3704,"Forslag til lov om ændring af skatteforvaltningsloven, lov om kommunal ejendomsskat, ejendomsværdiskatteloven og forskellige andre love. (Ny vurderingsankenævnsstruktur, regler om klagebehandling af vurderingssager og ændringer som følge af en ny ejendomsvurderingslov m.v.).","Proposal for a law amending the Tax Administration Act, the Law on Municipal Property Tax, the Property Value Tax Act and various other laws (New Assessment Board structure, rules on review of valuation cases and changes resulting from a new Property Assessment Act, etc.).",2017-06-02 00:00:00
3705,Forslag til lov om anvendelse af tvang ved somatisk behandling af varigt inhabile.,Proposal for a law on the use of coercion in the treatment of permanent inhabiles.,2017-06-02 00:00:00
3706,Forslag til lov om ændring af lov om anvendelse af tvang i psykiatrien og sundhedsloven. (Oprettelse af særlige pladser på psykiatrisk afdeling).,Proposal for a law amending the Law on the Use of Force in Psychology and Health Act. (Creating Special Places in the Psychiatric Department).,2017-06-02 00:00:00
3707,Forslag til lov om ændring af lov om en brancheadministreret registreringsordning for alternative behandlere. (Ændring af forsikringsvilkår for registrerede alternative behandlere m.v.).,"Proposal for a law amending the law on an industry-managed registration scheme for alternative practitioners (change of insurance conditions for registered alternative practitioners, etc.).",2017-06-02 00:00:00
3708,Forslag til lov om forlængelse af økonomiprotokollatet for almen praksis.,Proposal for a law extending the general practice financial protocol.,2017-06-02 00:00:00
3710,Forslag til lov om ændring af straffeloven. (Ophævelse af straffelovens blasfemibestemmelse).,Proposal for a law amending the criminal code.,2017-06-02 00:00:00
3711,Forslag til lov om ændring af universitetsloven. (Bedre rammer for ledelse).,Proposal for a law amending the University Act. (Better framework for management).,2017-06-02 00:00:00
3712,"Forslag til lov om ændring af universitetsloven, lov om professionshøjskoler for videregående uddannelser, lov om erhvervsakademier for videregående uddannelser og forskellige andre love. (Indførelse af investeringsrammer på selvejeområdet og opfølgning på omlægning af tilskudssystem for maritime efter- og videreuddannelser m.v.).","Proposal for a law amending the University Act, law on higher education higher education colleges, law on vocational academies for higher education and various other laws.",2017-06-02 00:00:00
3713,Forslag til lov om ændring af lov om institutioner for almengymnasiale uddannelser og almen voksenuddannelse m.v. og lov om institutioner for erhvervsrettet uddannelse. (Indførelse af investeringsrammer på selvejeområdet).,"Proposal for a law amending the law on institutions for general upper secondary education and adult education, etc., and the law on institutions for vocational training.",2017-06-02 00:00:00
3714,"Forslag til lov om ændring af lov om Arbejdsgivernes Uddannelsesbidrag, lov om erhvervsuddannelser, lov om folkeskolen og forskellige andre love. (Praktikpladsafhængigt bidrag til AUB m.v.).","Proposal for a law amending the Law on Employers' Educational Contributions, the Law on Vocational Training, the Law on Folkeskole and various other laws.",2017-06-02 00:00:00
3736,"Forslag til lov om ændring af registreringsafgiftsloven og brændstofforbrugsafgiftsloven. (Ændring af registreringsafgiften, ændring af fradrag for sikkerhedsudstyr, forhøjelse af tærskelværdi og tillæg for energieffektivitet, stramning af regler om leasing m.v. af køretøjer, forhøjelse af reparationsgrænsen og forhøjelse og øget differentiering af brændstofforbrugsafgift m.v.).","Proposal for a law amending the Registration Tax Act and the Fuel Consumption Tax Act (change of registration fee, change of deduction of safety equipment, increase of threshold and energy efficiency premium, tightening of vehicle leasing rules, increase of repair limit and increase and increased differentiation of fuel consumption tax, etc.).",2017-11-09 00:00:00
3737,"Forslag til lov om ændring af lov om fremme af vedvarende energi. (Indsættelse af frister for tilsagn om pristillæg samt puljer i visse støtteordninger, midlertidig drift af elproduktionsanlæg på havet uden elproduktionsanlæg og ophævelse af solcellepuljen for 2017 m.v.).","Proposal for a law amending the Law on the Promotion of Renewable Energy. (Inclusion of price premium commitments and pools in certain aid schemes, temporary operation of power generation plants at sea without power generation plants and termination of the solar pool for 2017 etc.).",2017-11-09 00:00:00
3738,"Forslag til lov om ændring af lov om fremme af vedvarende energi. (Indsættelse af frister for tilsagn om tilskud, nettilslutning og ansøgning om udbetaling af tilskud i den grønne ordning samt nedjustering af balancegodtgørelse).",Proposal for a law amending the law on the promotion of renewable energy.,2017-11-09 00:00:00
3739,Forslag til lov om ændring af lov om hunde. (Undtagelse fra aflivning af visse ulovlige hunde i særlige tilfælde).,Proposal for a law amending the law on dogs (except for the killing of certain illegal dogs in special cases).,2017-11-09 00:00:00
3742,"Forslag til lov om ændring af sundhedsloven. (Bedre lægedækning ved udvidelse af perioden for regioners drift af alment medicinske klinikker, forenklet overdragelse af ydernumre mellem læger og ændret opkrævning af gebyr for regionale sygehusenheder m.v.).","Proposal for a Law amending the Health Act. (Better medical coverage by extending the period for the operation of general medical clinics by regions, simplified transfer of external numbers between doctors and amended collection of fees for regional hospital units, etc.).",2017-11-28 00:00:00
3743,"Forslag til lov om ændring af kulbrinteskatteloven, lov om ansættelse og opkrævning m.v. af skat ved kulbrinteindvinding, lov om fremskyndet tilbagebetaling af visse afgifter og fusionsskatteloven. (Lempelse af beskatningen af kulbrintevirksomhed for visse investeringer og afskaffelse af forskudsmomsordningen m.v.).","Proposal for a law amending the Petroleum Tax Act, the Law on the Employment and Collection of Tax on Petroleum Petroleum, the Law on the Accelerated Recovery of Certain Taxes and the Merger Tax Act (Simplifying the taxation of hydrocarbon activities for certain investments and the abolition of the advance VAT scheme, etc.).",2017-11-28 00:00:00
3744,"Forslag til lov om ændring af skatteforvaltningsloven og ligningsloven. (Ensretning af værnetingsregler ved indbringelse af skattesager, udvidelse af skattefriheden for statslige godtgørelser til asbestofre m.v.).",Proposal for a Law amending the Tax Administration Act and the law on equations.,2017-11-28 00:00:00
3745,Forslag til lov om ændring af skatteforvaltningsloven. (Begrænsning af SKATs mulighed for at tilbagekalde bindende svar ved værdiansættelse af aktiver).,Proposal for a law amending the Tax Administration Act. (Restricting the possibility of SKAT to revoke binding responses in the valuation of assets).,2017-11-28 00:00:00
3746,"Forslag til lov om ændring af lov om elforsyning, lov om fremme af vedvarende energi, lov om naturgasforsyning, lov om Energinet.dk og lov om varmeforsyning. (Betaling for myndighedsbehandling og justering af bestemmelser om tilsyn med Energinet).","Proposal for a law amending the Law on Electricity, the Law on the Promotion of Renewable Energy, the Act on Natural Gas Supply, the Act on Energinet.dk and the Law on Heat Supply.",2017-11-30 00:00:00
3747,"Forslag til lov om ændring af lov om anvendelse af Danmarks undergrund og lov om etablering og benyttelse af en rørledning til transport af råolie og kondensat. (Forbedret tredjepartsadgang i forbindelse med kulbrinteindvinding, reservationer af kapacitet og opkrævning af bidrag til afviklingsomkostninger i olierørledningen samt ny klageadgang i lov om etablering og benyttelse af en rørledning til transport af råolie og kondensat m.v.).",Proposal for a law amending the law on the use of Denmark's underground and law on the establishment and use of a pipeline for the transport of crude oil and condensate.,2017-11-30 00:00:00
3748,Forslag til lov om ændring af lov om kontinentalsoklen. (Tilladelse til visse rørledningsanlæg på søterritoriet).,Proposal for a law amending the law on the continental shelf.,2017-11-30 00:00:00
3749,"Forslag til lov om ændring af konkurrenceloven. (Undtagelse fra forbuddet mod konkurrencebegrænsende aftaler, fusioner, egenacces, databeskyttelsesretlige regler, foreløbig ansøgning om straflempelse og nordisk samarbejde).","Draft law amending the Competition Act. (Exclusion from the prohibition of anticompetitive agreements, mergers, own-accesses, data protection rules, preliminary application for reduction of penalties and Nordic cooperation).",2017-11-30 00:00:00
3750,"Forslag til lov om ændring af søloven og lov om sikkerhed til søs (Ansvarsbegrænsningsbeløb ved vragfjernelse, gennemførelse af internationale sanktioner vedrørende skibsregistrering, privatretlige havneafgifter m.v.).","Proposal for a law amending the Law on Maritime Safety and the Law on Maritime Safety (Designation of liability limits, application of international sanctions on ship registration, private port charges, etc.).",2017-11-30 00:00:00
3751,Forslag til lov om ændring af søloven og tinglysningsafgiftsloven.  (Justering og klarificering af reglerne om udenlandske ejeres adgang til at få skibe under dansk flag og forenklet registrering af rettigheder i mellemstore fritidsfartøjer).,Proposal for a Law amending the Law on Sea and Landing Tax. (Adjustment and clarification of the rules on access by foreign owners to Danish flag vessels and simplified registration of rights in medium-sized recreational craft).,2017-11-30 00:00:00
3752,"Forslag til lov om ændring af lov om finansiel virksomhed, lov om kapitalmarkeder, lov om investeringsforeninger m.v. og forskellige andre love. (Forhandlede retningslinjer på det finansielle område, sikring af vandrende arbejdstageres ret til at optjene og bevare pensionsrettigheder, gennemførelse af ændringer som følge af benchmarkforordningen og PRIIP-forordningen, udpegning af systemisk vigtige finansielle institutter (SIFI) m.v.).","Proposal for a law amending the Law on Financial Activities, the Law on Capital Markets, the Act on Investment Funds, etc. and various other laws. (Programmed financial guidelines, guaranteeing the right of migrant workers to earn and retain pension rights, implementation of changes resulting from the benchmark regulation and the PRIIP Regulation, designation of Systemically Important Financial Institutions (SIFI) etc.).",2017-11-30 00:00:00
3753,Forslag til lov om ændring af lov om leje. (Friplejeboliger i lejede lokaler).,Proposal for a law amending the law on rental. (Free-care accommodation in rented premises).,2017-11-30 00:00:00
3754,Forslag til lov om infrastruktur for alternative drivmidler.,Proposal for a law on infrastructure for alternative fuels.,2017-11-30 00:00:00
3755,Forslag til lov om ændring af færdselsloven. (Ændring af sanktioner for foretagelse af ulovlige konstruktive ændringer i motordrevne køretøjers forureningsbegrænsende udstyr).,Proposal for a law amending the Road Traffic Code. (Amendment of penalties for making unlawful constructive changes to the pollution control equipment of motor vehicles).,2017-11-30 00:00:00
3756,"Forslag til lov om ændring af straffeloven, lov om en børne- og ungeydelse og lov om børnetilskud og forskudsvis udbetaling af børnebidrag. (Initiativer mod rocker- og bandekriminalitet m.v.).","Proposal for a law amending the criminal code, law on child and youth benefits and law on family allowances and advance payment of child allowances. (Initiatives against biker and gang crimes, etc.).",2017-11-30 00:00:00
3757,"Forslag til lov om ændring af lov om akkreditering af videregående uddannelsesinstitutioner. (Justering af akkrediteringsprocesser, undtagelse af visse maritime uddannelsesinstitutioner fra institutionsakkreditering, udvidelse af Danmarks Akkrediteringsinstitutions udbud af vurderingskompetence m.v.).",Proposal for a law amending the law on accreditation of higher education institutions.,2017-11-30 00:00:00
3758,"Forslag til lov om ændring af universitetsloven, lov om videregående kunstneriske uddannelsesinstitutioner, SU-loven og lov om arbejdsløshedsforsikring m.v. (Erhvervskandidatuddannelse).","Draft law amending the University Law, Law on Higher Artistic Education Institutions, the SU Act and the Law on Unemployment Insurance, etc. (Erhvervsuddannelse).",2017-11-30 00:00:00
3760,"Forslag til lov om ændring af militær straffelov, militær disciplinarlov og militær retsplejelov. (Anvendelsesområde i forhold til tjenstgørende militært personel m.v.).","Draft law amending military criminal law, military disciplinary law and judicial procedure (scope of military personnel in charge, etc.).",2017-12-05 00:00:00
3762,"Forslag til lov om ændring af lov om registrering af køretøjer, registreringsafgiftsloven, brændstofforbrugsafgiftsloven, lov om vægtafgift af motorkøretøjer m.v. og lov om afgift af naturgas og bygas m.v. (Krav om sovepladser i campingbiler, afgiftsgrundlag for veterankøretøjer, brug af prøveskilte og prøvemærker, fastsættelse af lovregler om registrering og afgiftsfritagelse for visse køretøjer, kørsel i uregistrerede køretøjer m.v. som led i offentligt hverv, adgang for forsvaret til at registrere og afmelde egne køretøjer og nedsættelse af afgiftssats for gas til motorbrændstof m.v.).","Proposal for a law amending the law on vehicle registration, registration fee law, fuel consumption tax law, law on vehicle weight tax, etc., and the law on the taxation of natural gas and urban gas, etc. (Requirements on sleeping places in camping cars, tax base on veteran vehicles, use of test signs and test marks, establishment of legal rules on registration and exemption for certain vehicles, driving in unregistered vehicles, etc. in the context of public service, access to the defence to register and cancel own vehicles, and reduction of the tax rate on gas for motor fuel, etc.).",2017-12-05 00:00:00
3767,Forslag til lov om ændring af lov om bygningsfredning og bevaring af bygninger og bymiljøer. (Ændrede retsvirkninger for visse fredede bygninger).,Draft law amending the Law on the Conservation and Conservation of Buildings and Urban Environments. (Change of legal effects for certain listed buildings).,2017-12-07 00:00:00
3768,Forslag til lov om udlodning af overskud og udbytte fra lotteri.,Draft law on the distribution of profits and dividends from lotteries.,2017-12-07 00:00:00
3769,Forslag til lov om trossamfund uden for folkekirken.,Draft law on religions outside the church.,2017-12-07 00:00:00
3770,"Forslag til lov om ændring af lov om social service, lov om almene boliger m.v. og lov om psykologer m.v. (Ændring af reglerne om udvidet lån til betaling af handicapbil, forsøg på det sociale område, stikprøvekontrol af indberetninger til Tilbudsportalen og forenkling af rammeaftalekonceptet samt demensmærkning m.v.).","Proposal for a law amending the Social Services Act, the General Housing Act, etc. and the Psychologists Act, etc. (Amendment of the rules on extended loans for the payment of disabled cars, social experiments, random checks on notifications to the Supply Portal and simplification of the Framework Agreement concept and dementia marking, etc.).",2017-12-07 00:00:00
3771,Forslag til skattekontrollov.,Draft tax control law.,2017-12-07 00:00:00
3772,Forslag til skatteindberetningslov.,Draft tax reporting law.,2017-12-07 00:00:00
3773,"Forslag til lov om ændring af aktieavancebeskatningsloven, kildeskatteloven, skattekontrolloven og forskellige andre love. (Konsekvensændringer som følge af skattekontrolloven og skatteindberetningsloven, gennemførelse af ændringsdirektiv om skattemyndighedernes adgang til oplysninger indberettet efter hvidvaskregulering m.v.).","Proposal for a law amending the Share Profit Tax Act, the withholding tax Act, the Tax Control Act and various other laws. (Consequences changes resulting from the Tax Control Act and the Tax Reporting Act, implementation of the Amending Directive on the access of tax authorities to information reported under money laundering regulation, etc.).",2017-12-07 00:00:00
3774,Forslag til lov om beskyttelse af havmiljøet i den eksklusive økonomiske zone ved Grønland.,Proposal for a law on the protection of the marine environment in the exclusive economic zone of Greenland.,2017-12-07 00:00:00
3775,Forslag til lov om ændring af lov om miljøbeskyttelse. (Implementering af dele af udvindingsaffaldsdirektivet og MCP-direktivet).,Proposal for a law amending the Law on the Protection of the Environment (Implementation of Parts of the Mining Waste Directive and the MCP Directive).,2017-12-07 00:00:00
3776,Forslag til lov om ændring af lov om naturbeskyttelse og lov om havstrategi. (National liste med handelsforbud m.v. over for visse invasive arter og nyaffattelse af bilag 1 til lov om havstrategi).,"Proposal for a law amending the Law on Nature Conservation and the Law on Marine Strategy. (National list of trade bans, etc. to certain invasive species and the re-application of Annex 1 to the Law on Marine Strategy).",2017-12-07 00:00:00
3777,Forslag til lov om ændring af dyreværnsloven og lov om hold af dyr. (Uddannelseskrav og offentliggørelse af kontrolresultater).,Proposal for a law amending the Animal Protection Act and the Animal Maintenance Act. (Educational requirements and publication of control results).,2017-12-07 00:00:00
3778,"Forslag til lov om ændring af lov om jagt og vildtforvaltning og lov om naturbeskyttelse. (Mulighed for fastsættelse af nærmere regler om jagt med visse rovfugle, jagttider, tidsbegrænsede initiativer, jagtformer, fodring af vildt og ændring af regler om jagttegn samt ophævelse af krav om dispensation til visse til- og ombygninger inden for skovbyggelinjen i landzone).",Proposal for a law amending the law on hunting and game management and the law on nature conservation.,2017-12-07 00:00:00
3779,Forslag til lov om ændring af fiskeriloven. (Oplysning om den sidste tredjedel af ejerkredsen i erhvervsfiskerselskaber).,Draft law amending the Law on Fisheries. (Information on the last third of the ownership of commercial fishing companies).,2017-12-07 00:00:00
3780,"Forslag til lov om ændring af lov om folkeskolen, lov om friskoler og private grundskoler m.v. og lov om efterskoler og frie fagskoler. (Lempelse af bindinger i regelsættet om »Fælles Mål«).","Draft law amending the law on primary schools, the law on free schools and private primary schools, etc., and the law on post-schools and free vocational schools.",2017-12-07 00:00:00
3787,"Forslag til lov om ændring af lov om efterskoler og frie fagskoler og lov om folkehøjskoler. (Lempelse af tilskudsbetingelser for bygninger og arealer, varetagelse af opgaver ud over skole- og undervisningsvirksomhed m.v.).","Proposal for a law amending the law on post-schools and free vocational schools and the law on folk high schools. (Simplification of grant conditions for buildings and land, carrying out tasks in addition to school and educational activities, etc.).",2017-12-12 00:00:00
3788,"Forslag til lov om ændring af jernbaneloven. (Certificering af virksomheder, der udfører opgaver for andre end jernbanevirksomheder og infrastrukturforvaltere).",Proposal for a law amending the Railway Act. (Certification of undertakings carrying out tasks for other than railway undertakings and infrastructure managers).,2017-12-12 00:00:00
3789,Forslag til lov om ændring af færdselsloven. (Bemyndigelse til at fastsætte regler om små motoriserede køretøjer).,Proposal for a law amending the Road Traffic Code.,2017-12-12 00:00:00
3795,"Forslag til lov om ændring af udlændingeloven. (Skærpelse af muligheden for at opnå tidsubegrænset opholdstilladelse for udlændinge, der aktivt har modarbejdet afklaringen af deres identitet i forbindelse med ansøgning om opholdstilladelse her i landet).",Proposal for a law amending the Aliens Act. (Strengthening the possibility of obtaining permanent residence permits for foreigners who have actively opposed the clarification of their identity in the context of applications for residence permits in this country).,2017-12-14 00:00:00
3796,Forslag til lov om ændring af udlændingeloven. (Etablering af Nationalt ID-center).,Proposal for a law amending the Aliens Act. (Establishment of National ID centre).,2017-12-14 00:00:00
3797,Forslag til lov om indfødsrets meddelelse.,Draft law on the notification of citizenship.,2017-12-14 00:00:00
3798,Forslag til lov om ændring af lov om trafikselskaber. (Implementering af takstreformer i Øst- og Vestdanmark og mulighed for overdragelse af trafikkøberansvar m.v.).,"Proposal for a law amending the law on transport companies. (Implementation of tariff reforms in East and West Denmark and possibility of transfer of traffic buyer responsibility, etc.).",2017-12-14 00:00:00
3799,Forslag til taxilov.,Suggested taxi law.,2017-12-14 00:00:00
3800,Forslag til lov om ændring af lov om leje og lov om leje af almene boliger. (Fremme af digital kommunikation i boliglejeforhold).,Proposal for a law amending the law on rental and the law on rental of general housing. (Promotion of digital communication in housing conditions).,2017-12-14 00:00:00
3801,Forslag til lov om ændring af lov om byfornyelse og udvikling af byer. (Tilpasning og forenkling af lovens anvendelses- og støttemuligheder).,Proposal for a law amending the law on urban renewal and development.,2017-12-14 00:00:00
3802,"Forslag til lov om ændring af offshoresikkerhedsloven og lov om kontinentalsoklen. (Sikkerhedszoner, nye anlægstyper og præciseringer i forhold til offshoresikkerhedsdirektivet).","Proposal for a law amending the offshore security law and the continental shelf law. (Security zones, new types of installations and clarifications in relation to the offshore safety directive).",2017-12-14 00:00:00
3803,Forslag til lov om ændring af lov om arbejdsmiljø. (Ændring af reglerne om arbejdsmiljøcertifikat m.v.).,"Proposal for a law amending the Law on Working Conditions. (Amendment of the rules on Health and Safety Certificate, etc.).",2017-12-14 00:00:00
3804,"Forslag til lov om ændring af lov om arbejdsløshedsforsikring m.v. og lov om fleksydelse. (Nye regler om fradrag for frivilligt, ulønnet arbejde for dagpengemodtagere m.v.).","Draft law amending the law on unemployment insurance, etc. and the law on flexitime benefits (New rules on deductions for voluntary unpaid work for benefit recipients, etc.).",2017-12-14 00:00:00
3805,"Forslag til lov om ændring af lov om sygedagpenge. (Ordningen med ret til sygedagpenge ved livstruende, alvorlig sygdom gøres permanent).",Proposal for a law amending the Law on sickness benefit (The scheme for entitlement to sickness benefit in the event of a life-threatening serious illness is made permanent).,2017-12-14 00:00:00
3806,"Forslag til lov om ændring af lov om EKF Danmarks Eksportkredit. (Bestemmelse om udbyttepolitik, rammer for en udbyttepolitik og bestemmelse om omfattelse af arkivloven).","Proposal for a law amending the Law on EKF Danmarks Export Credit. (Determine on dividend policy, framework for a dividend policy and provision for the inclusion of the Archive Act).",2017-12-14 00:00:00
3807,"Forslag til lov om ændring af lov om gebyrer og morarenter vedrørende visse ydelser, der opkræves af regioner og kommuner og inddrives af restanceinddrivelsesmyndigheden, og skattekontrolloven. (Gebyr for underretninger om udlægsforretninger).",Proposal for a law amending the law on fees and interest on late payments in respect of certain services levied by regions and municipalities and recovered by the recovery authority and the Tax Control Act.,2017-12-14 00:00:00
3808,Forslag til lov om ændring af lov om frikommunenetværk. (Yderligere forsøgsmuligheder for frikommunenetværkene).,Proposal for a law amending the law on free community networks.,2017-12-14 00:00:00
3809,Forslag til lov om ændring af lov om kommunernes styrelse og regionsloven. (Beskyttelse af kommunalbestyrelses- og regionsrådsmedlemmers behandling af oplysninger som led i varetagelsen af deres hverv).,Proposal for a law amending the law on the administration of municipalities and the Regional Law. (Protection of the processing of information by municipal and regional council members in the performance of their duties).,2017-12-14 00:00:00
3811,Forslag til lov om forsøgsordning med medicinsk cannabis.,Proposal for a law on experimental medical cannabis.,2017-12-15 00:00:00
3812,"Forslag til lov om ændring af lov om lægemidler, lov om apoteksvirksomhed og lov om medicinsk udstyr. (Fremstilling, indførsel, forhandling og udlevering af lægemidler til redningsberedskab m.v. og delegation af kompetence vedrørende medicinsk udstyr).","Proposal for a law amending the Law on medicinal products, the Law on Pharmacy and the Law on Medical Devices.",2017-12-15 00:00:00
3813,Forslag til lov om ændring af retsplejeloven. (Begrænsning af pligten til at erstatte sagsomkostninger i straffesager).,Draft law amending the Code of Criminal Procedure. (Restricting the obligation to replace legal costs in criminal proceedings).,2017-12-15 00:00:00
3814,"Forslag til lov om ændring af straffeloven, retsplejeloven og udlændingeloven. (Selvstændig bestemmelse om indbrudstyveri).","Proposal for a law amending the Criminal Code, the Code of Criminal Procedure and the Aliens Act. (Self provision on burglary).",2017-12-15 00:00:00
3815,Forslag til lov om ændring af lov om våben og eksplosivstoffer og lov om vagtvirksomhed. (Initiativer mod rocker- og bandekriminalitet m.v.).,"Proposal for a law amending the Law on Arms and Explosives and the Law on Watchkeeping. (Initiatives against biker and gang crime, etc.).",2017-12-15 00:00:00
3834,"Forslag til lov om ændring af lov om assisteret reproduktion i forbindelse med behandling, diagnostik og forskning m.v. og sundhedsloven. (Ophævelse af forbuddet mod dobbeltdonation og ændring af reglerne for kastration).","Proposal for a law amending the Law on Assisted Reproduction for Treatment, Diagnostics and Research, etc., and the Health Act.",2017-12-19 00:00:00
3835,Forslag til lov om ændring af lov for Grønland om visse spil. (Bevarelse af monopolet for udbuddet af onlinebingo og heste- og hundevæddemål m.v.).,"Proposal for a law amending the law for Greenland on certain games. (Conservation of the monopoly for the supply of online bingo and horse and dog betting, etc.).",2017-12-19 00:00:00
3837,Forslag til lov om ændring af pensionsbeskatningsloven og forskellige andre love. (Målretning af aldersopsparing og regulering af fejlagtige pensionsindbetalinger).,Proposal for a law amending the Pension Tax Act and various other laws. (Measurement of age savings and regulation of erroneous pension payments).,2017-12-19 00:00:00
3838,Forslag til lov om indgåelse af dobbeltbeskatningsoverenskomst mellem Danmark og Aserbajdsjan.,Proposal for a law on the conclusion of a double taxation agreement between Denmark and Azerbaijan.,2017-12-19 00:00:00
3839,Forslag til lov om ændring af ligningsloven. (Udvidelse af fradragsretten for erhvervsmæssige lønudgifter m.v.).,Draft law amending the law on equations.,2017-12-19 00:00:00
3840,Forslag til lov om ændring af selskabsskatteloven og fondsbeskatningsloven. (Skattefritagelse for selvejende teatre og daginstitutioner m.v. og erklæringsordning for visse foreninger og fonde).,"Proposal for a Law amending the Corporate Tax Act and the Fund Tax Act (tax exemption for self-owned theatres and day-care institutions, etc. and declaration scheme for certain associations and foundations).",2017-12-19 00:00:00
3841,"Forslag til lov om ændring af chokoladeafgiftsloven, lov om forskellige forbrugsafgifter, kildeskatteloven, lov om afgift af konsum-is, spiritusafgiftsloven og øl- og vinafgiftsloven. (Annullering af indeksering af en række punktafgifter, nedsættelse og efterfølgende afskaffelse af råstofafgiften, afskaffelse af afgiften på te og tillægsafgiften på alkoholsodavand og ændringer af forskerskatteordningen).","Proposal for a law amending the chocolate tax law, law on excise duties, withholding tax law, law on taxes on consumption ice-cream, the liquor tax law and the beer and wine tax law. (Cancellation of indexation of a number of excise duties, reduction and subsequent abolition of the excise duty on raw materials, abolition of the tax on tea and the additional levy on alcohol drinks and amendments to the research tax scheme).",2017-12-19 00:00:00
3842,Forslag til lov om etablering af en ordning for borgerforslag med henblik på behandling i Folketinget.,Proposal for a law on the establishment of a system of citizens' proposals for consideration by the Folketing.,2017-12-19 00:00:00
3843,Forslag til lov om pakkerejser og sammensatte rejsearrangementer.,Proposal for a law on package travel and mixed travel arrangements.,2017-12-19 00:00:00
3844,Forslag til lov om ændring af lov om en rejsegarantifond. (Sammensatte rejsearrangementer og ændring af finansierings- og bestyrelsesstruktur).,Proposal for a law amending the law on a travel guarantee fund.,2017-12-19 00:00:00
3845,Forslag til lov om ændring af lov om Det Centrale Virksomhedsregister og forskellige andre love. (Ændring af reglerne om offentliggørelse af privatadresser i CVR m.v.).,"Proposal for a law amending the Central Business Register Act and various other laws. (Amendment of the rules on the publication of private addresses in the CVR, etc.).",2017-12-19 00:00:00
3850,Forslag til lov om ændring af lov om registrering af ledningsejere. (Ændring af arbejdsgang med udlevering af standardiserede ledningsoplysninger og udvidelse af lovens anvendelsesområde).,Proposal for a law amending the law on the registration of cable owners. (Change of working procedures with the provision of standardized wiring information and extension of the scope of the law).,2017-12-20 00:00:00
3851,Forslag til lov om ændring af lov om naturgasforsyning og lov om kommunal udligning og generelle tilskud til kommuner. (Øget incitament til konsolidering af naturgasdistributionssektoren og udvidet mulighed for at undtage transmissionsselskabers anlæg fra lov om naturgasforsyning).,Proposal for a law amending the Act on Natural Gas Supply and the Law on Municipal Equalisation and General Grants to Municipalities. (Increased incentive to consolidate the natural gas distribution sector and extended the possibility of exempting transmission companies from the Act on Natural Gas Supply).,2017-12-20 00:00:00
3852,Forslag til lov om ændring af lov om elektroniske kommunikationsnet og -tjenester. (Offentlige institutioners adgang til etablering af wi-fi-hotspots).,Proposal for a law amending the law on electronic communications networks and services.,2017-12-20 00:00:00
3853,"Forslag til lov om ændring af lov om elforsyning, lov om fremme af vedvarende energi, lov om naturgasforsyning, lov om Energinet.dk, lov om afgift af elektricitet og forskellige andre love. (Overførsel af opgaver fra Energinet til energi-, forsynings- og klimaministeren m.v.).","Proposal for a law amending the law on electricity supply, the law on the promotion of renewable energy, the law on natural gas supply, the Act on Energinet.dk, the law on the taxation of electricity and various other laws. (Transfer of tasks from the Energy Network to the Minister for Energy, Supply and Climate, etc.).",2017-12-20 00:00:00
3855,Forslag til lov om ændring af lov om arbejdsløshedsforsikring m.v. (Et nyt dagpengesystem for fremtidens arbejdsmarked).,"Draft law amending the law on unemployment insurance, etc. (A new unemployment benefit system for the future labour market).",2017-12-20 00:00:00
3856,Forslag til lov om kontant og skattefri udbetaling af efterlønsbidrag og fleksydelsesbidrag.,Draft law on the cash and tax-free payment of pre-retirement and flexitime contributions.,2017-12-20 00:00:00
3857,Forslag til lov om ændring af lov om erhvervsuddannelser og lov om Arbejdsgivernes Uddannelsesbidrag. (Øget søgning til erhvervsuddannelse for voksne m.v.).,"Proposal for a law amending the Law on Vocational Training and the Law on Employers' Educational Contributions. (Increased search for vocational training for adults, etc.).",2017-12-20 00:00:00
3858,"Forslag til lov om ændring af lov om Arbejdsgivernes Uddannelsesbidrag og forskellige andre love. (Modelparametre for erhvervsuddannelser til brug for beregning af praktikpladsafhængigt arbejdsgiverbidrag, indførelse af modregningsadgang, ændring af klageproces m.v.).",Proposal for a law amending the Law on Employers' Educational Contributions and various other laws.,2017-12-20 00:00:00
3859,"Forslag til lov om ændring af lov om Arbejdsgivernes Uddannelsesbidrag, lov om godtgørelse og tilskud til befordring ved deltagelse i erhvervsrettet voksen- og efteruddannelse og lov om statens voksenuddannelsesstøtte. (Nedsættelse af VEU-bidrag, forbedret praktikbonus til arbejdsgivere og forhøjelse af VEU-godtgørelse og Statens Voksenuddannelsesstøtte (SVU) m.v.).","Proposal for a law amending the Law on Employers' Educational Contributions, the Law on Allowances and Allowances for Carriage by Participation in Adult and Continuing Vocational Training and the Law on State Adult Training Support (Reduction of VEU Contribution, Improvement of Workplace Bonus for Employers and Increase of VEU Allowance and State Adult Training Assistance (SVU) etc.).",2017-12-20 00:00:00
3863,Forslag til lov om ændring af integrationsloven og lov om danskuddannelse til voksne udlændinge m.fl. (Forenkling og justering af reglerne om fordeling og boligplacering af flygtninge og præcisering af personkreds for danskuddannelse m.v.).,Proposal for a law amending the law on integration and the law on Danish education for adult foreigners and others (Simplification and adjustment of rules on the distribution and housing of refugees and clarification of the scope of Danish education etc.).,2017-12-20 00:00:00
3910,Forslag til finanslov for finansåret 2018.,Draft Finance Act for the financial year 2018.,2017-12-22 00:00:00
3911,"Forslag til lov om fastsættelse af udgiftslofter for stat, kommuner og regioner for finansåret 2021.","Proposal for a law on the establishment of expenditure ceilings for state, municipalities and regions for the financial year 2021.",2017-12-22 00:00:00
3912,"Forslag til lov om ændring af lov om fastsættelse af udgiftslofter for stat, kommuner og regioner for finansårene 2014-2017, lov om fastsættelse af udgiftslofter for stat, kommuner og regioner for finansåret 2018, lov om fastsættelse af udgiftslofter for stat, kommuner og regioner for finansåret 2019 og lov om fastsættelse af udgiftslofter for stat, kommuner og regioner for finansåret 2020. (Konsekvenser af aftale om tryghed om boligbeskatningen m.v.).","Proposal for a law amending the Law on the establishment of expenditure ceilings for state, municipalities and regions for the financial years 2014-2017, Act on the establishment of expenditure ceilings for state, municipalities and regions for the financial year 2018, Act on the establishment of expenditure ceilings for state, municipalities and regions for the financial year 2019 and Act on the establishment of expenditure ceilings for state, municipalities and regions for the financial year 2020.",2017-12-22 00:00:00
3913,Forslag til lov om ioniserende stråling og strålebeskyttelse (strålebeskyttelsesloven). ,Proposal for a law on ionizing radiation and radiation protection (Radio Protection Act).,2018-01-09 00:00:00
3918,Forslag til lov om forsikringsformidling.,Proposal for a law on insurance mediation.,2018-01-16 00:00:00
3922,Forslag til lov om ændring af lov om kystbeskyttelse. (Ændring af formålet med kystbeskyttelse og mulighed for forsøgsprojekter).,Proposal for a law amending the law on coastal protection (change of the objective of coastal protection and possibility of experimental projects).,2018-01-18 00:00:00
3923,Forslag til lov om ændring af lov om vandforsyning m.v. (Underretning om forhold vedrørende vand).,"Proposal for a law amending the Law on water supply, etc. (Information on water conditions).",2018-01-18 00:00:00
3924,Forslag til lov om ændring af lov om miljøbeskyttelse og lov om vandforsyning m.v. (Målrettet arealbeskyttelse for at beskytte grundvandet mod pesticider).,"Proposal for a law amending the Law on the Protection of the Environment and the Law on Water Supply, etc. (Measured area protection to protect groundwater against pesticides).",2018-01-18 00:00:00
3925,Forslag til lov om udstykning og salg af statslige arealer med campingpladser.,Proposal for a law on the development and sale of state land with campsites.,2018-01-18 00:00:00
3967,Forslag til lov om ferie.,Proposal for a law on vacation.,2018-01-25 00:00:00
3968,Forslag til lov om forvaltning og administration af tilgodehavende feriemidler.,Proposal for a law on the administration and administration of holiday allowances receivable.,2018-01-25 00:00:00
3969,"Forslag til lov om ændring af barselsloven. (Fraværsret til fædre og medmødre, hvis barnet er dødfødt, dør eller bliver bortadopteret inden den 32. uge efter fødslen, og fraværsret til begge adoptanter, hvis barnet dør inden den 32. uge efter modtagelsen af barnet).","Proposal for a law amending the law on maternity leave (right of absence for fathers and mothers if the child is still born, dies or is given up for adoption before the 32nd week after birth, and right of absence for both adopters if the child dies before the 32nd week after receipt of the child).",2018-01-25 00:00:00
3970,"Forslag til lov om sikkerhed for gasanlæg, gasinstallationer og gasmateriel (gassikkerhedsloven).","Proposal for a law on the safety of gas installations, gas installations and gas equipment (gas safety law).",2018-01-25 00:00:00
3971,Forslag til lov om ændring af lov om planlægning. (Forebyggelse af skader ved oversvømmelse eller erosion).,Draft law amending the law on planning. (Prevention of flood or erosion damage).,2018-01-25 00:00:00
3972,Forslag til lov om ændring af lov om planlægning. (Mulighed for at etablere kystbeskyttelsesanlæg uden tilvejebringelse af en lokalplan).,Draft law amending the law on planning. (Possibility of establishing coastal protection facilities without providing a local plan).,2018-01-25 00:00:00
3973,"Forslag til lov om ændring af lov om stormflod og stormfald. (Udvidelse af dækningsomfang ved stormflod og oversvømmelser fra vandløb og søer, ny organisering af oversvømmelsesordningen samt justering af stormfaldsordningen).","Proposal for a law amending the Law on Storm Floods and Stormfalls. (Enlargement of coverage by storms and floods from watercourses and lakes, new organisation of the flood scheme and adjustment of the stormfall scheme).",2018-01-25 00:00:00
3974,Forslag til lov om ændring af lov om institutioner for almengymnasiale uddannelser og almen voksenuddannelse m.v. (Kapacitetsloft).,Proposal for a law amending the law on institutions for general upper secondary education and general adult education etc. (Capacity ceiling).,2018-01-25 00:00:00
3990,Forslag til lov om ændring af lov om kommunernes styrelse og forskellige andre love. (Ophævelse af godkendelseskravet for små kommunale fællesskaber).,Proposal for a law amending the law on the administration of municipalities and various other laws. (Completion of the approval requirement for small municipal communities).,2018-02-08 00:00:00
3991,Forslag til lov om ændring af lov om kommunernes styrelse. (Afskaffelse af halvårsregnskab).,Proposal for a law amending the law on the administration of municipalities.,2018-02-08 00:00:00
3992,Forslag til lov om ændring af lov om Danmarks Statistik. (Introduktion af officiel offentligt produceret statistik og gennemførelse af forordning om europæiske statistikker).,Proposal for a law amending the Law on Statistics of Denmark. (Introduction of official statistics produced by public authorities and implementation of the Regulation on European statistics).,2018-02-08 00:00:00
3993,"Forslag til lov om ændring af straffeloven, lov om forældelse af fordringer, lov om erstatningsansvar og lov om erstatning fra staten til ofre for forbrydelser. (Ophævelse af forældelsesfrister for gerningsmandens strafansvar i sager om seksuelt misbrug af børn og for erstatningskrav mod forvaltningsmyndigheder for svigt i sager om overgreb mod børn, forhøjelse af niveauet for tortgodtgørelse for seksuelle krænkelser samt ophævelse af 72-timersreglen i sager om voldtægt, incest og seksuelt misbrug af børn m.v.).","Proposal for a law amending the Criminal Code, law on the limitation of claims, law on civil liability and law on compensation from the State to victims of crime. (Cancelling of limitation periods for the perpetrator's criminal liability in cases of sexual abuse of children and in respect of claims against administrative authorities for failure in cases of child abuse, raising the level of tort compensation for sexual offences, and repealing the 72-hour rule in cases of rape, incest and sexual abuse of children, etc.).",2018-02-08 00:00:00
3994,"Forslag til lov om ændring af lov om afgift af elektricitet, lov om afgift af ledningsført vand, spiritusafgiftsloven, lov om energiafgift af mineralolieprodukter m.v., lov om afgift af kvælstofoxider og øl- og vinafgiftsloven. (Lempelser i elafgiften og vandafgiften for campingpladser og lystbådehavne, afgiftslempelse for små producenter af spiritus (moderation), justering af moderationsordningen for små producenter af øl og afgiftsfritagelse for gas indeholdt i lightere ved indførsel).","Proposal for a Law amending the Law on the Tax of Electricity, the Law on the Tax of Conducted Waters, the Spirit Tax Act, the Law on the Energy Tax of Petroleum Products, etc., the Law on the Tax of Nitrogen oxides and the Law on the Beer and Wine Tax. (Emplements in the Electricity Tax and the Water Tax for Camping and Seaports, tax relief for small producers of spirits (modernisation), adjustment of the moderation scheme for small beer producers and exemption for gas contained in lighters on importation).",2018-02-08 00:00:00
6420,Forslag til lov om ændring af straffeloven. (Skærpelse af straffen for vidnetrusler og visse former for hærværk).,Draft law amending the penal code. (Strengthening the penalty for witness threats and certain forms of vandalism).,2018-02-20 00:00:00
6421,Forslag til lov om ændring af retsplejeloven. (Begrænsning af surrogatfængsling i eget hjem).,Proposal for a law amending the Code of Civil Procedure. (Restricting surrogate detention in your own home).,2018-02-20 00:00:00
6422,Forslag til lov om ændring af udlændingeloven. (Forlængelse af perioden for økonomisk sikkerhed i ægtefællesammenføringssager).,Proposal for a law amending the law on aliens.,2018-02-20 00:00:00
6423,"Forslag til lov om ændring af udlændingeloven. (Ophævelse af den særlige, lette adgang til domstolsprøvelse i sager om familiesammenføring med børn).","Proposal for a law amending the Aliens Act. (Completion of the special, facilitate access to justice in cases of family reunification with children).",2018-02-20 00:00:00
6424,Forslag til lov om ændring af udlændingeloven. (Øget kontrol på udlændingeområdet).,Proposal for a law amending the law on foreigners.,2018-02-20 00:00:00
6425,"Forslag til lov om ændring af lov om erhvervsfaglig studentereksamen i forbindelse med erhvervsuddannelse (eux) m.v. (Indførelse af erhvervsområde, erhvervsområdeprojekt, undervisningstid, fordybelsestid m.v.).","Proposal for a law amending the Law on Vocational Baccalaureate in Vocational Training (eux) etc. (Introduction of Vocational Area, Vocational Area Project, Teaching Time, Depth Time, etc.).",2018-02-20 00:00:00
6426,"Forslag til lov om ændring af lov om vejledning om uddannelse og erhverv samt pligt til uddannelse, beskæftigelse m.v. (Uddannelsesparathedsvurdering).","Proposal for a law amending the law on guidance on education and training and compulsory education, employment, etc. (Training preparation assessment).",2018-02-20 00:00:00
6427,"Forslag til lov om ændring af lov om sikkerhed til søs, søloven og lov om Handelsflådens Velfærdsråd. (Sammenlægning af Handelsflådens Velfærdsråd og Søfartens Arbejdsmiljøråd og justering af den årlige afgift for mindre erhvervsfartøjer).","Proposal for a Law amending the Law on Safe Seas, the Maritime Law and the Law on the Welfare Council of the Merchant Navy. (Collaboration of the Maritime Welfare Council and the Maritime Safety Council and adjustment of the annual fee for small commercial vessels).",2018-02-22 00:00:00
6428,Forslag til lov om ændring af lov om politiets virksomhed. (Udvidet bemyndigelse til at fastsætte regler om zoneforbud).,Proposal for a law amending the law on police activities.,2018-02-22 00:00:00
6431,Forslag til lov om ændring af adoptionsloven. (Bemyndigelse til at indgå aftale med Færøerne om danske og færøske regler om adoption).,Proposal for a law amending the adoption law. (Authorisation to conclude an agreement with the Faroe Islands on Danish and Faroese adoption rules).,2018-02-27 00:00:00
6434,Forslag til lov om ændring af lov om indretning m.v. af visse produkter. (Konsekvensændringer som følge af EU-forordninger om tovbaneanlæg og personlige værnemidler m.v.).,"Proposal for a law amending the law on the installation, etc. of certain products. (Consequences changes resulting from EU regulations on cableway installations and personal protective equipment, etc.).",2018-03-01 00:00:00
6435,Forslag til lov om ændring af lov om produktionsskoler og lov om Arbejdsgivernes Uddannelsesbidrag. (Justering af skoleydelse og indsættelse af bilag 2 til lov om Arbejdsgivernes Uddannelsesbidrag).,Proposal for a law amending the Law on Production Schools and the Law on Employers' Educational Contributions.,2018-03-01 00:00:00
6436,Forslag til lov om ændring af lov om friskoler og private grundskoler m.v. (Permanent tilskudsmodel for inklusion på frie grundskoler).,Proposal for a law amending the law on free schools and private primary schools etc. (Permanent grant model for inclusion in free primary schools).,2018-03-01 00:00:00
6437,Forslag til lov om ændring af lov om medarbejderinvesteringsselskaber. (Ophævelse af revisionsbestemmelse).,Proposal for a law amending the law on employee investment companies.,2018-03-01 00:00:00
6442,Forslag til lov om tillægsbevilling for finansåret 2017.,Draft law on the supplementary allocation for the financial year 2017.,2018-03-15 00:00:00
6443,"Forslag til lov om ændring af lov om social service. (Mulighed for forbud mod enheder, der muliggør internetadgang, undersøgelse af effekter samt brug af afskærmningslokale m.v. i boformer med sikrede afdelinger).",Proposal for a law amending the Social Services Act.,2018-03-15 00:00:00
6444,Forslag til lov om ændring af landbrugsstøtteloven. (Pant i betalingsrettigheder efter grundbetalingsordningen).,Proposal for a law amending the Agricultural Support Act (Pant in payment entitlements under the basic payment scheme).,2018-03-15 00:00:00
6448,"Forslag til lov om ændring af lov om valg til Folketinget, lov om kommunale og regionale valg og lov om kommunernes styrelse. (Reform af valgbarhedsområdet).","Proposal for a law amending the law on elections to the Folketing, the law on municipal and regional elections and the law on local government (Reform of eligibility).",2018-03-20 00:00:00
6449,"Forslag til lov om ændring af sundhedsloven og lov om anvendelse af tvang ved somatisk behandling af varigt inhabile. (Øget selvbestemmelse for patienter i forhold til fravalg af behandling, herunder oprettelse af en behandlingstestamenteordning).","Proposal for a law amending the Health Act and law on the use of coercion in the somatic treatment of permanent inhabile. (Increased self-determination for patients in relation to the opt-out of treatment, including the establishment of a treatment testament system).",2018-03-20 00:00:00
6454,"Forslag til lov om ændring af lov om klage- og erstatningsadgang inden for sundhedsvæsenet. (Udvidelse af patienterstatningsordningen, fredning af udbetalte erstatninger m.v.).","Proposal for a law amending the Law on access to health care and compensation. (Enlargement of the patient compensation scheme, preservation of compensation payments, etc.).",2018-04-05 00:00:00
6455,Forslag til lov om ændring af straffeloven. (Skærpelse af straffen for blufærdighedskrænkelse og digitale sexkrænkelser).,Proposal for a law amending the penal code.,2018-04-05 00:00:00
6456,"Forslag til lov om ændring af lov om inddrivelse af gæld til det offentlige og lov om Udbetaling Danmark. (Genoptagelse af sager med mulige fejl i restanceinddrivelsesmyndighedens inddrivelse, endelig afskrivning af fordringer med tvivlsom retskraft m.v.).","Proposal for a law amending the Law on the Recovery of Debts to the Government and the Law on Paying out Denmark. (Reopening of cases with possible errors in the recovery of the debt recovery authority, final depreciation of claims with questionable legal force, etc.).",2018-04-05 00:00:00
6461,"Forslag til lov om ændring af lov om valg til menighedsråd. (Orienteringsmøde, valgforsamling og mulighed for afstemningsvalg m.v.).","Draft law amending the Law on the Election of Congregation Councils (Orientation Meeting, Election Assembly and Option for Voting Elections, etc.).",2018-04-10 00:00:00
6462,Forslag til lov om forretningshemmeligheder.,Draft law on business secrets.,2018-04-10 00:00:00
6464,Forslag til lov om ændring af folkeoplysningsloven. (Ny struktur for Folkeuniversitetet).,Draft law amending the National Education Act. (New structure for the University of the People).,2018-04-12 00:00:00
6465,Forslag til lov om beskyttelse af kulturværdier i tilfælde af væbnet konflikt.,Draft law on the protection of cultural values in the event of armed conflict.,2018-04-12 00:00:00
6466,"Forslag til lov om ændring af lov om lån til betaling af ejendomsskatter, ejendomsvurderingsloven og forskellige andre love. (Indefrysning af stigninger i grundskylden for 2018-2020, forsigtighedsprincip ved fastsættelse af beskatningsgrundlag for grundskyld, dækningsafgift af erhvervsejendomme og ejendomsværdiskat m.v.).","Proposal for a law amending the law on loans for the payment of property taxes, the Property Assessment Act and various other laws. (Freezing increases in land tax for 2018-2020, precautionary principle in setting the tax base for land tax, cover tax on commercial property and property value tax, etc.).",2018-04-12 00:00:00
6475,Forslag til lov om ændring af lov om trafikselskaber. (Individuel handicapkørsel for blinde og stærkt svagsynede).,Proposal for a law amending the law on transport companies.,2018-04-19 00:00:00
6476,Forslag til lov om Studievalg Danmark.,Proposal for a law on Student Elections Denmark.,2018-04-19 00:00:00
6477,Forslag til lov om ændring af lov om udenrigstjenesten. (Implementering af direktiv 2015/637/EU om koordinations- og samarbejdsforanstaltninger for at lette konsulær beskyttelse af ikkerepræsenterede unionsborgere i tredjelande og obligatorisk digital kommunikation i forhold til tjenestehandlinger i udenrigstjenesten).,Proposal for a law amending the Law on the External Action Service (Implementation of Directive 2015/637/EU on coordination and cooperation measures to facilitate consular protection of non-represented citizens of the Union in third countries and mandatory digital communication in relation to service operations in the EEAS).,2018-04-19 00:00:00
6478,"Forslag til lov om ændring af lov om aktiv socialpolitik, integrationsloven, lov om en aktiv beskæftigelsesindsats og ligningsloven. (Nedsættelse af integrationsydelse og omlægning af dansktillæg).","Proposal for a law amending the Act on Active Social Policy, the Integration Act, the Act on Active Employment and the Equalisation Act.",2018-04-19 00:00:00
6479,Forslag til lov om ændring af udlændingeloven og integrationsloven. (Opholdstilladelse ved pensionering til tidligere ansatte ved herværende internationale organisationer m.v.).,Draft law amending the Aliens Act and the Integration Act.,2018-04-19 00:00:00
6480,"Forslag til lov om ændring af udlændingeloven. (Indkvartering og forsørgelse af flygtninge og asylansøgere, advisering af kommunerne om visse afgørelser i klagesager og ændring af beregningen af varigheden af et indrejseforbud m.v.).","Proposal for a law amending the law on aliens. (Accommodation and support for refugees and asylum seekers, notification to municipalities of certain decisions in appeals and amendment of the calculation of the duration of an entry ban, etc.).",2018-04-19 00:00:00
6481,Forslag til lov om ændring af udlændingeloven. (Kodificering af praksis for privat indkvartering hos herboende forældre og justering af Udlændingestyrelsens forsørgelsespligt for mindreårige asylansøgere).,Proposal for a law amending the Aliens Act. (Codification of private accommodation practices with resident parents and adjustment of the Foreigners' Authority's obligation for minors asylum seekers).,2018-04-19 00:00:00
6487,Forslag til lov om ændring af straffeloven. (Skærpelse af straffen for grov vold).,Draft law amending the penal code.,2018-04-24 00:00:00
6488,"Forslag til lov om ændring af lov om sikkerhed til søs og søloven. (Skærpede regler for sejlads med speedbåde, vandscootere og lignende fartøjer m.v.).",Proposal for a law amending the Law on Safe Seas and the Law on Seas.,2018-04-24 00:00:00
6489,"Forslag til lov om ændring af lov om en garantifond for skadesforsikringsselskaber og lov om finansiel virksomhed. (Fastsættelse af krav om medlemskab af Garantifonden for skadesforsikringsselskaber (Fonden) for direkte tegnende skadesforsikringsselskaber i EU/EØS, som via filial eller grænseoverskridende tjenesteydelsesvirksomhed driver forsikringsvirksomhed i Danmark, og ændring af Fondens dækningsområde m.v.).","Proposal for a law amending the law on a guarantee fund for non-life insurance companies and the law on financial activities. (Fixing requirements for membership of the Guarantee Fund for non-life insurance companies (Fonden) for EU/EEA direct non-life insurance companies operating insurance activities in Denmark via branch or cross-border service activities, and changing the scope of the Fund, etc.).",2018-04-24 00:00:00
6492,Forslag til lov om udstedelse af NemID med offentlig digital signatur til fysiske personer og til medarbejdere i juridiske enheder.,Draft law on the issue of NemID with public digital signature for natural persons and for employees in legal entities.,2018-04-26 00:00:00
6493,"Forslag til lov om ændring af ligningsloven og forskellige andre love. (Permanent boligjobordning, ophævelse af beskatningen af fri telefon og internet, afskaffelse af udligningsskatten og forhøjelse af beløbsgrænser for børneopsparing).",Draft law amending the law on equations and various other laws.,2018-04-26 00:00:00
6494,"Forslag til lov om ændring af kildeskatteloven, ligningsloven, sømandsbeskatningsloven og tinglysningsafgiftsloven. (Bedre vilkår for tildeling af medarbejderaktier, udvidelse af DIS-ordningen med søfolk, der arbejder om bord på en række specialskibe, afskaffelse af registreringsafgiften for skibe i danske skibsregistre, ændret forrentning ved opkrævning af personers skat m.v.).","Proposal for a law amending the Law on withholding tax, the law on equations, the Law on seafarer taxation and the Law on registration fees. (Better conditions for the allocation of employee shares, extension of the DIS scheme with seafarers working on board a number of special ships, abolition of registration fees for ships in Danish ship registers, changes in the rate of return on the collection of persons' taxes, etc.).",2018-04-26 00:00:00
6495,"Forslag til lov om ændring af lov om social pension, lov om Arbejdsmarkedets Tillægspension, pensionsbeskatningsloven og lov om retssikkerhed og administration på det sociale område. (Skærpede krav til optjening af folkepension og førtidspension, hurtigere udbetaling af tillæg for opsat pension m.v.).","Proposal for a law amending the Social Pensions Act, the Labour Market Supplementary Pension Act, the Pension Tax Act and the Law on legal certainty and administration in the social field.",2018-04-26 00:00:00
6496,Forslag til lov om ændring af lov om friskoler og private grundskoler m.v. og lov om folkeskolen. (Bedre rammer for tilsyn med frie grundskoler m.v.).,"Proposal for a law amending the law on free schools and private primary schools, etc. and the law on primary school. (Better framework for the supervision of free primary schools, etc.).",2018-04-26 00:00:00
6500,Forslag til lov om ændring af lov om Center for Cybersikkerhed. (Konsekvensændringer som følge af databeskyttelsesforordningen og databeskyttelsesloven).,Proposal for a law amending the Cybersecurity Centre Act. (Consequences changes resulting from the Data Protection Regulation and the Data Protection Act).,2018-05-03 00:00:00
6501,Forslag til lov om sikkerhed i net- og informationssystemer for operatører af væsentlige internetudvekslingspunkter m.v.,"Proposal for a law on security in network and information systems for operators of essential Internet exchange points, etc.",2018-05-03 00:00:00
6502,Forslag til lov om net- og informationssikkerhed for domænenavnssystemer og visse digitale tjenester.,Proposal for a law on network and information security for domain name systems and certain digital services.,2018-05-03 00:00:00
6503,Forslag til lov om Erhvervsstyrelsens behandling af data.,Draft law on the processing of data by the Danish Business Authority.,2018-05-03 00:00:00
6504,Forslag til lov om sikkerhed i net- og informationssystemer i transportsektoren.,Proposal for a law on safety in network and information systems in the transport sector.,2018-05-03 00:00:00
6505,Forslag til lov om krav til sikkerhed for net- og informationssystemer inden for sundhedssektoren.,Proposal for a law on safety requirements for health care networks and information systems.,2018-05-03 00:00:00
6507,Forslag til lov om ændring af udlændingeloven. (Skærpede regler om udvisning af kriminelle udlændinge).,Proposal for a law amending the law on aliens.,2018-05-08 00:00:00
6508,"Forslag til lov om ændring af lov om afgift af vejbenyttelse og lov om registrering af køretøjer. (Ændring af satser og øget differentiering heraf ud fra emissionsnormer og adgang til Køretøjsregisteret for virksomheder, der opkræver betaling for brug af veje, broer, færger eller tunneler).","Proposal for a law amending the law on the tax on road use and the law on vehicle registration. (Change of rates and increased differentiation based on emission standards and access to the Vehicle Register for companies charging for the use of roads, bridges, ferries or tunnels).",2018-05-08 00:00:00
6509,"Forslag til lov om ændring af lov om fødevarer. (Strafskærpelse, administrative tvangsbøder og virksomhedskarantæne).",Proposal for a law amending the Food Law.,2018-05-08 00:00:00
6510,Forslag til lov om ændring af lov om naturbeskyttelse. (Nye muligheder for friluftsreklamer i det åbne land).,Proposal for a law amending the Nature Conservation Act (New possibilities for open-air advertising in the open country).,2018-05-08 00:00:00
6511,Forslag til lov om ændring af lov om miljøbeskyttelse. (Indfasning af kvælstof til akvakulturerhvervet).,Proposal for a law amending the Law on the Protection of the Environment.,2018-05-08 00:00:00
6520,"Forslag til lov om ændring af lov om kliniske forsøg med lægemidler og lov om videnskabsetisk behandling af sundhedsvidenskabelige forskningsprojekter. (Habilitetskrav, forsøgsdata fra afdøde, udenlandsk inspektion m.v.).","Proposal for a law amending the Law on clinical trials of medicinal products and the Law on the scientific treatment of research projects in the field of health science (Hability requirements, experimental data from the deceased, foreign inspection, etc.).",2018-05-15 00:00:00
6521,"Forslag til lov om ændring af lov om autorisation af sundhedspersoner og om sundhedsfaglig virksomhed og lov om anvendelse af tvang ved somatisk behandling af varigt inhabile. (Autorisation af osteopater, udvidelse af tandlægernes virksomhedsområde m.v.).","Proposal for a law amending the Law on the Authorization of Healthcare Professionals and the Law on the Use of Force in the Somatic Treatment of Permanent Inhabiles (Autotorisation of Cheese Opates, Expansion of Dental Fields, etc.).",2018-05-15 00:00:00
6522,Forslag til lov om ændring af færdselsloven og lov om registrering af køretøjer. (Indførelse af dagsgebyr ved manglende betaling af ansvarsforsikringspræmie for motordrevne køretøjer m.v.).,"Proposal for a law amending the Road Traffic Code and the Road Registration Act. (Introduction of a daily fee for non-payment of the civil liability insurance premium for motor vehicles, etc.).",2018-05-15 00:00:00
6523,"Forslag til lov om ændring af lov om luftfart. (Service- og kapacitetsmål, oplysningspligt for flyvepladser, fastsættelse af safetybidrag m.v.).","Proposal for a law amending the Air Transport Act. (Service and capacity targets, aerodrome information obligation, safety contribution, etc.).",2018-05-15 00:00:00
6524,Forslag til lov om ændring af lov om afgift af elektricitet. (Nedsættelse af elvarmeafgiften).,Proposal for a law amending the law on the taxation of electricity.,2018-05-15 00:00:00
6525,Forslag til lov om ændring af lov om arbejdsmiljø. (Arbejdstilsynets adgang til samtaler med ansatte og anvendelse af midler til tværgående aktiviteter).,Proposal for a law amending the Law on Working Conditions. (Access to interviews with employees by the Labour Inspectorate and use of funds for cross-cutting activities).,2018-05-15 00:00:00
6526,"Forslag til lov om tilbagebetaling af ulovlig statsstøtte, der er uforenelig med det indre marked i forbindelse med afgift til drikkevandsbeskyttelse.",Proposal for a law on the recovery of unlawful State aid incompatible with the internal market in respect of the tax on water intended for human consumption.,2018-05-15 00:00:00
6527,"Forslag til lov om ændring af lov om kystbeskyttelse, lov om miljøvurdering af planer og programmer og af konkrete projekter (VVM), lov om naturbeskyttelse, lov om jagt og vildtforvaltning og forskellige andre love. (Ny kompetencefordeling og forenkling af sagsbehandling i forbindelse med kystbeskyttelse m.v.).","Proposal for a law amending the law on coastal protection, the law on environmental assessment of plans and programmes and of specific projects (EIA), the law on nature conservation, the law on hunting and game management and various other laws.",2018-05-15 00:00:00
6528,Forslag til lov om ændring af lov om jordbrugets anvendelse af gødning og om plantedække og lov om husdyrbrug og anvendelse af gødning m.v. (Målrettet kvælstofregulering m.v.).,"Proposal for a Law amending the Law on the Use of Fertilizers in Agriculture and on Plant Covers and the Law on Farming and the Use of Fertilizers, etc. (Measured nitrogen regulation, etc.).",2018-05-15 00:00:00
6529,"Forslag til lov om ændring af fiskeriloven. (Opfølgning på fiskeripakken, Bierhvervsfiskernævnets sammensætning m.v.).","Proposal for a law amending the Law on Fisheries. (Follow-up to the Fisheries Package, Composition of the Biprofessional Committee, etc.).",2018-05-15 00:00:00
6543,Forslag til lov om Forsyningstilsynet.,Proposal for a Law on Supply Control.,2018-05-17 00:00:00
6544,Forslag til lov om ændring af lov om fremme af vedvarende energi. (Afholdelse af et udbud af pristillæg for elektricitet produceret på solcelleanlæg).,Proposal for a law amending the law on the promotion of renewable energy.,2018-05-17 00:00:00
6545,"Forslag til lov om ændring af lov om fremme af vedvarende energi, lov om elforsyning og lov om Energinet. (Afholdelse af udbud af pristillæg, særordning for forsøgsmøller og overgangsordning for landmøller samt udvidelse af værditabsordningen, køberetsordningen og garantifonden for visse solcelleanlæg m.v.).","Proposal for a law amending the Law on the Promotion of Renewable Energy, the Law on Electricity and the Law on Energy Networks.",2018-05-17 00:00:00
6546,Forslag til lov om ændring af selskabsloven. (Nedsættelse af minimumskrav til aktieselskabers selskabskapital).,Proposal for a law amending the Companies Act.,2018-05-17 00:00:00
6547,"Forslag til ændring af selskabsloven, lov om visse erhvervsdrivende virksomheder og lov om erhvervsdrivende fonde. (Ændrede krav til ejerregistrering m.v.).","Proposals for amendments to the Companies Act, the Law on certain Business Enterprises and the Law on Business Funds. (Change of ownership requirements, etc.).",2018-05-17 00:00:00
6548,Forslag til lov om supplerende bestemmelser til forordning om beskyttelse af fysiske personer i forbindelse med behandling af personoplysninger og om fri udveksling af sådanne oplysninger (databeskyttelsesloven).,Proposal for a law supplementing the regulation on the protection of individuals with regard to the processing of personal data and on the free movement of such data (data protection law).,2018-05-17 00:00:00
6550,"Forslag til lov om ændring af straffeloven. (Selvstændig bestemmelse om hvidvask).
",Proposal for a law amending the Criminal Code.,2018-05-17 00:00:00
6551,"Forslag til lov om ændring af retsplejeloven. (Vidneudelukkelse for patentrådgivere, obligatorisk digital selvbetjening ved ansøgning om fri proces m.v.).","Proposal for a law amending the Code of Civil Procedure (Obligation for patent advisers, compulsory digital self-service in the case of applications for free procedure, etc.).",2018-05-17 00:00:00
6552,Forslag til lov om ændring af retsplejeloven. (Øget beskyttelse af vidner).,Draft law amending the Code of Criminal Procedure. (Increased protection of witnesses).,2018-05-17 00:00:00
6553,"Forslag til lov om ændring af lov om politiets virksomhed, retsplejeloven, lov om forsvarets formål, opgaver og organisation m.v. og militær straffelov. (Forsvarets bistand til politiet og udvidelse af politiklageordningen m.v.).","Draft law amending the law on police activities, the law on the administration of justice, the law on defence purposes, tasks and organisation, etc., and military criminal law.",2018-05-17 00:00:00
6554,"Forslag til lov om ændring af lov om tv-overvågning og lov om retshåndhævende myndigheders behandling af personoplysninger. (Videreførelse af regler om behandling af personoplysninger i forbindelse med tv-overvågning, mulighed for deling mellem erhvervsdrivende af billed- og lydoptagelser fra tv-overvågning af formodede gerningspersoner m.v.).",Proposal for a law amending the law on television surveillance and the law on the processing of personal data by law enforcement authorities.,2018-05-17 00:00:00
6555,"Forslag til lov om ændring af universitetsloven, lov om professionshøjskoler for videregående uddannelser, lov om erhvervsakademier for videregående uddannelser og forskellige andre love. (Opfølgning på nyt bevillingssystem for de videregående uddannelser m.v.).","Proposal for a law amending the University Act, Law on higher education higher education colleges, Law on higher education professional academies and various other laws (Follow-up to a new licensing system for higher education, etc.).",2018-05-17 00:00:00
6561,"Forslag til lov om ændring af lov om andelsboligforeninger og andre boligfællesskaber, lov om leje, lov om byfornyelse og udvikling af byer og lov om midlertidig regulering af boligforholdene. (Mere robuste andelsboligforeninger).","Proposal for a law amending the law on cooperative housing associations and other housing communities, law on rental, law on urban renewal and urban development and law on temporary regulation of housing conditions. (More robust cooperative housing associations).",2018-05-22 00:00:00
6569,Forslag til lov om ændring af lov om inddrivelse af gæld til det offentlige og forskellige andre love og om ophævelse af lov om forsøg med eftergivelse af gæld til det offentlige for socialt udsatte grupper. (Forenkling af regler om inddrivelse af gæld til det offentlige m.v. og forældelseshåndtering m.v.).,"Draft law amending the law on the recovery of public debt and various other laws and repealing the law on attempts to cancel public debt for socially disadvantaged groups. (Simplification of rules on the recovery of public debt, etc. and obsolescence management, etc.).",2018-05-24 00:00:00
6570,"Forslag til lov om ændring af lov om arbejdsløshedsforsikring m.v., barselsloven og forskellige andre love. (Konsekvensændringer af ydelseslovgivningen som følge af indførelse af samtidighedsferie i ferieloven, kompensation af private arbejdsgivere ved indførelse af samtidighedsferie m.v.).","Proposal for a law amending the law on unemployment insurance, etc., the law on maternity leave and various other laws (Consequences of amendments to the legislation on benefits resulting from the introduction of a holistic holiday into the law on holidays, compensation of private employers by the introduction of a holistic holiday, etc.).",2018-05-24 00:00:00
6571,Forslag til lov om ændring af lov om en aktiv beskæftigelsesindsats og lov om social pension. (Ressourceforløb og dokumentationskrav for tilkendelse af førtidspension).,Proposal for a law amending the Act on Active Employment and Social Pensions.,2018-05-24 00:00:00
6572,Forslag til lov om ændring af lov om udstationering af lønmodtagere m.v. (Styrket håndhævelse af Registret for Udenlandske Tjenesteydere (RUT) med mulighed for administrative tvangsbøder).,"Proposal for a law amending the law on the posting of employees, etc. (Strengthening enforcement of the Foreign Service Provider Register (RUT) with the possibility of administrative periodic penalty payments).",2018-05-24 00:00:00
6573,"Forslag til lov om ændring af sundhedsloven, lægemiddelloven og lov om kliniske forsøg med lægemidler. (Frit valg til genoptræning og gebyrlettelser for kliniske forsøg med lægemidler).","Proposal for a law amending the Health Act, the pharmaceutical law and the Law on clinical trials of medicinal products. (Free choice for rehabilitation and fee facilities for clinical trials of medicinal products).",2018-05-24 00:00:00
6574,Forslag til lov om godtgørelse til andenhåndseksponerede asbestofre.,Proposal for a law on compensation for second-hand asbestos victims.,2018-05-24 00:00:00
6575,"Forslag til lov om ændring af sundhedsloven, lov om klage- og erstatningsadgang inden for sundhedsvæsenet, lov om social pension og lov om højeste, mellemste, forhøjet almindelig og almindelig førtidspension m.v. (Tandpleje til voksne i privat praksis, tilskud, klageadgang m.v.).","Proposal for a law amending the Health Act, Law on access to health care, Social Pension Act and Highest, Middle, Higher General and General Early Childcare Act, etc. (Multiple care for adults in private practice, grants, right of appeal, etc.).",2018-05-24 00:00:00
6576,Forslag til lov om ændring af lov om social service. (Forebyggelse af konkurser på hjemmehjælpsområdet).,Proposal for a law amending the Social Services Act.,2018-05-24 00:00:00
6577,Forslag til lov om ændring af lov om social service og lov om socialtilsyn. (Styrket tilsyn på ældreområdet).,Proposal for a law amending the Social Services Act and the Social Insurance Act. (Strengthening supervision in the area of the elderly).,2018-05-24 00:00:00
6578,Forslag til lov om ændring af lov om social service. (Plejehjemsoversigten).,Proposal for a law amending the Social Services Act.,2018-05-24 00:00:00
6579,Forslag til lov om ændring af lov om ændring af udlændingeloven. (Ophævelse af bestemmelse om revision af reglerne om midlertidig beskyttelsesstatus for visse udlændinge).,Proposal for a law amending the law amending the law on aliens.,2018-05-24 00:00:00
6580,Forslag til lov om ændring af lov om offentlighed i forvaltningen. (Ændring af revisionsbestemmelse).,Proposal for a law amending the law on public disclosure in the administration. (Amendment of the revision provision).,2018-05-24 00:00:00
6581,"Forslag til lov om ændring af dagtilbudsloven og lov om folkeskolen. (Styrket kvalitet i dagtilbud, øget fleksibilitet og frit valg for forældre).","Proposal for a law amending the law on day-to-day provision and the law on primary school. (Strengthened quality in day-to-day provision, increased flexibility and free choice for parents).",2018-05-24 00:00:00
6589,Forslag til lov om tilgængelighed af offentlige organers websteder og mobilapplikationer.,Proposal for a law on the accessibility of public sector websites and mobile applications.,2018-05-29 00:00:00
6590,"Forslag til lov om ændring af lov om retssikkerhed og administration på det sociale område. (Sagsbehandlingsfrister for hjemviste sager, pligt til tydelig offentliggørelse af sagsbehandlingsfrister på kommunens hjemmeside og pligt til at behandle danmarkskortet over omgørelsesprocenter på et møde i kommunalbestyrelsen).",Proposal for a law amending the law on legal certainty and administration in the social field.,2018-05-29 00:00:00
6591,"Forslag til lov om ændring af lov om Det Centrale Personregister. (Udvidelse af kredsen af personer, som kan tildeles særlig adressebeskyttelse).",Draft law amending the Central Register of Persons (enlargement of the circle of persons eligible for special address protection).,2018-05-29 00:00:00
6592,"Forslag til lov om ændring af lov om kommunernes styrelse, lov om kommunale og regionale valg og regionsloven. (Bindende kommunale folkeafstemninger).","Proposal for a law amending the law on the administration of municipalities, the law on municipal and regional elections and the Regional Law. (Binddende communal referenda).",2018-05-29 00:00:00
6593,"Forslag til lov om ændring af byggeloven. (Henlæggelse af afgørelseskompetencer vedrørende brandmæssige forhold til § 60-selskaber, pristalsregulering af byggesagsgebyr m.v.).","Proposal for a law amending the Building Act. (Determination of decision-making powers concerning fire-related relations with § 60 companies, price-fixing of construction costs, etc.).",2018-05-29 00:00:00
6595,Forslag til lov om ændring af lov om almene boliger m.v. (Finansiering af almene boliger med lån ydet på grundlag af statsgaranterede obligationer).,"Proposal for a law amending the General Housing Act, etc. (Financing of general housing with loans granted on government guaranteed bonds).",2018-05-29 00:00:00
6596,"Forslag til lov om ændring af lov om finansiel virksomhed, hvidvaskloven, lov om forvaltere af alternative investeringsfonde m.v. og forskellige andre love. (Styrket indsats mod hvidvask m.v. i den finansielle sektor, indførelse af nye former for alternative investeringsfonde, ændring af grænsen for prospektpligt m.v.).","Proposal for a law amending the law on financial services, the law on money laundering, the law on alternative investment fund managers, etc., and various other laws (strengthening measures against money laundering, etc. in the financial sector, introducing new forms of alternative investment funds, changing the threshold for prospectus obligations, etc.).",2018-05-29 00:00:00
6597,Forslag til lov om ændring af lov om et testcenter for store vindmøller ved Østerild. (Udvidelse af vindmølletestcentrene ved Høvsøre og Østerild).,Proposal for a law amending the law on a test centre for large wind turbines at Østerild. (Enlargement of wind turbine test centres at Høvsøre and Østerild).,2018-05-29 00:00:00
6598,Forslag til lov om ændring af udlændingeloven. (Gennemførelse af den reviderede Eurodac-forordning vedrørende retshåndhævende myndigheders adgang til at foretage søgninger i Eurodac-systemet m.v.).,"Proposal for a law amending the law on foreigners. (Implementation of the revised Eurodac Regulation on access by law enforcement authorities to searches in the Eurodac system, etc.).",2018-05-29 00:00:00
6599,"Forslag til lov om ændring af repatrieringsloven, integrationsloven, lov om sygedagpenge og lov om arbejdsløshedsforsikring m.v. (Styrkede incitamenter til at repatriere samt systematisk kommunal vejledningspligt).","Proposal for a law amending the Return Act, the Integration Act, the Sickness Insurance Act and the Unemployment Insurance Act, etc. (encouraged incentives to repatriate as well as systematic municipal guidance obligations).",2018-05-29 00:00:00
6600,"Forslag til lov om ændring af udlændingeloven og lov om ændring af lov om planlægning. (Ophævelse af revisionsbestemmelser, forlængelse af udløbsbestemmelse og frist for domstolsprøvelse af frihedsberøvelse i en suspensionsperiode m.v.).",Draft law amending the law on aliens and amending the law on planning.,2018-05-29 00:00:00
6601,Forslag til lov om forberedende grunduddannelse.,Draft law on initial training.,2018-05-29 00:00:00
6602,Forslag til lov om institutioner for forberedende grunduddannelse.,Proposal for a law on institutions for initial training.,2018-05-29 00:00:00
6603,"Forslag til lov om ændring af lov om vejledning om uddannelse og erhverv samt pligt til uddannelse, beskæftigelse m.v. (Kommunal indsats for unge under 25 år).","Proposal for a law amending the law on guidance on education, training, employment, etc. (Municipal action for young people under the age of 25).",2018-05-29 00:00:00
6604,"Forslag til lov om ændring af avu-loven, lov om befordringsrabat til uddannelsessøgende i ungdomsuddannelser m.v., lov om Danmarks Evalueringsinstitut, lov om forberedende voksenundervisning og ordblindeundervisning for voksne, lov om individuel boligstøtte og forskellige andre love og om ophævelse af lov om erhvervsgrunduddannelse m.v., lov om kombineret ungdomsuddannelse, lov om produktionsskoler og lov om Rådet for Ungdomsuddannelser. (Ændringer som følge af lovgivning om forberedende grunduddannelse m.v.).","Proposal for a law amending the Avu Act, law on transport discounts for students in youth education, etc., law on the Danish Evaluation Institute, law on preparatory adult education and dyslexic education for adults, law on individual housing support and various other laws and repealing the law on basic vocational training, etc., law on combined youth education, law on production schools and law on the Council for Youth Education. (Amendments to legislation on preparatory basic education, etc.).",2018-05-29 00:00:00
6605,"Forslag til lov om ændring af sundhedsloven. (Organiseringen i Sundheds- og Ældreministeriet, oprettelse af Nationalt Genomcenter m.v.).","Proposal for a law amending the Health Act (Organisation of the Ministry of Health and the Elderly, establishment of National Genomcenter, etc.).",2018-05-29 00:00:00
6635,"Forslag til lov om ændring af lov om elforsyning, lov om naturgasforsyning, lov om varmeforsyning, lov om fremme af vedvarende energi og lov om afgift af elektricitet. (Styrkelse af rammerne for overvågning af elforsyningssikkerheden og klare regler for sikring af kapacitet, ændringer som følge af forordninger om EU-netregler, flytning af ansvar for måling af elektricitet hos elforbrugere direkte tilsluttet transmissionsnettet og samkøring af oplysninger om realiserede energibesparelser m.v.).","Proposal for a law amending the law on electricity supply, the Act on natural gas supply, the Law on heating supply, the Law on the promotion of renewable energy and the Law on the taxation of electricity.",2018-05-31 00:00:00
6636,Forslag til lov om forsøg med et socialt frikort.,Proposal for a law on experiments on a social card.,2018-05-31 00:00:00
6637,Forslag til lov om forbud mod forskelsbehandling på grund af handicap.,Proposal for a law prohibiting discrimination on the grounds of disability.,2018-05-31 00:00:00
6638,Forslag til tatoveringslov.,Suggested tattoo law.,2018-05-31 00:00:00
6639,Forslag til lov om ændring af sundhedsloven. (Egenbetaling for tolkebistand).,Proposal for a law amending the Health Act.,2018-05-31 00:00:00
6640,Forslag til lov om ændring af sundhedsloven og lov om klage- og erstatningsadgang inden for sundhedsvæsenet. (Oprettelse af Styrelsen for Patientklager og ændrede registrerings- og gebyrregler for det risikobaserede tilsyn med behandlingssteder).,Proposal for a law amending the Health Act and the Law on access to healthcare complaints and compensation. (Creating the Board of Patient Complaints and amending the registration and fee rules for risk-based supervision of treatment sites).,2018-05-31 00:00:00
6641,Forslag til lov om ændring af lov om våben og eksplosivstoffer. (Mærkning og registrering af skydevåben m.v.).,"Proposal for a law amending the Law on Arms and Explosives. (Lighting and registration of firearms, etc.).",2018-05-31 00:00:00
6642,"Forslag til lov om ændring af lov om fuldbyrdelse af straf m.v., lov om arbejdsmarkedsuddannelser m.v., lov om åben uddannelse (erhvervsrettet voksenuddannelse) m.v. og retsplejeloven. (Udvidet besøgsafskæring for bandemedlemmer m.v., tvungen opsparing, adgang til AMU-kurser, alkoholkontrol, udvidet adgang til konfiskation m.v.).","Draft law amending the Law on the Enforcement of Punishment, Law on Labour Market Training, etc., the Law on Open Education (vocational adult education), etc., and the Law on the Law on the Law on the Enforcement of Punishment, etc. (Enlarged visitor cut-off for gang members, etc., compulsory savings, access to AMU courses, alcohol control, extended access to confiscation, etc.).",2018-05-31 00:00:00
6643,Forslag til lov om ændring af retsplejeloven. (Nedbringelse af sagsbehandlingstiden i straffesager).,Proposal for a law amending the Code of Criminal Procedure.,2018-05-31 00:00:00
6644,Forslag til lov om ændring af straffeloven og retsplejeloven. (Retsvirkninger af et foreløbigt forbud mod eller en opløsning af en forening).,Proposal for a law amending the Criminal Code and the Code of Criminal Procedure. (The legal effects of a provisional prohibition or dissolution of an association).,2018-05-31 00:00:00
6645,"Forslag til lov om ændring af lov om ændring af straffeloven, retsplejeloven, lov om konkurrence- og forbrugerforhold på telemarkedet, våbenloven, udleveringsloven samt lov om udlevering af lovovertrædere til Finland, Island, Norge og Sverige. (Ændring af revisionsbestemmelse).","Proposal for a law amending the Law amending the Criminal Code, the Code of Procedure, the Law on Competition and Consumer Relations in the Telecommunications Market, the Law on Arms, the Extradition Act and the Law on the Extradition of Violators to Finland, Iceland, Norway and Sweden (Amendment of the revision clause).",2018-05-31 00:00:00
6646,Forslag til lov om ændring af straffeloven. (Tildækningsforbud).,Proposal for a law amending the criminal code.,2018-05-31 00:00:00
6647,Forslag til lov om ændring af straffeloven. (Udskydelse af forældelsesfristen i visse sager om vold mod børn i hjemmet og skærpelse af straffen for gentagen simpel vold i nære relationer).,Draft law amending the penal code. (Exclusion of the limitation period in certain domestic violence cases and tightening the penalty for repeated simple violence in close relationships).,2018-05-31 00:00:00
6656,Forslag til lov om ændring af fusionsskatteloven. (Beskatning af løbende indtægter ved grænseoverskridende omstruktureringer).,Proposal for a law amending the Merger Tax Act. (Taxation of current income for cross-border restructurings).,2018-06-01 00:00:00
6658,Forslag til lov om ændring af ligningsloven og personskatteloven. (Lavere skat på arbejdsindkomst og større fradrag for pensionsindbetalinger m.v.).,Proposal for a law amending the law on equations and the Personal Tax Act. (More tax on labour income and greater deduction of pension payments etc.).,2018-06-01 00:00:00
6660,Forslag til lov om indfødsrets meddelelse.,Draft law on the notification of citizenship.,2018-06-01 00:00:00
6661,Forslag til lov om ændring af udlændingeloven. (Smidigere regler for bibeskæftigelse og frivilligt arbejde for udenlandske arbejdstagere m.v.).,Draft law amending the law on aliens. (Smaller rules for secondary and voluntary work for foreign workers etc.).,2018-06-01 00:00:00
6670,Forslag til lov om ændring af lov om godskørsel. (Tilladelsesordning for varebiler).,Proposal for a law amending the law on the carriage of goods.,2018-06-04 00:00:00
6671,Forslag til lov om ændring af lov om frikommunenetværk. (Forsøgsmuligheder efter tredje ansøgningsrunde).,Proposal for a law amending the law on free community networks. (Experiments after the third round of applications).,2018-06-04 00:00:00
6674,Forslag til lov om nedsættelse af statstilskuddet til kommuner som følge af indtægter fra parkering.,Proposal for a law on the reduction of State subsidies to municipalities as a result of the income from parking.,2018-06-04 00:00:00
6675,"Forslag til lov om ændring af lov om en aktiv beskæftigelsesindsats, lov om social service, lov om integration af udlændinge i Danmark og forskellige andre love. (Mulighed for at udarbejde en helhedsorienteret plan til borgere med komplekse og sammensatte problemer).","Proposal for a law amending the Act on active employment, the Social Services Act, the Law on the Integration of Foreigners in Denmark and various other laws. (Possibility of drawing up a holistic plan for citizens with complex and complex problems).",2018-06-04 00:00:00
6676,Forslag til lov om projektering og anlæg af et vildsvinehegn langs den dansk-tyske landegrænse.,Draft law on the design and construction of a wild boar fence along the Danish-German border.,2018-06-04 00:00:00
6677,"Forslag til lov om ændring af lov om hold af dyr, lov om fødevarer og lov om foderstoffer. (Strafskærpelse som led i indsatsen mod afrikansk svinepest).","Proposal for a law amending the law on the keeping of animals, the law on food and the law on animal feedingstuffs.",2018-06-04 00:00:00
6678,Forslag til lov om ændring af lov om ophavsret. (Gennemførelse af Marrakeshdirektivet m.v.).,"Proposal for a Law amending the Law on Copyright (Implementation of the Marrakesh Directive, etc.).",2018-06-04 00:00:00
6679,"Forslag til lov om ændring af lov om danskuddannelse til voksne udlændinge m.fl. (Indførelse af deltagerbetaling for danskuddannelse til udenlandske arbejdstagere, studerende m.v.).","Proposal for a law amending the law on Danish education for adult foreigners and others (Inclusion of the contribution for Danish education for foreign workers, students, etc.).",2018-06-04 00:00:00
6680,"Forslag til lov om ændring af udlændingeloven. (Reform af reglerne om ægtefællesammenføring med nyt integrationskrav i stedet for tilknytningskravet, skærpet boligkrav m.v.).","Proposal for a law amending the law on aliens. (Reform of the rules on the association of spouses with new integration requirements instead of the affiliation requirement, reinforced housing requirements, etc.).",2018-06-04 00:00:00
6681,"Forslag til lov om ændring af lov om aktiv socialpolitik, lov om Udbetaling Danmark og udlændingeloven. (Indførelse af beskæftigelseskrav for ret til uddannelses- og kontanthjælp og forlængelse af opholdskravet samt ophævelse af bestemmelsen om opholdstilladelse på baggrund af arbejdsmarkedstilknytning).","Proposal for a law amending the Act on Active Social Policy, the Act on Disbursement Denmark and the Aliens Act.",2018-06-04 00:00:00
6682,Forslag til lov om ændring af udlændingeloven. (Justering af kravene i beløbsordningen).,Proposal for a law amending the law on foreigners. (Adjusting the requirements of the system of amounts).,2018-06-04 00:00:00
6709,Forslag til lov om indgåelse af dobbeltbeskatningsoverenskomst og tilhørende protokol mellem Danmark og Armenien.,Proposal for a law on the conclusion of the double taxation convention and its Protocol between Denmark and Armenia.,2018-11-15 00:00:00
6710,Forslag til lov om indgåelse af dobbeltbeskatningsoverenskomst og tilhørende protokol mellem Danmark og Japan.,Proposal for a law on the conclusion of the double taxation convention and its Protocol between Denmark and Japan.,2018-11-15 00:00:00
6711,Forslag til lov om indgåelse af protokol om ændring af dobbeltbeskatningsoverenskomsten mellem Danmark og Nederlandene.,Proposal for a law on the conclusion of the Protocol amending the double taxation agreement between Denmark and the Netherlands.,2018-11-15 00:00:00
6712,Forslag til lov om indgåelse af protokol om ændring af dobbeltbeskatningsoverenskomst mellem de nordiske lande.,Proposal for a law on the conclusion of the Protocol amending the double taxation convention between the Nordic countries.,2018-11-15 00:00:00
6713,Forslag til lov om elektronisk fakturering ved offentlige udbud.,Draft law on electronic invoicing in public procurement.,2018-11-20 00:00:00
6714,"Forslag til lov om ændring af varemærkeloven og forskellige andre love og om ophævelse af fællesmærkeloven. (Behandling af ansøgninger, registreringshindringer, gengivelse af varemærker, varer i transit, overførsel af gebyrindtægter m.v.).","Proposal for a law amending the Trade Marks Act and various other laws and repealing the Common Marks Act (Provision of applications, grounds for refusal, reproduction of trademarks, transit goods, transfer of fees, etc.).",2018-11-20 00:00:00
6715,Forslag til lov om ændring af lov om Dansk Internationalt Skibsregister. (Overenskomstdækning ved offshoreaktiviteter på skibe på dansk søterritorium og kontinentalsokkelområde).,Proposal for a law amending the Law on the Danish International Ship Register. (Surveillance coverage for offshore activities on ships on Danish territorial sea and continental shelf area).,2018-11-20 00:00:00
6719,Forslag til lov om ændring af lov om ægteskabs indgåelse og opløsning og udlændingeloven. (Forbud mod proformaægteskab og Nationalt ID-centers rolle og funktioner m.v.).,"Proposal for a law amending the law on the conclusion and dissolution of marriages and the Aliens Act. ( Prohibiting pro-form marriage and the role and functions of the National ID centre, etc.).",2018-11-22 00:00:00
6720,"Forslag til lov om ændring af lov om almene boliger m.v., lov om leje af almene boliger og lov om leje. (Nye kriterier for udsatte boligområder og ghettoområder, initiativer til udvikling eller afvikling af ghettoområder, skærpelse af anvisnings- og udlejningsregler, ophævelse af lejekontrakt på grund af kriminalitet m.v.).","Proposal for a law amending the General Housing Act, the General Housing Act and the Rent Act (New criteria for vulnerable residential and ghetto areas, initiatives for the development or dismantling of ghetto areas, tightening of authorising and rental rules, termination of rental contracts due to crime, etc.).",2018-11-22 00:00:00
6721,Forslag til lov om et nationalt naturfagscenter.,Proposal for a law on a national science centre.,2018-11-22 00:00:00
6722,Forslag til lov om ændring af lov om folkeskolen. (Mulighed for at oprette talentklasser i musik og integrerede biblioteker).,Draft law amending the law on primary school. (Possibility of creating talent classes in music and integrated libraries).,2018-11-22 00:00:00
6725,"Forslag til lov om ændring af lov om elektroniske kommunikationsnet og -tjenester. (Kommuners tilskud til udrulning af elektroniske kommunikationsnet, tildeling af koder til machine to machine-kommunikation (m2m-kommunikation) og ophævelse af regler om Bredbåndsgarantiordningen).",Proposal for a law amending the law on electronic communications networks and services.,2018-11-27 00:00:00
6726,Forslag til lov om supplerende bestemmelser til forordning om opstilling af rammer for energimærkning m.v. (produktenergimærkningsloven).,"Proposal for a law supplementing the regulation establishing a framework for energy labelling, etc. (Product Energy Labelling Act).",2018-11-27 00:00:00
6727,"Forslag til lov om ændring af lov om hold af dyr. (Smittebeskyttelse, forenkling af reglerne om sundhedsrådgivning og påbud om rådgivning om Salmonella Dublin).","Proposal for a law amending the law on animal welfare (infectious protection, simplification of the rules on health advice and advice for Salmonella Dublin).",2018-11-27 00:00:00
6728,"Forslag til lov om ændring af sundhedsloven, lov om lægemidler, lov om apoteksvirksomhed og lov om medicinsk udstyr. (Kontrolforanstaltninger mod poliovirus og andre biologiske stoffer, opsplitning af lægemiddelpakninger til veterinær brug og gebyr for visse opgaver vedrørende medicinsk udstyr m.v.).","Proposal for a Law amending the Law on Health, the Law on Medicinal Products, the Law on Pharmacy and the Law on Medical Devices. (Control measures against poliovirus and other biological substances, fragmentation of pharmaceutical packages for veterinary use and fees for certain medical device tasks, etc.).",2018-11-27 00:00:00
6729,"Forslag til lov om ændring af lov om forsøgsordning med medicinsk cannabis og lov om euforiserende stoffer. (Eksport af cannabisbulk, brug af pesticider, kontraktudlægning, tilskudsordning, gebyrer m.v.).","Proposal for a law amending the law on the experimental scheme of medical cannabis and the law on drugs (export of cannabisbulk, use of pesticides, contract placement, subsidy scheme, fees, etc.).",2018-11-27 00:00:00
6730,"Forslag til lov om ændring af lov om autorisation af sundhedspersoner og om sundhedsfaglig virksomhed, lov om apoteksvirksomhed, sundhedsloven og forskellige andre love. (Autorisation af ambulancebehandlere og registrering af ambulancebehandlere med særlig kompetence (paramedicinere), opgavespecifik autorisation af behandlerfarmaceuter, genordination af receptpligtig medicin, ordination af dosisdispensering med tilskud, organisatorisk ansvar m.v.).","Proposal for a law amending the Law on the Authorisation of Health Careers and on Healthcare Services, the Law on Pharmacy, the Health Act and various other laws. (Autorisation of ambulance dealers and registration of ambulance dealers with special competence (paramedics), task-specific authorization of pharmacists, reordination of prescription medicines, prescription dispensation with supplements, organisational responsibility, etc.).",2018-11-27 00:00:00
6731,Forslag til lov om ændring af sundhedsloven. (Indførelse af forsøgsordning med risikodeling i medicintilskudssystemet).,Proposal for a law amending the Health Act. (Introduction of a risk-sharing experimental scheme in the medical allowance system).,2018-11-27 00:00:00
6732,Forslag til lov om ændring af lov om lægemidler. (Flytning af inspektionsopgaver fra Lægemiddelstyrelsen til Sikkerhedsstyrelsen).,Proposal for a law amending the law on medicinal products. (Moving inspection tasks from the Danish Medicines Agency to the Danish Safety Authority).,2018-11-27 00:00:00
6733,Forslag til lov om ændring af lov om forbud mod salg af tobak og alkohol til personer under 18 år og lov om elektroniske cigaretter m.v. (Tilførsel af kontrolopgave til Sikkerhedsstyrelsen).,"Proposal for a law amending the Law prohibiting the sale of tobacco and alcohol to persons under 18 years of age and the Law on electronic cigarettes, etc. (Submission of control tasks to the Security Authority).",2018-11-27 00:00:00
6738,Forslag til lov om ændring af kildeskatteloven og forskellige andre love. (Initiativer mod sort arbejde m.v.).,"Proposal for a law amending the Law on withholding tax and various other laws (Initiatives against undeclared work, etc.).",2018-11-29 00:00:00
6739,Forslag til aktiesparekontolov.,Suggested share-saving account law.,2018-11-29 00:00:00
6740,"Forslag til lov om ændring af emballageafgiftsloven, lov om registrering af køretøjer og forskellige andre love og om ophævelse af lov om tilskud til visse miljøvenlige lastbiler. (Indførelse af bagatelgrænser i visse afgiftslove, udvidelse af bemyndigelsesbestemmelsen for terminaladgang til Køretøjsregisteret, undtagelse for udligningsafgift for visse påhængskøretøjer, udskydelse af tidspunkt for offentliggørelse og anvendelse af standardkontrakter ved leasing m.v.).","Proposal for a law amending the Packaging Tax Act, the Act on the Registration of Vehicles and various other laws and repealing the Law on Subsidies for Certain Environmentally-friendly Trucks. (Inclusion of de minimis limits in certain tax laws, extension of the authorisation clause for terminal access to the Vehicle Register, exemption from countervailing charges for certain trailers, postponement of the date of publication and application of standard contracts for leasing, etc.).",2018-11-29 00:00:00
6741,Forslag til lov om ændring af emballageafgiftsloven og opkrævningsloven og om ophævelse af pvc-afgiftsloven. (Ophævelse af pvc-afgiften og emballageafgiften på pvc-folier).,Proposal for a law amending the Packaging Tax Act and the Collection Act and repealing the PVC Tax Act.,2018-11-29 00:00:00
6742,Forslag til lov om ændring af kildeskatteloven. (Afbureaukratisering af forskerskatteordningen).,Proposal for a law amending the Law on withholding tax. (Debureaucratisation of the researcher tax scheme).,2018-11-29 00:00:00
6743,"Forslag til lov om ændring af kildeskatteloven, lov om skattenedslag for seniorer, ligningsloven og lov om forsøg med et socialt frikort. (Genoptagelse af afgørelser om skattenedslag og indførelse af skattefrihed for godtgørelse til thalidomidofre m.v.).","Proposal for a law amending the withholding tax law, the law on tax reductions for seniors, the law on equations and the law on social free card experiments. (Resume decisions on tax reductions and the introduction of tax exemption for compensation for thalidomide victims, etc.).",2018-11-29 00:00:00
6744,Forslag til lov om ændring af lov om folkehøjskoler. (Tilladelse til at fravige lovens krav om gennemførelse af lange kurser (seniorhøjskoler) m.v.).,Proposal for a law amending the Law on folk high schools. (Authorization to derogate from the requirements of the law for the implementation of long courses (senior colleges) etc.).,2018-11-29 00:00:00
6745,"Forslag til lov om ændring af lov om radio- og fjernsynsvirksomhed, personskatteloven, lov om social pension og forskellige andre love. (Gennemførelse af aftale om fokusering af DR og afskaffelse af medielicensen m.v.).","Proposal for a law amending the Law on Radio and Television, the Personal Tax Act, the Social Pension Act and various other laws. (Implementation of the Agreement on the Focusing of the DR and the Elimination of the Media License, etc.).",2018-11-29 00:00:00
6746,Forslag til lov om ændring af lov om radio- og fjernsynsvirksomhed. (Gennemførelse af dele af medieaftalen for 2019-2023 m.v.).,"Proposal for a law amending the Law on Radio and Television Activities. (Implementation of parts of the Media Agreement for 2019-2023, etc.).",2018-11-29 00:00:00
6747,Forslag til lov om ændring af lov om kommunale internationale grundskoler. (Udskydelse af revisionsbestemmelse).,Proposal for a law amending the Law on Municipal International Primary Schools.,2018-11-29 00:00:00
6748,Forslag til lov om ændring af lov om almene boliger m.v. (Anvendelse af Landsbyggefondens midler og Landsbyggefondens refusion af ydelsesstøtte).,"Draft law amending the law on general housing, etc. (Using of Landsbygningsfonden funds and Landsbygningsfonden's reimbursement of grant aid).",2018-11-29 00:00:00
6749,"Forslag til lov om ændring af færdselsloven. (Forhøjelse af bøde for parkering på ramper, forhøjelse af parkeringsafgifter for store køretøjer, Færdselsstyrelsens mulighed for overtagelse af parkeringskontrollen og ændring af klagemyndighed).","Proposal for a law amending the Road Traffic Code. (Advancement of fine for parking on ramps, increase of parking fees for large vehicles, possibility for the Road Traffic Authority to take over parking control and change of appeal authority).",2018-11-29 00:00:00
6750,Forslag til lov om ændring af lov om Metroselskabet I/S og Udviklingsselskabet By & Havn I/S. (Ny arealinddeling og arealanvendelse i Københavns Ydre Nordhavn).,Draft law amending the Law on the Metro Company I/S and the Development Company City & Port I/S. (New land use and land use in Copenhagen's External North Harbour).,2018-11-29 00:00:00
6751,Forslag til lov om ændring af retsplejeloven og lov om fuldbyrdelse af straf m.v. (Initiativer vedrørende forsvarsadvokater og advokattilsyn).,"Proposal for a law amending the Code of Criminal Procedure and the Law on the Enforcement of Punishment, etc. (Initiatives on Defence Attorneys and Legal Supervision).",2018-11-29 00:00:00
6754,"Forslag til lov om ændring af lov om fuldbyrdelse af straf m.v., retsplejeloven, straffeloven og lov om folkeskolen. (Forhold for indsatte i kriminalforsorgens institutioner, varetægtssurrogat m.v.).","Draft law amending the Law on the Enforcement of Punishment etc., the Code of Criminal Procedure, the Criminal Code and the Law on the Public School.",2018-12-04 00:00:00
6755,"Forslag til lov om ændring af straffeloven og lov om pas til danske statsborgere m.v. (Kriminalisering af udlandsophold, der bringer et barns sundhed eller udvikling i alvorlig fare).",Proposal for a law amending the criminal code and the law on passports for Danish citizens etc. (Criminalisation of stay abroad which seriously endangers the health or development of a child).,2018-12-04 00:00:00
6756,"Forslag til lov om ændring af straffeloven og lov om politiets 
virksomhed. (Skærpet straf-zone og skærpet straf for ledende medarbejderes pligtforsømmelse i offentlig tjeneste eller hverv).",Proposal for a law amending the criminal code and law on police activity.,2018-12-04 00:00:00
6757,"Forslag til lov om ændring af værnepligtsloven. (Fritagelse for værnepligtstjeneste for visse personer, der er blevet udskrevet til tjeneste før 2010).",Draft law amending the Military Service Act. (Derogation from military service for certain persons who have been discharged for duty before 2010).,2018-12-04 00:00:00
6758,Forslag til lov om ændring af lov om forsvarets personel. (Udvidelse af ordninger om pensionslignende ydelse og kulancemæssig godtgørelse for svie og smerte for udsendt personel).,Proposal for a law amending the law on defence personnel.,2018-12-04 00:00:00
6769,"Forslag til lov om ændring af lov om fremme af vedvarende energi og lov om elforsyning. (Pristillæg til elektricitet produceret ved afbrænding af biomasse, digitalisering m.v.).","Proposal for a law amending the law on the promotion of renewable energy and the law on electricity supply. (Price premium for electricity produced by burning biomass, digitalisation, etc.).",2018-12-06 00:00:00
6770,Forslag til lov om Den Sociale Investeringsfond.,Proposal for a law on the Social Investment Fund.,2018-12-06 00:00:00
6771,Forslag til lov om ændring af lov om brug af køberet eller tegningsret til aktier m.v. i ansættelsesforhold. (Udvidelse af aftalefriheden i optionsordninger).,"Proposal for a law amending the law on the use of the right to buy or subscribe shares, etc. in employment (Enlargement of the freedom of contract in option arrangements).",2018-12-06 00:00:00
6772,"Forslag til lov om ændring af lov om arbejdsløshedsforsikring m.v. (Dagpenge efter udløb af retten til supplerende dagpenge i et månedsbaseret dagpengesystem, periodisering af indkomst til opfyldelse af indkomstkravet, undtagelse fra opfølgning på visse sager efter samkøring af oplysning om løntimer m.m.).","Proposal for a law amending the law on unemployment insurance, etc. (After expiry of the entitlement to supplementary benefit in a monthly benefit scheme, periodicisation of income to meet the income requirement, exemption from follow-up on certain cases following the co-ordination of information on pay hours, etc.).",2018-12-06 00:00:00
6773,"Forslag til lov om ændring af lov om sygedagpenge og lov om aktiv socialpolitik. (Arbejdsgivers ret til at blive gjort bekendt med 
helbredsmæssige og lægelige oplysninger om lønmodtageren i sager om sygedagpenge og jobafklaringsforløb).
",Proposal for a law amending the Law on sickness benefits and the Act on active social policy. (Employer's right to be made aware of health and medical information concerning the employee in matters of sickness benefit and career clearance).,2018-12-06 00:00:00
6774,"Forslag til lov om ændring af lov om Udbetaling Danmark og pensionsbeskatningsloven. (Udsøgning af målgrupper til brug for rådgivning om aldersforsikring, aldersopsparing eller supplerende engangssum i obligatoriske arbejdsmarkedspensioner).
","Proposal for a law amending the Danish Disbursement Act and the Pension Tax Act. (Searching of target groups for advice on age insurance, age savings or supplementary lump sum in compulsory occupational pensions).",2018-12-06 00:00:00
6775,"Forslag til lov om ændring af lov om arbejdsskadesikring i Grønland. (Ændringer som følge af gradvis forhøjelse af pensionsalderen i Grønland).
",Draft law amending the law on occupational injury insurance in Greenland (changes resulting from a gradual increase in retirement age in Greenland).,2018-12-06 00:00:00
6777,"Forslag til lov om ændring af lov om finansiel virksomhed,
lov om kapitalmarkeder og forskellige andre love. (Gennemførelse
af anbefalingerne fra arbejdsgruppen for eftersyn
af den finansielle regulering og ændring af reglerne for udpegning
af SIFI’er i Danmark m.v.).","Proposal for a law amending the Law on Financial Activities, the Law on Capital Markets and various other laws. (Implementation of the recommendations of the Working Party on the review of financial regulation and amendment of the rules for the designation of SIFIs in Denmark, etc.).",2018-12-11 00:00:00
6778,"Forslag til lov om ændring af hvidvaskloven. (Skærpelse
af hvidvaskreglerne).",Proposal for a law amending the Laundering Act. (Strengthening of the Laundering Rules).,2018-12-11 00:00:00
6779,Forslag til lov om ændring af retsplejeloven. (Tilfældighedsfund som bevis i sager om opløsning af en forening).,Proposal for a law amending the Code of Criminal Procedure. (Incidental finding as evidence in cases of dissolution of an association).,2018-12-11 00:00:00
6780,Forslag til lov om ændring af lov om våben og eksplosivstoffer. (Delvis lovliggørelse af peberspray).,Proposal for a law amending the Law on Arms and Explosives.,2018-12-11 00:00:00
6791,"Forslag til lov om ændring af lov om befordringsrabat til studerende ved videregående uddannelser, lov om befordringsrabat til uddannelsessøgende i ungdomsuddannelser m.v. og lov om Udbetaling Danmark. (Målretning af befordringsrabat og godtgørelse efter en kilometersats, hjemmel til at kræve for meget modtaget godtgørelse tilbagebetalt m.v.).","Proposal for a law amending the law on travel discounts for students in higher education, the law on travel discounts for students in upper secondary education, etc., and the Law on Disbursement Denmark.",2018-12-13 00:00:00
6792,Forslag til lov om ændring af SU-loven og lov om statens voksenuddannelsesstøtte. (Sammenlægning af flere krav om tilbagebetaling af SU eller SVU til ét tilbagebetalingskrav og forhøjelse af fribeløb under lønnet praktik på uddannelsen til transportbetjent).,Proposal for a law amending the S.U. Act and the Law on State Adult Training Aid. (Conclusion of several claims for reimbursement of S.U. or S.V.U. to one refund claim and increase the free amount of paid internship on the training to the transport officer).,2018-12-13 00:00:00
6793,Forslag til lov om ændring af lov om Danmarks Grundforskningsfond. (Etablering og finansiering af forskningsenheder med særligt fokus på transformativ forskning m.v.).,Proposal for a law amending the Law on the Danish National Research Foundation. (The establishment and financing of research units with a special focus on transformative research etc.).,2018-12-13 00:00:00
6794,Forslag til lov om ændring af dagtilbudsloven. (Bedre fordeling i daginstitutioner).,Draft law amending the daily offer law. (Better distribution in day-care institutions).,2018-12-13 00:00:00
6795,Forslag til lov om ændring af dagtilbudsloven og lov om en børne- og ungeydelse. (Obligatorisk læringstilbud til 1-årige børn i udsatte boligområder).,Proposal for a law amending the day-to-day provision law and law on child and young people's benefits (Obligatory Learning Offer for 1-year-old children in vulnerable residential areas).,2018-12-13 00:00:00
6796,"Forslag til lov om ændring af lov om social service, lov om socialtilsyn, lov om voksenansvar for anbragte børn og unge og ligningsloven. (Mere kvalitet i plejefamilier).","Proposal for a law amending the Social Services Act, the Social Insurance Act, the Adult Responsibility Act for Children and Young People and the Equalisation Act. (More quality in foster families).",2018-12-13 00:00:00
6797,Forslag til lov om ændring af færdselsloven. (Klip i kørekortet for benyttelse af håndholdt teleudstyr og andre håndholdte kommunikationsapparater under kørsel m.v.).,Proposal for a law amending the Road Traffic Code (Cut in driving licence for the use of handheld telecommunications equipment and other handheld communication devices while driving etc.).,2018-12-13 00:00:00
6798,"Forslag til lov om ændring af lov om letbane på Ring 3 og lov om Metroselskabet I/S og Udviklingsselskabet By & Havn I/S. (Transport-, bygnings- og boligministerens udtræden af Hovedstadens Letbane I/S).","Proposal for a law amending the law on light rail on Ring 3 and the law on the Metro Company I/S and the Development Company City & Port I/S (Department of Transport, Building and Housing of the Minister for Transport and Housing of the Capital Region of Letbane I/S).",2018-12-13 00:00:00
6799,Forslag til lov om ændring af lov om trafikselskaber. (Overdragelse af statens praktiske trafikkøberansvar for øresundstogtrafikken til Skånetrafiken).,Proposal for a law amending the law on transport companies. (Transfer of the State's practical traffic buyer responsibility for the Øresund train traffic to Scania).,2018-12-13 00:00:00
6800,Forslag til lov om ændring af jernbanelov. (Master til brug for mobil- og internetdækning i tog).,Proposal for a law amending the Railway Act. (Master for mobile and internet coverage in trains).,2018-12-13 00:00:00
6801,Forslag til lov om ændring af lov om en Cityring og lov om Metroselskabet I/S og Udviklingsselskabet By & Havn I/S. (Udvikling af området ved Ny Ellebjerg Station).,Proposal for a law amending the Law on a Cityring and the Law on the Metro Company I/S and the Development Company City & Port I/S. (Developing the area of Ny Ellebjerg Station).,2018-12-13 00:00:00
6802,"Forslag til lov om ændring af lov om almene boliger m.v. og lov om
friplejeboliger. (Nedsættelse af grundkapital for almene boliger og kapitalindskud for friplejeboliger, differentieret grundkapital for almene familieboliger og udlejning af kommunalt ejede almene ældreboliger som almene ungdomsboliger).
","Proposal for a law amending the law on general housing, etc. and the law on open-plan housing. (Reduction of basic capital for general housing and capital contributions for free-care homes, differentiated basic capital for general family housing and rental of municipal-owned general elderly housing as general youth housing).",2018-12-13 00:00:00
6803,"Forslag til lov om ændring af lov om beskyttelse af havmiljøet. (Bemyndigelse vedrørende offentliggørelse af navne på rederier, der overtræder reglerne om svovlindhold i skibsbrændstoffer).",Proposal for a law amending the Law on the Protection of the Marine Environment.,2018-12-13 00:00:00
6804,Forslag til lov om ophævelse af en række love på Miljø- og Fødevareministeriets og Udenrigsministeriets områder.,Draft law repealing a number of laws in the fields of the Ministry of the Environment and Food and the Ministry of Foreign Affairs.,2018-12-13 00:00:00
6805,Forslag til lov om ændring af lov om miljøbeskyttelse. (Obligatorisk digital kommunikation om rottebekæmpelse og autorisation hertil).,Proposal for a law amending the Law on the Protection of the Environment.,2018-12-13 00:00:00
6806,Forslag til lov om ændring af lov om ændring af udlændingeloven. (Revision af reglerne om transportøransvar i forbindelse med midlertidig grænsekontrol ved indre Schengengrænser).,Proposal for a law amending the law amending the law on aliens. (Revision of rules on carrier liability in connection with temporary border controls at internal Schengen borders).,2018-12-13 00:00:00
6807,Forslag til lov om ændring af udlændingeloven. (Justering af de supplerende overførte betingelser for ægtefællesammenføring).,Proposal for a law amending the law on aliens.,2018-12-13 00:00:00
6808,"Forslag til lov om ændring af lov om en aktiv beskæftigelsesindsats, lov om aktiv socialpolitik, lov om kommunal udligning og generelle tilskud til kommuner og lov om organisering og understøttelse af beskæftigelsesindsatsen m.v. (Forenkling af den økonomiske styring af beskæftigelsesindsatsen og bemyndigelse til at fastsætte nærmere regler, som supplerer EURES-forordningen).","Proposal for a law amending the Act on Active Employment, Act on Active Social Policy, Act on Municipal Equalisation and General Grants to Municipalities and Law on the Organisation and Support of Employment, etc. (Simplifying the economic governance of employment efforts and authorising the establishment of detailed rules supplementing the EURES Regulation).",2018-12-13 00:00:00
6809,Forslag til lov om ændring af lov om aktiv socialpolitik og forskellige andre love. (Karantæneordning i ydelsessystemet for bandekriminelle m.v.).,Proposal for a law amending the Act on Active Social Policy and various other laws.,2018-12-13 00:00:00
6810,Forslag til lov om ændring af lov om forhøjelse af hædersgaver. (Ekstraordinære hædersgaver).,Draft law amending the Law on the Increase of Gifts of Honor. (Extraordinary Gifts of Honor).,2018-12-13 00:00:00
6811,"Forslag til lov om ændring af lov om dansk turisme og lov om Visitdenmark. (Ændringer af sammensætningen af Det Nationale Turismeforum, overflytning af turismeudviklingsselskaber til staten samt styrket koordination af international markedsføring).","Proposal for a law amending the Law on Danish Tourism and the Law on Visitdenmark. (Changes in the composition of the National Tourism Forum, transfer of tourism development companies to the State and enhanced coordination of international marketing).",2018-12-13 00:00:00
6812,Forslag til lov om ændring af lov om administration af tilskud fra Den Europæiske Regionalfond og Den Europæiske Socialfond. (Ændringer af indstillingsretten af midler fra EU’s Regionalfond og Socialfond m.v.).,Proposal for a law amending the law on the administration of grants from the European Regional Fund and the European Social Fund.,2018-12-13 00:00:00
6813,Forslag til lov om erhvervsfremme.,Proposal for a law on business promotion.,2018-12-13 00:00:00
6818,"Forslag til lov om ændring af lov om planlægning og
lov om maritim fysisk planlægning. (Planlægning i områder
belastet af lugt, støv eller anden luftforurening, helårsbeboelse
i sommerhuse på Læsø, ekspropriation til virkeliggørelse
af lokalplaner, havplanlægning for transportinfrastruktur
m.v.).","Proposal for a law amending the law on planning and the law on maritime spatial planning. (Planning in areas suffering from odour, dust or other air pollution, permanent residence in summer houses on Læsø, expropriation for the implementation of local plans, sea planning for transport infrastructure, etc.).",2018-12-18 00:00:00
6819,Forslag til lov om ændring af lov om planlægning. (Strategisk planlægning for landsbyer).,Draft law amending the law on planning. (Strategic planning for villages).,2018-12-18 00:00:00
6820,Forslag til lov om firmapensionskasser.,Draft law on company pension funds.,2018-12-18 00:00:00
6821,Forslag til lov om ændring af fondsbeskatningsloven og ligningsloven. (Mere robuste skatteregler for truster som opfølgning på Skattelovrådets rapport).,Proposal for a law amending the Fund Tax Act and the Equalisation Act. (More robust tax rules for trusts as a follow-up to the Report of the Tax Council).,2018-12-18 00:00:00
6822,Forslag til lov om ændring af lov om afgift af elektricitet og lov om skattefri kompensation for forhøjede energi- og miljøafgifter. (Nedsættelse af elvarmeafgiften og den almindelige elafgift og fremrykning af reduktion af den grønne check).,Proposal for a law amending the law on taxation of electricity and the law on tax-free compensation for increased energy and environmental taxes.,2018-12-18 00:00:00
6823,Forslag til lov om ændring af lov om spil og lov om afgifter af spil. (Justering af spilaftale).,Proposal for a law amending the Game and Gambling Charges Act.,2018-12-18 00:00:00
6824,Forslag til investorfradragslov.,Draft investor tax relief law.,2018-12-18 00:00:00
6825,Forslag til lov om ændring af retsplejelov for Grønland og kriminallov for Grønland. (Anbringelse af forvaringsdømte m.v.).,Proposal for a law amending the law on the administration of justice for Greenland and criminal law for Greenland.,2018-12-18 00:00:00
6827,"Forslag til lov om ændring af straffeloven, retsplejeloven, lov om erstatningsansvar og medieansvarsloven. (Freds- og ærekrænkelser m.v.).","Draft law amending the Criminal Code, the Code of Procedure, the Act on Liability and the Media Liability Act. (Peace and defamation, etc.).",2018-12-18 00:00:00
6828,Forslag til lov om bekæmpelse af ungdomskriminalitet.,Proposal for a law on combating juvenile delinquency.,2018-12-18 00:00:00
6829,"Forslag til lov om ændring af lov om social service, lov om voksenansvar for anbragte børn og unge, lov om socialtilsyn og lov om røgfri miljøer. (Udvidet anvendelse af unge- og forældrepålæg, ensretning af indsatsen for anbragte kriminalitetstruede unge og styrkelse af sikkerheden på delvis lukkede og sikrede døgninstitutioner).","Proposal for a law amending the Law on Social Services, the Law on Adult Responsibility for Children and Young People in Placed, the Law on Social Supervision and the Law on Smoke-Free Environments.",2018-12-18 00:00:00
6883,Forslag til finanslov for finansåret 2019.,Draft Finance Act for the financial year 2019.,2018-12-20 00:00:00
6885,"Forslag til lov om fastsættelse af udgiftslofter for stat, kommuner og regioner for finansåret 2022.","Proposal for a law on the establishment of expenditure ceilings for state, municipalities and regions for the financial year 2022.",2018-12-20 00:00:00
6887,"Forslag til lov om ændring af lov om fastsættelse af udgiftslofter for stat, kommuner og regioner for finansåret 2018, lov om fastsættelse af udgiftslofter for stat, kommuner og regioner for finansåret 2019, lov om fastsættelse af udgiftslofter for stat, kommuner og regioner for finansåret 2020 og lov om fastsættelse af udgiftslofter for stat, kommuner og regioner for finansåret 2021. (Konsekvenser af aftale om lavere skat på arbejdsindkomst m.v.).","Proposal for a law amending the Law on the establishment of expenditure ceilings for state, municipalities and regions for the financial year 2018, Law on the establishment of expenditure ceilings for state, municipalities and regions for the financial year 2019, Law on the establishment of expenditure ceilings for state, municipalities and regions for the financial year 2020 and Law on the establishment of expenditure ceilings for state, municipalities and regions for the financial year 2021.",2018-12-20 00:00:00
6888,"Forslag til lov om ændring af lov om arbejdsmarkedsuddannelser m.v., lov om forberedende voksenundervisning og ordblindeundervisning for voksne, lov om Arbejdsgivernes Uddannelsesbidrag, lov om godtgørelse og tilskud til befordring ved deltagelse i erhvervsrettet voksen- og efteruddannelse og forskellige andre love. (Styrket og mere fleksibel voksen-, efter- og videreuddannelse og flytning af administrationen af VEU-godtgørelsen m.v. til Arbejdsgivernes Uddannelsesbidrag).","Proposal for a law amending the Law on labour market training, etc., the Law on preparation for adult education and dyslexic education for adults, the Law on Employers' Educational Contribution, the Law on Compensation and Allowances for Carriage by Participation in Adult and Continuing Vocational Training and Various Other Laws (Strengthened and More Flexible Adult, Continuing Training and Transfer of the Administration of VEU Allowance, etc. to Employers' Educational Contributions).",2018-12-20 00:00:00
6889,"Forslag til lov om ændring af lov om Arbejdsgivernes Uddannelsesbidrag, lov om erhvervsuddannelser og lov om arbejdsmarkedsuddannelser m.v. (Modelparametre for erhvervsuddannelser til brug for beregning af praktikpladsafhængigt arbejdsgiverbidrag, justering af det aktivitetsafhængige VEU-bidrag, merbidragsfritagelse m.v.).","Proposal for a law amending the Law on Employers' Educational Contributions, the Law on Vocational Training and the Law on Labour Market Training, etc. (Model parameters for vocational training to be used for calculating internship-dependent employers' contributions, adjustment of the activity-dependent VEU contribution, additional contribution exemption, etc.).",2018-12-20 00:00:00
6890,Forslag til lov om ændring af forskellige love på Undervisningsministeriets område samt lov om specialpædagogisk støtte ved videregående uddannelser og lov om folkehøjskoler. (Frit leverandørvalg på tegnsprogs- og skrivetolkeområdet og adgang til specialpædagogisk bistand på voksen- og efteruddannelsesområdet og i overgangen mellem uddannelsesniveauer).,Proposal for a law amending various laws in the field of education and the law on special educational support for higher education and the law on folk high schools. (Free choice of suppliers in sign language and writing interpretation and access to special educational assistance in the field of adult and continuing education and in the transition between levels of education).,2018-12-20 00:00:00
6891,Forslag til lov om ændring af lov om kommunernes styrelse. (Ghettorepræsentanter).,Draft law amending the law on the administration of municipalities. (Ghetto representatives).,2018-12-20 00:00:00
6892,"Forslag til lov om ændring af lov om valg til Folketinget, lov om kommunale og regionale valg, lov om valg af danske medlemmer til Europa-Parlamentet, partiregnskabsloven og lov om kommunernes styrelse. (Ændring af antallet af danske medlemmer af Europa-Parlamentet, forbud mod ens listebetegnelser, valgret til Europa-Parlamentsvalg til udlandsdanskere under værgemål med fratagelse af den retlige handleevne, sikring af udøvelsen af herboende EU-statsborgeres valgret og valgbarhed fra bopælstidspunktet, lovfæstelse af en særlig vederlagsordning for stedfortrædere i kommunalbestyrelsen og regionsrådet m.v.).","Proposal for a law amending the law on elections to the Folketing, the law on municipal and regional elections, the law on the election of Danish Members to the European Parliament, the Party Accounts Act and the law on the governing board of municipalities.",2018-12-20 00:00:00
6893,Forslag til lov om Familieretshuset.,Draft law on the Family Court House.,2018-12-20 00:00:00
6894,"Forslag til lov om ændring af forældreansvarsloven, lov om ægteskabs indgåelse og opløsning og forskellige andre love. (Ændringer som følge af lov om Familieretshuset og skærpet fokus på beskyttelsen af barnet i sager efter forældreansvarsloven).","Draft law amending the parental responsibility law, the law on the conclusion and dissolution of marriage and various other laws. (Changes resulting from the law on the Family Court House and increased focus on the protection of the child in cases under the Parental Responsibility Act).",2018-12-20 00:00:00
6895,"Forslag til lov om ændring af lov om dansk indfødsret og lov om danskuddannelse til voksne udlændinge m.fl. (Henlæggelse til kommunalbestyrelserne af grundlovsceremonier, forhøjelse af gebyr for ansøgning om dansk indfødsret ved naturalisation og fastsættelse af nærmere regler om udlændinges fravær i undervisning i dansk m.v.).","Draft law amending the law on Danish citizenship and the law on Danish education for adult foreigners and others (Referral to the municipal councils of constitutional ceremonies, increase of fee for application for Danish citizenship by naturalisation and establishment of detailed rules on the absence of foreigners in teaching in Danish etc.).",2018-12-20 00:00:00
6897,Forslag til lov om ændring af lov om ligebehandling af mænd og kvinder med hensyn til beskæftigelse m.v. (Styrket fokus på omgangstonen på arbejdspladsen i sager om seksuel chikane og forhøjelse af godtgørelsesniveauet i sager om seksuel chikane).,"Proposal for a law amending the law on equal treatment for men and women in matters of employment, etc. (Strengthened focus on the intercourse tone at work in cases of sexual harassment and raising the level of compensation in cases of sexual harassment).",2018-12-20 00:00:00
6898,"Forslag til lov om ændring af lov om arbejdsløshedsforsikring m.v., lov om sygedagpenge og barselsloven. (Opholdskrav for ret til arbejdsløshedsdagpenge m.v.).","Proposal for a law amending the law on unemployment insurance, etc., the Law on sickness benefits and the Law on maternity leave.",2018-12-20 00:00:00
6899,"Forslag til lov om ændring af lov om varmeforsyning og lov om planlægning. (Ophævelse af adgangen til at pålægge ny tilslutningspligt, indregning af overskud for varmepumper m.v.).",Proposal for a law amending the law on heat supply and the law on planning.,2018-12-20 00:00:00
6900,Forslag til lov om ændring af lov om miljøbeskyttelse. (Ophævelse af affaldsadministrationsgebyret for virksomheder). ,Proposal for a law amending the Law on the Protection of the Environment.,2018-12-20 00:00:00
6901,Forslag til lov om ændring af lov om midlertidig regulering af boligforholdene. (Kontrol og sanktion vedrørende bopælspligt).,Proposal for a law amending the law on the temporary adjustment of housing conditions. (Control and sanction on the obligation of residence).,2018-12-20 00:00:00
6902,Forslag til lov om ændring af fiskeriloven. (Indsats mod kvotekoncentration i dansk fiskeri).,Proposal for a law amending the Law on Fisheries.,2018-12-20 00:00:00
6903,"Forslag til lov om ændring af selskabsskatteloven, lov 
om ophævelse af dobbeltbeskatning i forbindelse med regulering 
af forbundne foretagenders overskud (EF-voldgiftskonventionen), 
momsloven og forskellige andre love. (Implementering 
af dele af direktivet om skatteundgåelse og direktivet 
om skattetvistbilæggelse og forskellige ændringer af 
momssystemdirektivet).","Proposal for a law amending the Corporate Tax Act, the law on the abolition of double taxation in connection with the regulation of profits of related enterprises (the EC Arbitration Convention), the VAT Act and various other laws. (Implementation of parts of the Tax avoidance Directive and the Tax Dispute Settlement Directive and various amendments to the VAT System Directive).",2018-12-20 00:00:00
6904,"Forslag til lov om ændring af ligningsloven, ejendomsværdiskatteloven, lov om et indkomstregister, personskatteloven og skatteindberetningsloven. (Bedre vilkår for vækst og korrekt skattebetaling i dele- og platformsøkonomien).","Draft law amending the law on equations, property value tax law, income register law, personal tax law and tax reporting law. (Better conditions for growth and proper tax payment in the share and platform economy).",2018-12-20 00:00:00
6905,Forslag til lov om ændring af tinglysningsafgiftsloven og forskellige andre love og om ophævelse af lov om afgift af antibiotika og vækstfremmere anvendt i foderstoffer. (Afgiftssaneringspakke m.v.).,Proposal for a law amending the law on registration fees and various other laws and repealing the law on the tax on antibiotics and growth promoters used in animal nutrition.,2018-12-20 00:00:00
6906,"Forslag til lov om ændring af ejendomsvurderingsloven og forskellige andre love. (Videreførelse af vurderingerne, ændring af vurderingsterminen, udskydelse af fremrykning af beskatningsgrundlaget m.v.).",Proposal for a law amending the Property Assessment Act and various other laws.,2018-12-20 00:00:00
6907,"Forslag til lov om ændring af registreringsafgiftsloven, brændstofforbrugsafgiftsloven og lov om vægtafgift af motorkøretøjer m.v. (Udskydelse af indfasning af registreringsafgift m.v. og ændring af bundfradrag for eldrevne køretøjer m.v.).","Proposal for a law amending the Registration Tax Act, the Fuel Consumption Tax Act and the Weight Tax Act for Motor Vehicles, etc. (Exclusion of phasing-in of registration fees, etc., and amendment of bottom deduction for Electric Vehicles etc.).",2018-12-20 00:00:00
6908,"Forslag til lov om ændring af årsregnskabsloven, revisorloven og lov om anvendelsen af visse af Den Europæiske Unions retsakter om økonomiske forbindelser til tredjelande m.v. (Tilpasninger til Europa-Parlamentets og Rådets direktiv 2013/34/EU, ændring af kravene til revisorers efteruddannelse og styrket kontrol i forbindelse med ansøgninger om tilladelse til eksport af cyberovervågningsudstyr).","Proposal for a law amending the Financial Statements Act, the Auditor Act and the Law on the application of certain acts of the European Union on financial relations with third countries, etc. (Adjustments to Directive 2013/34/EU of the European Parliament and of the Council, amendments to the requirements for the training of auditors and enhanced controls in relation to applications for authorisation of exports of cyber surveillance equipment).",2018-12-20 00:00:00
6909,Forslag til lov om ændring af lov om sikkerhed ved bestemte idrætsbegivenheder. (Gennemførelse af initiativer mod fodbolduroligheder).,Proposal for a law amending the law on the safety of certain sporting events.,2018-12-20 00:00:00
6910,"Forslag til lov om indsamling, anvendelse og opbevaring af oplysninger om flypassagerer. (PNR-loven).","Proposal for a law on the collection, use and storage of information on air passengers.",2018-12-20 00:00:00
6911,"Forslag til lov om ændring af værgemålsloven, lov om valg til Folketinget, lov om tinglysning og lov om Det Centrale Personregister. (Valgret til personer under værgemål og forvaltning af tortgodtgørelse tilkendt personer under værgemål).","Draft law amending the law on legal guardianship, law on election to the Folketing, law on registration and law on the Central Register of Persons. (Optional to persons under guardianship and administration of tort compensation awarded under guardianship).",2018-12-20 00:00:00
6912,Forslag til lov om ændring af lov om regionernes finansiering. (Ændring af det statslige bidrag til finansiering af regionerne).,Draft law amending the law on the financing of the regions. (Changing the State contribution to the financing of the regions).,2018-12-20 00:00:00
6913,"Forslag til lov om ændring af sundhedsloven og lov om videnskabsetisk behandling af sundhedsvidenskabelige forskningsprojekter. (Ændring af aldersgrænsen for stillingtagen til organdonation og transplantationsrelateret forskning på hjernedøde samt obduktion af personer, der dør pludseligt og uventet).",Proposal for a Law amending the Health Act and the Law on the Scientific Treatment of Health Scientific Research Projects. (Changing the age limit for opinion on organ donation and transplant related research on brain death and autopsy of persons dying suddenly and unexpectedly).,2018-12-20 00:00:00
6924,Forslag til lov om ændring af lov om tobaksvarer m.v. og lov om forbud mod salg af tobak og alkohol til personer under 18 år. (Udvælgelse af id-udsteder og udstedelse af sikkerhedsstempelmærker samt skærpede sanktioner ved salg af tobak til personer under 18 år).,Proposal for a Law amending the Law on Tobacco Products and the Law prohibiting the sale of tobacco and alcohol to persons under the age of 18.,2019-01-24 00:00:00
6926,Forslag til lov om ændring af lov om politiets virksomhed. (Frihedsberøvelse).,Proposal for a law amending the law on police activities.,2019-01-24 00:00:00
6927,"Forslag til lov om ændring af lov om indsamling m.v. og lov om fonde og visse foreninger. (Indsamlinger blandt juridiske personer, testamentariske dispositioner m.v.).","Draft law amending the law on collection, etc. and the law on foundations and certain associations. (Collections of legal persons, willamentary provisions, etc.).",2019-01-24 00:00:00
6928,"Forslag til lov om ændring af aktieavancebeskatningsloven, kildeskatteloven, ligningsloven og forskellige andre love. (Bedre vilkår for tildeling af medarbejderaktier i nye, mindre virksomheder, for opsparing i investeringsinstitutter og for tiltrækning af kapital til danske investeringsinstitutter).","Proposal for a law amending the Share Advance Tax Act, the withholding tax law, the law on equations and various other laws. (Better conditions for the allocation of employee shares in new smaller enterprises, for the savings of UCITS and for the attracting of capital to Danish UCITS).",2019-01-24 00:00:00
6931,"Forslag til lov om ændring af lov om afgift af elektricitet, lystfartøjsforsikringsafgiftsloven og lov om ændring af tinglysningsafgiftsloven og forskellige andre love og om ophævelse af lov om afgift af antibiotika og vækstfremmere anvendt i foderstoffer. (Lempet elvarmeafgift for sommerhuse m.v. og nedsættelse af afgiften på lystfartøjsforsikringer m.v.).","Proposal for a law amending the Law on the tax of electricity, the law on pleasure craft insurance and the Law amending the Law on registration fees and various other laws and repealing the Act on the tax of antibiotics and growth promoters used in animal feed.",2019-01-29 00:00:00
6935,Forslag til lov om ændring af lov om Lønmodtagernes Garantifond. (Overdragelse af krav til Lønmodtagernes Garantifond ved tvivl om virksomhedsoverdragelse forud for konkurs m.v.).,Proposal for a Law amending the Law on the Guarantee Fund of Employees.,2019-01-31 00:00:00
6936,"Forslag til lov om ændring af lov om social pension og lov om højeste, mellemste, forhøjet almindelig og almindelig førtidspension m.v. (Forhøjelse af satser for folkepension, forhøjelse af fradragsbeløb for folkepension og førtidspension og forhøjelse af fradragsbeløb for ægtefælles eller samlevers indkomst). ","Proposal for a law amending the Law on social pensions and the Law on the highest, middle, increased general and general early retirement pensions, etc. (Increase in the pension rates, increase in the amount of deductions for old-age pensions and early retirement pensions and increase in the amount of deductions for the income of spouses or couples).",2019-01-31 00:00:00
6941,Forslag til lov om ændring af lov om naturbeskyttelse. (Kommunal adgang til at begrænse sejlads med visse hurtigtsejlende fartøjer ved udlagte badeområder).,Proposal for a law amending the Nature Conservation Act.,2019-02-05 00:00:00
6942,Forslag til lov om ændring af lov om jagt og vildtforvaltning. (Udvidet bemyndigelse til at fastsætte regler om hold af hjemmehørende rovfugle og ugler).,Proposal for a law amending the law on hunting and game management.,2019-02-05 00:00:00
6943,Forslag til lov om ændring af lov om naturbeskyttelse og straffeloven. (Strafskærpelse for visse overtrædelser af CITES-regler).,Proposal for a law amending the Nature Conservation Act and the Criminal Code.,2019-02-05 00:00:00
6960,Forslag til lov om en certificeringsordning for fremmedsprogstolke på sundhedsområdet.,Proposal for a law on a certification scheme for foreign language interpreters in the field of health.,2019-02-21 00:00:00
6961,Forslag til lov om ændring af lov om efterskoler og frie fagskoler. (Ændringer af tilskudsbestemmelser for efterskoler og elevstøtte m.v.).,Proposal for a law amending the law on post-secondary and free vocational schools. (Amendments to grant provisions for post-secondary schools and student grants etc.).,2019-02-21 00:00:00
6962,Forslag til lov om ændring af lov om våben og eksplosivstoffer. (Indførelse af registreringsordning for sikkerhedsveste og afgiftsfritagelse for tilladelser til salutkanoner).,Proposal for a law amending the Law on Arms and Explosives.,2019-02-21 00:00:00
6963,Forslag til lov om ændring af kriminallov for Grønland og retsplejelov for Grønland. (Seksualforbrydelser m.v.).,"Proposal for a law amending the Code of Criminal Procedure for Greenland and the Code of Criminal Procedure for Greenland (Sex crimes, etc.).",2019-02-21 00:00:00
6964,"Forslag til lov om ændring af udlændingeloven og lov om dansk indfødsret. (Ændring af reglerne om anbringelse af uledsagede mindreårige udlændinge, justering af klageadgang i sager om frihedsberøvelse, præcisering af reglerne vedrørende politiets visitation af udlændinge ved udsendelse, kompetenceændringer som følge af nedlæggelse af Statsforvaltningen m.v.).","Proposal for a law amending the law on aliens and the law on Danish citizenship. (Amendment of the rules on the placement of unaccompanied minors, adjustment of the right of appeal in cases of detention, clarification of the rules on police searching of foreigners by removal, changes in jurisdiction resulting from the abolition of the State Administration, etc.).",2019-02-21 00:00:00
6965,"Forslag til lov om ændring af udlændingeloven, integrationsloven, repatrieringsloven og forskellige andre love. (Videre adgang til inddragelse af opholdstilladelser for flygtninge, loft over antallet af familiesammenføringer, skærpet straf for overtrædelse af indrejseforbud og overtrædelse af opholds-, underretnings- og meldepligt, ydelsesnedsættelse for forsørgere m.v.).","Proposal for a law amending the Aliens Act, the Integration Act, the Return Act and various other laws.",2019-02-21 00:00:00
6966,Forslag til lov om ændring af lov om Sund og Bælt Holding A/S. (Justering af selskabets retlige rammer).,Draft law amending the Law on Sund and Bælt Holding A/S. (Adjusting the legal framework of the company).,2019-02-21 00:00:00
6969,Forslag til lov om ændring af udbudsloven. (Offentliggørelse af alle dele af evalueringsmodellen og krav om evaluering af kvalitet uden kendskab til pris ved visse større bygge- og anlægskontrakter). ,Proposal for a law amending the Procurement Act. (Publication of all parts of the evaluation model and requirements for quality evaluation without knowledge of the price of certain major works contracts).,2019-02-26 00:00:00
7003,Forslag til lov om tillægsbevilling for finansåret 2018.,Draft law on the additional allocation for the financial year 2018.,2019-03-14 00:00:00
7004,"Forslag til lov om ophævelse af lov om afgift af mineralsk fosfor i foderfosfat og ændring af opkrævningsloven, selskabsskatteloven, lov om afgift af tinglysning og registrering af ejer- og panterettigheder m.v. (tinglysningsafgiftsloven) og øl- og vinafgiftsloven. (Nedsættelse af afgift på øl og vin, afskaffelse af registreringsafgiften på fly, ophævelse af lov om afgift af mineralsk fosfor i foderfosfat og forhøjelse af restskatteprocenten for selskabsskat).","Proposal for a law repealing the law on the levying of mineral phosphorus in feed phosphate and amending the law on collection, corporation tax, the law on the levying of registration and registration of ownership and pawning rights, etc. (Tingledge tax Act) and the beer and wine tax Act (Reduction of tax on beer and wine, abolition of registration tax on aircraft, repeal of the law on the levy of mineral phosphorus in feed phosphate and increase of the residual tax rate on corporation tax).",2019-03-14 00:00:00
7005,"Forslag til lov om ændring af ligningsloven og personskatteloven. (Permanent forhøjet befordringsfradrag i yderkommuner og på visse øer, indførelse af øfradrag i yderkommuner og på visse øer, fradrag for passage af Fjordforbindelsen Frederikssund, nedsættelse af bundskatten m.v.).","Draft law amending the law on equations and the Act on personal taxes. (Permanently increased transport allowance in peripheral municipalities and on certain islands, introduction of island allowances in peripheral municipalities and on certain islands, deduction of passage of the Fjord link Frederikssund, reduction of the base tax etc.).",2019-03-14 00:00:00
7006,"Forslag til lov om ændring af lov om folkeskolen, lov om institutioner for almengymnasiale uddannelser og almen voksenuddannelse m.v. og lov om institutioner for erhvervsrettet uddannelse. (Konsekvent indgriben over for dårligt præsterende folkeskoler og ungdomsuddannelsesinstitutioner).","Proposal for a law amending the law on primary education, the law on institutions for general upper secondary education and general adult education, etc., and the law on institutions for vocational education and training (Consistent action against poorly performing primary and secondary schools).",2019-03-14 00:00:00
7007,"Forslag til lov om ændring af lov om folkeskolen, lov om friskoler og private grundskoler m.v., lov om social service og lov om en børne- og ungeydelse. (Obligatoriske sprogprøver i udsatte boligområder og styrket forældreansvar gennem mulighed for standsning af børnecheck m.v.).","Proposal for a law amending the law on primary schools, the law on free schools and private primary schools, the law on social services and the law on child and youth benefits. (Optional language tests in vulnerable residential areas and enhanced parental responsibility through the possibility of stopping child checks etc.).",2019-03-14 00:00:00
7008,Forslag til lov om ændring af sundhedsloven. (Betaling for akut og fortsat sygehusbehandling af visse personer uden bopæl i Danmark).,Proposal for a Law amending the Health Act. (Payment for emergency and continued hospital care for certain persons without residence in Denmark).,2019-03-14 00:00:00
7009,"Forslag til lov om ændring af sundhedsloven. (Bedre digitalt samarbejde i sundhedsvæsenet, påmindelser til forældre vedrørende børnevaccination og bestemmelser om territorial gyldighed for Færøerne og Grønland).","Proposal for a law amending the Health Act. (Better digital cooperation in health care, reminders to parents regarding child vaccination and provisions on territorial validity for the Faroe Islands and Greenland).",2019-03-14 00:00:00
7017,Forslag til lov om videreførelse af visse rettigheder i forbindelse med Det Forenede Kongeriges udtræden af Den Europæiske Union uden en aftale.,Proposal for a law on the continuation of certain rights relating to the withdrawal of the United Kingdom from the European Union without an agreement.,2019-03-19 00:00:00
7018,Forslag til lov om ændring af lov om institutioner for forberedende grunduddannelse. (Bestyrelsessammensætning).,Proposal for a law amending the Law on Institutions for Primary Education. (Company of the Boards of Directors).,2019-03-19 00:00:00
7019,"Forslag til lov om ændring af lov om anvendelse af tvang i psykiatrien m.v. (Præcisering af målgruppen for de særlige pladser på psykiatrisk afdeling, indstillingsret for regionsrådet og justering af visitationskriterierne for de særlige pladser på psykiatrisk afdeling).","Proposal for a law amending the law on the use of coercion in psychiatry, etc. (Precise target group for the special places in the psychiatric ward, option for the Regional Council and adjustment of the search criteria for the special places in the psychiatric ward).",2019-03-19 00:00:00
7021,Forslag til lov om ændring af lov om DSB. (Kommerciel ejendomsudvikling).,Draft law amending the law on DSB. (Commercial property development).,2019-03-19 00:00:00
7022,Forslag til lov om ændring af straffeloven. (Ulovlig påvirkningsvirksomhed).,Proposal for a law amending the Criminal Code.,2019-03-19 00:00:00
7026,Forslag til lov om ændring af straffeloven og forskellige andre love. (Selvstændig bestemmelse om psykisk vold).,Draft law amending the penal code and various other laws.,2019-03-26 00:00:00
7027,"Forslag til lov om ændring af straffeloven. (Betydningen af tro, kulturelle forhold og lign. i forbindelse med straffens fastsættelse).","Draft law amending the penal code. (The meaning of faith, cultural matters and the like in the context of the imposition of the penalty).",2019-03-26 00:00:00
7028,"Forslag til lov for Færøerne om oplysninger, der skal medsendes ved pengeoverførsler.",Draft law for the Faroe Islands on information to be included in transfers of funds.,2019-03-26 00:00:00
7029,"Forslag til lov for Grønland om oplysninger, der skal medsendes ved pengeoverførsler.",Proposal for a Greenland law on information to be included in transfers of funds.,2019-03-26 00:00:00
7030,"Forslag til lov om ændring af lov om kuldioxidafgift af visse energiprodukter, lov om afgift af elektricitet og forskellige andre love. (Nedsættelse af elafgiften for liberale erhverv og EU-retlig tilpasning af visse miljø- og energiafgifter).","Proposal for a law amending the law on carbon dioxide tax for certain energy products, the law on taxation of electricity and various other laws.",2019-03-26 00:00:00
7031,"Forslag til lov om ændring af lov om inddrivelse af gæld til det offentlige, opkrævningsloven og forskellige andre love. (Modregning med opkrævningsfordringer og udskydelse af betalingsfrist ved banklukkedage m.v.).","Draft law amending the law on the recovery of public debt, the law on collection and various other laws.",2019-03-26 00:00:00
7040,Forslag til lov om ændring af lov om ændring af selskabsskatteloven og forskellige andre love. (Forlængelse af overgangsperiode for fastsættelse af bilers brændstofforbrug).,Proposal for a law amending the Law amending the Corporate Tax Act and various other laws.,2019-03-28 00:00:00
7041,Forslag til lov om ændring af udlændingeloven. (Skærpelser som følge af kriminalisering af psykisk vold).,Proposal for a law amending the law on foreigners.,2019-03-28 00:00:00
7042,Forslag til lov om ændring af lov om Arbejdsmarkedets Tillægspension og forskellige andre love. (Indførelse af obligatorisk pensionsordning for overførselsindkomstmodtagere og tillæg til refusion til arbejdsgivere samt ændring af satsregulering af forskellige overførselsindkomster).,Proposal for a law amending the Labour Market Supplementary Pensions Act and various other laws.,2019-03-28 00:00:00
7043,Forslag til lov om en skattefri seniorpræmie.,Draft law on a tax-free senior premium.,2019-03-28 00:00:00
7044,Forslag til lov om jordbrugets anvendelse af gødning og om næringsstofreducerende tiltag.,Proposal for a law on the use of fertilisers in agriculture and on nutrient mitigation measures.,2019-03-28 00:00:00
7050,Forslag til lov om ændring af lov om autorisation af sundhedspersoner og om sundhedsfaglig virksomhed. (Forbud mod konstruktion af en kunstig hymen (jomfruhinde)).,Proposal for a law amending the Law on the Authorization of Healthcare Professionals and Healthcare Professionals. (Prohibits against the construction of an artificial hymen (virgin membrane)).,2019-04-04 00:00:00
7051,"Forslag til lov om ændring af retsplejeloven. (Sagsomkostninger til statslige myndigheder, indførelse af adgang til at klage over advarsler meddelt dommere og dommerfuldmægtige m.v.).","Proposal for a law amending the Law on the administration of justice (costs of state authorities, introduction of a right of appeal against warnings issued to judges and judges, etc.).",2019-04-04 00:00:00
7052,"Forslag til lov om ændring af lov om fremme af vedvarende energi. (Støtteordninger til forsøgsvindmøller, ophør af støtteordning for husstandsvindmøller i 2020 og udvidelse af den kommunale indsigelsesret m.v.).","Proposal for a law amending the law on the promotion of renewable energy. (Support schemes for experimental wind turbines, cessation of support schemes for household wind turbines in 2020 and extension of the municipal right of objection, etc.).",2019-04-04 00:00:00
7053,"Forslag til lov om ændring af lov om Energinet, lov om elforsyning og lov om naturgasforsyning. (Nye rammer for Energinets selskabsstruktur, gebyrfinansiering af overflyttede tilsynsopgaver fra Energinet til Energistyrelsen og supplerende regler til forordning om foranstaltninger til opretholdelse af gasforsyningssikkerheden m.v.).","Proposal for a law amending the Energy Network Act, the Electricity Act and the Natural Gas Supply Act. (New framework for the corporate structure of Energinet, fee financing of transferred supervisory tasks from Energinet to Energistyrelsen and supplementary rules for regulation on measures to maintain gas supply security, etc.).",2019-04-04 00:00:00
7054,"Forslag til lov om ændring af lov om anvendelse af Danmarks undergrund. (Stop for tilladelse til efterforskning og indvinding af kulbrinter på land og i de indre danske farvande, subsidiært økonomisk ansvar, rettighedshaveres indsendelse af oplysninger, præcisering af dækningsområde m.v.).","Proposal for a Law amending the Law on the Use of Denmark's Undergrounds. (Stop permission for exploration and extraction of hydrocarbons on land and inland Danish waters, subsidiary financial liability, submission of information by rightholders, clarification of coverage, etc.).",2019-04-04 00:00:00
7055,"Forslag til lov om ændring af selskabsloven, lov om kapitalmarkeder, lov om finansiel virksomhed og forskellige andre love. (Gennemførelse af ændringer i aktionærrettighedsdirektivet om tilskyndelse til langsigtet aktivt ejerskab).","Proposal for a law amending company law, law on capital markets, law on financial activities and various other laws. (Implementation of amendments to the shareholder rights directive on incentives for long-term active ownership).",2019-04-04 00:00:00
7056,Forslag til lov om en terrorforsikringsordning på skadesforsikringsområdet.,Proposal for a law on a terrorist insurance scheme in the field of non-life insurance.,2019-04-04 00:00:00
7057,"Forslag til lov om ændring af lov om sommerhuse og campering m.v., lov om midlertidig regulering af boligforholdene og byggeloven. (Udlejning af egen fulde helårsbolig til ferie- og fritidsformål m.v.).","Draft law amending the law on holiday homes and camping, etc., the law on temporary regulation of housing conditions and the building law (rentaling of own full-time residence for holiday and leisure purposes, etc.).",2019-04-04 00:00:00
7060,"Forslag til lov om ændring af udlændingeloven. (Nyaffattelse af bestemmelserne om opholds-, underretnings- og meldepligt, orienteringspligt for udlændinge på tålt ophold, der ikke er pålagt opholdspligt, og fastlæggelse af omfanget af Udlændingestyrelsens kontrolpligt).","Proposal for a law amending the law on aliens. (Renewal application of the provisions on residence, notification and reporting obligations, obligation to provide information to foreigners who are not subject to a residence obligation, and determination of the scope of the obligation to control by the National Board of Foreigners).",2019-04-09 00:00:00
7061,Forslag til lov om forbrugslånsvirksomheder.,Proposal for a law on consumer credit companies.,2019-04-09 00:00:00
7062,Forslag til lov om ændring af selskabsloven og årsregnskabsloven. (Afskaffelse af iværksætterselskaber og nedsættelse af minimumskrav til anpartsselskabers selskabskapital).,Proposal for a law amending the Companies Act and the Financial Statements Act. (Disposal of entrepreneurship companies and reduction of minimum capital requirements for limited companies).,2019-04-09 00:00:00
7066,"Forslag til lov om ændring af adoptionsloven, lov om social service og forskellige andre love. (Kontinuitet og enkle forløb for børn, der adopteres uden samtykke).","Draft law amending the adoption law, social services law and various other laws. (Continuity and simple courses for children adopted without consent).",2019-04-23 00:00:00
7067,"Forslag til lov om ændring af lov om social service, lov om almene boliger m.v., lov om leje af almene boliger og forskellige andre love. (Ændrede regler om magtanvendelse og andre indgreb i selvbestemmelsesretten over for voksne og indførelse af mulighed for målretning af botilbud til unge og kommunal dækning af skader forvoldt af lejere i almene boliger).","Proposal for a law amending the Law on Social Services, the Law on General Housing, etc., the Law on the Rent of General Housing and various other laws. (Adjusted rules on the use of force and other interventions in the right of self-determination against adults and the introduction of the possibility of targeting housing for young people and the municipal coverage of damages caused by tenants in general housing).",2019-04-23 00:00:00
7068,Forslag til lov om ændring af lov om biblioteksvirksomhed. (Kommunalt ansvar for en række opgaver vedrørende den nationale fælles bibliotekskatalog).,Proposal for a law amending the law on library activities.,2019-04-23 00:00:00
7069,Forslag til lov om ændring af lov om byfornyelse og udvikling af byer. (Støtte til styrket indsats i landsbyer).,Proposal for a law amending the law on urban renewal and urban development. (Support for strengthened action in villages).,2019-04-23 00:00:00
7070,Forslag til lov om ændring af færdselsloven. (Forhøjelse af hastighedsgrænsen for lastbiler og vogntog fra 70 km i timen til 80 km i timen uden for tættere bebygget område og på motortrafikveje).,Proposal for a law amending the Road Traffic Code. (Adjustment of the speed limit for trucks and vehicle trains from 70 km/h to 80 km/h outside the denser built-up area and on motorways).,2019-04-23 00:00:00
7071,Forslag til lov om ændring af SU-loven. (Tillægsstipendium til uddannelsessøgende med en funktionsnedsættelse i erhvervsuddannelse og forhøjelse af fribeløb).,Proposal for a law amending the Social Security Act. (Ancillary grant for trainees with a disability in vocational training and an increase in the amount of free allowances).,2019-04-23 00:00:00
7072,Forslag til lov om ændring af straffeloven. (Skærpelse af strafniveauet for flugt og medvirken til flugt fra lukkede fængsler og arresthuse).,Proposal for a law amending the penal code. (Strengthening of the level of punishment for flight and complicity in escape from closed prisons and detention houses).,2019-04-23 00:00:00
7073,Forslag til lov om ændring af retsplejeloven og straffeloven. (Undersøgelse af arrestanter m.v. i forbindelse med transporter).,"Proposal for a law amending the Code of Civil Procedure and the Criminal Code. (Investigation of arrests, etc. in connection with transport).",2019-04-23 00:00:00
7082,Forslag til lov om fjernelse af tatovering med laser.,Draft law on the removal of laser tattoo.,2019-04-25 00:00:00
7083,"Forslag til lov om ændring af lov om anvendelse af tvang i psykiatrien m.v., lov om retspsykiatrisk behandling m.v. og sundhedsloven. (Anvendelse af kropsscannere og narkohunde, ambulant behandling af retspsykiatriske patienter på privathospitaler og justering af takster for psykiatriske færdigbehandlingsdage).","Proposal for a law amending the law on the use of coercion in psychiatry, etc., the law on psychiatric treatment, etc., and the Health Act. (Use of body scanners and drug dogs, outpatient treatment of court psychiatric patients in private hospitals, and adjustment of rates for psychiatric graduation days).",2019-04-25 00:00:00
7084,Forslag til lov om ændring af lov om anvendelse af tvang i psykiatrien m.v. og retsplejeloven. (Ophør af tvungen opfølgning efter udskrivning).,"Proposal for a law amending the Law on the Use of Force in Psychology, etc. and the Code of Criminal Procedure (Cease of compulsory follow-up after printing).",2019-04-25 00:00:00
7085,Forslag til lov om ændring af lov om anvendelse af tvang i psykiatrien m.v. og lov om autorisation af sundhedspersoner og om sundhedsfaglig virksomhed. (Udarbejdelse af udskrivningsaftaler og koordinationsplaner og sikring af straksbehandling af akutte abstinenser hos personer med et stofmisbrug).,"Proposal for a Law amending the Law on the Use of Force in Psychology, etc., and the Law on the Authorisation of Health Careers and on Healthcare Care (Production of Printing Agreements and Coordination Plans and Ensure the Immediate Treatment of Acute Withdrawals in People with Drug Abuse).",2019-04-25 00:00:00
7086,Forslag til lov om ændring af sundhedsloven og lov om autorisation af sundhedspersoner og om sundhedsfaglig virksomhed. (Styrket indsats på høreapparatområdet).,Proposal for a Law amending the Law on Health and the Law on the Authorisation of Health Professionals and Health Professionals.,2019-04-25 00:00:00
7087,Forslag til lov om ændring af lov om social service. (Målretning af de forebyggende hjemmebesøg).,Proposal for a law amending the Social Services Act.,2019-04-25 00:00:00
7088,"Forslag til lov om ændring af lov om kommunal udligning og generelle tilskud til kommuner. (Justering af tilskudsordning til nedsættelse af færgetakster for personbefordring til og fra visse øer, etablering af en særlig godsordning for Mandø og adgang til at yde støtte ved et eventuelt driftsunderskud ved en afløserfærge).","Proposal for a law amending the law on municipal compensation and general subsidies to municipalities. (Adjustment of the system of subsidies for the reduction of ferry charges for passenger transport to and from certain islands, establishment of a special system of compensation for Mandø and access to aid for any operating deficit caused by a replacement ferry).",2019-04-25 00:00:00
7089,"Forslag til lov om ændring af universitetsloven, lov om erhvervsakademiuddannelser og professionsbacheloruddannelser, lov om maritime uddannelser og lov om arbejdsløshedsforsikring m.v. (Akademisk overbygningsuddannelse, særlig anvendelse af adgangsprøver til universitetsuddannelser, bachelorers ret til optagelse på en kandidatuddannelse m.v.).","Proposal for a law amending the University Act, the Law on vocational education and Bachelor's degree programmes, the Law on maritime education and the Law on unemployment insurance, etc. (Academic higher education, special use of admission examinations for university education, Bachelor's right to admission to a Master's degree, etc.).",2019-04-25 00:00:00
7090,Forslag til lov om ændring af lov om ligestilling af kvinder og mænd. (Forenkling af reglerne om indberetning af ligestillingsredegørelser).,Proposal for a law amending the law on equal opportunities for women and men. (Simplifying the rules on reporting equality statements).,2019-04-25 00:00:00
7091,"Forslag til lov om ændring af lov om forberedende grunduddannelse, lov om folkeskolen, lov om de gymnasiale uddannelser og lov om erhvervsuddannelser. (Måling af elevers trivsel).","Proposal for a law amending the Law on Primary Education, the Law on Primary Education, the Law on Secondary Education and the Law on Vocational Training. (Measurement of the well-being of pupils).",2019-04-25 00:00:00
7092,Forslag til lov om ændring af lov om erstatning fra staten til ofre for forbrydelser. (Nedbringelse af sagsbehandlingstiden i Erstatningsnævnet m.v.).,Proposal for a law amending the law on compensation from the State to victims of crime.,2019-04-25 00:00:00
7093,Forslag til lov om ændring af retsplejeloven. (Udeblivelsesdomme i sager med påstand om udvisning og anvendelse af telekommunikation med billede i retsmøder).,Draft law amending the Code of Procedure.,2019-04-25 00:00:00
7094,"Forslag til lov om ændring af jernbaneloven.
(Implementering af dele af den tekniske del af 4. jernbanepakke, herunder nye beføjelser for Den Europæiske Unions Jernbaneagentur, justeringer af den retlige ramme for Havarikommissionen for Civil Luftfart og Jernbanes arbejde m.v.).","Proposal for a law amending the Railway Act. (Implementation of parts of the technical part of the 4th railway package, including new powers for the European Union Railway Agency, adjustments to the legal framework of the Maritime Commission for Civil Aviation and the work of the Railway, etc.).",2019-04-25 00:00:00
7095,Forslag til lov om ændring af lov om sygedagpenge og forskellige andre love. (Ret til at afvise lægebehandling uden ydelsesmæssige konsekvenser).,Proposal for a law amending the Law on sickness benefits and various other laws.,2019-04-25 00:00:00
7096,"Forslag til lov om ændring af lov om ferie og lov om forvaltning og administration af tilgodehavende feriemidler med flere love. (Præcisering af antallet af fondsferiedage, indførelse af modregningsadgang, ensretning af rentebestemmelse og udbetaling fra fonden ved dødsfald m.v.).",Proposal for a law amending the law on holidays and the law on the administration and administration of holiday allowances receivable by several laws.,2019-04-25 00:00:00
7119,"Forslag til lov om ændring af lov om erhvervsuddannelser, lov om folkeskolen, lov om vejledning om uddannelse og erhverv samt pligt til uddannelse, beskæftigelse m.v. og forskellige andre love. (Styrkede erhvervsuddannelser, mere praksisfaglighed i grundskolen, uddannelsesparathedsvurdering til alle ungdomsuddannelser m.v.)","Proposal for a law amending the Law on Vocational Training, the Law on Primary School, the Law on Guidance on Education and Occupation, and the Duty to Education, Employment, etc. and various other laws.",2019-04-30 00:00:00
7122,"Forslag til lov om ændring af lov om friskoler og private grundskoler m.v., lov om efterskoler og frie fagskoler og lov om private institutioner for gymnasiale uddannelser. (Øgede frihedsgrader, rammer for donationer og styrket tilsyn med de frie skoler m.v.).","Proposal for a law amending the law on free schools and private primary schools, the law on post-schools and free vocational schools, and the law on private institutions for upper secondary education. (Increased degrees of freedom, framework for donations and enhanced supervision of free schools, etc.).",2019-04-30 00:00:00
7123,Forslag til lov om ændring af fiskeriloven. (Auktion m.v. over fangstrettigheder samt frivilligt kystfiskermærke).,Proposal for a law amending the Law on Fisheries (Auction etc. on fishing rights and voluntary inshore fishing mark).,2019-04-30 00:00:00
7124,Forslag til lov om ændring af fiskeriloven. (Digitaliseret fiskerikontrol).,Draft law amending the Law on Fisheries (Digitised Fisheries Control).,2019-04-30 00:00:00
7125,"Forslag til lov om ændring af udlændingeloven. (Ny landespecifik beløbsordning, udvidelse af positivlisten, afskaffelse af kravet om dansk bankkonto, nedsættelse af antallet af ansatte som betingelse for virksomhedscertificering og et ensrettet og lavere selvforsørgelseskrav).","Proposal for a law amending the law on foreigners. (New country-specific payment scheme, extension of the positive list, abolition of the requirement for Danish bank account, reduction of the number of employees as a condition for company certification and a uniform and lower self-reliance requirement).",2019-04-30 00:00:00
7126,"Forslag til lov om ændring af udlændingeloven. (Ændring af fast track-ordningen og certificeringsbetingelserne, ændring af reglerne om indgivelse af ansøgning om opholdstilladelse, forenkling af reglerne for forskere, ph.d.-studerende og etableringskortet, mere enkel ordning for autorisationsophold for læger og tandlæger, ny ordning for autorisationsophold for sygeplejersker og hjælp til arbejdsgivere m.v.).","Proposal for a law amending the law on aliens. (Amendment of the fixed track scheme and certification conditions, amendment of the rules on the submission of applications for residence permits, simplification of the rules for researchers, PhD students and the establishment card, more simple arrangements for the authorisation of doctors and dentists, new arrangements for the licensing of nurses and assistance to employers, etc.).",2019-04-30 00:00:00
7127,Forslag til lov om ændring af udlændingeloven. (Skærpet bødeniveau).,Draft law amending the law on foreigners.,2019-04-30 00:00:00
7128,Forslag til lov om ændring af lov om integrationsgrunduddannelse (igu) og lov om Arbejdsgivernes Uddannelsesbidrag. (Videreførelse af igu-ordningen og egu-bonusordningen).,Proposal for a law amending the law on basic integration training (igu) and the law on employers' training contributions.,2019-04-30 00:00:00
7129,Forslag til lov om ændring af lov om arbejdsmiljø. (Andre målrettede indsatser end risikobaserede tilsyn m.v.).,"Proposal for a law amending the Working Environment Act. (Other targeted interventions than risk-based supervision, etc.).",2019-04-30 00:00:00
7130,Forslag til lov om en aktiv beskæftigelsesindsats.,Proposal for a law on active employment.,2019-04-30 00:00:00
7131,"Forslag til lov om ændring af lov om organisering og understøttelse af beskæftigelsesindsatsen m.v., lov om aktiv socialpolitik, lov om sygedagpenge, integrationsloven og forskellige andre love. (Konsekvenser af aftale om en forenklet beskæftigelsesindsats m.v.).","Proposal for a law amending the law on the organisation and support of employment, etc., the Act on active social policy, the Law on sickness benefits, the Integration Act and various other laws (Consequences of agreement on a simplified employment effort, etc.).",2019-04-30 00:00:00
7132,"Forslag til lov om ændring af lov om arbejdsskadesikring, lov om den selvejende institution Arbejdsmarkedets Erhvervssikring og lov om retssikkerhed og administration på det sociale område. (En lempeligere vurdering af anerkendelsesspørgsmålet ved arbejdsulykker, opdatering og forenkling af arbejdsskadesystemet m.v.).","Proposal for a law amending the law on occupational injury insurance, the law on the self-governing institution of the labour market and the law on legal certainty and administration in the social field. (Simplifying the recognition of the issue of accidents at work, updating and simplifying the occupational injury system, etc.).",2019-04-30 00:00:00
7142,Forslag til lov om ændring af færdselsloven. (Forhøjelse af bødeniveauet for alvorlige sikkerhedskritiske fejl og mangler ved tunge motorkøretøjer og for ulovlig støj fra motordrevne køretøjer).,Proposal for a law amending the Road Traffic Code. (Adjusting the level of fines for serious safety-critical faults and deficiencies in heavy-duty vehicles and for unlawful noise emitted by motor vehicles).,2019-05-02 00:00:00
7143,Forslag til lov om ændring af taxiloven. (Reservation af 50 tilladelser til nulemissionsbiler pr. kvartal i overgangsperioden).,Proposal for a law amending the Taxi Code (Reservation of 50 permits for zero-emission cars per quarter during the transitional period).,2019-05-02 00:00:00
7144,Forslag til lov om ændring af lov om finansiel virksomhed og forskellige andre love og om ophævelse af lov om statsligt kapitalindskud i kreditinstitutter. (Gennemførelse af den politiske aftale om yderligere initiativer til styrkelse af indsatsen mod hvidvask og terrorfinansiering og gennemførelse af anbefalinger fra arbejdsgruppen for eftersyn af den finansielle regulering).,Proposal for a law amending the Law on Financial Activities and various other laws and repealing the Law on Government Participation in Credit Institutions. (Implementing the political agreement on further initiatives to strengthen the fight against money laundering and terrorist financing and implementing recommendations from the Working Party on Financial Regulation Review).,2019-05-02 00:00:00
7145,Forslag til lov om ændring af hvidvaskloven og lov om finansiel virksomhed. (Gennemførelse af 5. hvidvaskdirektiv).,Proposal for a law amending the law on money laundering and the law on financial services. (Implementation of the fifth money laundering directive).,2019-05-02 00:00:00
7146,"Forslag til lov om ændring af selskabsloven, lov om visse erhvervsdrivende virksomheder, lov om erhvervsdrivende fonde og forskellige andre love. (Ændring af reglerne om reelle ejere som følge af 5. hvidvaskdirektiv).","Proposal for a law amending company law, law on certain commercial enterprises, law on commercial funds and various other laws. (Amendment of the rules on real owners resulting from the fifth money laundering directive).",2019-05-02 00:00:00
7147,Forslag til lov om ændring af lov om Center for Cybersikkerhed. (Initiativer til styrkelse af cybersikkerheden).,Proposal for a law amending the Cybersecurity Centre Act. (Initiatives to strengthen cybersecurity).,2019-05-02 00:00:00
7148,"Forslag til lov om ændring af lov om folkeskolen. (Justering af fagrækken og den understøttende undervisning, afkortning af skoleugens længde, ansættelse af skoleledere og kompetencedækning m.v.).","Proposal for a law amending the law on primary school. (Adjustment of the course and supporting education, shortening the duration of the school week, appointment of headteachers and coverage of competence, etc.).",2019-05-02 00:00:00
7152,Forslag til lov om ændring af lov om miljøbeskyttelse. (Skærpede miljøzonekrav til tunge køretøjer og varebiler).,Proposal for a law amending the Law on the Protection of the Environment.,2019-05-07 00:00:00
7153,Forslag til lov om ændring af lov om afgift af lønsum m.v. og momsloven. (Indførelse af nulmoms på elektronisk leverede aviser m.v.).,"Proposal for a law amending the Law on the taxation of wages, etc. and the VAT Act. (Incorporation of zero VAT into electronically supplied newspapers etc.).",2019-05-07 00:00:00
7159,Forslag til lov om ændring af lov om valg til Folketinget og lov om valg af danske medlemmer til Europa-Parlamentet. (Sanktioner for retsstridig indsamling af vælgererklæringer).,Draft law amending the Act on the Election of the Folketing and the Act on the Election of Danish Members to the European Parliament. (Sanctions for unlawful collection of electoral declarations).,2019-09-12 00:00:00
7171,Forslag til lov om ændring af lov om dansk indfødsret og udlændingeloven. (Fratagelse af statsborgerskab fra fremmedkrigere m.v.).,"Proposal for a law amending the law on Danish citizenship and the law on foreigners (Derogation of citizenship from foreign warriors, etc.).",2019-10-24 00:00:00
7175,"Forslag til lov om ændring af lov om social pension, lov om højeste, mellemste, forhøjet almindelig og almindelig førtidspension m.v. og lov om en skattefri seniorpræmie. (Forhøjelse af fradragsbeløb for folkepension og førtidspension og forøgelse af skattefri seniorpræmie).","Proposal for a law amending the Social Pensions Act, the Highest, Middle, Higher General and General Early Child Benefit Act, etc., and the Tax-Free Senior Premium Act.",2019-11-05 00:00:00
7176,"Forslag til lov om ændring af lov om inddrivelse af gæld til det offentlige, lov om retsafgifter og forskellige andre love. (Forenkling af regler om forældelseshåndtering, modregning ved transporter, flere skyldnere på samme fordring, eftergivelse og afskrivning, retsafgift m.v.).","Draft law amending the law on the recovery of public debt, the law on court fees and various other laws. (Simplification of rules on limitation, offsetting of transport, multiple debtors on the same claim, amnesty and depreciation, legal fees, etc.).",2019-11-07 00:00:00
7179,"Forslag til lov om ændring af ligningsloven, kursgevinstloven og pensionsafkastbeskatningsloven. (Ophævelse af visse regler om beskatning af renter og kursgevinster og -tab på hybrid kernekapital m.v.).","Proposal for a law amending the law on equations, the law on exchange gains and the pension income tax law. (Completion of certain rules on taxation of interest and foreign exchange gains and losses on Additional Tier 1 capital, etc.).",2019-11-14 00:00:00
7180,Forslag til lov om ændring af skatteforvaltningsloven. (En ny ankenævnsstruktur og en hurtigere vej gennem klagesystemet samt ingen omkostningsgodtgørelse ved klage over tilbagekaldelser af afgørelser om refusion af udbytteskat eller afslag på anmodninger om refusion af udbytteskat).,"Draft Law amending the Tax Administration Act. (A new Board of Appeal structure and a faster way through the review system, as well as no cost compensation for appeals against revocations of decisions on the refund of dividend tax or refusal of claims for refund of dividend tax).",2019-11-14 00:00:00
7181,"Forslag til lov om ændring af registreringsafgiftsloven og forskellige andre love. (Styrket regelefterlevelse på motorområdet, skærpet bødepraksis ved overtrædelse af registreringsafgiftsloven og øvrige punktafgiftslove og øvrige tilpasninger af reglerne på motorområdet).",Proposal for a law amending the Registration Tax Act and various other laws.,2019-11-14 00:00:00
7191,Forslag til lov om ændring af lov om valg til menighedsråd. (Valgret til personer under værgemål med fratagelse af den retlige handleevne og tilintetgørelse af valgkort og valglister).,Draft law amending the Law on the Election of Congregation Councils.,2019-11-21 00:00:00
7193,Forslag til lov om anlæg af en ny jernbane over Vestfyn.,Proposal for a law on the construction of a new railway over West Funen.,2019-11-21 00:00:00
7194,"Forslag til lov om ændring af lov om godkendelse og syn af køretøjer. (Gebyr og tilsyn med toldsyn, øgede beføjelser ved vejsidesyn m.v.).","Proposal for a law amending the law on the approval and inspection of vehicles (Gebyr and supervision of customs inspections, increased powers of roadside inspection, etc.).",2019-11-21 00:00:00
7195,"Forslag til lov om ændring af lov om social pension, lov om højeste, mellemste, forhøjet almindelig og almindelig førtidspension m.v., lov om aktiv socialpolitik, lov om individuel boligstøtte og ligningsloven. (Lettelse af grænsehindring ved flytning mellem rigsdelene m.v.).","Draft law amending the law on social pensions, the law on the highest, middle, increased general and general early retirement, etc., the Act on active social policy, the law on individual housing aid and the law on equations.",2019-11-21 00:00:00
7197,Forslag til lov om ændring af lov om dyrlæger. (Afgift til finansiering af drift af medicinregisteret VetStat m.v.).,"Proposal for a law amending the Law on veterinary surgeons. (A tax to finance the operation of the VetStat medicine register, etc.).",2019-11-26 00:00:00
7198,Forslag til lov om ændring af landbrugsstøtteloven. (Obligatorisk digital kommunikation).,Proposal for a law amending the Agricultural Support Act.,2019-11-26 00:00:00
7199,Forslag til lov om ændring af økologiloven og lov om hold af dyr. (Indførelse af mulighed for rekvireret vejledning).,Proposal for a law amending the law on ecology and the law on animal husbandry.,2019-11-26 00:00:00
7200,"Forslag til lov om ændring af lov om markedsføring. (Opdeling af fysiske og juridiske personer i forbrugerbegrebet, præcisering af bestemmelsen om aggressiv handelspraksis og tilpasning af samtykkekrav m.v.).","Proposal for a law amending the Law on Marketing. (Sharing natural and legal persons into the concept of consumer, clarifying the provision on aggressive commercial practices and adapting consent requirements, etc.).",2019-11-26 00:00:00
7201,"Forslag til lov om ændring af udbudsloven. (Bortfald af retten til at dokumentere sin pålidelighed, hvis ansøger eller tilbudsgiver er udelukket som følge af endelig dom, præcisering af kravene til indholdet af opfordringer til at afgive tilbud m.v.).","Proposal for a law amending the Procurement Act. (Distance of the right to prove its reliability if the candidate or tenderer is excluded as a result of final judgment, clarification of the requirements for the content of invitations to tender, etc.).",2019-11-26 00:00:00
7203,Forslag til lov om ændring af lov om social service og ligningsloven. (Styrket behandlingsgaranti for personer med et stofmisbrug m.v.).,Proposal for a law amending the Social Services Act and the Equalisation Act.,2019-11-28 00:00:00
7204,"Forslag til lov om ændring af lov om social service. (Afskaffelse af forudgående børnesamtale ved økonomisk støtte til forældremyndighedsindehaveren, afskaffelse af særhandleplaner og afskaffelse af afgørelse om revision af handleplan m.v.).

",Proposal for a law amending the Social Services Act.,2019-11-28 00:00:00
7205,"Forslag til lov om ændring af lov om elforsyning, lov om Energinet og lov om fremme af vedvarende energi. (Supplerende regler til forordning om det indre marked for elektricitet, ændrede regler for kabellægning m.v. af eltransmissionsnet samt udløb af støtteordning for elektricitet produceret på decentrale kraft-varme-anlæg med naturgas eller biogas m.v.).","Proposal for a law amending the Law on electricity supply, the Law on Energy Networks and the Law on the Promotion of Renewable Energy.",2019-11-28 00:00:00
7206,"Forslag til lov om ændring af lov om naturgasforsyning og lov om Energinet. (Gennemførelse af ændret gasdirektiv, præcisering af transmissionsselskabers ansvar for gasforsyningssikkerhed og præcisering af ekspropriationsadgang for gasinfrastruktur m.v.).","Proposal for a law amending the Act on natural gas supply and the Act on Energy Networks. (Implementation of amended gas directive, clarification of the responsibility of transmission companies for gas security and clarification of expropriation access for gas infrastructure, etc.).",2019-11-28 00:00:00
7207,"Forslag til lov om ændring af lov om klage- og erstatningsadgang inden for sundhedsvæsenet og sundhedsloven. (Begrænsning af ressourcereglen ved kræftscreeninger, udvidelse af lægemiddelskadeordningen i nød- og beredskabssituationer m.v.).","Proposal for a law amending the Law on access to justice and compensation in health and health care. (Restricting the resource rule for cancer screening, extending the pharmaceutical injury regime in emergency and emergency situations, etc.).",2019-11-28 00:00:00
7208,"Forslag til lov om ændring af lov om videnskabsetisk behandling af sundhedsvidenskabelige forskningsprojekter, sundhedsloven, lov om klage- og erstatningsadgang inden for sundhedsvæsenet og lægemiddelloven. (Styrkelse af borgernes tryghed og tillid til sundhedsforskning samt forbedrede rammer for sundhedsforskning).","Proposal for a law amending the Law on the Scientific Treatment of Health Scientific Research Projects, the Health Act, the Law on Complaints and Replacement Access in Healthcare and the Medical Law. (Strengthening citizens' safety and confidence in health research as well as improved health research framework).",2019-11-28 00:00:00
7209,Forslag til lov om ændring af lov om almene boliger m.v. (Tilsagn til nybyggeri opført i samarbejde med privat part).,"Proposal for a law amending the law on general housing, etc. (Addendums to new buildings built in cooperation with private parties).",2019-11-28 00:00:00
7210,"Forslag til lov om ændring af chokoladeafgiftsloven, lov om forskellige forbrugsafgifter, momsloven og forskellige andre love. (Godtgørelse af visse punktafgifter til godkendte humanitære organisationer m.v., ændring vedrørende konsignationslagre, kædehandel og bekæmpelse af momssvig ved EU-handel, overførsel af varer til andre EU-lande, ændring af reglerne om udtagning af varer, ydelser og aktiver og præcisering af EU-regel om levering mod vederlag m.v.)","Proposal for a law amending the chocolate tax law, the law on various excise duties, the VAT law and various other laws.",2019-11-28 00:00:00
7211,"Forslag til lov om ændring af momsloven, kildeskatteloven og lov om inddrivelse af gæld til det offentlige. (Digitale salgsregistreringssystemer og ændring af reglerne om udstedelse af skattekort til tredjelandsstatsborgere).","Proposal for a law amending the VAT Act, the Law on withholding tax and the Law on the recovery of public debt. (Digital sales registration systems and amendment of the rules on the issuing of tax cards to third-country nationals).",2019-11-28 10:00:00
7215,Forslag til lov om ændring af lov om vandforsyning m.v. (Obligatorisk kommunal vurdering af boringsnære beskyttelsesområder og pligt til indberetning m.v.).,"Proposal for a law amending the Law on water supply, etc. (Obligatory municipal assessment of borehole protection areas and reporting obligations, etc.).",2019-12-05 00:00:00
7216,"Forslag til lov om ændring af lov om registrering af ledningsejere. (Indsættelse af overgangsbestemmelse, bestemmelse om at udstille graveforespørgsler m.m.).","Proposal for a law amending the law on the registration of cable owners. (Inclusion of transitional provision, provision to exhibit grave queries, etc.).",2019-12-05 00:00:00
7217,"Forslag til lov om ændring af lov om finansiel virksomhed, lov om betalinger, lov om kapitalmarkeder, lov om investeringsforeninger m.v. og selskabsloven og forskellige andre love. (Direkte debitering, håndtering af erstatningskrav i henhold til en byggeskadeforsikring tegnet i Qudos Insurance A/S, whistleblowerordning for virksomheder med begrænset tilladelse, revisors meddelelsespligt til Finanstilsynet og ændring af procedure ved indløsning af minoritetsaktionærer m.v.).","Proposal for a law amending the Law on Financial Activities, the Act on Payments, the Law on Capital Markets, the Act on Investment Funds, etc., and the Companies Act and various other laws. (Direct debits, handling of claims under a building damage insurance contract signed in the Qudos Insurance A/S, whistleblower scheme for companies with limited permission, statutory auditor's obligation to notify the FSA and amendment of the procedure for redemption of minority shareholders, etc.).",2019-12-05 00:00:00
7219,Forslag til lov om ændring af momsloven. (Værnsregel mod misbrug af særordningen for rejsebureauer).,Proposal for a law amending the VAT Act.,2019-12-10 00:00:00
7220,"Forslag til lov om ændring af udlændingeloven. (Bemyndigelse til at fastsætte integrationsrelevante krav som betingelse for tidsubegrænset opholdstilladelse på Færøerne, hjemmel til delegation af kompetence til at træffe afgørelse i 1. instans om ophold på Færøerne til færøske myndigheder og ændring af klageadgang i sådanne sager til Udlændingenævnet).","Proposal for a law amending the Aliens Act. (Authorisation to lay down integration-relevant requirements as a condition for permanent residence permit in the Faroe Islands, authority to delegate the competence to decide at first instance on residence in the Faroe Islands to Faroese authorities and amendment of the right of appeal in such cases to the Foreigners' Board).",2019-12-10 00:00:00
7228,Forslag til lov om ændring af straffeloven. (Forbud til dømte seksualforbrydere).,Draft law amending the criminal code. (Prohibits to convicted sex offenders).,2019-12-12 00:00:00
7229,Forslag til lov om ændring af straffeloven. (Begrænsning af brugen af betinget dom med vilkår om samfundstjeneste i sager om vold).,Draft law amending the Criminal Code. (Restricting the use of conditional sentence with terms on community service in cases of violence).,2019-12-12 00:00:00
7230,"Forslag til lov om ændring af retsplejelov for Grønland. (Gengivelse af forklaringer i kriminalsager, revision af reglerne om legemsundersøgelse, normering af Retten i Grønland m.v.).","Proposal for a law amending the Law on the administration of justice for Greenland (Reproduction of explanations in criminal cases, revision of the rules on body examination, standardisation of the Court in Greenland, etc.).",2019-12-12 00:00:00
7231,Forslag til lov om ændring af lov om scenekunst. (Udmøntning af stemmeaftale om ændringer på scenekunstområdet af 20. marts 2019).,Proposal for a law amending the Act on Performing Art. (Employing voting agreement on changes in the field of Performing Art of 20 March 2019).,2019-12-12 00:00:00
7316,"Forslag til lov om fastsættelse af udgiftslofter for stat, kommuner og regioner for finansåret 2023.","Proposal for a law on the establishment of expenditure ceilings for state, municipalities and regions for the financial year 2023.",2019-12-19 00:00:00
7317,"Forslag til lov om ændring af lov om fastsættelse af udgiftslofter for stat, kommuner og regioner for finansåret 2020, lov om fastsættelse af udgiftslofter for stat, kommuner og regioner for finansåret 2021 og lov om fastsættelse af udgiftslofter for stat, kommuner og regioner for finansåret 2022. (Konsekvenser af regeringens forslag til finanslov for 2020).","Proposal for a law amending the Law on the establishment of expenditure ceilings for state, municipalities and regions for the financial year 2020, the Law on the establishment of expenditure ceilings for state, municipalities and regions for the financial year 2021 and the Law on the establishment of expenditure ceilings for state, municipalities and regions for the financial year 2022.",2019-12-19 00:00:00
7318,Forslag til lov om indfødsrets meddelelse.,Draft law on the notification of citizenship.,2019-12-19 00:00:00
7321,Forslag til lov om ændring af udlændingeloven. (Afskaffelse af kravet om vellykket integration i sager om familiesammenføring med børn og indførelse af en frist på 3 måneder for indgivelse af ansøgning).,Proposal for a law amending the law on foreigners (Delivering the requirement for successful integration in cases of family reunification with children and introducing a period of 3 months for the submission of applications).,2019-12-19 00:00:00
7322,"Forslag til lov om ændring af hvidvaskloven, lov om finansiel virksomhed og forskellige andre love. (Styrkelse af indsatsen mod finansiel kriminalitet og gennemførelse af 4. og 5. hvidvaskdirektiv).","Proposal for a law amending the law on money laundering, the law on financial activities and various other laws. (Strengthening the fight against financial crime and the implementation of the Fourth and Fifth Money Laundering Directives).",2019-12-19 00:00:00
7323,"Forslag til lov om ændring af lov om fremme af vedvarende energi, lov om naturgasforsyning og lov om elforsyning. (Ændring af støtteordninger til anvendelse af biogas).","Proposal for a law amending the law on the promotion of renewable energy, the Act on natural gas supply and the Law on electricity supply. (Amendment of aid schemes for the use of biogas).",2019-12-19 00:00:00
7324,"Forslag til lov om ændring af lov om vandsektorens organisering og økonomiske forhold, lov om elforsyning, lov om varmeforsyning og selskabsskatteloven. (Hjemmel til forberedelse og implementering af justeret økonomisk regulering af vandsektoren, mindre, forbrugerejede vandselskabers mulighed for at udtræde af den økonomiske regulering og skattepligt m.v.)","Proposal for a Law amending the Law on the Organisation and Economic Situation of the Water Sector, the Law on Electricity Supply, the Law on Heat Supply and the Corporate Tax Act. (Register to prepare and implement adjusted economic regulation of the water sector, the possibility for small consumer-owned water companies to withdraw from economic regulation and tax liability, etc.)",2019-12-19 00:00:00
7325,Forslag til lov om ændring af biobrændstofloven. (Ændring af krav til anvendelse af bæredygtige biobrændstoffer i brændstof til landtransport og ændring af dobbelttællingsbestemmelse m.v.).,"Proposal for a law amending the Biofuel Act. (Amendment of requirements for the use of sustainable biofuels in land transport fuel and amendment of double counting provisions, etc.).",2019-12-19 00:00:00
7326,Forslag til lov om ændring af lov om offentlighed i forvaltningen. (Ophævelse af revisionsbestemmelse).,Proposal for a law amending the law on public disclosure in the administration.,2019-12-19 00:00:00
7327,"Forslag til lov om ændring af lov om institutioner for almengymnasiale uddannelser og almen voksenuddannelse m.v., lov om institutioner for erhvervsrettet uddannelse, lov om private institutioner for gymnasiale uddannelser, lov om de gymnasiale uddannelser, lov om erhvervsuddannelser og lov om kommunal indsats for unge under 25 år. (Ny udbudsmulighed på gymnasier, nyt henvisningstaxameter, afskaffelse af muligheden for at udskifte oldtidskundskab med andre fag på uddannelsen til almen studentereksamen på private gymnasier, optag på adgangskurser og grundforløb plus og sammensætning af Rådet for de Grundlæggende Erhvervsrettede Uddannelser).","Proposal for a law amending the law on institutions for general upper secondary education and adult education, etc., the law on institutions for vocational education and training, the law on private institutions for upper secondary education, the law on upper secondary education, the law on vocational training and the law on municipal action for young people under 25 years of age.",2019-12-19 00:00:00
7328,Forslag til lov om ændring af lov om Arbejdsgivernes Uddannelsesbidrag. (Modelparametre for erhvervsuddannelser til brug for beregning af praktikpladsafhængigt arbejdsgiverbidrag for 2020 og justering af det aktivitetsafhængige VEU-bidrag for 2020 m.v.).,"Proposal for a law amending the Law on Employers' Educational Contribution. (Model parameters for vocational training to be used for calculating internship-dependent employer contributions for 2020 and adjusting the activity-dependent VEU contribution for 2020, etc.).",2019-12-19 00:00:00
7329,Forslag til lov om ændring af lov om institutioner for almengymnasiale uddannelser og almen voksenuddannelse m.v. og lov om institutioner for erhvervsrettet uddannelse. (Mulighed for fastsættelse af lokale elevfordelingsregler).,"Proposal for a law amending the law on institutions for general upper secondary education and general adult education, etc., and the law on institutions for vocational training.",2019-12-19 00:00:00
7330,Forslag til lov om ændring af lov om jordbrugets anvendelse af gødning og om næringsstofreducerende tiltag og lov om Landdistriktsfonden. (Frivillig ordning om kvælstofreducerende virkemidler og kriterier for anvendelse af brødhvedenormen).,Proposal for a Law amending the Law on the Use of Fertilizers in Agriculture and on Nutrient Reduction Measures and the Rural Fund Act.,2019-12-19 00:00:00
7332,Forslag til lov om ændring af byggeloven. (Bemyndigelse til fastsættelse af regler om ladestandere og bygningsautomatiserings- og kontrolsystemer).,Proposal for a law amending the Building Act.,2019-12-19 00:00:00
7333,"Forslag til lov om ændring af skatteindberetningsloven, skattekontrolloven, kildeskatteloven, ligningsloven og pensionsbeskatningsloven. (Gennemførelse af direktiv om obligatorisk automatisk udveksling af oplysninger på beskatningsområdet i forbindelse med indberetningspligtige grænseoverskridende ordninger).","Proposal for a law amending the tax reporting law, the tax control law, the withholding tax law, the equation law and the pension tax law. (Implementation of the directive on the mandatory automatic exchange of information in the field of taxation in the context of reporting cross-border schemes).",2019-12-19 00:00:00
7335,Forslag til lov om ændring af lov om inddrivelse af gæld til det offentlige og skatteindberetningsloven. (Ophævelse af fradragsret for renter af fordringer under inddrivelse).,Proposal for a law amending the Law on the Recovery of Debts to the Government and the Tax Reporting Act.,2019-12-19 00:00:00
7337,"Forslag til lov om ændring af aktieavancebeskatningsloven, kursgevinstloven, ligningsloven og forskellige andre love. (Hovedaktionærers delsalg af aktier i selskaber med flere aktieklasser, beskatning ved nedsættelse af gæld, beskatning af kapitalfondspartnere og omdannelsesdatoen ved skattefri virksomhedsomdannelse).","Draft law amending the Share Profit Tax Act, the Exchange Profit Act, the Equalisation Act and various other laws. (Shareholders' share sales in companies with several classes of shares, debt reduction tax, taxation of capital fund partners and the conversion date of tax-free business conversion).",2019-12-20 09:00:00
7338,"Forslag til lov om ændring af pensionsbeskatningsloven, pensionsafkastbeskatningsloven, selskabsskatteloven og forskellige andre love. (Videregivelse af oplysninger om diskvalificerende pensionsudbetalinger, smidiggørelse af regler for flytning af pensionsindbetalinger, justering af reglerne om omdannelse af pensionskasser til livsforsikringsselskaber og goodwillbeskatning m.v.).","Proposal for a law amending the Pension Taxation Act, the Pension Return Tax Act, the Corporate Tax Act and various other laws. (Surveillance of information on disqualifying pension payments, flexibility of rules on the transfer of pension payments, adjustment of rules on the transformation of pension funds into life insurance companies and goodwill taxation, etc.).",2019-12-20 09:00:00
7339,Forslag til lov om ændring af lov om beskatning af fortjeneste ved afståelse af fast ejendom og virksomhedsskatteloven. (Indførelse af en sælgerpantebrevsmodel).,Proposal for a law amending the Law on the taxation of profits in the event of the transfer of real estate and the Corporate Tax Act.,2019-12-20 00:00:00
7340,"Forslag til lov om ændring af ejendomsvurderingsloven, 
ejendomsavancebeskatningsloven, ejendomsværdiskatteloven, 
lov om kommunal ejendomsskat og skatteforvaltningsloven. 
(Fastsættelse af grund- og ejendomsværdier, afgrænsning af afledt virkning af klage- og retssager, afledt skattemæssig virkning ved ekstraordinær genoptagelse af ejendomsvurderinger, samtidighed for ejendomsværdiskat og grundskyld samt andre tilpasninger på vurderingsområdet m.v.).","Proposal for a Law amending the Property Assessment Act, the Property Advance Tax Act, the Property Value Tax Act, the Municipal Property Tax Act and the Tax Administration Act. (Fixement of land and property values, demarcation of the derived effect of appeals and legal proceedings, derived tax effect in case of extraordinary resumption of property valuations, simultaneous property value tax and land tax and other adjustments in the field of valuation, etc.).",2019-12-20 00:00:00
7341,Forslag til lov om ændring af skatteforvaltningsloven. (Afledt skattemæssig virkning ved ekstraordinær genoptagelse af ejendomsvurderinger).,Proposal for a Law amending the Tax Administration Act.,2019-12-20 00:00:00
7343,"Forslag til lov om ændring af sømandsbeskatningsloven, 
tonnageskatteloven og forskellige andre love. (Tilpasning af 
refusionsordningen for sandsugere til EU-retten, justering af 
værnsregler i tonnageskatteordningen, udvidelse af sømandsfradraget til søfolk på forsknings- og havundersøgelsesskibe m.v.).","Proposal for a law amending the Seaman Tax Act, the Tonnage Tax Act and various other laws.",2019-12-20 00:00:00
7344,Forslag til lov om ændring af lov om ændring af ligningsloven og forskellige andre love. (Fastholdelse af beskatningen af fri telefon og internet m.v.).,Draft law amending the law amending the law on equations and various other laws. (Maintenance of tax on free telephone and Internet etc.).,2019-12-20 00:00:00
7345,Forslag til lov om ændring af lov om afgift af elektricitet og forskellige andre love. (Forlængelse af ordning med lav afgift på el til erhvervsmæssig opladning af eldrevne køretøjer og lovtekniske ændringer af elpatronordningen).,Proposal for a law amending the law on taxation of electricity and various other laws.,2019-12-20 00:00:00
7346,"Forslag til lov om ændring af lov om energiafgift af mineralolieprodukter m.v. og lov om kuldioxidafgift af visse energiprodukter. (Standardsats for afgift af blyfri benzin iblandet 9,8 pct. biobrændstoffer).","Proposal for a law amending the Law on the energy tax of petroleum products, etc. and the Law on the carbon dioxide tax of certain energy products.",2019-12-20 00:00:00
7347,"Forslag til lov om ændring af lov om afgift af visse emballager, 
poser, engangsservice og pvc-folier (emballageafgiftsloven), 
lov om midlertidig nedsættelse af straffen for overtrædelse af skatte- og afgiftslovgivningen vedrørende midler på udenlandske konti m.v. og opkrævningsloven. (Forhøjelse af afgiften på bæreposer og engangsservice m.v.).","Proposal for a Law amending the Law on the Tax of Certain Packagings, Bags, One-time Services and PVC Films (Package Tax Act), Law on the Temporary Reduction of the Penalty for Violation of Tax Law on Funds in Foreign Accounts, etc., and the Law on Collection (Addition of Tax on Carrying Bags and One-time Services, etc.).",2019-12-20 00:00:00
7348,Forslag til lov om ændring af tobaksafgiftsloven og lov om forskellige forbrugsafgifter. (Forhøjelse af afgiften på tobak).,Proposal for a law amending the tobacco tax law and the law on various excise duties.,2019-12-20 00:00:00
7349,Forslag til lov om ændring af boafgiftsloven og skatteforvaltningsloven. (Ensartet bo- og gaveafgift ved generationsskifte og indførelse af retskrav på henstand og forlænget henstandsperiode).,Proposal for a law amending the Housing Tax Act and the Tax Administration Act.,2019-12-20 00:00:00
7350,Forslag til lov om ændring af lov om vederlag og pension m.v. for ministre. (Forlængelse af perioden for midlertidig nedsættelse af grundvederlag til ministre).,"Draft law amending the law on remuneration and pensions, etc. for ministers.",2019-12-20 00:00:00
7351,Forslag til lov om et midlertidigt børnetilskud til visse forsørgere.,Proposal for a law on temporary allowances for certain dependents.,2019-12-20 09:00:00
7352,Forslag til lov om ændring af lov om sygedagpenge. (En enklere tilrettelæggelse af første sygedagpengeopfølgning m.v.).,"Proposal for a law amending the Law on sickness benefit. (Simplifying the organization of first sickness benefit follow-up, etc.).",2019-12-20 00:00:00
7353,Forslag til lov om ændring af lov om en aktiv beskæftigelsesindsats. (Afskaffelse af dokumentationskrav for fastholdelsesfleksjob for seniorer).,Proposal for a law amending the Act on Active Employment.,2019-12-20 00:00:00
7354,"Forslag til lov om ændring af lov om aktiv socialpolitik, integrationsloven og forskellige andre love. (Enklere og skærpede sanktioner, styrket kontrol med snyd og færre fejludbetalinger m.v.).","Proposal for a law amending the Act on Active Social Policy, the Integration Act and various other laws. (Simplified and tightened sanctions, strengthened control of cheating and fewer error payments, etc.).",2019-12-20 00:00:00
7355,Forslag til lov om ændring af lov om social pension og forskellige andre love. (Indførelse af seniorpension).,Proposal for a law amending the Social Pensions Act and various other laws. (Introduction of senior pensions).,2019-12-20 00:00:00
7356,Forslag til lov om ændring af lov om en aktiv beskæftigelsesindsats og forskellige andre love. (Obligatorisk pensionsordning for personer i fleksjobordningen m.v. og konsekvensændringer som følge af den forenklede beskæftigelsesindsats m.v.).,Proposal for a law amending the Act on Active Employment and various other laws. (Optional pension scheme for people in the flex-job scheme etc. and impact changes resulting from the simplified employment effort etc.).,2019-12-20 00:00:00
7357,Forslag til lov om ændring af lov om arbejdsmiljø og lov om arbejdsskadesikring. (Gennemførelse af aftale om en ny og forbedret arbejdsmiljøindsats og ordnede forhold på arbejdsmarkedet m.v.).,"Proposal for a law amending the law on occupational safety and health and safety at work. (Implementation of agreement on a new and improved occupational health and safety effort and on labour market conditions, etc.).",2019-12-20 00:00:00
7358,Forslag til lov om ændring af lov om videreførelse af visse rettigheder i forbindelse med Det Forenede Kongeriges udtræden af Den Europæiske Union uden en aftale. (Ændring af perioden for hjælp til dækning af tabt arbejdsfortjeneste samt plejevederlag efter lov om social service i forbindelse med Det Forenede Kongeriges udtræden af Den Europæiske Union uden en aftale).,Proposal for a law amending the law on the continuation of certain rights relating to the withdrawal of the United Kingdom from the European Union without an agreement (change in the period of aid to cover lost earnings and care allowances under the Social Services Act for the United Kingdom's withdrawal from the European Union without an agreement).,2019-12-20 00:00:00
7359,Forslag til lov om ændring af lov om social service og lov om socialtilsyn. (Sikring af borgernes retsstilling ved indgåelse af aftaler med foreninger og private virksomheder om overdragelse af arbejdsgiverfunktionen i ordninger efter §§ 95 og 96 i lov om social service m.v.),"Proposal for a law amending the Social Services Act and the Social Insurance Act. (Safeguarding the legal position of citizens when concluding agreements with associations and private companies on the transfer of the employer's function into schemes under Sections 95 and 96 of the Social Services Act, etc.)",2019-12-20 00:00:00
7360,Forslag til lov om ændring af lov om social service. (Ændring af reguleringsbestemmelse vedrørende ydelsesloftet for tabt arbejdsfortjeneste).,Proposal for a law amending the Social Services Act.,2019-12-20 00:00:00
7373,Forslag til lov om ændring af lov om valg til Folketinget og lov om valg af danske medlemmer til Europa-Parlamentet. (Ny procedure for indsamling af vælgererklæringer m.v.),"Draft law amending the law on elections to the Folketing and the law on the election of Danish Members to the European Parliament. (New procedure for collecting electoral declarations, etc.)",2020-01-23 00:00:00
7374,"Forslag til lov om ændring af lov om dansk indfødsret og lov om udenrigstjenesten. (Børns erhvervelse af statsborgerskab i områder med indrejse- og opholdsforbud, vandelskrav for bipersoner, fortabelse af dansk indfødsret og begrænsning af adgang til bistand fra udenrigstjenesten m.v.).",Proposal for a law amending the Law on Danish citizenship and the Law on the External Action Service.,2020-01-23 00:00:00
7375,"Forslag til lov om ændring af lov om de gymnasiale uddannelser. (Lempelse af krav om, at interne prøver skal afholdes som årsprøver).",Proposal for a law amending the law on upper secondary education.,2020-01-23 00:00:00
7376,Forslag til lov om ændring af lov om arbejdsløshedsforsikring m.v. (Afskaffelse af opholdskrav for ret til dagpenge m.v.).,"Proposal for a law amending the law on unemployment insurance, etc. (Deliverance of residence requirements for entitlement to unemployment benefit, etc.).",2020-01-23 00:00:00
7377,Forslag til lov om ændring af lov om miljøbeskyttelse og emballageafgiftsloven. (Forbud mod gratis udlevering af bæreposer og forbud mod udlevering af tynde plastikbæreposer).,Proposal for a law amending the Law on the Protection of the Environment and the Packaging Tax Act (Prohibits against free delivery of carrier bags and bans on the supply of thin plastic carrier bags).,2020-01-23 00:00:00
7378,Forslag til lov om planter og plantesundhed m.v.,"Proposal for a law on plant and plant health, etc.",2020-01-23 00:00:00
7380,Forslag til lov om ændring af lov om indsamling m.v. (Styrket kontrol med indsamlinger som led i indsatsen mod terrorfinansiering og hvidvask).,"Proposal for a law amending the law on collection, etc. (Strengthening control of collections in the context of counterterrorist financing and money laundering).",2020-01-28 00:00:00
7384,"Forslag til lov om ændring af registreringsafgiftsloven og ligningsloven. (Annullering af stigning i registreringsafgift for eldrevne køretøjer og pluginhybridbiler i 2020 samt lavere beskatning af eldrevne biler, pluginhybridbiler og brændselscelledrevne biler, der anvendes som fri bil).","Proposal for a law amending the Registration Tax Act and the Equalisation Act. (Cancelling increase in registration fee for electric vehicles and plugin hybrid vehicles in 2020 as well as lower taxation on electric cars, plugin hybrid cars and fuel cell cars used as free car).",2020-01-30 00:00:00
7386,Forslag til lov om ændring af aktieavancebeskatningsloven og dødsboskatteloven. (Ophævelse af hovedaktionærnedslaget).,Proposal for a law amending the Share Profit Tax Act and the Death Tax Act.,2020-01-30 00:00:00
7387,Forslag til lov om ændring af ligningsloven. (Beskatning af fri bil ved genberegning af registreringsafgiftspligtig værdi).,Proposal for a law amending the law on equations.,2020-01-30 00:00:00
7388,Forslag til lov om ændring af personskatteloven. (Nedsættelse af bundskatten).,Proposal for a law amending the Personal Tax Act. (Reduction of the Bottom Tax).,2020-01-30 00:00:00
7398,Forslag til lov om dyrevelfærd (dyrevelfærdsloven).,Proposal for a law on animal welfare (Animal Welfare Act).,2020-02-06 00:00:00
7399,Forslag til lov om ændring af færdselsloven. (Forhøjelse af bødeniveauet for ulovlig afholdelse af hvil i køretøjet m.v.).,Proposal for a law amending the Road Traffic Code.,2020-02-06 00:00:00
7400,"Forslag til lov om ændring af lov om afgift af elektricitet, lov om afgift af naturgas og bygas m.v., lov om afgift af stenkul, brunkul og koks m.v. og lov om energiafgift af mineralolieprodukter m.v. (Omlægning af beskatningen af overskudsvarme).","Proposal for a law amending the Law on the tax of electricity, the Law on the tax of natural gas and urban gas, the Law on the tax of coal, lignite and coke, etc., and the Law on the energy tax of petroleum products, etc. (Revision of taxation of surplus heat).",2020-02-06 00:00:00
7401,Forslag til lov om udlevering til og fra Danmark (udleveringsloven).,Draft law on extradition to and from Denmark (the extradition law).,2020-02-06 00:00:00
7407,Forslag til lov om ændring af lov om social service. (Ro og stabilitet for udsatte børn og unge og fuldbyrdelse af tvangsmæssige afgørelser om ændret anbringelsessted uden samtykke).,Proposal for a law amending the Social Services Act. (Ro and stability for vulnerable children and young people and enforcement of forced decisions on changed location without consent).,2020-02-20 00:00:00
7408,"Forslag til lov om ændring af lov om social service. (Styrkelse af forældres retssikkerhed i anbringelsessager, hensyn til barnets skolegang ved valg af anbringelsessted og ophævelse af adgang til at fastsætte regler om anbragte børns og unges egenbetaling m.v.).",Proposal for a law amending the Social Services Act.,2020-02-20 00:00:00
7409,"Forslag til lov om ændring af lov om planlægning, lov om midlertidig regulering af boligforholdene og lov om maritim fysisk planlægning. (Frist ved udlæg af sommerhusområder, kommuneplanredegørelse for Grønt Danmarkskort, overførsel af fleksboligordningen og mulighed for at vedtage planer eller meddele tilladelse m.v. efter offentliggørelse af forslag til havplan m.v.).","Proposal for a law amending the law on planning, the law on the temporary regulation of housing conditions and the law on maritime spatial planning.",2020-02-20 00:00:00
7410,Forslag til lov om ændring af lov om planlægning og lov om naturbeskyttelse. (Boliger på arealer belastet af lugt og realisering af forsøgsprojekter).,Proposal for a law amending the law on planning and the law on nature protection.,2020-02-20 00:00:00
7411,Forslag til lov om ændring af lov om adgangsregulering ved videregående uddannelser. (Ophævelse af begrænsning af dobbeltuddannelse).,Proposal for a law amending the Law on the regulation of admission to higher education.,2020-02-20 00:00:00
7413,Forslag til lov om ændring af lov om pas til danske statsborgere m.v. (Opretholdelse og styrkelse af indsats mod rekruttering til væbnede konflikter i udlandet samt modernisering af regler om gæsteprotokoller).,"Proposal for a law amending the law on passports for Danish citizens, etc. (Maintenance and strengthening of action against recruitment to armed conflicts abroad and modernisation of rules on guest protocols).",2020-02-25 00:00:00
7416,"Forslag til lov om ændring af lov om afgift af tinglysning af ejer- og panterettigheder m.v. (tinglysningsafgiftsloven), emballageafgiftsloven, lov om afgift af bekæmpelsesmidler og forskellige andre love. (Indeksering af de faste tinglysningsafgifter og en række miljøafgifter og genindførelse af registreringsafgiften på luftfartøjer m.v.).","Proposal for a law amending the Law on the tax on the registration of ownership and mortgage rights, etc. (the Tingling Tax Act), the Packaging Tax Act, the Law on the tax on pesticides and various other laws. (Extension of fixed registration fees and a number of environmental taxes and the reintroduction of registration fees on aircraft, etc.).",2020-02-27 00:00:00
7425,"Forslag til lov om ændring af lov om de gymnasiale uddannelser, lov om kommunal indsats for unge under 25 år og lov om erhvervsfaglig studentereksamen i forbindelse med erhvervsuddannelse (eux) m.v. (Ændring af adgangsforudsætningerne til de gymnasiale uddannelser, genberegning af karaktergennemsnit og anvendelse af timepuljen).","Proposal for a law amending the law on upper secondary education, the law on municipal action for young people under 25 and the law on vocational Baccalaureate in vocational training (eux) etc. (change of access conditions to upper secondary education, recalculation of average character and use of the hour pool).",2020-03-19 13:00:00
7427,Forslag til lov om midlertidige foranstaltninger på børne- og undervisningsområdet og folkehøjskoleområdet og for den frie folkeoplysende virksomhed til forebyggelse og afhjælpning i forbindelse med covid-19.,"Proposal for a law on temporary measures in the field of children, education and folk high school and for the free public awareness activities to prevent and remedy covid-19.",2020-03-19 00:00:00
7428,Forslag til lov om ændring af lov om folkeskolen. (Gennemførelse af nationale test i skoleåret 2019/20).,Proposal for a law amending the Law on Primary School. (Implementation of national tests during the school year 2019/20).,2020-03-24 00:00:00
7429,Forslag til lov om arbejdsgiveres og lønmodtageres retsstilling ved lønkompensation af virksomheder i forbindelse med covid-19.,Proposal for a law on the legal status of employers and employees in the event of wage compensation of companies in connection with covid-19.,2020-03-24 00:00:00
7431,"Forslag til lov om ændring af lov om arbejdsløshedsforsikring m.v. og lov om arbejdsgiveres og lønmodtageres retsstilling ved lønkompensation af virksomheder i forbindelse med covid-19. (Perioder, der ses bort fra ved forbrug af dagpenge m.v.)","Proposal for a law amending the law on unemployment insurance, etc. and the law on the legal status of employers and employees in the event of wage compensation of companies in connection with covid-19. (Periods excluded from the consumption of daily allowances, etc.)",2020-03-26 00:00:00
7432,Forslag til lov om ændring af lov om sygedagpenge. (Midlertidig forlængelse af retten til sygedagpenge).,Proposal for a law amending the Law on sickness benefit. (Temporary extension of entitlement to sickness benefit).,2020-03-26 00:00:00
7433,Forslag til lov om ændring af SU-loven. (Udvidede muligheder for studielån og slutlån samt forhøjelse af fribeløb som følge af covid-19). ,Proposal for a law amending the S.U. Act. (Enlarged possibilities for student loans and final loans as well as an increase in free amounts as a result of covid-19).,2020-03-31 00:00:00
7434,"Forslag til lov om kommuners og regioners indkøb i forbindelse med håndtering af covid-19.

",Proposal for a law on the procurement of municipalities and regions in connection with the management of covid-19.,2020-03-31 00:00:00
7435,Forslag til lov om ændring af lov om radio- og fjernsynsvirksomhed. (Forlængelse af tilladelse til distribution af antenne-tv).,Proposal for a law amending the law on broadcasting.,2020-03-31 00:00:00
7438,Forslag til lov om ændring af lov om foranstaltninger mod smitsomme og andre overførbare sygdomme og forskellige andre love. (Yderligere foranstaltninger for at forebygge og inddæmme smitte med covid-19 m.v.).,Proposal for a law amending the law on measures against infectious and other communicable diseases and various other laws. (Further measures to prevent and contain infection with covid-19 etc.).,2020-03-31 00:00:00
7439,"Forslag til lov om ændring af straffeloven, retsplejeloven og udlændingeloven. (Skærpet straf for lovovertrædelser med baggrund i eller sammenhæng med covid-19 og blokering af hjemmesider, hvorfra der begås visse lovovertrædelser, som har baggrund i eller sammenhæng med covid-19).","Proposal for a law amending the Criminal Code, the Code of Criminal Procedure and the Aliens Act. (Severed penalty for offences based on or related to the covid-19 and blocking of websites from which certain offences based on or related to the covid-19 are committed).",2020-04-02 00:00:00
7440,Forslag til lov om udskydelse af ferie i forbindelse med covid-19.,Proposal for a law to postpone holidays in connection with covid-19.,2020-04-02 00:00:00
7441,"Forslag til lov om bemyndigelse til midlertidig fravigelse af reglerne om begrænsning af butikkernes åbningstider i forbindelse med covid-19.
",Proposal for a law authorizing temporary derogations from the rules limiting the opening hours of shops in connection with covid-19.,2020-04-02 00:00:00
7444,"Forslag til lov om ændring af lov om aktiv socialpolitik, lov om en aktiv beskæftigelsesindsats og forskellige andre love. (Justering af retten til ferie med ledighedsydelse, justering af mulighederne for befordringsgodtgørelse og af overgangsbestemmelsen for voksenlærlingeordningen m.v.).","Proposal for a law amending the Act on active social policy, the Act on active employment and various other laws.",2020-04-21 00:00:00
7445,"Forslag til lov om ændring af lov om aktiv socialpolitik, lov om
arbejdsløshedsforsikring m.v. og lov om sygedagpenge. (Forlængelse af 12-månedersperioden i 225-timersreglen som følge af covid-19, forlængelse af perioder, der ses bort fra ved forbrug af arbejdsløshedsdagpenge m.v., og udvidelse af perioden, hvor der sker en midlertidig forlængelse af sygedagpengeperioden).","Proposal for a Law amending the Act on Active Social Policy, the Law on Unemployment Insurance, etc., and the Law on Sickness Benefit. (Extension of the 12-month period in the 225-hour rule as a result of Covid-19, extension of periods excluded from the consumption of unemployment benefit, etc., and extension of the period during which sickness benefit is temporarily extended).",2020-04-21 00:00:00
7447,Forslag til lov om ændring af lov om fremme af vedvarende energi og lov om naturgasforsyning. (Bemyndigelse til midlertidig fravigelse af frister og andre betingelser som følge af covid-19). ,Proposal for a Law amending the Law on the Promotion of Renewable Energy and the Act on the Supply of Natural Gas.,2020-04-28 00:00:00
7448,Forslag til lov om ændring af SU-loven. (Udvidet mulighed for slutlån som følge af covid-19).,Draft law amending the S.U. Act. (Extended possibility of final loans as a result of covid-19).,2020-04-30 00:00:00
7449,Forslag til lov om rentefrie lån svarende til angivet moms og lønsumsafgift og fremrykket udbetaling af skattekreditter m.v. i forbindelse med covid-19.,"Draft law on interest-free loans corresponding to declared VAT and payroll tax and accelerated payment of tax credits, etc. in connection with covid-19.",2020-04-30 00:00:00
7451,"Forslag til lov om ændring af lov om socialtilsyn. (Ændring af formålsbestemmelser i vedtægter for fonde, krav om indhentelse af straffeattest og præcisering af rækkevidden af socialtilsynets godkendelse og tilsyn).","Proposal for a law amending the Social Protection Act. (Amendment of the terms of reference of the Fund Regulations, requirement to obtain a criminal record and clarification of the scope of the Social Protection Agency's approval and supervision).",2020-05-07 00:00:00
7454,"Forslag til lov om ændring af lov om finansiel virksomhed, lov om forvaltere af alternative investeringsfonde m.v., lov om investeringsforeninger m.v. og forskellige andre love. (Ændringer som følge af PEPP-forordningen, ændring af reglerne for outsourcing og præcisering af reglerne om forsikringsmægleres uafhængighed).","Proposal for a law amending the law on financial activities, the law on alternative investment fund managers, etc., the law on investment funds, etc., and various other laws. (Amendments to the PEPP Regulation, amendment of the rules on outsourcing and clarification of the rules on the independence of insurance brokers).",2020-05-12 00:00:00
7455,"Forslag til lov om ændring af årsregnskabsloven, selskabsloven, lov om visse erhvervsdrivende virksomheder, revisorloven og forskellige andre love. (Kontrolpakken).","Proposal for a law amending the Financial Statements Act, the Companies Act, the Law on Certain Business Companies, the Auditor Act and various other laws. (Control package).",2020-05-12 00:00:00
7456,Forslag til lov om ændring af revisorloven og lov om formidling af fast ejendom m.v. (Gebyrfinansiering af hvidvasktilsyn).,"Proposal for a law amending the law on auditors and the law on the dissemination of real estate, etc. (Byr financing of money laundering supervision).",2020-05-12 00:00:00
7457,"Forslag til lov om ændring af lov om ændring af straffeloven, retsplejeloven, lov om konkurrence- og forbrugerforhold på telemarkedet, våbenloven, udleveringsloven samt lov om udlevering af lovovertrædere til Finland, Island, Norge og Sverige. (Ændring af revisionsbestemmelse).","Proposal for a law amending the Law amending the Criminal Code, the Code of Procedure, the Law on Competition and Consumer Relations in the Telecommunications Market, the Law on Arms, the Extradition Act and the Law on the Extradition of Violators to Finland, Iceland, Norway and Sweden (Amendment of the revision clause).",2020-05-12 13:00:00
7458,Forslag til lov om ændring af lov om miljøbeskyttelse. (Nationale affaldshåndteringsplaner og affaldsforebyggelsesplaner).,Proposal for a law amending the Environmental Protection Act (National Waste Management Plans and Waste Prevention Plans).,2020-05-14 00:00:00
7460,"Forslag til lov om ændring af lov om en rejsegarantifond. (Ændret tilbagebetalingsmodel i forbindelse med udvidet dækningsområde for Rejsegarantifonden i ekstraordinære situationer). 
",Proposal for a law amending the travel guarantee fund law (changed reimbursement model for extended coverage of the Travel Guarantee Fund in exceptional circumstances).,2020-05-14 00:00:00
7463,"Forslag til lov om ændring af SU-loven, lov om statens voksenuddannelsesstøtte, lov om befordringsrabat til studerende ved videregående uddannelser og lov om befordringsrabat til uddannelsessøgende i ungdomsuddannelser m.v. (SU til adgangskurser på institutioner for erhvervsrettet uddannelse, indfrielse af tidligere studielån ved optagelse af nyt studielån, udlandsstipendium til ikketrindelte uddannelser på kandidatniveau, hjemmel til at fastsætte regler om fælles dataansvar m.v.).","Proposal for a law amending the SU Act, Law on State Adult Education Support, Law on Carriage Discounts for Higher Education Students and the Law on Carriage Discounts for Higher Education Students, etc. (SU for admission courses at institutions for vocational education, redemption of previous student loans for the admission of new student loans, foreign grant for non-level courses at candidate level, legal basis for establishing rules on joint data responsibility, etc.).",2020-05-19 10:00:00
7464,Forslag til lov om tillægsbevilling for finansåret 2019.,Draft law on additional appropriations for the financial year 2019.,2020-05-19 00:00:00
7468,"Forslag til lov om ændring af lov om sygedagpenge. (Midlertidig periode med ret til sygedagpenge for lønmodtagere, der er i øget risiko ved smitte med covid-19, og for lønmodtagere, der er pårørende til personer, der er i øget risiko ved smitte med covid-19).",Proposal for a law amending the Law on sickness benefits. (Temporary period of entitlement to sickness benefit for employees who are at increased risk of covid-19 infection and for employees who are relatives of persons who are at increased risk of covid-19 infection).,2020-05-20 00:00:00
7469,"Forslag til lov om ændring af lov om fremme af vedvarende energi, lov om elforsyning, ligningsloven og personskatteloven. (Afholdelse af udbud af pristillæg i 2020-2024, ændring af værditabsordning, ophævelse af køberetsordning og oprettelse af salgsoptionsordning, VE-bonusordning, grøn puljeordning m.v.).

","Proposal for a law amending the law on the promotion of renewable energy, the law on electricity supply, the law on equations and the Act on personal taxation.",2020-05-26 00:00:00
7470,"Forslag til lov om ændring af lov om fremme af besparelser i energiforbruget, lov om fremme af energibesparelser i bygninger, afskrivningsloven og ligningsloven samt ophævelse af en række love under Klima-, Energi- og Forsyningsministeriets område. (Tilskud til energibesparelser og energieffektiviseringer m.v.).","Proposal for a law amending the law on the promotion of energy savings, the law on the promotion of energy savings in buildings, the Law on depreciation and the law on equations, and the repeal of a number of laws in the area of the Ministry of Climate, Energy and Supply. (Supports for energy savings and energy efficiency improvements, etc.).",2020-05-26 00:00:00
7471,Forslag til lov om håndhævelse af Europa-Parlamentets og Rådets forordning om fremme af retfærdighed og gennemsigtighed for brugere af onlineformidlingstjenester.,Proposal for a law on the enforcement of the regulation of the European Parliament and of the Council on the promotion of fairness and transparency for users of online dissemination services.,2020-05-26 00:00:00
7472,Forslag til lov om ændring af årsregnskabsloven. (Krav om rapportering af dataetik).,Draft law amending the Financial Statements Act. (Requirements for reporting data ethics).,2020-05-26 00:00:00
7479,Forslag til lov om ændring af lov om radio- og fjernsynsvirksomhed og lov om film. (Gennemførelse af direktivet om audiovisuelle medietjenester m.v.).,"Proposal for a law amending the law on broadcasting and the law on cinema (Implementation of the directive on audiovisual media services, etc.).",2020-05-28 00:00:00
7480,"Forslag til lov om ændring af lov om tv-overvågning. (Styrkelse af trygheden og sikkerheden, herunder udvidelse af adgangen til tv-overvågning for private og offentlige myndigheder samt obligatorisk registrering af tv-overvågning).","Proposal for a law amending the law on television surveillance (strengthening security and security, including extending access to television surveillance for private and public authorities and compulsory recording of television surveillance).",2020-05-28 00:00:00
7481,Forslag til lov om ændring af retsplejeloven. (Politiets overtagelse af tv-overvågning).,Proposal for a law amending the Code of Criminal Procedure.,2020-05-28 00:00:00
7482,Forslag til lov om ændring af lov om ændring af straffeloven. (Ophævelse af udløbsklausul for skærpelse af straffen for utryghedsskabende tiggeri).,Proposal for a law amending the law amending the penal code.,2020-05-28 00:00:00
7483,"Forslag til lov om ændring af momsloven, kildeskatteloven, skatteindberetningsloven og lov om afgifter af spil. (Modernisering af momsreglerne for grænseoverskridende handel med varer og ydelser solgt til forbrugere i EU, digitale salgsregistreringssystemer, håndtering af A-skat m.v. i forbindelse med udbetaling fra feriegarantiordninger m.v. og udskydelse af ikrafttrædelsestidspunktet for den digitale logbog m.v.).","Proposal for a law amending the VAT law, withholding tax law, tax reporting law and the law on taxation of gambling. (Modernisation of VAT rules for cross-border trade in goods and services sold to consumers in the EU, digital sales registration systems, handling of A taxes, etc. in connection with the payment of holiday guarantee schemes, etc., and postponement of the date of entry into force of the digital logbook etc.).",2020-05-28 00:00:00
7484,Forslag til lov om ændring af chokoladeafgiftsloven og forskellige andre love. (Ligestilling af kakaodrikke med kakaomælk m.v.).,Proposal for a law amending the Chocolate Tax Act and various other laws. (Equality of cocoa drinks with cocoa milk etc.).,2020-05-28 00:00:00
7485,Forslag til lov om ændring af aktiesparekontoloven. (Forhøjelse af loftet for indskud på aktiesparekontoen).,Draft law amending the Share Saving Account Act. (Increase the ceiling for deposits into the Share Saving Account).,2020-05-28 00:00:00
7486,"Forslag til lov om ændring af kildeskatteloven, selskabsskatteloven og skatteindberetningsloven. (Genindførelse af skattefriheden ved investering i danske obligationsbaserede investeringsinstitutter med minimumsbeskatning m.v.).","Proposal for a law amending the withholding tax law, the Corporate Tax Act and the Tax Reporting Act. (Reintroducing tax exemption by investment in Danish bond-based UCITS with minimum taxation, etc.).",2020-05-28 00:00:00
7487,"Forslag til lov om ændring af lov om inddrivelse af gæld til det offentlige, pensionsbeskatningsloven og lov om fremgangsmåden ved inddrivelse af skatter og afgifter m.v. (Restanceinddrivelsesmyndighedens håndtering af fordringer med dataproblemer, forældelse m.v. samt fradrag for seniormedlemskabskontingent i arbejdsløshedskasser).","Draft law amending the law on the recovery of public debt, the Pension Tax Act and the Law on the procedure for the recovery of taxes, etc. (Restance recovery authority's handling of claims with data problems, obsolescence, etc., and deduction of senior membership quotas in unemployment funds).",2020-05-28 00:00:00
7488,Forslag til lov om ændring af tatoveringsloven. (Regulering af kosmetisk tatovering og undtagelser fra loven for personer i exitforløb).,Draft law amending the Tattoo Act. (Regulation of cosmetic tattooing and exceptions to the law of exit persons).,2020-05-28 00:00:00
7489,Forslag til lov om ændring af lov om autorisation af sundhedspersoner og om sundhedsfaglig virksomhed. (Udvidelse af virksomhedsområdet for tandplejere).,Proposal for a Law amending the Law on the Authorisation of Healthcare Professionals and Healthcare (Enlargement of the Field of Dental Care).,2020-05-28 00:00:00
7506,"Forslag til lov om ændring af lov om arbejdsløshedsforsikring m.v., lov om sygedagpenge, lov om aktiv socialpolitik og lov om seniorjob. (Forlængelse af dagpengeperioden og retten til sygedagpenge, genindførelse af forlængelse af 12-månedersperioden i 225-timersreglen og konsekvensrettelse i lov om seniorjob som følge af dagpengeperiodens forlængelse).","Proposal for a law amending the law on unemployment insurance, sickness benefit, the Act on active social policy and the Law on senior jobs. (Extension of the period of unemployment benefit and entitlement to sickness benefit, re-imposition of the extension of the 12-month period in the 225-hour rule and enforcement of the Law on senior jobs following the extension of the benefit period).",2020-11-19 00:00:00
7507,Forslag til lov om arbejdsgiveres adgang til at pålægge lønmodtagere at blive testet for covid-19 m.v.,Proposal for a law on the right of employers to require employees to be tested for covid-19 etc.,2020-11-19 00:00:00
7509,Forslag til lov om ændring af lov om Studievalg Danmark. (Udvidelse af Studievalg Danmarks vejledningsområde).,Proposal for a law amending the Law on Study Elections Denmark. (Enlargement of Study Elections Denmark's area of guidance).,2020-11-24 00:00:00
7510,Forslag til lov om ændring af lov om akkreditering af videregående uddannelsesinstitutioner. (Forlængelse af institutionsakkreditering som følge af covid-19).,Proposal for a law amending the law on the accreditation of higher education institutions.,2020-11-24 00:00:00
7511,Forslag til lov om ændring af lov om ændring af lov om institutioner for almengymnasiale uddannelser og almen voksenuddannelse m.v. og lov om institutioner for erhvervsrettet uddannelse. (Udskydelse af solnedgangsklausul).,"Proposal for a law amending the law amending the law on institutions for general upper secondary education and adult education, etc. and the law on institutions for vocational education and training (exclusion of sunset clause).",2020-11-24 00:00:00
7514,"Forslag til lov om ændring af revisorloven. (Ændring af reglerne for revisoreksamen, skærpede krav til revisor som offentlighedens tillidsrepræsentant og gennemførelse af dele af revisordirektivet).","Proposal for a law amending the statutory auditor's law. (Amendment of the rules governing the auditor's examination, stricter requirements for the auditor as a public trust representative and implementation of parts of the auditor's directive).",2020-11-26 00:00:00
7515,"Forslag til lov om ændring af lov om net- og informationssikkerhed. (Implementering af direktivet om oprettelse af en europæisk kodeks for elektronisk kommunikation, for så vidt angår sikkerhed i net og tjenester).",Proposal for a law amending the law on network and information security.,2020-11-26 00:00:00
7516,Forslag til lov om ændring af lov om elektroniske kommunikationsnet og -tjenester. (Etablering af mobilbaseret varslingssystem).,Proposal for a law amending the law on electronic communications networks and services.,2020-11-26 00:00:00
7517,Forslag til lov om ændring af lov om folkeskolen. (Muligheder for andet udtræk af prøvefag og etablering af fælles ledelse i forbindelse med skolesammenlægning m.v.).,Proposal for a law amending the law on primary school. (Options for the second selection of subjects and the establishment of joint management in connection with school aggregation etc.).,2020-11-26 00:00:00
7530,Forslag til lov om ændring af sundhedsloven. (Styrelsen for Patientklagers vurdering af lægeerklæringer på indfødsretsområdet).,Proposal for a Law amending the Health Act.,2020-12-03 00:00:00
7569,"Forslag til lov om ændring af lov om Digital Post fra offentlige afsendere. (Hjemtagelse til Digitaliseringsstyrelsen af dataansvar, strategisk ejerskab og beslutningskompetence for Digital Post, etablering af visningsklienter og flytning af borgeres og virksomheders post).","Proposal for a law amending the Digital Post Act from public senders. (Removal to the Digitalisation Board of Data Responsibility, strategic ownership and decision-making competence for Digital Post, establishment of viewing clients and relocation of citizens' and companies' mail).",2020-12-10 00:00:00
7570,"Forslag til lov om ændring af lov om CO2-kvoter. (Tilpasning af regler som følge af ændringer i kvotedirektiv 2003/87/EF og tilhørende EU-retsakter forud for 4. kvotehandelsperiode, herunder justering af klageregler m.v.)","Proposal for a law amending the law on CO2 allowances. (Adjusting rules resulting from amendments to the ETS Directive 2003/87/EC and related Union acts prior to the 4th trading period, including the adjustment of complaint rules, etc.)",2020-12-10 00:00:00
7571,"Forslag til lov om ændring af lov om betalinger, hvidvaskloven, lov om kapitalmarkeder og forskellige andre love. (Gennemførelse af 2. betalingstjenestedirektiv, 4. og 5. hvidvaskdirektiv, ændringer til benchmarkforordningen og disclosureforordningen).","Proposal for a law amending the law on payments, the law on money laundering, the law on capital markets and various other laws. (Implementation of the Second Payment Services Directive, the Fourth and Fifth Money Laundering Directives, amendments to the benchmark regulation and the disclosure regulation).",2020-12-10 00:00:00
7572,Forslag til lov om ændring af lov om udstationering af lønmodtagere m.v. (Implementering af det reviderede udstationeringsdirektiv og målretning af anmeldelsespligten til Registret for Udenlandske Tjenesteydere (RUT) for selvstændigt erhvervsdrivende uden ansatte m.v.).,"Proposal for a law amending the law on the posting of employees, etc. (Implementation of the revised Posting of Workers Directive and targeting the notification obligation to the Foreign Service Provider Register (RUT) for self-employed persons without employees, etc.).",2020-12-10 00:00:00
7573,Forslag til lov om ændring af lov om en børne- og ungeydelse og lov om skattefri kompensation for forhøjede energi- og miljøafgifter. (Ligedeling og individuel indkomstaftrapning af børne- og ungeydelsen og ligedeling af den supplerende grønne check m.v.).,Proposal for a law amending the law on child and youth benefits and the law on tax-free compensation for increased energy and environmental taxes. (Equal sharing and individual income escalation of child and youth benefits and equal sharing of supplementary green cheques etc.).,2020-12-10 00:00:00
7574,"Forslag til lov om ændring af lov om byfornyelse og udvikling af byer, lov om almene boliger m.v., lov om leje og byggeloven. (Sammenlægning af Byggeskadefonden og Byggeskadefonden vedrørende Bygningsfornyelse og ophør af fremtidig skadesdækning ved bygningsfornyelse m.v.).","Proposal for a law amending the Law on urban renewal and development, the Law on general housing, etc., the Law on rent and the Building Law. (Collaboration of the Construction Damage Fund and the Construction Damage Fund on the renewal of buildings and the termination of future damage cover for building renewal, etc.).",2020-12-10 00:00:00
7575,Forslag til lov om ændring af lov om almene boliger m.v. og lov om leje af almene boliger. (Støtte til etablering og drift af midlertidigt husly til uddannelsessøgende og den almene boligsektors overgang til Digital Post).,Proposal for a law amending the General Housing Act and the General Housing Act. (Support for the establishment and operation of temporary shelter for trainees and the transition of the general housing sector to Digital Post).,2020-12-10 00:00:00
7576,"Forslag til lov om ændring af byggeloven. (Hjemmel til, at kommunalbestyrelsen kan henlægge kompetencen til at udstede påbud og forbud til redningsberedskaberne ved brandsyn m.v.).",Proposal for a Law amending the Building Law.,2020-12-10 00:00:00
7577,Forslag til lov om ændring af arkivloven. (Ret til indsigt i egne personoplysninger).,Draft law amending the Archive Act. (Right of access to personal data).,2020-12-10 00:00:00
7580,Forslag til lov om undersøgelse af visse forhold vedrørende Forsvarets Efterretningstjeneste.,Draft law on investigation of certain matters relating to defence intelligence.,2020-12-10 10:00:00
7581,Forslag til lov om ændring af lov om fuldbyrdelse af straf m.v. og retsplejeloven. (Adgang til sociale behandlingstilbud mod stofmisbrug for indsatte i kriminalforsorgens institutioner m.v.).,"Proposal for a law amending the Law on the Enforcement of Punishment, etc. and the Code of Criminal Procedure (Access to social treatment services against drug abuse for inmates in criminal services, etc.).",2020-12-10 00:00:00
7593,Forslag til lov om ændring af lov om Arbejdsgivernes Uddannelsesbidrag. (Praktikpladstaxametertilskud m.v.).,Proposal for a law amending the Law on Employers' Educational Contributions.,2020-12-15 00:00:00
7594,"Forslag til lov om ændring af lov om friskoler og private grundskoler m.v., lov om efterskoler og frie fagskoler og lov om private institutioner for gymnasiale uddannelser. (Inddragelse af elever i forbindelse med udskrivning).","Proposal for a law amending the law on free schools and private primary schools, the law on afterschools and free vocational schools and the law on private institutions for upper secondary education. (Involvement of pupils in connection with printing).",2020-12-15 00:00:00
7595,"Forslag til lov om ændring af lov om forbud mod tobaksreklame m.v., lov om tobaksvarer m.v., lov om elektroniske cigaretter m.v. og forskellige andre love. (Udmøntning af national handleplan mod børn og unges rygning).","Proposal for a law amending the Law prohibiting tobacco advertising, the Law on tobacco products, etc., the Law on electronic cigarettes, etc., and various other laws (implementing national action plans against children and young people's smoking).",2020-12-15 13:00:00
7596,"Forslag til lov om ændring af sundhedsloven og lov om apoteksvirksomhed. (Digitalt supplement til sundhedskortet, opdatering af Statens Serum Instituts formål og videregivelse af lægemiddeloplysninger til forsknings- og statistikformål m.v.).","Proposal for a Law amending the Health Act and the Law on Pharmacy. (Digital supplement to the Health Card, updating the purpose of the Statens Serum Institut and providing pharmaceutical information for research and statistics purposes, etc.).",2020-12-15 00:00:00
7597,"Forslag til lov om ændring af færdselsloven. (Tilbageholdelse og henstilling af køretøjer og adgang til kontrolbesøg i virksomheder, der udfører vejtransport af farligt gods).",Proposal for a law amending the Road Traffic Code. (Retention and recommendation of vehicles and access to inspections in undertakings carrying out the road transport of dangerous goods).,2020-12-15 00:00:00
7598,"Forslag til lov om ændring af lov om offentlige veje m.v., lov om private fællesveje og færdselsloven. (Ændring af reglerne om særlig råden over vejareal for udlejningscykler og visse udlejningskøretøjer, kommunernes mulighed for at fjerne cykler m.v.).","Proposal for a law amending the Law on public roads, the Law on private common roads and the Road Traffic Act. (Amendment of the rules on special rot over road surface for rental bicycles and certain rental vehicles, the possibility for municipalities to remove bicycles, etc.).",2020-12-15 00:00:00
7599,Forslag til lov om ændring af færdselsloven. (Indførelse af pligt til at anvende styrthjelm ved kørsel på trehjulede og visse firehjulede motorkøretøjer m.v.).,"Proposal for a law amending the Road Traffic Code. (Incorporation of the obligation to use a crash helmet when driving on tricycles and certain four-wheel motor vehicles, etc.).",2020-12-15 00:00:00
7600,Forslag til lov om ændring af lov om hjemmeværnet. (Afskaffelse af alderskriteriet for frivillige befalingsmænd).,Proposal for a law amending the National Guard Act. (Disposal of the age criterion for voluntary commanders).,2020-12-15 00:00:00
7601,Forslag til lov om ændring af lov om vederlag og pension m.v. for ministre. (Forlængelse af perioden for midlertidig nedsættelse af grundvederlag til ministre).,"Draft law amending the law on remuneration and pensions, etc. for ministers.",2020-12-15 00:00:00
7602,"Forslag til lov om ændring af udlændingeloven. (Justering af reglerne for ulønnet, frivilligt arbejde).",Draft law amending the law on foreigners. (Adjusting the rules on unpaid voluntary work).,2020-12-15 00:00:00
7604,Forslag til lov om ændring af lov om ansættelse i stillinger i folkekirken m.v. (Udvidelse af adgangen til at søge præstestillinger).,"Proposal for a law amending the law on employment in posts in the public church, etc. (Enlargement of access to priesthood).",2020-12-15 00:00:00
7605,Forslag til lov om ændring af lov om folkekirkens økonomi. (Revision af kirkernes og præsteembedernes kapitaler).,Draft law amending the Law on the National Church's Economics. (Revision of the capitals of churches and priesthoods).,2020-12-15 00:00:00
7606,Forslag til lov om ændring af lov om miljøvurdering af planer og programmer og af konkrete projekter (VVM) og lov om husdyrbrug og anvendelse af gødning m.v. (Implementering af VVM-direktivet).,"Proposal for a law amending the law on the environmental assessment of plans and programmes and of specific projects (EIA) and the law on livestock farming and the use of fertilisers, etc. (Implementation of the EIA Directive).",2020-12-15 00:00:00
7624,"Forslag til lov om ændring af barselsloven, lov om sygedagpenge og forskellige andre love. (Ret til fravær i 26 uger for forældre, der mister et barn under 18 år, (sorgorlov) og bemyndigelse til at fastsætte særlige regler om revision af nogle kommuners regnskaber for regnskabsåret 2021 på områder med statsrefusion eller statstilskud).","Proposal for a law amending the law on maternity leave, sickness benefit and various other laws. (Right to leave for 26 weeks for parents losing a child under 18 years of age (ordinary leave) and authorisation to lay down special rules on the auditing of the accounts of some municipalities for the financial year 2021 in areas with State reimbursement or subsidies).",2020-12-17 00:00:00
7625,Forslag til lov om ændring af lov om social pension og forskellige andre love. (Overførsel af myndighedsansvar for seniorpension til Seniorpensionsenheden m.v.).,"Proposal for a law amending the Social Pensions Act and various other laws. (Transfer of administrative responsibility for senior pensions to the Senior Pension Unit, etc.).",2020-12-17 00:00:00
7626,"Forslag til lov om ændring af lov om arbejdsskadesikring, lov om den selvejende institution Arbejdsmarkedets Erhvervssikring og lov om erstatningsansvar. (Anmeldelse af arbejdsulykker, opdatering af kapitaliseringsfaktorer m.v.).","Proposal for a law amending the law on occupational injury insurance, the law on the self-governing institution of the labour market and the law on liability (Notification of accidents at work, updating of capitalisation factors, etc.).",2020-12-17 00:00:00
7627,"Forslag til lov om ændring af lov om en aktiv beskæftigelsesindsats, lov om organisering og understøttelse af beskæftigelsesindsatsen m.v., lov om aktiv socialpolitik og lov om kompensation til handicappede i erhverv m.v. (Styrket og forenklet indgang til korte erhvervsrettede kurser, udvidelse af mindre intensiv indsats, varslingspuljens anvendelsesområde og fritagelse for indsats og rådighed for unge, der deltager i særligt tilrettelagt ungdomsuddannelse (STU), m.v.).","Proposal for a law amending the Act on Active Employment, the Law on Organisation and Support for Employment, etc., the Act on Active Social Policy and the Act on Compensation for Disabled Persons in Occupations, etc. (Strengthened and simplified entry into short vocational training courses, extension of less intensive action, scope of the alert pool and exemption from action and availability for young people participating in specially organised youth education (STU), etc.).",2020-12-17 00:00:00
7628,Forslag til lov om ændring af barselsudligningsloven. (Optagelse af selvstændigt erhvervsdrivende i barselsudligningsordningen og justering af klageadgang).,Proposal for a law amending the law on maternity compensation. (Inclusion of selfemployed workers in the maternity compensation scheme and adjustment of the right of appeal).,2020-12-17 00:00:00
7629,Forslag til lov om ændring af selskabsloven og lov om bemyndigelse til midlertidig fravigelse af virksomheders pligter på selskabs- og regnskabsområdet i forbindelse med covid-19. (Lempeligere krav til omregistrering af iværksætterselskaber til anpartsselskaber og bemyndigelse til midlertidig fravigelse af bestemmelser om fysisk fremmøde ved generalforsamling i virksomheders vedtægter eller tilsvarende aftaler i forbindelse med covid-19 m.v.).,Proposal for a Law amending the Companies Act and the Law authorising temporary derogations from the obligations of companies in the field of company and accounting in connection with the covid-19. (Additional requirements for the re-registration of entrepreneurship companies to limited companies and the temporary derogation from the provisions on physical attendance at the general meeting of companies' statutes or similar agreements in the context of covid-19 etc.).,2020-12-17 00:00:00
7630,"Forslag til lov om ændring af lov om finansiel virksomhed, lov om restrukturering og afvikling af visse finansielle virksomheder og lov om kapitalmarkeder og om ophævelse af lov om finansiel stabilitet. (Ændringer som følge af revision af kapitalkravsdirektivet (CRD V) og krisehåndteringsdirektivet (BRRD II) m.v.).","Proposal for a law amending the Law on Financial Activities, the Law on Restructuring and Restructuring of Certain Financial Enterprises and the Law on Capital Markets and repealing the Law on Financial Stability (Amendments resulting from the revision of the Capital Requirements Directive (CRD V) and the Crisis Management Directive (BRRD II) etc.).",2020-12-17 00:00:00
7631,Forslag til lov om Den Danske Klimaskovfond.,Draft law on the Danish Climate Forest Fund.,2020-12-17 00:00:00
7632,"Forslag til lov om ændring af lov om kemikalier, lov om miljøbeskyttelse og lov om gødning og jordforbedringsmidler m.v. (Supplerende bestemmelser til markedsovervågningsforordningen samt offentliggørelsesordning, registreringsordning og andre justeringer af tilsyns- og håndhævelsesbestemmelser i lov om kemikalier).","Proposal for a law amending the law on chemicals, the law on environmental protection and the law on fertilisers and soil improvers, etc. (Additional provisions to the Market Monitoring Regulation as well as publication scheme, registration scheme and other adjustments to supervisory and enforcement provisions in the Chemicals Act).",2020-12-17 00:00:00
7633,Forslag til lov om afgift af polyvinylklorid og ftalater (pvc-afgiftsloven).,Proposal for a law on the taxation of polyvinyl chloride and phthalates (pvc tax law).,2020-12-17 00:00:00
7634,Forslag til lov om ændring af straffeloven. (Samtykkebaseret voldtægtsbestemmelse).,Proposal for a law amending the Criminal Code. (Speech-based rape clause).,2020-12-17 00:00:00
7641,"Forslag til lov om ændring af lov om elforsyning. (Gennemførelse af elmarkedsdirektivet, ensretning af udløbsdatoer for netbevillinger m.v.).","Proposal for a law amending the law on electricity supply. (Implementation of the electricity market directive, alignment of expiry dates for network authorisations, etc.).",2020-12-18 00:00:00
7642,Forslag til lov om ændring af biobrændstofloven. (Ændring af krav om anvendelse af bæredygtige og avancerede biobrændstoffer i brændstof til landtransport m.v.).,"Proposal for a law amending the Biofuel Act. (Amendment of requirements on the use of sustainable and advanced biofuels in land transport fuel, etc.).",2020-12-18 00:00:00
7643,"Forslag til lov om ændring af lov om betalingsregler for spildevandsforsyningsselskaber m.v., lov om miljøbeskyttelse, vandsektorloven, lov om vandløb og lov om vandforsyning m.v. (Spildevandsforsyningsselskabers klimatilpasning, vandselskabernes foreninger til fremme af vandsektorens effektivitet og kvalitet m.v.)","Proposal for a law amending the Law on the Payment Rules for Wastewater Supply Companies, etc., the Law on Environmental Protection, the Water Sector Act, the Law on Watercourses and the Law on Water Supply, etc. (Climatic adaptation of waste water supply companies, associations of water companies to promote the efficiency and quality of the water sector, etc.)",2020-12-18 00:00:00
7644,"Forslag til lov om ændring af lov om Energinet, lov om elforsyning og lov om naturgasforsyning. (Ændring af formålsbestemmelsen for Energinet, ny transparent proces for Energinets investeringer og ny fremsynet økonomisk regulering af Energinet m.v.).","Proposal for a law amending the Law on Energy Networks, the Law on Electricity Supply and the Act on Natural Gas Supply.",2020-12-18 00:00:00
7645,Forslag til lov om ændring af lov for Færøerne om udlændinges adgang til opholdstilladelse med henblik på visse former for beskæftigelse. (Ændring af bestemmelsen om arbejdsmarkedstilknytning).,Proposal for a Law amending the Law of the Faroe Islands on the right of aliens to reside for certain employment purposes.,2020-12-18 00:00:00
7646,Forslag til lov om ændring af lov om ændring af dansk indfødsret og udlændingeloven. (Ophævelse af solnedgangsklausul).,Proposal for a law amending the law amending Danish citizenship and the Aliens Act. (Cancellation of sunset clause).,2020-12-18 00:00:00
7647,Forslag til lov om indfødsrets meddelelse.,Draft law on the notification of citizenship.,2020-12-18 00:00:00
7656,"Forslag til lov om ændring af økologiloven. (Justering af regler vedrørende økologiforordningen, sanktionsskærpelse, indhentning af oplysninger fra andre myndigheder med henblik på udarbejdelse af bedre risikovurdering m.v.).",Proposal for a law amending the Organic Law.,2020-12-21 12:00:00
7658,"Forslag til lov om aflivning af og midlertidigt forbud mod hold af mink.
",Proposal for a law on the killing and temporary prohibition of mink teams.,2020-12-21 00:00:00
7659,Forslag til lov om ændring af afskrivningsloven og ligningsloven. (Midlertidig forhøjelse af fradrag for udgifter til forsøgs- og forskningsvirksomhed og af bundfradrag ved udlejning af fritidsboliger).,Proposal for a law amending the law on depreciation and the law on equations.,2020-12-21 00:00:00
7660,Forslag til lov om ændring af selskabsskatteloven. (Selskabsskattefritagelse af Danmarks Genopretningsfond).,Proposal for a law amending the Corporate Tax Act. (Company tax exemption from the Danish Recovery Fund).,2020-12-21 00:00:00
7661,"Forslag til lov om ændring af lov om et indkomstregister, registreringsafgiftsloven og forskellige andre love. (Skærpet indsats mod vanvidskørsel og styrkelse og tilpasning af regler på motorområdet m.v.).","Proposal for a law amending the Law on an Income Register, the Registration Tax Act and various other laws.",2020-12-21 00:00:00
7662,Forslag til lov om ændring af registreringsafgiftsloven. (Bemyndigelse til skatteministeren til at pålægge erhvervsdrivende indberetningspligt om udbuds- og salgspriser m.v.).,Proposal for a Law amending the Registration Tax Act. (Authorisation to the Minister of Taxation to impose reporting obligations on traders on tender and selling prices etc.).,2020-12-21 00:00:00
7663,"Forslag til lov om ændring af ligningsloven, pensionsbeskatningsloven, skatteindberetningsloven og forskellige andre love. (Justering af medarbejderaktieordningen for nye, mindre virksomheder, smidiggørelse af forskellige pensionsbeskatningsregler og indberetning af skattepligtige udbetalinger fra finansielle virksomheder til deres kunder m.v.).","Draft law amending the law on equations, the pension tax law, the tax reporting law and various other laws. (Adjustment of the employee stock scheme for new, smaller enterprises, flexibility of different pension tax rules and reporting of taxable payments from financial companies to their customers, etc.).",2020-12-21 00:00:00
7667,"Forslag til lov om ændring af pensionsbeskatningsloven og lov om finansiel virksomhed. (Tidsbegrænset mulighed for afgiftsfrit at udtage unoterede kapitalandele og andele i alternative investeringsfonde, som forvaltes af en registreret forvalter, fra aldersopsparinger).",Proposal for a law amending the Pension Taxation Act and the Financial Business Act (Temporary right to exempt unlisted shares and shares in alternative investment funds managed by a registered manager from age savings).,2020-12-21 00:00:00
7668,Forslag til lov om ændring af lov om anvendelse af multilateral konvention til gennemførelse af tiltag i dobbeltbeskatningsoverenskomster til forhindring af skatteudhuling og overskudsflytning. (Tilbagetrækning af to forbehold efter den multilaterale konvention til gennemførelse af tiltag i dobbeltbeskatningsoverenskomster til forhindring af skatteudhuling og overskudsflytning).,Proposal for a law amending the law on the application of the Multilateral Convention for the Implementation of Measures in Double Taxation Agreements to Prevent Tax Burdening and Profit Transfer. (Removal of two reservations under the Multilateral Convention for the Implementation of Measures in Double Taxation Agreements to Prevent Tax Burdening and Profit Transfer).,2020-12-21 00:00:00
7669,Forslag til lov om Tilsynet med told- og skatteforvaltningens it-område.,Proposal for a law on the supervision of the IT area of customs and tax administration.,2020-12-21 12:00:00
7670,"Forslag til lov om ændring af lov om afgift af elektricitet, lov om afgift af naturgas og bygas m.v., lov om afgift af stenkul, brunkul og koks m.v., lov om energiafgift af mineralolieprodukter m.v. og forskellige andre love. (Udmøntning af dele af »Klimaaftale for energi og industri mv. 2020« m.v.).","Proposal for a law amending the Law on the tax of electricity, the Law on the tax of natural gas and urban gas, the Law on the tax of coal, lignite and coke, etc., the Law on the energy tax of petroleum products, etc., and various other laws.",2020-12-21 12:00:00
7671,"Forslag til lov om ændring af emballageafgiftsloven, lov om afgifter af spil, virksomhedsskatteloven og forskellige andre love. (Genindførelse af emballageafgift på pvc-folier, forhøjelse af afgiftssatsen for væddemål og onlinekasino samt afskaffelse af skattefordele ved forældrekøb i virksomheds- og kapitalafkastordningerne).","Proposal for a law amending the Packaging Tax Act, the Game Tax Act, the Corporate Tax Act and various other laws.",2020-12-21 12:00:00
7672,"Forslag til lov om ændring af ejendomsvurderingsloven og forskellige andre love. (Adgang til fravalg af den midlertidige indefrysningsordning for grundskyld, ændring af vurderingsterminen for vurderingsåret 2021 og andre tilpasninger på ejendomsområdet samt ændring af beregningsgrundlaget for tinglysningsafgift og indførelse af særordning for godtgørelse af for meget betalt tinglysningsafgift m.v.).","Proposal for a law amending the Property Assessment Act and various other laws. (Access to opt-out of the temporary freezing scheme for land liability, amendment of the valuation period for the year 2021 and other adjustments in the property field, amendment of the basis for calculation of registration fee and introduction of special arrangements for the reimbursement of overpaid registration fee, etc.).",2020-12-21 00:00:00
7673,Forslag til lov om ændring af lov om radio- og fjernsynsvirksomhed m.v. (Ændring af Radio- og tv-nævnets kompetencesammensætning og hjemmel til forlængelse af beskikkelsesperioden).,"Proposal for a law amending the law on broadcasting, etc. (Changing the composition of the Radio and Television Board and the legal basis for extending the period of appointment).",2020-12-21 00:00:00
7674,"Forslag til lov om ændring af forældreansvarsloven. (Forældremyndighed, barnets bopæl og samvær for forældre, der er dømt for overtrædelse af straffelovens terrorbestemmelser).","Proposal for a law amending the parental responsibility law. (Parental authority, the child's residence and association for parents convicted of violation of the criminal code's terrorist provisions).",2020-12-21 00:00:00
7675,Forslag til lov om ændring af lov om social service. (Forberedelse af overgangen til voksenlivet for unge med betydelig og varigt nedsat fysisk eller psykisk funktionsevne eller indgribende kronisk eller langvarig lidelse).,Proposal for a law amending the Social Services Act. (Preparation of the transition to adulthood for young people with significant and lasting impairment of physical or mental function or intrusive chronic or long-term illness).,2020-12-21 00:00:00
7676,Forslag til lov om ændring af lov om forsøg med et socialt frikort. (Forlængelse af forsøg med et socialt frikort).,Proposal for a law amending the Law on Social Free Card Trials (Alternation of Social Free Card Trials).,2020-12-21 00:00:00
7677,Forslag til lov om ændring af lov om social pension og forskellige andre love. (Indførelse af ret til tidlig pension).,Draft law amending the law on social pensions and various other laws.,2020-12-21 12:00:00
7678,Forslag til lov om ændring af lov om social pension og lov om afgift af bidraget til Arbejdsmarkedets Erhvervssikring og af arbejdsulykkeserstatninger m.v.  (Regulering af folkepensionsalderen og ændring af revisionsbestemmelse og konsekvensændring af arbejdsskadeafgiften).,"Proposal for a Law amending the Law on Social Pensions and the Law on the Tax on the Contribution to Occupational Insurance of the Labour Market and on Compensation for Accidents at Work, etc. (Regulation of the retirement age and amendment of the revision clause and amendment of the Labour Damage Tax).",2020-12-21 12:00:00
7679,Forslag til lov om ændring af udlændingeloven. (Krav om særskilt arbejdstilladelse i visse situationer til medfølgende familiemedlemmer til udenlandske arbejdstagere og udbetaling af løn til en dansk bankkonto).,Draft law amending the Aliens Act. (Requirements for separate work permits in certain situations for accompanying family members of foreign workers and payment of wages to a Danish bank account).,2020-12-21 00:00:00
7680,"Forslag til lov om ændring af udlændingeloven. (Formodningsafslag på erhvervsområdet og praktikantområdet, adgang for Styrelsen for International Rekruttering og Integration til at foretage selvstændige udgående kontrolaktioner, pålæg til virksomheder om at føre logbog, styrket kontrol via faste kontrolattachéer og adgang for Styrelsen for International Rekruttering og Integration til i kontroløjemed at indhente oplysninger fra SafeSeaNet).","Proposal for a law amending the law on aliens. (Provisional refusals in the field of business and internship, access for the Agency for International Recruitment and Integration to carry out independent out-of-court controls, instructions for companies to keep a log, reinforced controls through permanent control attachés and access for the International Recruitment and Integration Agency to obtain information from SafeSeaNet for control purposes).",2020-12-21 00:00:00
7681,"Forslag til lov om ændring af udlændingeloven. (Gebyr på ansøgninger om Working Holiday-tilladelser og indførelse af afvisningshjemmel, hvis en kvote på antallet af Working Holiday-tilladelser udnyttes m.v.).",Proposal for a law amending the Aliens Act. (Gebyr on applications for Working Holiday permits and the introduction of a refusal home if a quota on the number of Working Holiday permits is used etc.).,2020-12-21 12:00:00
7742,Forslag til finanslov for finansåret 2021.,Draft Finance Act for the financial year 2021.,2020-12-22 18:00:00
7743,"Forslag til lov om fastsættelse af udgiftslofter for stat, kommuner og regioner for finansåret 2024.","Proposal for a law on the establishment of expenditure ceilings for state, municipalities and regions for the financial year 2024.",2020-12-22 18:00:00
7744,"Forslag til lov om ændring af lov om fastsættelse af udgiftslofter for stat, kommuner og regioner for finansåret 2021, lov om fastsættelse af udgiftslofter for stat, kommuner og regioner for finansåret 2022 og lov om fastsættelse af udgiftslofter for stat, kommuner og regioner for finansåret 2023. (Konsekvenser af ny 2025-ramme og regeringens forslag til finanslov for 2021).","Proposal for a law amending the Law on the establishment of expenditure ceilings for the State, Municipalities and Regions for the financial year 2021, the Law on the establishment of expenditure ceilings for the State, Municipalities and Regions for the financial year 2022 and the Law on the establishment of expenditure ceilings for the State, Municipalities and Regions for the financial year 2023.",2020-12-22 18:00:00
7745,"Forslag til lov om ændring af lov om Arbejdsgivernes Uddannelsesbidrag. (Modelparametre for erhvervsuddannelser til brug for beregning af praktikpladsafhængigt arbejdsgiverbidrag for 2021, fastholdelse af merbidragssats og justering af aktivitetsafhængigt VEU-bidrag for 2021).","Proposal for a law amending the Law on Employers' Educational Contribution. (Model parameters for vocational training to be used for the calculation of internship-dependent employer contributions for 2021, retention of additional contribution rate and adjustment of activity-dependent VEU contribution for 2021).",2020-12-22 00:00:00
7746,"Forslag til lov om ændring af lov om Arbejdsgivernes Uddannelsesbidrag og lov om ændring af lov om Arbejdsgivernes Uddannelsesbidrag, lov om erhvervsuddannelser og lov om arbejdsmarkedsuddannelser m.v. (Justering af det praktikpladsafhængige arbejdsgiverbidrag og indførelse af fleksibelt uddannelsesbidrag).","Proposal for a law amending the Law on Employers' Educational Contributions and the Law amending the Law on Employers' Educational Contributions, the Law on Vocational Training and the Law on Labour Market Training, etc. (Adjustment of the employer's internship-dependent contribution and introduction of flexible training contributions).",2020-12-22 00:00:00
7747,"Forslag til lov om ændring af sygedagpenge og barselsloven. 
(Forlængelse af den midlertidige periode med ret til sygedagpenge for lønmodtagere, der er i øget risiko ved smitte med covid-19, og for lønmodtagere, der er pårørende til personer, der er i øget risiko ved smitte med covid-19, forlængelse af den midlertidige periode med udvidet ret for arbejdsgiver til refusion og for selvstændige til sygedagpenge som følge af covid-19 og forlængelse af den midlertidige periode med ret til dagpenge ved pasning af børn som følge af covid-19).
",Proposal for a law amending the sickness benefit and the law on maternity leave.,2020-12-22 00:00:00
7748,"Forslag til lov om ændring af lov om forbud mod forskelsbehandling på grund af handicap. (Tydeliggørelse af retten til rimelig individuel tilpasning af ydelser til børn og unge i dagtilbud, i folkeskolen og i friskoler og private grundskoler (frie grundskoler)).",Proposal for a law amending the law prohibiting discrimination on the grounds of disability.,2020-12-22 00:00:00
7754,Forslag til lov om ændring af lov om arbejdsløshedsforsikring m.v. og lov om sygedagpenge. (Suspension af dagpengeforbrug og forlængelse af retten til sygedagpenge som følge af covid-19).,"Proposal for a law amending the law on unemployment insurance, etc. and the Law on sickness benefits (Suspension of daily allowance consumption and extension of entitlement to sickness benefit as a result of covid-19).",2021-01-19 00:00:00
7755,"Forslag til lov om ændring af lov om arbejdsløshedsforsikring 
m.v. (Suspension af G-dage ved hjemsendelser og arbejdsfordeling som følge af covid-19).","Draft law amending the law on unemployment insurance, etc. (Suspension of G-days for repatriations and division of labour resulting from covid-19).",2021-01-19 00:00:00
7757,"Forslag til lov om rentefrie lån svarende til indberettet A-skat og arbejdsmarkedsbidrag i forbindelse med covid-19.
",Draft law on interest-free loans corresponding to reported A tax and labour market contributions in connection with covid-19.,2021-01-26 00:00:00
7758,Forslag til lov om ændring af lov om afgift af ledningsført vand og lov om vandforsyning m.v. (Forhøjelse af vandafgiften og ophævelse af bestemmelser om drikkevandsbidraget).,"Proposal for a law amending the Law on the tax on water supply and the Law on water supply, etc. (Supplementing the water tax and repealing provisions on the drinking water contribution).",2021-01-26 00:00:00
7759,Forslag til lov om ændring af repatrieringsloven. (Bortfald af den resterende del af hjælp til repatriering og reintegrationsbistand i tilfælde af alvorlig kriminalitet m.v. begået efter repatriering m.v.).,"Draft law amending the Return Act. (Support for the remaining part of the repatriation and reintegration assistance in the event of serious crime, etc. committed after repatriation, etc.).",2021-01-26 13:00:00
7760,"Forslag til lov om ændring af udlændingeloven. (Mulighed for at pålægge en udlænding, der skal udrejse af landet, at lade sig undersøge for en sygdom omfattet af lov om foranstaltninger mod smitsomme og andre overførbare sygdomme).",Proposal for a law amending the law on aliens.,2021-01-26 13:00:00
7762,Forslag til lov om ændring af lov om våben og eksplosivstoffer m.v. (Udenlandske civile statsmyndigheders adgang til at bære og ind- og udføre visse våben og fastsættelse af supplerende bestemmelser til forordning (EU) 2019/1148 af 20. juni 2019 om markedsføring og anvendelse af udgangsstoffer til eksplosivstoffer m.v.).,"Proposal for a law amending the Law on Arms and Explosives, etc. (Access to the carrying and import and export of certain weapons by foreign civil authorities and additional provisions to Regulation (EU) 2019/1148 of 20 June 2019 on the placing on the market and use of explosives precursors, etc.).",2021-01-26 00:00:00
7763,Forslag til lov om ændring af retsplejeloven og forskellige andre love. (Gennemførelse af dele af aftalen om politiets og anklagemyndighedens økonomi 2021-2023).,Proposal for a law amending the Code of Civil Procedure and various other laws. (Implementation of parts of the Agreement on the Police and Public Prosecutor's Economy 2021-2023).,2021-01-26 00:00:00
7764,"Forslag til lov om ændring af miljøskadeloven og lov om miljøbeskyttelse og forskellige andre love. (Ændring af handlepligten for den ansvarlige for en miljøskade, indførelse af godtgørelsesordning samt ændring af definitionen af arter og naturtyper).","Proposal for a law amending the Environmental Damage Act and the Environmental Protection Act and various other laws. (Change of the obligation to act on the person responsible for environmental damage, introduction of compensation schemes and amendment of the definition of species and habitat types).",2021-01-26 00:00:00
7765,Forslag til lov om ændring af sundhedsloven. (Mulighed for generelt informeret samtykke til mindre behandlinger af varigt inhabile patienter).,Proposal for a law amending the Health Act. (Possibility of generally informed consent for minor treatments of permanent inhabile patients).,2021-01-26 00:00:00
7766,"Forslag til lov om ændring af lov om assisteret reproduktion i forbindelse med behandling, diagnostik og forskning m.v. (Ændring af den tilladte opbevaringsperiode for menneskelige æg udtaget på medicinsk indikation).","Proposal for a law amending the Law on Assisted Reproduction for Treatment, Diagnostics and Research, etc. (Changing the permitted retention period for human eggs taken in medical indication).",2021-01-26 00:00:00
7770,Forslag til lov om pligt til at sikre covid-19-test af tilrejsende arbejdskraft efter indrejse i Danmark.,Proposal for a law on the obligation to ensure the covid-19 test of incoming workers after entry into Denmark.,2021-02-02 00:00:00
7771,Forslag til lov om varsling af ferie m.v. som følge af den genindførte lønkompensationsordning i forbindelse med håndteringen af covid-19.,"Proposal for a law on the warning of holidays, etc. as a result of the reinstated wage compensation scheme in connection with the handling of covid-19.",2021-02-02 00:00:00
7772,"Forslag til lov om ændring af lov om foranstaltninger mod smitsomme sygdomme og andre overførbare sygdomme, sundhedsloven og retsplejeloven. (Yderligere foranstaltninger for at forebygge og inddæmme nye virusvarianter af covid-19 og udvidet adgang til kommunale isolationsfaciliteter).","Proposal for a law amending the law on measures against infectious diseases and other communicable diseases, the Health Act and the Code of Criminal Procedure. (Further measures to prevent and contain new virus variants of covid-19 and extended access to municipal isolation facilities).",2021-02-02 00:00:00
7773,"Forslag til lov om ændring af konkurrenceloven og straffeloven. (Indførelse af mulighed for civile bøder, strukturelle påbud, interviews, kontrolundersøgelser i private hjem m.v.).","Proposal for a law amending the Competition Act and the Criminal Code. (Introduction of the possibility of civil fines, structural injunctions, interviews, surveys in private homes, etc.).",2021-02-09 00:00:00
7774,"Forslag til lov om ændring af registreringsafgiftsloven, brændstofforbrugsafgiftsloven, ligningsloven og forskellige andre love. (Ændring af registreringsafgiften af person- og varebiler og motorcykler, ophævelse af tillæg og fradrag for energieffektivitet, forhøjelse af brændstofforbrugsafgiften og vægtafgiften og omlægning af brændstofforbrugsafgiften til co2-baseret afgift, justering af beskatning af fri bil og forhøjet deleøkonomisk bundfradrag for privat udlejning af nul- og lavemissionsbiler, forlængelse af ordning med lav afgift på el til erhvervsmæssig opladning af eldrevne køretøjer m.v.).","Proposal for a law amending the registration tax law, the fuel consumption tax law, the law on equations and various other laws.",2021-02-09 00:00:00
7775,Forslag til lov om ændring af opkrævningsloven. (Udskydelse af betalingsfrist for registreringsafgift af motorkøretøjer i forbindelse med covid-19).,Proposal for a law amending the law on collection. (Exclusion of time limit for payment of registration fees for motor vehicles in connection with covid-19).,2021-02-09 00:00:00
7792,"Forslag til lov om ændring af lov om midlertidig udskydelse af angivelses- og betalingsfrister m.v. på skatteområdet i forbindelse med covid-19, lov om rentefrie lån svarende til indberettet A-skat og arbejdsmarkedsbidrag i forbindelse med covid-19 og lov om rentefrie lån svarende til angivet moms og lønsumsafgift og fremrykket udbetaling af skattekreditter m.v. i forbindelse med covid-19. (Udskydelse af betalingsfrister for A-skat og arbejdsmarkedsbidrag, udvidelse af A-skattelåneordningen og udvidelse af momslåneordningen som følge af covid-19 m.v.).","Proposal for a law amending the law on the temporary postponement of declaration and payment periods, etc. in the field of taxation in the context of covid-19, law on interest-free loans corresponding to reported A-tax and labour market contributions in the context of covid-19, and law on interest-free loans corresponding to specified VAT and salary-sum tax and accelerated payment of tax credits, etc. in the context of Covid-19. (Exclusion of payment periods for A-tax and labour market contributions, extension of the A-tax loan scheme and extension of the VAT loan scheme as a result of covid-19 etc.).",2021-02-23 00:00:00
7794,Forslag til lov om ændring af lov om midlertidige foranstaltninger på børne- og undervisningsområdet og folkehøjskoleområdet og for den frie folkeoplysende virksomhed til forebyggelse og afhjælpning i forbindelse med covid-19. (Forlængelse af lovens gyldighed).,Proposal for a law amending the law on temporary measures in the field of children's education and folk high school and for the free public awareness activities to prevent and remedy covid-19.,2021-02-23 00:00:00
7795,Forslag til lov om ændring af lov om ændring af lov om politiets virksomhed. (Ophævelse af udløbsklausul for udvidet bemyndigelse til at fastsætte regler om zoneforbud).,Proposal for a law amending the law amending the law on police activities.,2021-02-23 00:00:00
7796,"Forslag til lov om ændring af lov om ændring af straffeloven, retsplejeloven og udlændingeloven. (Udskydelse af solnedgangsklausul).","Proposal for a law amending the law amending the criminal code, the law on the administration of justice and the law on aliens. (Exclusion of sunset clause).",2021-02-23 00:00:00
7797,Forslag til lov om ændring af straffeloven og lov om erstatningsansvar. (Styrket indsats mod farlig kørsel m.v.).,"Proposal for a law amending the criminal code and the law on liability. (Strengthened action against dangerous driving, etc.).",2021-02-23 00:00:00
7798,Forslag til lov om ændring af SU-loven. (Forhøjelse af fribeløb og forlængelse af bestemmelser om udvidede SU-lånemuligheder som følge af covid-19).,Proposal for a law amending the S.U. Act. (Addition of free amounts and extension of provisions on extended S.U. loan possibilities as a result of covid-19).,2021-02-23 00:00:00
7816,Forslag til lov om epidemier m.v. (epidemiloven).,"Proposal for a law on epidemics, etc. (the epidemic law).",2021-02-23 00:00:00
7818,Forslag til lov om ændring af lov om almene boliger m.v. (Frafald af tillægskøbesum).,"Draft law amending the General Housing Act, etc.",2021-03-02 00:00:00
7819,Forslag til lov om ændring af lov om forsøg i folkekirken. (Mulighed for udfasningsperiode).,Draft law amending the law on tests in the public church. (Possibility of phasing out period).,2021-03-02 00:00:00
7820,Forslag til lov om ændring af lov om offentlige veje m.v. og jernbaneloven. (Implementering af VVM-direktivet for statslige vej- og jernbaneprojekter).,"Proposal for a law amending the Law on Public Roads, etc. and the Railway Act (Implementation of the EIA Directive for State Road and Railway Projects).",2021-03-02 00:00:00
7821,"Forslag til lov om ændring af taxiloven. (Afskaffelse af bopælskrav i EU/EØS ved tilladelser til erhvervsmæssig persontransport og kørselskontorer, godkendelse af ansvarlige ledere og chaufførkort).","Proposal for a law amending the Taxi Code. (Delivering EU/EEA residence requirements for permits for commercial passenger transport and driving offices, approval of responsible managers and driver cards).",2021-03-02 00:00:00
7822,Forslag til lov om ændring af lov om offentlige betalinger m.v. (Nemkontosystemet stilles til rådighed for grønlandske myndigheder).,"Draft law amending the law on public payments, etc. (The e-account system is made available to Greenland authorities).",2021-03-02 00:00:00
7823,Forslag til lov om ændring af lov om Det Økonomiske Råd og Det Miljøøkonomiske Råd. (Formandskabets vurdering af adfærdsforudsætninger og ændret sammensætning af Det Økonomiske Råd og Det Miljøøkonomiske Råd m.v.).,Proposal for a Law amending the Law on the Economic Council and the Environmental Economic Council.,2021-03-02 00:00:00
7824,"Forslag til lov om ændring af lov om ændring af straffeloven, retsplejeloven og udlændingeloven. (Ophævelse af revisionsbestemmelse).","Draft law amending the Law amending the Criminal Code, the Code of Procedure and the Aliens Act.",2021-03-02 00:00:00
7825,"Forslag til lov om ændring af lov om erhvervsakademiuddannelser og professionsbacheloruddannelser, lov om maritime uddannelser og forskellige andre love og om ophævelse af lov om friplads og stipendium til visse udenlandske studerende ved erhvervsakademiuddannelser og professionsbacheloruddannelser. (Adgangskurser til udvalgte erhvervsakademi- og professionsbacheloruddannelser, godkendelse af maritime ikkevideregående uddannelser m.v.).","Proposal for a law amending the law on vocational education and Bachelor's degree programmes, the law on maritime education and various other laws and repealing the law on free space and scholarship for certain foreign students in vocational education and Bachelor's degree programmes. (Access courses for selected professional and professional bachelor's degree programmes, approval of maritime non-secondary education, etc.).",2021-03-02 00:00:00
7839,Forslag til lov om ændring af lov om institutioner for erhvervsrettet uddannelse og lov om erhvervsuddannelser. (Fritagelse for betalingskravet på erhvervsuddannelser for visse flygtninge og familiesammenførte m.fl.).,Proposal for a law amending the law on vocational training institutions and the law on vocational training.,2021-03-09 00:00:00
7840,Forslag til lov om retsafgifter.,Draft law on court fees.,2021-03-09 00:00:00
7841,Forslag til lov om forbud mod modtagelse af donationer fra visse fysiske og juridiske personer.,Proposal for a law prohibiting the receipt of donations from certain natural and legal persons.,2021-03-09 00:00:00
7842,"Forslag til lov om ændring af straffeloven, lov om pas til danske statsborgere m.v. og udlændingeloven. (Styrket indsats mod negativ social kontrol m.v.).","Proposal for a law amending the criminal code, the law on passports for Danish citizens, etc., and the law on aliens (enhanced action against negative social control, etc.).",2021-03-09 00:00:00
7843,Forslag til lov om ændring af udlændingeloven. (Skærpelse af regler om familiesammenføring med børn og regler om udvisning).,Proposal for a law amending the law on aliens (Strengthening of rules on family reunification with children and rules on expulsion).,2021-03-09 00:00:00
7844,Forslag til lov om ændring af lov om tilgængelighed af offentlige organers websteder og mobilapplikationer. (Justering af undtagelse for tredjepartsindhold på offentlige organers websteder og mobilapplikationer).,Proposal for a law amending the law on the availability of public sector websites and mobile applications. (Adjusting the exemption for third party content on public sector websites and mobile applications).,2021-03-09 00:00:00
7855,"Forslag til lov om ændring af lov om en aktiv beskæftigelsesindsats og lov om aktiv socialpolitik. (Ret til uddannelse for personer, der har arbejdet i minkerhvervet eller følgeerhverv, inden for en pulje i 2021).",Proposal for a law amending the Act on Active Employment and the Act on Active Social Policy.,2021-03-16 00:00:00
7856,Forslag til lov om ændring af lov om forvaltning og administration af tilgodehavende feriemidler og forskellige andre love. (Førtidig udbetaling af resterende tilgodehavende feriemidler).,Draft law amending the law on the administration and administration of holiday allowances receivable and various other laws.,2021-03-16 00:00:00
7857,"Forslag til lov om ændring af lov om arbejdsløshedsforsikring 
m.v., lov om sygedagpenge, lov om aktiv socialpolitik og 
lov om en aktiv beskæftigelsesindsats. (Forlængelse af suspension af dagpengeforbrug, 4-månedersperioden ved opgørelse af karens og forbrug af supplerende dagpenge, forlængelse af retten til sygedagpenge og forlængelse af 12-månedersperioden i 225-timersreglen som følge af covid-19 m.v).","Proposal for a law amending the law on unemployment insurance, sickness benefit, the Act on active social policy and the Act on active employment.",2021-03-16 00:00:00
7858,Forslag til lov om ændring af lov om ligestilling af kvinder og mænd. (Digital post til begge forældre om fælles barn).,Proposal for a law amending the law on equal treatment for women and men (Digital post for both parents on joint child).,2021-03-16 00:00:00
7862,"Forslag til lov om ændring af lov om sygedagpenge og barselsloven. (Forlængelse af den midlertidige periode med ret til sygedagpenge for lønmodtagere, der er i øget risiko ved smitte med covid-19, og for lønmodtagere, der er pårørende til personer, der er i øget risiko ved smitte med covid-19, forlængelse af den midlertidige periode med udvidet ret for arbejdsgiver til refusion og for selvstændige til sygedagpenge som følge af covid-19, forlængelse af den midlertidige periode med ret til dagpenge ved pasning af børn som følge af covid-19 og indførelse af periode, der kan ses bort fra ved vurderingen af, om beskæftigelseskravet for selvstændige er opfyldt).","Proposal for a law amending the Law on sickness benefits and the Law on maternity leave. (Extension of the temporary period of entitlement to sickness benefit for employees at increased risk of covid-19 and for employees in the case of relatives of persons at increased risk of covid-19, extension of the temporary period of extended entitlement for the employer to reimbursement and for self-employed persons for sickness benefit as a result of covid-19, extension of the temporary period of entitlement to child care allowance as a result of covid-19 and introduction of a period which may be disregarded when assessing whether the employment requirement for self-employed persons is met).",2021-03-23 00:00:00
7863,Forslag til lov om ændring af færdselsloven. (Skærpet indsats mod vanvidskørsel).,Proposal for a law amending the Road Traffic Code.,2021-03-23 13:00:00
7864,"Forslag til lov om ændring af konkursloven, lov om Lønmodtagernes Garantifond og lov om lønmodtageres retsstilling ved virksomhedsoverdragelse. (Værneting ved gældssanering og ændringer i rekonstruktionsreglerne som følge af covid-19).","Proposal for a law amending the bankruptcy law, the Law on the Guarantee Fund of Employees and the Law on the status of employees in the event of transfers of undertakings.",2021-03-23 00:00:00
7865,Forslag til lov om tillægsbevilling for finansåret 2020.,Draft law on the supplementary allocation for the financial year 2020.,2021-03-23 00:00:00
7866,Forslag til lov om ændring af lov om miljø og genteknologi. (Gennemførelse af ændringer i udsætningsdirektivet samt digital kommunikation).,Proposal for a law amending the law on the environment and genetic engineering (Implementation of amendments to the Release Directive and digital communication).,2021-03-23 00:00:00
7867,"Forslag til lov om ændring af lov om leje, lov om leje af almene boliger og erhvervslejeloven. (Yderligere foranstaltninger for at forebygge og inddæmme smitte med covid-19 m.v.).","Proposal for a law amending the law on rental, the law on rental of general dwellings and the law on rental. (Further measures to prevent and contain infection with covid-19 etc.).",2021-03-23 00:00:00
7868,"Forslag til lov om ændring af lov om beskatning af medlemmer af kontoførende investeringsforeninger og selskabsskatteloven. (Udbyttebeskatning af visse udbetalinger fra kontoførende investeringsforeninger, som medfører ændringer i modtagernes ejerandele, beskatning ved et selskabs skift af status til investeringsselskab og skattepligt for investeringsselskaber af visse renter og kursgevinster).",Proposal for a Law amending the Law on the taxation of members of account-leading investment funds and the Corporate Tax Act.,2021-03-23 00:00:00
7869,Forslag til lov om ændring af personskatteloven. (Nedsættelse af bundskatten som følge af kommunale skattestigninger).,Proposal for a law amending the Personal Tax Act. (Reduction of the base tax as a result of municipal tax increases).,2021-03-23 00:00:00
7870,"Forslag til lov om ændring af ligningsloven og lov om spil. (Lempelse af boligjobordningen i 2021, skattefritagelse af visse arbejdsgiverbetalte gavekort til oplevelsesøkonomi i 2021, af arbejdsgiverbetalte covid-19-test m.v. og af tilbagebetalt covid-19-støtte og nedsættelse af procentsatsen for det særlige bidrag til hestevæddeløbssporten).","Proposal for a law amending the law on equations and the law on gambling. (Simplification of the housing job scheme in 2021, exemption from certain employer-paid vouchers for experience economy in 2021, of employer-paid covid-19 tests, etc., and of reimbursement of covid-19 support and reduction of the percentage of the special contribution to horse racing).",2021-03-23 00:00:00
7881,Forslag til lov om ændring af lov om godtgørelse til andenhåndseksponerede asbestofre. (Udvidelse af godtgørelsesordningen).,Proposal for a law amending the law on compensation for second-hand asbestos victims.,2021-04-06 13:00:00
7888,"Forslag til lov om ændring af afskrivningsloven, ligningsloven, pensionsafkastbeskatningsloven og lov om afgift af svovl. (Forhøjelse af grænsen for straksafskrivning m.v., midlertidig forhøjelse af afskrivningsgrundlaget for nye driftsmidler, forlængelse af den midlertidige forhøjelse af fradrag for udgifter til forsøgs- og forskningsvirksomhed og forlængelse af bundfradrag i svovlafgiften).","Proposal for a law amending the depreciation law, the law on equations, the pension return tax law and the sulphur tax law. (Increase of the limit for immediate depreciation, etc., temporary increase in the depreciation basis for new operating resources, extension of the temporary increase in the deduction of costs of experimental and research activities and extension of the base deduction in the sulphur tax).",2021-04-13 00:00:00
7889,"Forslag til lov om ændring af lov om undersøgelseskommissioner og retsplejeloven. (Indførelse af granskningskommissioner, Folketingets samtykke til nedlæggelse af undersøgelseskommissioner m.v.).","Proposal for a law amending the law on committees of inquiry and the law on the administration of justice (Introduction of committees of inquiry, consent of the Folketing to the termination of committees of inquiry, etc.).",2021-04-13 00:00:00
7901,Forslag til lov om ændring af sundhedsloven. (Frivillige indkvarteringsfaciliteter).,Proposal for a law amending the Health Act. (Friendly accommodation facilities).,2020-06-09 00:00:00
7907,"Forslag til lov om ændring af lov om kemikalier og ophævelse af lov om behandling af oplysninger om brug af plantebeskyttelsesmidler i jordbruget. (Integreret plantebeskyttelse, indberetning af sprøjtejournal og tilskud til mindre belastende bekæmpelsesmidler m.v.).",Proposal for a law amending the law on chemicals and repealing the law on the treatment of information on the use of plant protection products in agriculture.,2020-06-02 00:00:00
7916,"Forslag til lov om ændring af lov om midlertidig udskydelse af angivelses- og betalingsfrister m.v. på skatteområdet i forbindelse med covid-19, kildeskatteloven, ligningsloven og forskellige andre love. (Yderligere udskydelse af betalingsfrister for A-skat og arbejdsmarkedsbidrag, udskydelse af angivelses- og betalingsfrister for moms, forlængelse af afgiftsperioder for moms samt midlertidige lempelser af regler om fuld skattepligt, regler om lempeligere beskatning af udenlandsk lønindkomst og regler om forskerskatteordningen som følge af covid-19 m.v.). ","Proposal for a law amending the law on the temporary postponement of declaration and payment periods, etc. in the field of taxation relating to covid-19, the withholding tax law, the law on equations and various other laws. (Further deferment of payment periods for A-tax and labour market contributions, deferment of declaration and payment periods for VAT, extension of tax periods for VAT and temporary relaxation of full tax liability rules, rules on softer taxation of foreign income and rules on the researcher tax regime resulting from covid-19, etc.).",2020-06-09 00:00:00
7917,Forslag til lov om ejerlejligheder.,Draft law on condos.,2020-06-09 00:00:00
7918,Forslag til lov om Seniorpensionsenheden.,Draft law on the Senior Pension Unit.,2020-06-09 00:00:00
7920,"Forslag til lov om ændring af lov om godskørsel, lov om buskørsel, lov om Arbejdsretten og faglige voldgiftsretter og lov om udstationering af lønmodtagere m.v. (Fastlæggelse af et omkostningsniveau i forbindelse med udførelse af visse former for vejtransport).","Proposal for a law amending the Law on the Carriage of Goods by Road, the Law on Bus Services, the Law on Labour Law and the Law on Trade Arbitration and the Law on the Posting of Employees, etc. (Definition of a level of costs for the performance of certain types of road transport).",2020-06-09 00:00:00
7921,Forslag til lov om ændring af lov om anerkendelse af visse uddannelses- og erhvervsmæssige kvalifikationer. (Gennemførelse af Europa-Parlamentets og Rådets direktiv (EU) 2018/958 af 28. juni 2018 om en proportionalitetstest forud for vedtagelse af ny regulering af erhverv samt klageadgang i sager om erhvervspas og ved udsendelse af advarsler).,Proposal for a law amending the law on the recognition of certain education and professional qualifications. (Implementation of Directive (EU) 2018/958 of the European Parliament and of the Council of 28 June 2018 on a proportionality test prior to the adoption of new regulation of professions and access to redress in matters relating to professional passports and the issuing of warnings).,2020-06-09 00:00:00
7927,Forslag til lov om ændring af lov om almene boliger m.v. (Forhøjelse af Landsbyggefondens renoveringsramme i 2020 og digitalisering af det almene byggeri).,"Proposal for a law amending the General Housing Act, etc. (Enhancing the Landsbygningfund's renovation framework in 2020 and digitalising general construction).",2020-06-16 00:00:00
7928,Forslag til retsplejelov for Færøerne.,Draft law on the administration of justice for the Faroe Islands.,2020-06-16 00:00:00
7929,Forslag til lov om ændring af retsplejeloven. (Styrkelse af politiets muligheder for efterforskning af kriminalitet på internettet).,Proposal for a law amending the Code of Criminal Procedure.,2020-06-16 00:00:00
7930,Forslag til lov om ændring af straffeloven. (Forstærket indsats mod eksplosivstoffer).,Draft law amending the Criminal Code. (Intensified action against explosives).,2020-06-16 00:00:00
7931,Forslag til lov om forbud mod udbud af opgavebesvarelser m.v. til eksaminander på en uddannelsesinstitution under Børne- og Undervisningsministeriet eller Uddannelses- og Forskningsministeriet.,Proposal for a law prohibiting the supply of paperwork etc. to examiners at an educational establishment of the Ministry of Children and Education or the Ministry of Education and Research.,2020-06-16 00:00:00
7944,"Forslag til lov om ændring af lov om markedsføring. (Forældelsesfrist for vildledende markedsføring af fast ejendom, kreditaftaler til finansiering af eller med sikkerhed i fast ejendom og løbende kontraktforhold med angivelse af varig pris).",Proposal for a Law amending the Law on Marketing.,2020-06-23 00:00:00
7945,Forslag til lov om ændring af udlændingeloven. (Ny positivliste for faglærte).,Draft law amending the law on foreigners. (New positive list for skilled workers).,2020-06-23 00:00:00
7946,Forslag til lov om ændring af udlændingeloven. (Skærpet bødestraf for virksomheders brug af illegal arbejdskraft).,Proposal for a law amending the law on foreigners.,2020-06-23 00:00:00
7947,Forslag til lov om ændring af udlændingeloven. (Ny opholdsordning på baggrund af arbejdsmarkedstilknytning).,Proposal for a law amending the law on aliens.,2020-06-23 00:00:00
7949,Forslag til lov om indfødsrets meddelelse.,Draft law on the notification of citizenship.,2020-06-23 13:00:00
7974,"Forslag til lov om ændring af lov om erhvervsfremme. (Etablering af en whistleblowerordning for de erhvervsrettede covid-19-kompensationsordninger, som administreres af Erhvervsstyrelsen, og indførelse af særlig tavshedspligt).",Proposal for a law amending the Law on Business Promotion. (Establishment of a whistleblower scheme for the business-oriented covid-19 compensation schemes administered by the Danish Business Administration and the establishment of special professional secrecy).,2020-06-04 00:00:00
7975,"Forslag til lov om ændring af lov om miljøbeskyttelse. (Implementering af affaldsdirektivets minimumskrav til eksisterende udvidede producentansvarsordninger, indførelse af udvidet producentansvar for emballage og modernisering af indsamling og behandling af elektronikaffald). ","Proposal for a law amending the Environmental Protection Act. (Implementation of the minimum requirements of the Waste Directive for existing extended producer liability schemes, introduction of extended producer responsibility for packaging and modernisation of the collection and treatment of electronic waste).",2020-06-04 00:00:00
7976,Forslag til lov om ændring af lov om miljøbeskyttelse og lov om Sund og Bælt Holding A/S. (Digital håndhævelse af miljøzoner og ændring af trinkrav for lastbiler og busser).,Proposal for a law amending the Law on Environmental Protection and the Law on Sund and Bælt Holding A/S. (Digital enforcement of environmental zones and amendment of step requirements for trucks and buses).,2020-06-04 00:00:00
7977,"Forslag til lov om ændring af lov om plantenyheder og lov om planter og plantesundhed m.v. (Opgaver i forbindelse med sortslistegodkendelse og certificering, herunder delegation til private aktører, og gebyrfinansiering af visse af opgaverne).","Proposal for a law amending the Law on Plant News and the Law on Plant and Plant Health, etc. (Provisions relating to variety list approval and certification, including delegation to private actors, and fee financing of certain tasks).",2020-06-04 00:00:00
7978,Forslag til lov om ædle metaller og konfliktmineraler.,Draft law on precious metals and conflict minerals.,2020-06-04 00:00:00
7979,"Forslag til lov om ændring af lov om forbrugslånsvirksomheder, lov om markedsføring og lov om finansiel virksomhed. (Opgør med kviklån m.v.).","Proposal for a law amending the Law on Consumer Credit Companies, the Law on Marketing and the Law on Financial Activities.",2020-06-04 00:00:00
7980,Forslag til lov om produkter og markedsovervågning.,Proposal for a law on products and market surveillance.,2020-06-04 00:00:00
7981,Forslag til lov om salg og markedsføring af lattergas til forbrugere.,Proposal for a law on the sale and marketing of nitrous oxide to consumers.,2020-06-04 00:00:00
7982,"Forslag til lov om ændring af udlændingeloven, integrationsloven og forskellige andre love. (Forenkling af regler, herunder om klageadgangen til Udlændingenævnet og indrejseforbud, indførelse af en bagatelgrænse for tilbagebetaling af gebyr, præcisering af adgangen og ændring af kompetencen til at forlænge en udrejsefrist, opfølgning på evaluering af Danmarks anvendelse af Schengenreglerne om bl.a. tilbagesendelse og præcisering af rækkevidden af indrejseforbud omfattet af udsendelsesdirektivet m.v.).","Proposal for a law amending the Aliens Act, the Integration Act and various other laws.",2020-06-04 00:00:00
7983,"Forslag til lov om ændring af lov om midlertidig regulering af boligforholdene og lov om andelsboligforeninger og andre boligfællesskaber. (Øgede energikrav ved anvendelse af § 5, stk. 2, i lov om midlertidig regulering af boligforholdene og fastfrysning af vurderinger af værdien af andelsboligforeningers ejendomme).",Proposal for a law amending the law on the temporary regulation of housing conditions and the law on cooperative housing associations and other housing communities. (Increased energy requirements for the application of Section 5 (2) of the Act on the temporary regulation of housing conditions and freezing of valuations of the value of properties of cooperative housing associations).,2020-06-04 00:00:00
7984,Forslag til lov om ændring af lov om midlertidig regulering af boligforholdene og lov om andelsboligforeninger og andre boligfællesskaber. (Karensperiode ved erhvervelse m.v. af udlejningsejendomme og lovfæstelse af normalvedtægtens krav om tilslutning på fire femtedele til opløsning af andelsboligforeninger).,Proposal for a law amending the law on the temporary regulation of housing conditions and the law on cooperative housing associations and other housing communities.,2020-06-04 00:00:00
7985,Forslag til lov om ændring af lov om leje og lov om midlertidig regulering af boligforholdene. (Styrkelse af lejerne).,Proposal for a law amending the law on rental and the law on the temporary regulation of housing conditions.,2020-06-04 00:00:00
7988,Forslag til lov om ændring af udlændingeloven. (Udvidelse af etableringskortordningen for nyuddannede udlændinge).,Proposal for a law amending the law on foreigners. (Enlargement of the establishment card scheme for newly trained foreigners).,2020-06-11 00:00:00
7989,Forslag til lov om ændring af straffeloven. (Opholds- og kontaktforbud for terrordømte).,Proposal for a law amending the Criminal Code.,2020-06-11 00:00:00
7990,Forslag til lov om ændring af straffeloven. (Skærpelse af straffen for overtrædelse af straffelovens terrorbestemmelser). ,Draft law amending the Criminal Code. (Strengthening the penalty for violation of the criminal code's terrorist provisions).,2020-06-11 00:00:00
7991,Forslag til lov om udbygning og drift af Flyvestation Skrydstrup.,Proposal for a law on the development and operation of Flight Station Skrydstrup.,2020-06-11 13:00:00
7998,Forslag til lov om ændring af lov om retssikkerhed og administration på det sociale område. (Ankestyrelsens sammensætning og behandling af sager om uenighed mellem kommuner m.v.).,Draft law amending the law on legal certainty and administration in the social field. (The composition of the Board of Appeal and the handling of disputes between municipalities etc.).,2020-06-18 00:00:00
7999,"Forslag til lov om ændring af forældreansvarsloven, lov om Familieretshuset, lov om ægteskabs indgåelse og opløsning og forskellige andre love. (Afskaffelse af tvungen delt bopæl og opfølgning på etableringen af det nye familieretlige system m.v.).","Proposal for a law amending the Parental Responsibility Act, Family Court Act, Marriage and Disappearance Act and various other laws (Delivering compulsory shared residence and follow-up to the establishment of the new family law system, etc.).",2020-06-18 00:00:00
8000,Forslag til lov om ændring af lov om Familieretshuset og lov om  ægteskabs indgåelse og opløsning. (Afskaffelse af refleksionsperioden).,Draft law amending the law on the Family Court and the law on the conclusion and dissolution of marriage. (Disposal of the period of reflection).,2020-06-18 00:00:00
8001,Forslag til lov om ændring af lov om luftfart. (Harmonisering af droneområdet).,Proposal for a law amending the Law on Air Transport.,2020-06-18 00:00:00
8002,"Forslag til lov om klima.

",Draft law on climate.,2020-06-18 00:00:00
8003,Forslag til lov om ændring af dagtilbudsloven. (Ophævelse af adgang til dispensation fra regler om bedre fordeling i daginstitutioner).,Proposal for a law amending the daily offer law.,2020-06-18 00:00:00
8004,"Forslag til lov om ændring af lov om danskuddannelse til voksne udlændinge m.fl. (Afskaffelse af deltagerbetaling og ændring af reglerne om depositum for danskuddannelse til udenlandske arbejdstagere, studerende m.fl.).","Proposal for a law amending the law on Danish education for adult foreigners and others (Deliverance of payment for participants and amendment of the rules on deposit for Danish education for foreign workers, students, etc.).",2020-06-18 00:00:00
8012,Forslag til lov om ændring af kriminallov for Grønland og retsplejelov for Grønland. (Foranstaltninger til at forebygge og inddæmme smitte med covid-19 m.v.).,Proposal for a law amending the Code of Criminal Procedure for Greenland and the Code of Criminal Procedure for Greenland (measures to prevent and contain infection with covid-19 etc.).,2020-06-25 00:00:00
8013,Forslag til lov om ændring af lov om en skattefri seniorpræmie. (Midlertidig nedsættelse af beskæftigelseskravet som følge af covid-19).,Proposal for a law amending the Law on a tax-free senior premium. (Temporary reduction of the employment requirement as a result of covid-19).,2020-06-25 00:00:00
8014,Forslag til lov om varsling af ferie i den forlængede lønkompensationsperiode.,Proposal for a law on the warning of holidays during the extended compensation period.,2020-06-25 00:00:00
8015,"Forslag til lov om ændring af lov om aktiv socialpolitik.
(Yderligere forlængelse af 12-månedersperioden i 225-timersreglen som led i udfasningen af hjælpepakker i forbindelse med covid-19).",Proposal for a law amending the Act on Active Social Policy. (Further extension of the 12-month period of the 225-hour rule in the context of the phasing out of aid packages for covid-19).,2020-06-25 00:00:00
8016,"Forslag til lov om ændring af lov om arbejdsløshedsforsikring m.v. og lov om sygedagpenge. (Yderligere forlængelse af perioder, der ses bort fra ved forbrug af arbejdsløshedsdagpenge, midlertidig ret til dagpenge til selvstændige og yderligere midlertidig forlængelse af retten til sygedagpenge).","Proposal for a law amending the law on unemployment insurance, etc. and the Law on sickness benefits (Additional extension of periods excluded from the consumption of unemployment benefit, temporary entitlement to cash benefits for selfemployed persons and further temporary extension of entitlement to sickness benefit).",2020-06-25 00:00:00
8017,"Forslag til lov om ændring af lov om en aktiv beskæftigelsesindsats og lov om arbejdsløshedsforsikring m.v.
(Ekstraordinært løft for ledige med ret til en erhvervsuddannelse med forhøjet dagpengesats på 110 pct. i 2020-2021)","Proposal for a law amending the Act on active employment and unemployment insurance, etc. (Extraordinary increase for unemployed persons entitled to vocational training with an increased daily allowance rate of 110% in 2020-2021)",2020-06-25 00:00:00
8018,"Forslag til lov om ændring af lov om social service. (Psykologbehandling til kvinder, der får ophold på krisecenter).",Proposal for a law amending the Social Services Act.,2020-06-25 00:00:00
8019,"Forslag til lov om ændring af lov om social service og lov om socialtilsyn. (Indførelse af ret til overvågning og støtte i forbindelse hermed om natten for unge, der modtager hjælp efter § 95, stk. 3, i lov om social service i form af et kontant tilskud).",Proposal for a law amending the Social Services Act and the Social Insurance Act. (Incorporation of the right to supervision and support at night for young people receiving assistance under Section 95 (3) of the Social Services Act in the form of a cash grant).,2020-06-25 00:00:00
8020,Forslag til lov om ændring af lov om kommunal udligning og generelle tilskud til kommuner og forskellige andre love. (Reform af udligningssystemet).,Proposal for a law amending the law on municipal compensation and general subsidies to municipalities and various other laws. (Reform of the compensation system).,2020-06-25 00:00:00
8021,Forslag til lov om ændring af lov om social service. (Tilpasning af den centrale refusionsordning).,Proposal for a law amending the Social Services Act. (Adjustment of the central reimbursement scheme).,2020-06-25 00:00:00
8022,"Forslag til lov om ændring af ejendomsvurderingsloven og forskellige andre love. (Lempelse af ejendomsbeskatningen, videreførelse af den midlertidige indefrysningsordning for grundskyld, tilpasninger vedrørende tilbagebetalingsordningen og beregningsgrundlaget for grundskyld m.v.).",Draft law amending the Property Assessment Act and various other laws.,2020-06-25 00:00:00
8023,"Forslag til lov om ændring af lov om naturbeskyttelse. (Forbud mod sprøjtning, gødskning og omlægning af § 3-beskyttede arealer).","Draft law amending the Nature Conservation Act. (Prohibits against spraying, fertilization and conversion of § 3 protected areas).",2020-06-25 10:00:00
8024,"Forslag til lov om ændring af lov om godkendelse og syn af køretøjer. (Godkendelse af motorkøretøjer, tekniske tjenester m.v.).","Proposal for a law amending the law on the approval and inspection of vehicles (approval of motor vehicles, technical services, etc.).",2020-06-25 09:20:00
8025,Forslag til lov om ændring af sundhedsloven og lov om klage- og erstatningsadgang inden for sundhedsvæsenet. (Vederlagsfri tandpleje til de mest socialt udsatte borgere).,Proposal for a law amending the Health Act and the Law on access to health care and compensation. (Register-free dental care for the most socially vulnerable citizens).,2020-06-25 00:00:00
8026,"Forslag til lov om ændring af lov om lægemidler. (Kriminalforsorgens fordeling, opsplitning og udlevering af lægemidler til indsatte i kriminalforsorgens institutioner).",Proposal for a law amending the law on medicinal products.,2020-06-25 00:00:00
8040,"Forslag til lov om ændring af lov om en aktiv beskæftigelsesindsats, lov om arbejdsløshedsforsikring m.v., lov om forberedende voksenundervisning og ordblindeundervisning for voksne og lov om en rejsegarantifond. 
(Justeret uddannelsesløft, udvidet adgang til fagene digital opgaveløsning og engelsk og bemyndigelse til Rejsegarantifonden).","Proposal for a law amending the Act on Active Employment, the Law on Unemployment Insurance, etc., the Law on Preparatory Adult Education and Vocational Education and the Law on a Travel Guarantee Fund (Adjusted Training Lift, Enhanced Access to Digital Task Solving and English and Authorisation to the Travel Guarantee Fund).",2020-06-25 00:00:00
8043,Forslag til lov om ændring af lov om foranstaltninger mod smitsomme og andre overførbare sygdomme. (Udvidelse af foranstaltninger til at forebygge og inddæmme smitte samt sikring af kapacitetsmæssige ressourcer m.v.).,Proposal for a law amending the law on measures against infectious and other communicable diseases.,2020-03-12 00:00:00
8044,"Forslag til lov om midlertidig udskydelse af betalingsfrister for indeholdt A-skat og arbejdsmarkedsbidrag, B-skat og 
foreløbigt arbejdsmarkedsbidrag samt midlertidig udskydelse 
af angivelses- og betalingsfrister og forlængelse af afgiftsperioder 
for moms m.v.","Proposal for a law on the temporary postponement of payment periods for A-tax and labour market contributions, B-tax and temporary labour market contributions, and temporary postponement of declaration and payment periods and extension of tax periods for VAT, etc.",2020-03-17 00:00:00
8045,Forslag til lov om ændring af lov om sygedagpenge. (Udvidet ret for arbejdsgiver til refusion og for selvstændige til sygedagpenge som følge af covid-19).,Proposal for a law amending the Law on sickness benefits. (Extended right for the employer for reimbursement and for the selfemployed for sickness benefit as a result of covid-19).,2020-03-17 00:00:00
8046,Forslag til lov om ændring af lov om planlægning. (Mulighed for at forlænge varighed af tilladelser og dispensationer til midlertidige opholdssteder til nyankomne flygtninge m.v.),"Draft law amending the law on planning. (Possibility of extending the duration of permits and derogations for temporary residences for newly arrived refugees, etc.)",2020-06-04 00:00:00
8047,"Forslag til lov om ændring af lov om forvaltning og administration af tilgodehavende feriemidler, SU-loven og lov om Arbejdsmarkedets Tillægspension. (Førtidig udbetaling af feriemidler og udvidelse af Arbejdsmarkedets Tillægspensions opgavevaretagelse).
","Proposal for a law amending the law on the administration and administration of holiday allowances receivable, the Social Security Act and the Labour Market Supplementary Pension Act.",2020-08-17 00:00:00
8048,"Forslag til lov om engangstilskud til modtagere af forsørgelsesydelser. 
",Proposal for a law on one-off grants to recipients of social security benefits.,2020-08-17 00:00:00
8049,"Forslag til lov om ændring af lov om sygedagpenge og barselsloven. (Forlængelse af den midlertidige periode med ret til sygedagpenge for lønmodtagere, der er i øget risiko ved smitte med covid-19, og for lønmodtagere, der er pårørende til personer, der er i øget risiko ved smitte med covid-19, udvidelse
af perioden, hvor der sker en midlertidig forlængelse af sygedagpengeperioden, og indførelse af periode, der helt eller delvis kan ses bort fra ved vurdering af beskæftigelseskravet 
for ret til syge- eller barselsdagpenge for selvstændige erhvervsdrivende, som følge af covid-19-situationen).","Proposal for a law amending the Law on sickness benefits and the Law on maternity leave. (Extension of the temporary period of entitlement to sickness benefit for employees who are at increased risk of covid-19 and for employees who are dependants of persons who are at increased risk of covid-19, extension of the period of temporary extension of the period of sickness benefit, and introduction of periods which may be disregarded in whole or in part by assessing the employment requirement for entitlement to sickness or maternity benefit for selfemployed persons as a result of the covid-19 situation).",2020-09-10 00:00:00
8050,Forslag til lov om adgang til iværksættelse af midlertidig arbejdsfordeling som led i håndteringen af covid-19.,Proposal for a law on access to the implementation of temporary work distribution as part of the management of covid-19.,2020-09-10 00:00:00
8051,"Forslag til lov om ændring af lov om arbejdsløshedsforsikring m.v., lov om sygedagpenge og barselsloven. (Midlertidig dagpengeret, højere dagpengemaksimum, beregning på grundlag af ikkemedlemsperioder, suspension af dagpengeforbrug, bedre uddannelsesmuligheder til personer omfattet af en arbejdsfordelingsordning og fast arbejdsgiverbidrag m.v.)","Proposal for a law amending the law on unemployment insurance, etc., the Law on sickness benefit and the Law on maternity leave. (Temporary benefit law, higher allowance maximum, calculation on the basis of periods of non-membership, suspension of daily allowance consumption, improved training opportunities for persons covered by a work-sharing scheme and fixed employer contributions, etc.)",2020-09-10 00:00:00
8052,Forslag til lov om ændring af barselsloven. (Midlertidig ret til dagpenge ved pasning af børn som følge af covid-19).,Proposal for a law amending the law on maternity leave. (Temporary entitlement to child care allowance as a result of covid-19).,2020-09-29 00:00:00
8053,"Forslag til lov om ændring af lov om social pension og lov om højeste, mellemste, forhøjet almindelig og almindelig førtidspension m.v. (Ret til at få fratrukket merindtægt som følge af arbejde relateret til covid-19 ved indtægtsregulering af folke-, senior- og førtidspension m.v.).","Draft law amending the law on social pensions and the law on the highest, middle, increased general and general early retirement, etc. (Right to deduct additional income from work related to covid-19 by income adjustment of folk, senior and early retirement, etc.).",2021-04-20 00:00:00
8054,Forslag til lov om ændring af lov om et midlertidigt børnetilskud til visse forsørgere. (Forlængelse af det midlertidige børnetilskud).,Proposal for a Law amending the Law on the Temporary Family Allowances for Certain Parents.,2021-04-20 00:00:00
8055,"Forslag til lov om ændring af lov om eliteidræt, lov om fremme af integritet i idrætten og lov om udlodning af overskud og udbytte af lotteri. (Styrkelse af atleternes stemme i Team Danmarks bestyrelse, Team Danmarks tilsynsforpligtelse m.v.).","Draft law amending the law on elite sport, law on the promotion of integrity in sport and law on the distribution of profits and profits of lotteries. (Strengthening of the athletes' voice on Team Denmark's Board of Directors, Team Denmark's supervisory obligation, etc.).",2021-04-20 00:00:00
8056,"Forslag til lov om ændring af ligningsloven, kildeskatteloven og selskabsskatteloven. (Fastsættelse af defensive foranstaltninger mod lande på EU-listen over ikkesamarbejdsvillige skattejurisdiktioner).","Draft law amending the law on equations, withholding tax and corporation tax. (Fixing defensive measures against countries on the EU list of non-cooperating tax jurisdictions).",2021-04-20 00:00:00
8058,Forslag til lov om ændring af straffeloven. (Strafskærpelse for forbrydelser med baggrund i offerets handicap).,Draft law amending the penal code.,2021-04-20 00:00:00
8069,Forslag til lov om ændring af lov om markedsføring. (Undtagelse af visse forbrugslånsvirksomheders sponsorering af idræt m.v. fra forbuddet mod markedsføring af forbrugslån og forbrugslånsvirksomheder i forbindelse med markedsføring af spil og spiludbydere).,"Proposal for a law amending the Law on Marketing. (Exclusion of sponsorship of sport by certain consumer credit companies, etc. from the ban on the marketing of consumer credit and consumer credit companies for the marketing of gambling and gambling providers).",2021-04-22 00:00:00
8070,Forslag til lov om urimelig handelspraksis i relationer mellem virksomheder i landbrugs- og fødevareforsyningskæden.,Proposal for a law on unfair commercial practices in relations between enterprises in the agricultural and food supply chain.,2021-04-22 00:00:00
8071,"Forslag til lov om ændring af skattekontrolloven, momsloven, opkrævningsloven og forskellige andre love. (Sanktioner ved manglende indsendelse af oplysninger og tiltag til bekæmpelse af organiseret svig m.v. som led i udmøntning af aftale om styrket skattekontrol).","Proposal for a law amending the tax control law, the VAT law, the collection law and various other laws. (Sanctions for non-submission of information and measures to combat organised fraud, etc. in the context of the implementation of the enhanced tax control agreement).",2021-04-22 00:00:00
8073,Forslag til lov om ændring af lov om infrastruktur for alternative drivmidler. (Brugerinformation om fossile brændstoffer og alternative drivmidler).,Proposal for a law amending the law on infrastructure for alternative fuels. (User information on fossil fuels and alternative fuels).,2021-04-22 00:00:00
8075,Forslag til lov om ændring af lov om social service. (Justering af huslejetilskud til udslusningsboliger).,Proposal for a law amending the Social Services Act.,2021-04-22 00:00:00
8076,"Forslag til lov om ændring af udlændingeloven og lov om Danmarks tiltrædelse af Schengenkonventionen. (Gennemførelse af forordning om oprettelse af et europæisk system vedrørende rejseinformation og rejsetilladelse (ETIAS), forordning om oprettelse af et ind- og udrejsesystem (EES) og forordninger om oprettelse, drift og brug af Schengeninformationssystemet (SIS) på områderne for henholdsvis ind- og udrejsekontrol og politisamarbejde og strafferetligt samarbejde og om brug af SIS i forbindelse med tilbagesendelse af tredjelandsstatsborgere med ulovligt ophold m.v.).","Proposal for a law amending the law on aliens and the law on Denmark's accession to the Schengen Convention. (Implementation of the regulation establishing a European system on travel information and travel authorisation (ETIAS), regulation establishing an entry and exit system (EES) and regulations establishing, operating and using the Schengen Information System (SIS) in the fields of immigration and exit controls and police and judicial cooperation, as well as on the use of SIS for the return of illegally staying third-country nationals, etc.).",2021-04-22 00:00:00
8077,Forslag til lov om ændring af lov om integrationsgrunduddannelse (igu).  (Udvidelse af målgruppen m.v. for integrationsgrunduddannelsen).,"Proposal for a law amending the law on basic integration training (igu). (Enlargement of the target group, etc. for basic integration training).",2021-04-22 00:00:00
8080,"Forslag til lov om ændring af lov om rentefrie lån svarende til indberettet A-skat og arbejdsmarkedsbidrag i forbindelse med covid-19, lov om rentefrie lån svarende til angivet moms og lønsumsafgift og fremrykket udbetaling af skattekreditter m.v. i forbindelse med covid-19 og lov om midlertidig udskydelse af angivelses- og betalingsfrister m.v. på skatteområdet i forbindelse med covid-19. (Udvidelse af A-skattelåneordningen og momslåneordningen og udskydelse af betalingsfrister for A-skat og arbejdsmarkedsbidrag som følge af covid-19 m.v.).","Proposal for a law amending the law on interest-free loans corresponding to reported A-tax and labour market contributions in connection with covid-19, law on interest-free loans corresponding to stated VAT and wage-sum tax and accelerated payment of tax credits, etc., in connection with covid-19 and law on the temporary postponement of declaration and payment periods, etc. in the tax field in connection with Covid-19. (Enlargement of the A-tax loan scheme and the VAT loan scheme and deferment of payment periods for A-tax and labour market contributions as a result of covid-19 etc.).",2021-04-27 00:00:00
8081,"Forslag til lov om ændring af lov om aflivning af og midlertidigt forbud mod hold af mink og lov om Miljø- og Fødevareklagenævnet. (Udvidelse af kredsen af kompensationsberettigede følgeerhverv, regler om krav om miljøtilladelser m.v., regler om ansøgning, frister og dokumentationskrav, regler om statens overtagelse af erstattede eller kompenserede aktiver og adgang til nedrivning og bortskaffelse m.v., regler om klageadgang og søgsmålsfrister m.v.).","Proposal for a law amending the law on the killing and temporary prohibition of the holding of mink and of the Law on the Environmental and Food Complaints Board. (Extending the circle of eligible secondary activities, rules on the requirement of environmental permits, etc., rules on application, deadlines and documentation requirements, rules on the State's taking over of replaced or compensated assets and access to demolition and disposal, etc., rules on redress and time limits for actions, etc.).",2021-04-27 00:00:00
8082,Forslag til lov om ændring af lov om miljøbeskyttelse. (Implementering af engangsplastdirektivets bestemmelser om udvidet producentansvar og oprydningsansvar).,Proposal for a law amending the Law on Environmental Protection. (Implementation of the provisions of the disposable plastics directive on extended producer responsibility and clean-up liability).,2021-04-27 00:00:00
8083,Forslag til lov om ændring af lov om miljøbeskyttelse. (Udtagning af kvælstofpulje til havbrug og reduktion af samlet kvælstofpulje til miljø- og ressourceeffektive dambrug).,Proposal for a law amending the Environmental Protection Act. (Purpose of nitrogen pool for marine use and reduction of total nitrogen pool for environmental and resource-efficient pond farms).,2021-04-27 00:00:00
8084,"Forslag til lov om supplerende bestemmelser til forordningen om ENISA (Den Europæiske Unions Agentur for Cybersikkerhed), om cybersikkerhedscertificering af informations- og kommunikationsteknologi og om ophævelse af forordning (EU) nr. 526/2013 (forordningen om cybersikkerhed) (lov om cybersikkerhedscertificering).","Proposal for a law supplementing the Regulation on ENISA (European Union Agency for Cybersecurity), on cybersecurity certification of information and communication technologies and repealing Regulation (EU) No 526/2013 (Cybersecurity Regulation) (Cybersecurity Certification Act).",2021-04-27 00:00:00
8085,"Forslag til lov om ændring af lov om produkter og markedsovervågning, lov om erhvervsfremme, lov om sikkerhed til søs, lov om fyrværkeri og andre pyrotekniske artikler og lov om maritim fysisk planlægning. (Udvidelse af anvendelsesområdet for lov om produkter og markedsovervågning, udvidede kontrolbeføjelser ved tilsyn med visse produkter efter lov om sikkerhed til søs, bemyndigelse til at fastsætte regler om ikkestatslige raketopsendelser og ophævelse af frist for udstedelse af havplanen m.v.).","Proposal for a law amending the law on products and market surveillance, law on business promotion, law on safety at sea, law on fireworks and other pyrotechnic articles and law on maritime spatial planning.",2021-04-27 00:00:00
8086,Forslag til lov om MitID og NemLog-in.,Draft law on MitID and NemLog-in.,2021-04-27 00:00:00
8094,Forslag til lov om ændring af lov om psykologer m.v. (Udvidelse af antallet af medlemmer i Psykolognævnet).,"Draft law amending the law on psychologists, etc. (Extending the number of members of the Psychologist Board).",2021-04-29 00:00:00
8095,Forslag til lov om ændring af lov om social service. (Videreførelse af Styrelsen for Patientsikkerheds Ældretilsyn og indførelse af obligatorisk opfølgnings- og læringsforløb efter påbud fra Styrelsen for Patientsikkerheds Ældretilsyn).,Proposal for a law amending the Social Services Act.,2021-04-29 00:00:00
8096,Forslag til lov om ændring af biobrændstofloven. (Bemyndigelse til udmøntning af nationale CO2-fortrængningskrav).,Proposal for a law amending the Biofuel Act.,2021-04-29 00:00:00
8097,"Forslag til lov om ændring af lov om fremme af besparelser i energiforbruget, lov om fremme af energibesparelser i bygninger og lov om ændring af lov om elforsyning, lov om fremme af vedvarende energi og elsikkerhedsloven og om ophævelse af lov om tilskud til fremme af vedvarende energi i virksomheders produktionsprocesser. (Gennemførelse af dele af klimaaftalen, bemyndigelse til sammenkædning af finansielle foranstaltninger til energieffektive renoveringer i bygninger med planlagte eller gennemførte energibesparelser og udsættelse af frist for anmodning om udbetaling af tilskud, hvortil tilsagn allerede er meddelt).","Proposal for a law amending the law on the promotion of energy savings, the law on the promotion of energy savings in buildings and the law on the amendment of the law on electricity supply, the law on the promotion of renewable energy and the law on electricity security and repealing the law on subsidies for the promotion of renewable energy in the production processes of enterprises. (Implementation of parts of the Climate Agreement, authorisation to link financial measures for energy-efficient renovations in buildings with planned or implemented energy savings and postponement of the deadline for the request for payment of grants, to which commitments have already been notified).",2021-04-29 00:00:00
8098,"Forslag til lov om ændring af fiskeriloven. (Ændrede vilkår for registrering som erhvervsfisker og erhvervsfiskerselskab, forenkling af bierhvervsfiskerreglerne, indberetningspligt for fritidsfiskere, krav om digital kommunikation, kontrolpunkter til søs m.v.).","Proposal for a Law amending the Law on Fisheries. (Adjusted conditions for registration as a commercial and commercial fishing company, simplification of secondary fishing rules, reporting obligations for recreational fishermen, digital communications requirements, control points at sea, etc.).",2021-04-29 00:00:00
8101,Forslag til lov om ændring af lov om videreanvendelse af den offentlige sektors informationer. (Udvidelse af lovens anvendelsesområde og indførelse af fri adgang til offentlige datasæt af høj værdi).,Proposal for a law amending the law on the re-use of public sector information. (Enlargement of the scope of the law and introduction of free access to high value public data sets).,2021-05-04 00:00:00
8102,Forslag til lov om screening af visse udenlandske direkte investeringer m.v. i Danmark (investeringsscreeningsloven).,Proposal for a law on the screening of certain foreign direct investment etc. in Denmark (investment screening law).,2021-05-04 00:00:00
8103,Forslag til lov om ændring af lov om mark- og vejfred. (Videreformidling af optagne katte).,Proposal for a law amending the Law on Field and Road Peace.,2021-05-04 00:00:00
8104,Forslag til lov om kontant og skattefri udbetaling af efterlønsbidrag og fleksydelsesbidrag i 2022.,Proposal for a law on cash and tax-free payment of pre-retirement and flexible contribution in 2022.,2021-05-04 00:00:00
8105,Forslag til lov om ændring af færdselsloven. (Nedsættelse af aldersgrænsen for kørekort til stor knallert m.v.).,Proposal for a law amending the Road Traffic Code. (Reduce age limit for driving licences for large mopeds etc.).,2021-05-04 00:00:00
8111,Forslag til lov om velfærdsaftaler på ældreområdet.,Proposal for a law on welfare agreements in the area of the elderly.,2021-05-06 00:00:00
8112,Forslag til lov om velfærdsaftaler på dagtilbudsområdet og folkeskoleområdet.,Proposal for a law on day-to-day welfare agreements and public schools.,2021-05-06 00:00:00
8113,Forslag til lov om ændring af færdselsloven. (Forhøjelse af afgift ved ulovlig standsning på handicapparkeringspladser og differentieret parkeringsafgift for lastbiler og busser afhængigt af betalingstidspunkt).,Proposal for a law amending the Road Traffic Code.,2021-05-06 00:00:00
8114,"Forslag til lov om ændring af lov om fremme af vedvarende energi, biobrændstofloven, lov om naturgasforsyning og forskellige andre love (Gennemførelse af dele af direktiv om fremme af anvendelsen af energi fra vedvarende energikilder, herunder bestemmelser om oprindelsesgarantier, tilladelsesprocesser, VE-fællesskaber, bæredygtighedskriterier og kriterier for drivhusgasemissionsbesparelser for biobrændstoffer, biomassebrændsler og flydende biobrændsler, m.v.)","Proposal for a law amending the law on the promotion of renewable energy, the Biofuel Act, the Act on natural gas supply and various other laws (Implementation of parts of the Directive on the promotion of the use of energy from renewable energy sources, including provisions on guarantees of origin, permit processes, renewable communities, sustainability criteria and criteria for greenhouse gas emission savings for biofuels, biomass fuels and biofuels, etc.)",2021-05-06 00:00:00
8117,"Forslag til lov om ændring af lov om arbejdsløshedsforsikring m.v. og lov om sygedagpenge. (Forlængelse af suspension af dagpengeforbrug, 4-månedersperioden ved opgørelse af karens og forbrug af supplerende dagpenge, mulighed for fravalg af årsopgørelsen for 2020 ved satsberegningen for selvstændige erhvervsdrivende og forlængelse af retten til sygedagpenge som følge af covid-19).","Proposal for a law amending the Law on unemployment insurance, etc. and the Law on sickness benefits (Extension of suspension of daily allowance consumption, 4-month period for the calculation of the supplementary allowance and the consumption of supplementary allowance, possibility of opting out of the annual statement for 2020 when calculating the rate for self-employed persons and extension of entitlement to sickness benefit as a result of covid-19).",2021-05-11 00:00:00
8118,"Forslag til lov om ændring af lov om aktiv socialpolitik. 
(Yderligere forlængelse af 12-månedersperioden i 225-timersreglen som følge af covid-19).",Proposal for a law amending the Act on Active Social Policy. (Further extension of the 12-month period in the 225-hour rule as a result of the covid-19).,2021-05-11 00:00:00
8119,"Forslag til lov om ændring af lov om naturgasforsyning, lov om fremme af vedvarende energi og forskellige andre love. (Indpasning af gas fra vedvarende energikilder, udbud af pristillæg for opgraderet biogas og andre gasser fra vedvarende energikilder, udbud af støtte til produktion af brændstoffer eller andre produkter fra elektricitet (power-to-x), justering af den økonomiske regulering af gasdistributionsselskaber og reglerne for gasdetailmarkedet og sidestillelse af regioner med kommuner i forhold til egenproduktion af elektricitet ved selskabsudskillelse m.v.).","Proposal for a law amending the Act on natural gas supply, the Law on the promotion of renewable energy and various other laws. (Integrating gas from renewable energy sources, the provision of price supplements for upgraded biogas and other gases from renewable energy sources, the provision of support for the production of fuels or other products from electricity (power-to-x), the adjustment of the economic regulation of gas distribution companies and the rules for the gas retail market and the advocacy of regions with municipalities in relation to own generation of electricity by corporate separation, etc.).",2021-05-11 00:00:00
8120,"Forslag til lov om ændring af sundhedsloven. (Vederlagsfri fortsat sygehusbehandling for personer fra Færøerne og Grønland, mellemkommunal refusion for socialtandpleje m.v.).","Proposal for a law amending the Health Act. (Continued hospital treatment for people from the Faroe Islands and Greenland, intercommunal reimbursement for social care, etc.).",2021-05-11 00:00:00
8125,Forslag til lov om ændring af lov om Arbejdsmarkedets Tillægspension. (Udvidelse af bestyrelsens indstillingsret vedrørende tarifgrundlaget m.v.).,"Proposal for a law amending the Law on the Supplementary Pension of the Labour Market. (Enlargement of the Board of Directors' right of appointment on the tariff basis, etc.).",2021-05-18 00:00:00
8131,Forslag til lov om hjemrejse for udlændinge uden lovligt ophold (hjemrejseloven).,Proposal for a law on the return of foreign nationals without legal residence (the Home Travel Act).,2021-05-20 00:00:00
8132,"Forslag til lov om ændring af lov om Danmarks Innovationsfond, lov om Danmarks Forsknings- og Innovationspolitiske Råd og Danmarks Frie Forskningsfond og lov om Danmarks Grundforskningsfond. (Justering af Danmarks Innovationsfonds formål og opgaver, henlæggelse af særlige virkemidler til fonden og justering af bestyrelsens kompetencer m.v.).","Proposal for a law amending the Law on the Danish Innovation Foundation, the Law on the Danish Research and Innovation Policy Council and the Danish Free Research Fund and the Law on the Danish National Research Foundation. (Adjusting the objectives and tasks of the Danish Innovation Foundation, laying down special instruments for the Foundation and adjusting the Board's competences, etc.).",2021-05-20 00:00:00
8180,Forslag til lov om ændring af lov om bemyndigelse til midlertidig fravigelse af bestemmelser om fysisk fremmøde ved generalforsamling i virksomheders vedtægter eller tilsvarende aftaler i forbindelse med covid-19. (Bemyndigelse til midlertidig udskydelse af indsendelsesfristen for årsrapporter og fravigelse af visse bestemmelser i virksomheders vedtægter eller tilsvarende aftaler).,Proposal for a law amending the Law authorising temporary derogations from the provisions on physical attendance at the general meeting of the statutes of undertakings or similar agreements relating to the covid-19. (Authorisation to temporarily postpone submission of annual reports and derogations from certain provisions of the statutes of undertakings or similar agreements).,2021-05-11 00:00:00
8181,Forslag til lov om leverandørsikkerhed i den kritiske teleinfrastruktur.,Proposal for a law on the security of suppliers in the critical telecommunications infrastructure.,2021-05-27 00:00:00
8182,Forslag til lov om fondsmæglerselskaber og investeringsservice og -aktiviteter.,Proposal for a law on trust companies and investment services and activities.,2021-05-27 00:00:00
8183,"Forslag til lov om ændring af lov om en aktiv beskæftigelsesindsats, lov om organisering og understøttelse af beskæftigelsesindsatsen m.v., lov om aktiv socialpolitik, lov om social pension og lov om kompensation til handicappede i erhverv m.v. (Bedre ressourceforløb m.v.).","Proposal for a law amending the Act on Active Employment, the Law on Organisation and Support for Employment, etc., the Act on Active Social Policy, the Act on Social Pensions and the Act on Compensation for Disabled Persons in Occupations, etc. (Better Running of Resources, etc.).",2021-05-27 00:00:00
8184,Forslag til lov om ændring af toldloven. (Tilpasning af toldloven til EU’s moderniserede pengeforordning m.v.).,"Proposal for a law amending the Customs Code. (Adjustment of the Customs Code to the EU's modernised Money Regulation, etc.).",2021-05-27 00:00:00
8185,"Forslag til lov om ændring af lov om ændring af straffeloven, retsplejeloven, lov om konkurrence- og forbrugerforhold på telemarkedet, våbenloven, udleveringsloven samt lov om udlevering af lovovertrædere til Finland, Island, Norge og Sverige. (Ændring af revisionsbestemmelse).","Proposal for a law amending the Law amending the Criminal Code, the Code of Procedure, the Law on Competition and Consumer Relations in the Telecommunications Market, the Law on Arms, the Extradition Act and the Law on the Extradition of Violators to Finland, Iceland, Norway and Sweden (Amendment of the revision clause).",2021-05-27 00:00:00
8213,Forslag til lov om ændring af lov om rigsretten. (Øget offentlighed ved Rigsrettens offentlige forhandlinger ved transmission af lyd og billede).,Proposal for a law amending the Law on the Law on the Law on the Law on the Law on the Law on the Law on the Law on the Law on the Law on the Law on the Law on the Law on the Law on the Law on the Law on the Law on the Law on the Law on the Law on the Law on the Law on the Law on the Law on the Law on the Law on the Law on the Law on the Law on the Law on the Law on the Law on the Law on the Law on the Law on the Law on the Law on the Law on the Law on the Law on the Law on the Law on the Law on the Law on the Law on the Law on the Law on the Law on the Law on the Law on the Law on the Law on the Law on the Law on the Law on the Law on the Law on the Law on the Law on the Law on the Law on the Law on the Law on the Law on the Law on the Law on the Law on the Law on the Law on the Law on the Law on the Law on the Law on the Law on the Law on the Law on the Law on the Law on the Law on the Law on the Law on the Law on the Law on the Law on the Law on the Law on the Law on the Law on the Law on the Law on the Law on the Law on the Law on the Law on the Law on the Law on the Law on the Law on the Law on the Law on the Public on the Law on the Law on the Law on the Law on the Law on the Law on the Law on the Law on the Law on the Law on the Law on the Law on the Law on the Law on the Law on the Law on the Law on the Law on the Law on the Law on the Law on the Law on the Law on the Law on the Law on the Law on the Law on the Law on the Law on the Law on the Law on the Law on the Law on the Law on the Law on the Law on the Law on the Law on the Law on the Law on the Law on the Law on the Law on the Law on the Law on the Law on the Law on the Law on the Law on the Law on the Law on the Law on the Law on the Law on the Law on the Law on the Law on the Law on the Law on the Law on the Law on the Law on the Law on the Law on the Law on the Law on the Law on the,2021-06-01 00:00:00
8214,Forslag til lov om ændring af lov om rigsretten. (Offentlighed om hver dommers stemmeafgivning og begrundelse).,Draft law amending the Law on the Court of Justice.,2021-06-01 00:00:00
8215,"Forslag til lov om ændring af lov om realkreditlån og realkreditobligationer m.v., lov om finansiel virksomhed og lov om et skibsfinansieringsinstitut. (Gennemførelse af direktiv om udstedelse af og offentligt tilsyn med dækkede obligationer og fastsættelse af overdækningskrav m.v. på baggrund af kapitalkravsforordningen (CRR)).","Proposal for a law amending the law on mortgage loans and mortgage bonds etc., the law on financial activities and the law on a ship finance institution. (Implementation of the directive on the issue and public supervision of covered bonds and the setting of overdraft requirements, etc., in the light of the Capital Requirements Regulation (CRR)).",2021-06-01 00:00:00
8216,"Forslag til lov om ændring af lov om en garantifond for skadesforsikringsselskaber, lov om investeringsforeninger m.v., hvidvaskloven og forskellige andre love. (Øget investorbeskyttelse ved grænseoverskridende markedsføring af investeringer og styrket tilsyn med aktører på det digitale marked for finansielle ydelser m.v.).","Proposal for a law amending the law on a guarantee fund for non-life insurance companies, the law on investment funds, etc., the law on money laundering and various other laws. (Increased investor protection in cross-border marketing of investments and enhanced supervision of players in the digital market for financial services, etc.).",2021-06-01 00:00:00
8217,Forslag til lov om ændring af lov om restrukturering og afvikling af visse finansielle virksomheder og ligningsloven. (Oprettelse af gældsrådsgivningsenhed i Finansiel Stabilitet som følge af aftale om erstatning m.v. til minkavlerne og følgeerhverv berørt af covid-19).,Proposal for a law amending the Law on the restructuring and winding-up of certain financial undertakings and the law on equations.,2021-06-01 00:00:00
8218,Forslag til lov om ændring af lov om Danmarks Grønne Investeringsfond. (Etablering af Danmarks Grønne Fremtidsfond samt finansiering gennem statsligt genudlån).,Proposal for a law amending the Law on the Danish Green Investment Fund.,2021-06-01 00:00:00
8219,Forslag til lov om ændring af dødsboskatteloven og kildeskatteloven. (Indgreb mod skatteundgåelse ved overtagelse af virksomhed i virksomhedsordningen).,Proposal for a law amending the deathboat tax law and the withholding tax law. (Action against tax avoidance by taking over business under the corporate scheme).,2021-06-01 00:00:00
8220,"Forslag til lov om ændring af selskabsskatteloven og forskellige andre love. (EU-retlig tilpasning af foreningsbeskatningen, diverse justeringer af investeringsinstitutters beskatning, skattefritagelse af selvejende plejehjem og plejeboliger, forhøjelse af det skattefri bundfradrag for ydelser fra sociale fonde m.v., indberetning af udbytter af aktier m.v. registreret i en dansk værdipapircentral og kontoført af en udenlandsk kontofører og ændringer som følge af det midlertidige forbud mod hold af mink m.v.).   ","Proposal for a law amending the Corporate Tax Act and various other laws. (EU legal adjustment of the association tax, various adjustments to UCITS tax, tax exemption of self-employed nursing homes and nursing homes, increase of tax-free bottom allowance for benefits from social funds, etc., reporting of dividends on shares, etc. registered in a Danish CSD and account taken by a foreign account holder and changes resulting from the temporary ban on holding mink etc.).",2021-06-01 00:00:00
8221,Forslag til lov om indfødsrets meddelelse.,Draft law on the notification of citizenship.,2021-06-01 00:00:00
8222,"Forslag til lov om ændring af lov om almene boliger m.v., lov om leje af almene boliger og lov om leje. (Tidligere hårde ghettoområder, som er omfattet af en udviklingsplan).","Proposal for a law amending the General Housing Act, the General Housing Act and the Lease Act. (Previously hard ghetto areas covered by a development plan).",2021-06-01 00:00:00
8223,"Forslag til lov om ændring af lov om autorisation af sundhedspersoner og om sundhedsfaglig virksomhed, lov om tobaksvarer m.v., lov om elektroniske cigaretter m.v. og forskellige andre love. (Ændring af journalføringsreglerne, reaktionsmulighed ved manglende betaling af registreringsgebyr på tatoveringsområdet og supplerende bestemmelser i tilknytning til markedsovervågningsforordningen samt lovtekniske ændringer i psykiatriloven og strålebeskyttelsesloven).","Proposal for a law amending the Law on the Authorisation of Health Careers and on Healthcare, Tobacco Products Act, Electronic Cigarettes Act, etc., and various other laws. (Amendment of the rules on record keeping, reaction to non-payment of registration fees in the field of tattoo, and additional provisions related to the Market Surveillance Regulation, as well as legal technical amendments to the Psychiatry Act and the Radiation Protection Act).",2021-06-01 00:00:00
8275,"Forslag til lov om ændring af straffeloven, lov om politiets virksomhed, retsplejeloven og udlændingeloven. (Forbud mod deltagelse i nattelivet, udvidet adgang til beslaglæggelse af værdigenstande og udvisning af udlændinge dømt for vanvidskørsel m.v.).","Proposal for a law amending the criminal code, law on police activities, the law on the administration of justice and the law on foreigners. (Objections against participation in nightlife, extended access to seizure of valuables and expulsion of foreigners convicted of driving madness, etc.).",2021-06-03 00:00:00
8281,Forslag til lov om politiets virksomhed. (Tryghedsskabende opholdsforbud).,Proposal for a law on police activities.,2021-06-03 00:00:00
8282,"Forslag til lov om ændring af retsplejeloven og forskellige andre love og om ophævelse af lov om udpantning og om udlæg uden grundlag af dom eller forlig. (Effektivisering af straffesagskæden, digital kommunikation i skiftesager, pligtig afgangsalder for dommerfuldmægtige m.v.).","Proposal for a law amending the Code of Criminal Procedure and various other laws and repealing the law on prac tice and non-conciliation. (Effectiveisation of criminal proceedings chain, digital communication in shift cases, compulsory retirement age of judges, etc.).",2021-06-03 00:00:00
8283,"Forslag til lov om ændring af retsplejeloven. (Øget brug
af telekommunikation med billede i retsmøder om visse foranstaltninger).",Proposal for a law amending the Code of Civil Procedure. (Increased use of telecommunications with a picture in court hearings on certain measures).,2021-06-03 00:00:00
8284,"Forslag til lov om ændring af retsplejeloven, lov om aktiv socialpolitik og forskellige andre love. (Nedsættelse af visse offentlige ydelser ved tiltaltes udeblivelse uden dokumenteret lovligt forfald).","Draft law amending the Code of Procedure, the Act on Active Social Policy and various other laws.",2021-06-03 00:00:00
8285,"Forslag til lov om ændring af retsplejeloven. (Nyt uafhængigt tilsyn med bevismidler, udvidelse af politiklageordningen og justering af ordningen med fartbøder til politiets personale i forbindelse med udrykningskørsel som led i tjenesten).","Draft law amending the Code of Procedure. (New independent supervision of evidence, extension of the system of police charges and adjustment of the system of speeding tickets for police personnel in the field of emergency services).",2021-06-03 00:00:00
8286,Forslag til lov om ændring af købeloven og lov om markedsføring. (Ændring af reglerne om forbrugerkøb som følge af implementering af varedirektivet og direktivet om digitalt indhold).,Proposal for a law amending the Law on Purchases and the Law on Marketing (Amendment of the rules on consumer purchases resulting from the implementation of the Goods Directive and the Digital Content Directive).,2021-06-03 00:00:00
8288,"Forslag til lov om ændring af lov om naturbeskyttelse, lov om skove, dyrevelfærdsloven, lov om mark- og vejfred og færdselsloven. (Adgang til at etablere naturnationalparker og obligatorisk digital kommunikation m.v.).","Proposal for a law amending the Law on Nature Conservation, Forests Act, Animal Welfare Act, Field and Road Peace Act and Road Traffic Act. (Access to the establishment of national parks and mandatory digital communication, etc.).",2021-06-03 00:00:00
8289,"Forslag til lov om ændring af lov om ophavsret. (Implementering af dele af direktiv om ophavsret og beslægtede rettigheder på det digitale indre marked og direktiv om regler for udøvelse af ophavsretten og beslægtede rettigheder, der gælder for visse af tv- og radioselskabernes onlinetransmissioner og retransmissioner af tv- og radioprogrammer m.v.).","Proposal for a law amending the law on copyright (Implementation of parts of the directive on copyright and related rights in the digital internal market and Directive on the rules for the exercise of copyright and related rights applicable to the online broadcasting and broadcasting of television and radio programmes, etc. by certain broadcasters).",2021-06-03 00:00:00
8324,"Forslag til lov om ændring af lov om inddrivelse af gæld til det offentlige, skatteforvaltningsloven og dødsboskatteloven.  (Ændringer med henblik på at understøtte overførsel af fordringer til nyt inddrivelsessystem, automatiseret modregning og håndtering af indbetalinger på gæld med retskrafttvivl eller mistanke om datafejl m.v.).","Proposal for a law amending the Law on the Recovery of Debts to the Government, the Tax Administration Act and the Deathboat Tax Act. (Amendments to support the transfer of claims to a new recovery system, automated offsetting and handling of debt payments with res judicata doubt or suspicion of data errors, etc.).",2021-06-04 00:00:00
8325,"Forslag til lov om ændring af lov om energiafgift af mineralolieprodukter m.v., spiritusafgiftsloven, momsloven og forskellige andre love. (Implementering af det omarbejdede cirkulationsdirektiv, direktivet om militær mobilitet og ændringer i alkoholstrukturdirektivet, justering af reglerne om adgang til virksomheders bevillings- og registreringsforhold, præcisering af bagatelgrænsereglen i en række afgiftslove, justering af momsreglerne for udlejningsvirksomheder og køreskolers salg af motorkøretøjer og tilpasning til EU-regler af tidspunktet for momsfradragsrettens indtræden m.v.).","Proposal for a law amending the law on energy taxes on petroleum products, etc., the Spirit Tax Act, the VAT Act and various other laws. (Implementation of the recast circulation directive, the directive on military mobility and changes in the alcohol structure directive, adjustment of the rules on access to company licensing and registration conditions, clarification of the de minimis rule in a number of tax laws, adjustment of the VAT rules for rental companies and vehicle sales by driving schools, and adaptation to EU rules on the date of entry of the VAT deduction etc.).",2021-06-04 00:00:00
8363,Forslag til lov om beskyttelse af whistleblowere.,Draft law on the protection of whistleblowers.,2021-06-24 00:00:00
8364,Forslag til lov om ændring af epidemiloven. (Overvågning af smitsomme sygdomme via spildevand).,Proposal for a law amending the Code on Epidemiology.,2021-06-24 00:00:00
8365,Forslag til lov om ændring af lov om arbejdsgiveres adgang til at pålægge lønmodtagere at blive testet for covid-19 m.v. og lov om udstationering af lønmodtagere m.v. (Udskydelse af solnedgangsklausul).,Proposal for a law amending the law on the right of employers to require employees to be tested for covid-19 etc. and the law on the posting of employees etc. (Exclusion of the sunset clause).,2021-06-24 00:00:00
8366,"Forslag til lov om ændring af lov om forebyggelse af smitte med covid-19, når arbejdsgivere stiller bolig til rådighed for ansatte, og lov om pligt til at sikre covid-19-test af tilrejsende arbejdskraft efter indrejse i Danmark. (Udskydelse af solnedgangsklausuler).",Proposal for a law amending the law on the prevention of infection by covid-19 when employers provide accommodation for employees and the law on the obligation to ensure the covid-19 test of incoming workers after entry into Denmark. (Exclusion of sunset clauses).,2021-06-24 00:00:00
8367,"Forslag til lov om ændring af lov om arbejdsløshedsforsikring m.v., lov om sygedagpenge og barselsloven. (Dagpengeret til selvstændige erhvervsdrivende uden forudgående medlemskab af en arbejdsløshedskasse, midlertidigt ophør af selvstændig virksomhed, forlængelse af den midlertidige periode med ret til sygedagpenge for lønmodtagere, der er i øget risiko ved smitte med covid-19, og for lønmodtagere, der er pårørende til personer, der er i øget risiko ved smitte med covid-19, og indførelse af periode, der kan ses bort fra ved vurdering af beskæftigelseskravet for ret til syge- og barselsdagpenge for selvstændige).","Proposal for a law amending the Law on unemployment insurance, etc., the Law on sickness benefit and the Law on maternity leave. (The right to cash benefits for selfemployed persons without prior membership of an unemployment fund, temporary cessation of selfemployed activities, extension of the temporary period of entitlement to sickness benefit for employees at increased risk of covid-19 and for employees who are relatives of persons at increased risk of covid-19 infection, and introduction of a period which may be disregarded when assessing the employment requirement for entitlement to sickness and maternity benefits for selfemployed persons).",2021-06-24 00:00:00
8368,Forslag til lov om ændring af lov om en aktiv beskæftigelsesindsats. (Særlig løntilskudsordning for langtidsledige seniorer).,Proposal for a law amending the Act on Active Employment. (Special wage subsidy scheme for longterm unemployed seniors).,2021-06-24 00:00:00
8375,Forslag til lov om fornyelse af overenskomster og aftaler for sygeplejersker.,Draft law on the renewal of agreements and agreements for nurses.,2021-08-27 00:00:00
8377,"Forslag til lov om ændring af lov om rentefrie lån svarende til angivet moms og lønsumsafgift og fremrykket udbetaling af skattekreditter m.v. i forbindelse med covid-19 og lov om midlertidig udskydelse af angivelses- og betalingsfrister m.v. på skatteområdet i forbindelse med covid-19. (Udskydelse af tilbagebetalingsfrister for låneordninger for moms, midlertidig forlængelse af maksimal varighed for betalingsordninger for skattekontoen og nedsættelse af beløbsgrænse for kreditsaldo på skattekontoen som følge af covid-19).","Proposal for a law amending the law on interest-free loans corresponding to declared VAT and payroll tax and accelerated payment of tax credits, etc. in connection with the covid-19 and the law on the temporary postponement of declaration and payment deadlines, etc. in the tax field in the context of the Covid-19. (Exclusion of payment deadlines for VAT credit schemes, temporary extension of maximum duration of payment arrangements for the tax account and reduction of credit balance on the tax account due to the covid-19).",2021-10-14 00:00:00
8382,Forslag til lov om ændring af lov om Digital Post fra offentlige afsendere. (Omstillingsperiode ved overgang til en ny digital post-løsning).,Proposal for a law amending the Digital Post Act from public senders. (Replacement period on transition to a new digital post solution).,2021-11-09 00:00:00
8383,Forslag til lov om ændring af lov om folkeskolen. (Frihedsgrader til håndtering af faglige udfordringer som følge af covid-19 hos elever i folkeskolen i skoleåret 2021/22).,Proposal for a law amending the Law on Primary School. (Freedom degrees for dealing with professional challenges arising from covid-19 with pupils in primary school in the school year 2021/22).,2021-11-09 00:00:00
8384,Forslag til lov om ændring af lov om social pension. (Særlig adgang til oplysninger fra Rigsarkivet for ansøgere af tidlig pension m.v.).,Draft law amending the Social Pensions Act. (Special access to information from the National Archives for applicants for early retirement etc.).,2021-11-09 00:00:00
8385,Forslag til lov om ændring af lov om dansk indfødsret. (Adgang for børn af dansksindede sydslesvigere til at blive danske statsborgere som biperson).,Draft law amending the law on Danish citizenship. (Access for children of Danish-minded Southern Schleswigers to become Danish citizens as a secondary).,2021-11-11 00:00:00
8386,"Forslag til lov om ændring af lov om dansk indfødsret og ophævelse af lov om indfødsretsprøven af 2015. (Afskaffelse af erklæringsadgangen for naturaliserede nordiske statsborgere mellem 18 og 23 år, spørgsmål om danske værdier i en indfødsretsprøve, bemyndigelse til at fastsætte nærmere regler om udveksling af håndtryk ved en grundlovsceremoni og forhøjelse af gebyret, der betales ved indgivelse af en ansøgning om dansk statsborgerskab ved naturalisation).","Proposal for a law amending the law on Danish citizenship and repealing the law on the citizenship test of 2015. (Delivering the declaration access for naturalised Nordic citizens between 18 and 23 years of age, questions about Danish values in a citizenship test, authorisation to lay down detailed rules on the exchange of handshakes at a constitutional ceremony and an increase in the fee paid when submitting an application for Danish citizenship by naturalisation).",2021-11-11 00:00:00
8387,"Forslag til lov om midlertidig opholdstilladelse til personer, der i Afghanistan har bistået danske myndigheder m.v. ","Proposal for a law on temporary residence permits for persons who have assisted Danish authorities in Afghanistan, etc.",2021-11-11 00:00:00
8388,Forslag til lov om Slots- og Kulturstyrelsens kontrol og tilsyn med covid-19-kompensationsordninger m.v. på Kulturministeriets område.,"Proposal for a law on the control and supervision of covid-19 compensation schemes, etc. in the field of the Ministry of Culture.",2021-11-11 00:00:00
8389,Forslag til lov om ændring af lov om midlertidige foranstaltninger på børne- og undervisningsområdet og folkehøjskoleområdet og for den frie folkeoplysende virksomhed til forebyggelse og afhjælpning i forbindelse med covid-19. (Forlængelse af lovens gyldighed).,Proposal for a law amending the law on temporary measures in the field of children's education and folk high school and for the free public awareness activities to prevent and remedy covid-19.,2021-11-11 00:00:00
8396,"Forslag til lov om ændring af lov om erhvervsuddannelser, lov om Arbejdsgivernes Uddannelsesbidrag og forskellige andre love. (Udmøntning af trepartsaftale om flere lærepladser og entydigt ansvar).","Proposal for a law amending the Law on Vocational Training, the Law on Employers' Educational Contributions and various other laws.",2021-11-23 00:00:00
8397,"Forslag til lov om ændring af lov om ændring af lov om folkeskolen, lov om friskoler og private grundskoler m.v., lov om social service og lov om en børne- og ungeydelse. (Udskydelse af revisionsbestemmelse).","Proposal for a law amending the Law amending the Law on Public Schools, the Law on Free Schools and Private Primary Schools, etc., the Law on Social Services and the Law on Child and Youth Benefits. (Exclusion of revision clause).",2021-11-23 00:00:00
8398,Forslag til lov om ændring af lov om de gymnasiale uddannelser. (Ophævelse af revisionsbestemmelse).,Proposal for a law amending the Law on upper secondary education.,2021-11-23 00:00:00
8399,Forslag til lov om ændring af lov om kommunale internationale grundskoler. (Ophævelse af revisionsbestemmelse).,Proposal for a law amending the Law on Municipal International Primary Schools.,2021-11-23 00:00:00
8401,Forslag til lov om ændring af byggeloven. (Bemyndigelse til fastsættelse af krav til bygningers klimapåvirkning m.v.).,"Proposal for a law amending the Building Act. (Authorisation to set requirements for the climate impact of buildings, etc.).",2021-11-23 00:00:00
8402,"Forslag til lov om ændring af lov om forbrugeraftaler og lov om aftaler og andre retshandler på formuerettens område. (Ændring af reglerne om forbrugeraftaler som følge af implementering af visse dele af direktivpakken New Deal for Consumers (moderniseringsdirektivet) og ændringer af forbrugerbeskyttende regler, der falder uden for implementering af moderniseringsdirektivet).",Proposal for a law amending the law on consumer contracts and the law on agreements and other legal acts in the field of property law (Amendment of the rules on consumer contracts resulting from the implementation of certain parts of the New Deal for Consumers Directive (Modernisation Directive) and amendments to consumer protection rules that fall outside the scope of the Modernisation Directive).,2021-11-23 00:00:00
8406,"Forslag til lov om ændring af lov om godkendelse og syn af køretøjer. (Godkendelse af køretøjer, der ikke er omfattet af typegodkendelsesforordningerne).",Proposal for a law amending the law on the approval and inspection of vehicles (approval of vehicles not covered by the type-approval regulations).,2021-11-25 00:00:00
8407,"Forslag til lov om arbejdsgiveres adgang til at pålægge lønmodtagere forevisning af coronapas, test for covid-19 m.v.","Proposal for a law on the right of employers to impose on employees the production of coronapas, tests for covid-19 etc.",2021-11-25 00:00:00
8408,Forslag til lov om gennemførelse af protokol om ændring af dobbeltbeskatningsoverenskomsten mellem Kongeriget Danmark og Ukraine.,Proposal for a law implementing the Protocol amending the Double Taxation Agreement between the Kingdom of Denmark and Ukraine.,2021-11-25 10:00:00
8409,Forslag til lov om gennemførelse af protokol til ændring af dobbeltbeskatningsoverenskomsten mellem Kongeriget Danmark og Forbundsrepublikken Tyskland.,Proposal for a law implementing the Protocol amending the Double Taxation Agreement between the Kingdom of Denmark and the Federal Republic of Germany.,2021-11-25 10:00:00
8410,"Forslag til lov om ændring af registreringsafgiftsloven, skatteforvaltningsloven, virksomhedsskatteloven og forskellige andre love. (Ændring af den skatte- og afgiftsmæssige behandling af ladestandere til køretøjer, stramning af leasingregler for køretøjer, indførelse af særlig procedure for partshøring ved værdifastsættelse af nye og brugte køretøjer m.v. og indførelse af solidarisk hæftelse for selvanmeldere m.v.)","Proposal for a Law amending the Registration Tax Act, the Tax Administration Act, the Business Tax Act and various other laws.",2021-11-25 10:00:00
8411,"Forslag til lov om ændring af skattekontrolloven og ligningsloven. (Kompetence til godkendelse af oplysningsskemaet m.v., lempelse af kravet om udarbejdelse af transfer pricing-dokumentation i visse rent danske situationer, justering af straffebestemmelsen om indgivelse af land for land-rapport, beskatning af lejeindtægter ved udlejning af helårsbolig og godkendelse af små patientforeninger for sjældne sygdomme som almenvelgørende foreninger m.v.).","Proposal for a law amending the Tax Control Act and the law on equations. (Competence for approval of the information document, etc., relaxation of the requirement for the preparation of transfer pricing documentation in certain purely Danish situations, adjustment of the penal provision on the submission of country-by-country reports, taxation of rental income by renting a full-year residence, and approval of small patient associations for rare diseases, general welfare associations, etc.).",2021-11-25 00:00:00
8412,Forslag til lov om ændring af skattekontrolloven. (Regnskabsføring i fremmed valuta for visse udenlandske kulbrinteskattepligtige).,Proposal for a law amending the Tax Control Act.,2021-11-25 00:00:00
8413,Forslag til lov om projektering og anlæg af en energiø i Nordsøen.,Proposal for a law on the design and construction of an energy island in the North Sea.,2021-11-25 00:00:00
8414,Forslag til lov om ændring af lov om klima. (Indikativt klimamål for 2025).,Proposal for a law amending the Climate Act. (Indicative Climate Goals for 2025).,2021-11-25 00:00:00
8415,Forslag til lov om ændring af lov om markedsføring. (Gennemførelse af ændringer i direktivet om urimelig handelspraksis og indførelse af regler om handelspraksis rettet mod børn og unge samt ny bødemodel m.v.).,"Proposal for a law amending the Law on Marketing. (Implementation of amendments to the Unfair Commercial Practices Directive and the introduction of rules on commercial practices for children and young people and new model of fines, etc.).",2021-11-25 00:00:00
8416,Forslag til lov om ændring af lov om anvendelsen af visse af Den Europæiske Unions retsakter om økonomiske forbindelser til tredjelande m.v. (Ophævelse af forbud mod teknisk bistand og indførelse af straffebestemmelse for ny kontrol med cyberovervågningsprodukter).,"Proposal for a law amending the law on the application of certain acts of the European Union relating to economic relations with third countries, etc. (Completion of the prohibition of technical assistance and introduction of criminal sanctions for new controls on cyber-monitoring products).",2021-11-30 00:00:00
8417,"Forslag til lov om ændring af lov om administration af tilskud fra Den Europæiske Regionalfond og Den Europæiske Socialfond og lov om erhvervsfremme. (Tilpasninger af reglerne om administration af EU-forordninger vedrørende Regionalfonden, Socialfonden Plus og Fonden for Retfærdig Omstilling m.v.).","Proposal for a law amending the law on the administration of grants from the European Regional Fund and the European Social Fund and the Law on business promotion. (Adjustments to the rules on the administration of EU regulations concerning the Regional Fund, the Social Fund Plus and the Fund for Fair Conversion etc.).",2021-11-30 00:00:00
8422,Forslag til lov om ændring af SU-loven og lov om statens voksenuddannelsesstøtte. (Ligestilling ved tildeling af ekstra SU i forbindelse med fødsel eller adoption m.v.).,Proposal for a law amending the S.U. Act and the Law on State Adult Training Aid. (Equal treatment in the award of extra SU in connection with birth or adoption etc.).,2021-12-02 00:00:00
8423,"Forslag til lov om ændring af taxiloven. (Dokumentationskrav til brug for tilsyn og med hensyn til danskkundskaber for chauffører, gebyrer og overenskomstkrav for tilladelser i henhold til tidligere gældende lov om taxikørsel m.v.).","Proposal for a law amending the Taxi Code. (Documentation requirements for supervision and for Danish know-how for drivers, fees and contractual requirements for permits under previously applicable taxi driving law etc.).",2021-12-02 00:00:00
8424,Forslag til lov om ændring af færdselsloven og lov om produkter og markedsovervågning. (Markedsovervågning på færdselsområdet m.v.).,"Proposal for a law amending the law on road traffic and the law on products and market surveillance. (Market monitoring in road traffic, etc.).",2021-12-02 00:00:00
8425,Forslag til lov om ændring af postloven. (Hjemmel til at sanktionere overtrædelse af indberetningsforpligtelser efter forordning om grænseoverskridende pakkeleveringstjenester).,Proposal for a law amending the Postal Code. (Home to sanction infringement of reporting obligations under regulation on cross-border parcel delivery services).,2021-12-02 00:00:00
8426,"Forslag til lov om ændring af jernbaneloven, lov om elektrificering af jernbanen og ligningsloven. (Fravigelse af støjkrav i forbindelse med jernbaneprojekter i særlige tilfælde og kompensation herfor).","Proposal for a law amending the Railway Act, Law on rail electrification and equations. (Derogation of noise requirements for railway projects in special cases and compensation for this).",2021-12-02 00:00:00
8427,Forslag til lov om ændring af lov om forsvarets personel. (Udvidelse af ordningen for supplerende ydelse for udsendt personel m.v.).,"Proposal for a law amending the law on defence personnel. (Enlargement of the supplementary allowance scheme for seconded personnel, etc.).",2021-12-02 00:00:00
8429,Forslag til lov om ændring af lov om forsøgsordning med medicinsk cannabis. (Permanent mulighed for dyrkning af cannabis m.v.).,Proposal for a law amending the law on experimental medical cannabis. (Permanent possibility of growing cannabis etc.).,2021-12-02 00:00:00
8431,Forslag til lov om ændring af lov om forsøgsordning med medicinsk cannabis. (Forlængelse af forsøgsordningen).,Proposal for a law amending the law on the experimental system of medical cannabis.,2021-12-02 00:00:00
8443,"Forslag til lov om ændring af lov om sygedagpenge og barselsloven. (Udvidet ret for arbejdsgiver til refusion og for selvstændige til sygedagpenge som følge af covid-19 samt ny midlertidig periode med ret til dagpenge ved pasning af børn som følge af covid-19).
 
",Proposal for a law amending the Law on sickness benefits and the Law on maternity leave. (Enlarged right for employers to reimbursement and for selfemployed persons to sickness benefit as a result of covid-19 and a new temporary period with entitlement to child care benefit as a result of covid-19).,2021-12-09 00:00:00
8444,"Forslag til lov om ændring af lov om retssikkerhed og administration på det sociale område, lov om social service og lov om bekæmpelse af ungdomskriminalitet. (Forenkling og præcisering af regler om finansiering, mellemkommunal refusion og satsregulering m.v.).","Proposal for a law amending the law on legal certainty and administration in the social field, the law on social services and the law on combating juvenile delinquency. (Simplification and clarification of rules on financing, inter-communal reimbursement and rate regulation, etc.).",2021-12-09 00:00:00
8445,Forslag til lov om ændring af lov om trossamfund uden for folkekirken. (Udskydelse af revisionsbestemmelse).,Draft law amending the law on religions outside the national church. (Exclusion of revision clause).,2021-12-09 00:00:00
8446,"Forslag til lov om ændring af lov om luftfart. (Præcisering af rammerne for indskrænkninger i adgangen til luftfart og for tildeling af tilladelse til at udføre ruteflyvning, hjemmel til krav om sikkerhedsgodkendelser m.v.).","Proposal for a law amending the Law on Air Transport (Preparation of the framework for restrictions on access to air transport and for the granting of permission to operate scheduled air services, legal basis for requirements for safety authorisations, etc.).",2021-12-09 10:00:00
8452,"Forslag til lov om ændring af pensionsbeskatningsloven, pensionsafkastbeskatningsloven og forskellige andre love. (Korrektion af fejlindbetalinger til pensionsordninger, flytning af årets pensionsindbetalinger til andet pensionsinstitut og justeringer af bl.a. pensionsbeskatningsloven og pensionsafkastbeskatningsloven).","Proposal for a law amending the Pension Tax Act, the Pension Return Tax Act and various other laws (Correction of mispayment to pension schemes, transfer of pension payments to other pension institutions of the year and adjustments to, inter alia, the Pension Taxation Act and the Pension Return Tax Act).",2021-12-14 00:00:00
8453,"Forslag til lov om ændring af lov om Arbejdsgivernes Uddannelsesbidrag. (Justering af fleksibelt uddannelsesbidrag og aktivitetsafhængigt VEU-bidrag for 2022, fastsættelse af modelparametre for erhvervsuddannelser til brug for beregning af praktikpladsafhængigt arbejdsgiverbidrag for 2022 og fastholdelse af merbidragssats m.v.).","Proposal for a law amending the Law on Employers' Educational Contribution. (Adjusting flexible training contributions and activity-dependent VEU contributions for 2022, setting model parameters for vocational training to be used for calculating internship-dependent employer contributions for 2022 and maintaining additional contribution rates, etc.).",2021-12-14 00:00:00
8454,"Forslag til lov om ændring af straffeloven, retsplejeloven og lov om tilhold, opholdsforbud og bortvisning. (Styrket indsats mod stalking).","Proposal for a law amending the Criminal Code, the Code of Procedure and the Act on restraining orders, residence bans and expulsions. (Strengthened action against stalking).",2021-12-14 13:00:00
8459,"Forslag til lov om ændring af straffeloven, retsplejeloven, hvidvaskloven og forskellige andre love. (Implementering af initiativer i aftale om politiets og anklagemyndighedens økonomi 2021-2023, herunder etablering af National Enhed for Særlig Kriminalitet).","Draft law amending the Criminal Code, the Code of Criminal Procedure, the Laundry Act and various other laws. (Implementation of initiatives in agreement on the Police and Public Prosecutor's Economy 2021-2023, including the establishment of the National Unit for Special Crime).",2021-12-16 10:00:00
8460,Forslag til lov om ændring af lov om pas til danske statsborgere m.v. (Styrkelse af passikkerheden m.v.).,"Draft law amending the law on passports for Danish citizens, etc. (strengthening passport security, etc.).",2021-12-16 00:00:00
8461,"Forslag til lov om ændring af lov om Det Centrale Personregister. (Palæstina, Gaza, Vestbredden og Østjerusalem som fødselsregistreringssted i CPR).","Proposal for a law amending the Central Personal Register of Persons (Palestine, Gaza, West Bank and East Jerusalem as a place of birth registration in the CPR).",2021-12-16 00:00:00
8462,Forslag til lov om ændring af lov om ændring af kriminallov for Grønland og retsplejelov for Grønland. (Ophævelse af ophørsklausul for foranstaltninger til at forebygge og inddæmme smitte med covid-19 m.v.).,Proposal for a law amending the law amending the law on criminal law for Greenland and the law on the administration of justice for Greenland.,2021-12-16 00:00:00
8463,"Forslag til lov for Grønland om identifikation af aktionærer, videregivelse af oplysninger og lettelse af udøvelsen af aktionærrettigheder.","Draft law for Greenland on the identification of shareholders, disclosure of information and facilitation of the exercise of shareholder rights.",2021-12-16 00:00:00
8464,Forslag til lov om ændring af lov om stormflod og stormfald. (Indførelse af erstatning for visse skader forårsaget af tørke samt ændring af lovens titel m.v.).,"Draft law amending the law on storms and storms. (Incorporation of compensation for certain damage caused by droughts and amendment of the title of the law, etc.).",2021-12-16 00:00:00
8465,"Forslag til lov om ændring af lov om valg til Folketinget, lov om valg af danske medlemmer til Europa-Parlamentet og lov om kommunale og regionale valg. (Forbud mod betaling for vælgererklæringer og stillerunderskrifter samt krav om godkendelse af navneændring for opstillingsberettigede partier m.v.).","Draft law amending the Act on Elections to the Folketing, Act on Elections of Danish Members to the European Parliament and Law on Municipal and Regional Elections. (Objections against payment for electoral declarations and making signatures, as well as requirements for approval of change of name for eligible parties, etc.).",2021-12-16 00:00:00
8466,Forslag til lov om ændring af lov om frikommunenetværk. (Forlængelse af udvalgte forsøgsmuligheder i Frikommuneforsøg II).,Proposal for a law amending the Law on Free Commune Networks. (Extension of selected experimental possibilities in Free Commune Study II).,2021-12-16 00:00:00
8467,Forslag til lov om ændring af lov om beskyttelse af havmiljøet. (Geologisk lagring af CO2 under havbunden).,Proposal for a law amending the Law on the Protection of the Marine Environment (Geological storage of CO2 below the seabed).,2021-12-16 00:00:00
8468,"Forslag til lov om ændring af lov om institutioner for almengymnasiale uddannelser og almen voksenuddannelse m.v., lov om de gymnasiale uddannelser, lov om private institutioner for gymnasiale uddannelser og lov om institutioner for erhvervsrettet uddannelse. (Udskydelse af solnedgangsklausul, afskaffelse af ventelister, begrænsning af mulighed for institutionsskift, etablering af tilskudsloft for elever på private gymnasier og midlertidigt stop for optag).","Proposal for a law amending the law on institutions for general upper secondary education and adult general education, etc., the law on upper secondary education, the law on private institutions for upper secondary education and the law on institutions for vocational education and training (exclusion of the sunset clause, abolition of waiting lists, limitation of the possibility of institutional change, establishment of a ceiling on grants for pupils in private secondary schools and temporary cessation of admissions).",2021-12-16 00:00:00
8481,"Forslag til lov om ændring af lov om social pension, lov om højeste, mellemste, forhøjet almindelig og almindelig førtidspension m.v. og lov om arbejdsløshedsforsikring m.v.
 (Forlængelse af midlertidig ordning om ret til at få fratrukket merindtægt som følge af arbejde relateret til covid-19 ved indtægtsregulering af folke-, senior- og førtidspension m.v. og fritagelse for fradrag i efterløn for merindtægt fra arbejde relateret til covid-19).
","Draft Law amending the Law on Social Pensions, Law on the Highest, Middle, Higher General and General Early Child Benefit, etc., and the Law on Unemployment Insurance, etc. (Extension of temporary scheme on the right to receive additional income from work related to covid-19 by income adjustment of folk, senior and early retirement etc., and exemption from deductions from early retirement for additional income from work related to covid-19).",2021-12-21 00:00:00
8482,"Forslag til lov om ændring af lov om adgang til iværksættelse af midlertidig arbejdsfordeling som led i håndteringen af covid-19 og lov om arbejdsløshedsforsikring m.v. (Forlængelse af den midlertidige arbejdsfordelingsordning m.v.).
","Proposal for a law amending the law on access to temporary work distribution in the context of the management of covid-19 and the law on unemployment insurance, etc. (extension of the temporary work distribution system, etc.).",2021-12-21 00:00:00
8483,"Forslag til lov om ændring af lov om en aktiv beskæftigelsesindsats og lov om arbejdsmiljø. (Forlængelse af retten til uddannelse for personer, der har arbejdet i minkerhvervet eller følgeerhverv, inden for en pulje til og med 2022 og bemyndigelse til at fastsætte regler om Arbejdstilsynets behandling af personoplysninger i forbindelse med brug af hjælpeværktøjer m.v.).","Proposal for a law amending the Act on Active Occupational Safety and Health at Work. (Extensification of the right to training of persons who have worked in the mink industry or secondary occupations within a pool up to and including 2022 and authorisation to lay down rules on the processing of personal data by the Labour Inspectorate in connection with the use of auxiliary tools, etc.).",2021-12-21 00:00:00
8609,Forslag til finanslov for finansåret 2022.,Draft Finance Act for the financial year 2022.,2021-12-22 00:00:00
8610,"Forslag til lov om fastsættelse af udgiftslofter for stat, kommuner og regioner for finansåret 2025.","Proposal for a law on the establishment of expenditure ceilings for state, municipalities and regions for the financial year 2025.",2021-12-22 00:00:00
8616,Forslag til lov om ændring af lov om internationalt udviklingssamarbejde. (Ændring af grundlag for oplysningsarbejde om udviklingssamarbejde).,Draft law amending the law on international development cooperation (change of basis for information work on development cooperation).,2022-01-20 00:00:00
8617,Forslag til lov om ændring af lov om elektroniske cigaretter m.v. og lov om tobaksvarer m.v. (Tilpasning af gebyrmodellerne for produkter omfattet af lov om elektroniske cigaretter m.v. og lov om tobaksvarer m.v.).,"Proposal for a law amending the Law on electronic cigarettes, etc. and the Law on tobacco products, etc. (Adjustment of the fee models for products covered by the Law on electronic cigarettes, etc. and the Law on tobacco products, etc.).",2022-01-20 00:00:00
8618,"Forslag til lov om ændring af lov om kliniske forsøg med lægemidler, lov om videnskabsetisk behandling af sundhedsvidenskabelige forskningsprojekter og sundhedsdatavidenskabelige forskningsprojekter og sundhedsloven. (Lovteknisk opdatering og mindre præciseringer af national lovgivning til EU-forordning om kliniske forsøg med humanmedicinske lægemidler).","Proposal for a law amending the Law on clinical trials of medicinal products, the Law on the scientific treatment of research projects in the field of health science and research projects in the field of health data science. (Legislature updating and minor clarifications of national legislation to the EU regulation on clinical trials in medicinal products for human use).",2022-01-20 00:00:00
8626,Forslag til lov om ændring af lov om fuldbyrdelse af straf m.v. (Indskrænkning af livstidsdømtes og visse forvaringsdømtes rettigheder).,"Draft law amending the Law on the Enforcement of Punishment, etc.",2022-01-25 00:00:00
8628,"Forslag til lov om ændring af lov om godskørsel, lov om buskørsel og lov om udstationering af lønmodtagere m.v. (Tilladelsesordning for international godskørsel i varebiler, ændrede betingelser for udøvelse af national godskørsel i varebiler, udstationering af førere i vejtransporten m.v.).","Proposal for a law amending the law on the carriage of goods, the law on bus services and the law on the posting of employees, etc. (Authorisation scheme for international carriage of goods by road, amended conditions for the exercise of national road haulage services in commercial vehicles, posting of drivers in road transport, etc.).",2022-01-25 00:00:00
8645,"Forslag til lov om ændring af børneloven, navneloven og forskellige andre love. (Smidiggørelse af registrering af medmoderskab, fastsættelse af transpersoners forældreskab og navneændring for transpersoner m.v.).","Proposal for a law amending the Children's Act, the Law on Names and various other laws. (Determining the registration of co-maternity, determining the parenthood of transpersonals and changing the name of transpersonals, etc.).",2022-02-10 00:00:00
8646,"Forslag til lov om ændring af opkrævningsloven, lov om inddrivelse af gæld til det offentlige og forskellige andre love. (Sanktioner for manglende indsendelse af materiale og tiltag til bekæmpelse af sort økonomi og stråmandskonstruktioner m.v. som led i udmøntning af aftale om anden etape af en styrket skattekontrol).","Proposal for a law amending the Law on Collections, the Law on Recovery of Debts to the Government and various other laws. (Sanctions for the non-submission of material and measures to combat black economy and straw-man structures, etc. in the context of the implementation of agreement on the second stage of enhanced tax control).",2022-02-10 00:00:00
8647,"Forslag til lov om ændring af straffeloven, retsplejeloven og lov om pas til danske statsborgere m.v. (Styrket indsats mod seksuelle overgreb mod børn og styrket rådgivning til ofre for seksuelle overgreb).","Proposal for a law amending the Criminal Code, the Code of Criminal Procedure and the Law on Passports for Danish Citizens, etc. (Enhanced action against sexual abuse against children and strengthened advice to victims of sexual abuse).",2022-02-10 00:00:00
8648,Forslag til lov om ændring af lov om et midlertidigt børnetilskud til visse forsørgere. (Ny forlængelse af det midlertidige børnetilskud).,Proposal for a Law amending the Law on the Temporary Family Allowances for Certain Parents (New Extension of Temporary Family Allowances).,2022-02-10 00:00:00
8665,Forslag til lov om ændring af personskatteloven. (Nedsættelse af bundskatten som følge af kommunale skattestigninger).,Proposal for a law amending the Personal Tax Act. (Reduction of the base tax as a result of municipal tax increases).,2022-02-24 00:00:00
8668,Forslag til lov om leje.,Proposal for a law on rental.,2022-03-01 00:00:00
8669,Forslag til lov om boligforhold.,Proposal for a law on housing.,2022-03-01 00:00:00
8670,"Forslag til lov om ændring af lov om leje af almene boliger, lov om almene boliger m.v., lov om boliger for ældre og personer med handicap og forskellige andre love. (Konsekvensrettelser som følge af lov om leje og lov om boligforhold samt opsigelse af fremlejegivere i almene boliger).","Proposal for a law amending the law on the rental of general housing, the law on general housing, etc., the law on housing for the elderly and persons with disabilities and various other laws. (Consequences arising from the law on rent and the law on housing and the termination of tenants in general housing).",2022-03-01 00:00:00
8673,"Forslag til lov om ændring af barselsloven. (Indførelse af øremærket orlov, ligedeling af retten til barselsdagpenge og ret til overdragelse af barselsdagpenge til sociale forældre og nærtstående familiemedlemmer m.v.).","Proposal for a law amending the law on maternity leave (Introduction of earmarked leave, equal treatment of the right to maternity benefit and the right to transfer maternity allowance to social parents and related family members, etc.).",2022-03-03 00:00:00
8674,Forslag til lov om ændring af retsplejeloven og lov om elektroniske kommunikationsnet og -tjenester. (Revision af reglerne om registrering og opbevaring af oplysninger om teletrafik (logning) m.v.).,Proposal for a law amending the Code of Procedure and the Law on Electronic Communications Networks and Services. (Revision of rules on recording and storing information on telecommunications (logning) etc.).,2022-03-03 00:00:00
8675,Forslag til lov om ændring af straffeloven. (Kriminalisering af identitetsmisbrug).,Proposal for a law amending the criminal code (Criminalisation of identity abuse).,2022-03-03 00:00:00
8688,"Forslag til lov om midlertidig opholdstilladelse til personer, der er fordrevet fra Ukraine.",Proposal for a law on temporary residence permits for displaced persons from Ukraine.,2022-03-16 00:00:00
8689,"Forslag til lov om ændring af lov om miljøbeskyttelse. (Mulighed for kommunal beslutning om, at dieseldrevne personbiler skal være omfattet af eksisterende miljøzoner).",Proposal for a law amending the Law on the Protection of the Environment.,2022-03-22 00:00:00
8690,Forslag til lov om ændring af lov om miljøbeskyttelse. (Fremrykning af trinkrav for dieseldrevne varebiler).,Proposal for a law amending the Law on the Protection of the Environment.,2022-03-22 00:00:00
8691,Forslag til lov om ændring af lov om efterskoler og frie fagskoler. (Permanentgørelse af forsøg med prøver i dansk og matematik på efterskoler og frie fagskoler godkendt med et samlet særligt undervisningstilbud).,Proposal for a law amending the law on post-secondary schools and free vocational schools. (Permanentation of tests on Danish and mathematics in post-secondary schools and free vocational schools approved with an overall special educational offer).,2022-03-22 00:00:00
8692,"Forslag til lov om ændring af lov om spil, lov om afgifter af spil, lov om udlodning af overskud og udbytte fra lotteri, folkeoplysningsloven og lov om Danske Spil A/S. (Sammenlægning af Danske Spil A/S og Det Danske Klasselotteri A/S).","Draft law amending the law on gambling, the law on gambling charges, the law on the distribution of profits and dividends from lotteries, the law on public education and the law on Danske Spil A/S. (Collaboration of Danske Spil A/S and the Danish Class Lottery A/S).",2022-03-22 00:00:00
8693,Forslag til lov om ændring af ligningsloven. (Afskaffelse af fradragsret for håndværksydelser efter boligjobordningen).,Proposal for a law amending the law on equations.,2022-03-22 00:00:00
8694,Forslag til lov om tillægsbevilling for finansåret 2021.,Draft law on the supplementary allocation for the financial year 2021.,2022-03-22 00:00:00
8695,Forslag til lov om ændring af lov om en aktiv beskæftigelsesindsats. (Forsøg med jobrettet indsats for unge).,Proposal for a law amending the Act on Active Employment. (Experiment with job-oriented action for young people).,2022-03-22 00:00:00
8696,"Forslag til lov om ændring af lov om aktiv socialpolitik og lov om arbejdsløshedsforsikring m.v. (Sanktion for jobparate ledige, der ikke søger job i en hel kalendermåned).","Proposal for a law amending the Act on Active Social Policy and the Law on Unemployment Insurance, etc. (Sanction for jobable unemployed persons who do not apply for a full calendar month).",2022-03-22 00:00:00
8703,Forslag til lov om infrastruktur for alternative drivmidler til transport.,Proposal for a law on infrastructure for alternative transport vehicles.,2022-03-29 00:00:00
8705,Forslag til lov om restriktioner på transaktioner med kontanter og værdipapirer i danske kroner til Rusland og Belarus.,Draft law on restrictions on cash and securities transactions in Danish kroner to Russia and Belarus.,2022-03-31 00:00:00
8706,"Forslag til lov om ændring af lov om gødning og jordforbedringsmidler m.v. (Tilpasninger som følge af en ny gødningsforordning, nye produktkategorier og obligatorisk digital kommunikation m.v.).","Proposal for a law amending the law on fertilisers and soil improvers, etc. (Adjustments resulting from a new fertiliser regulation, new product categories and mandatory digital communication, etc.).",2022-03-31 00:00:00
8707,"Forslag til lov om ændring af lov om husdyrbrug og anvendelse af gødning m.v. (Betingelser for tilladelse til tildeling af over 170 kg kvælstof fra organisk gødning pr. hektar, administrative bødeforelæg m.v.).","Proposal for a law amending the law on livestock farming and the use of fertilisers, etc. (Conditions for authorising the allocation of more than 170 kg of nitrogen from organic fertilisers per hectare, administrative fines, etc.).",2022-03-31 00:00:00
8720,Forslag til lov om engangstilskud til husstande med lav indkomst og varmekilder omfattet af ekstraordinære prisstigninger i fyringssæsonen 2021-2022. ,Proposal for a law on one-off allowances for low-income households and heat sources covered by exceptional price increases during the firing season 2021-2022.,2022-04-07 00:00:00
8721,"Forslag til lov om ændring af udlændingeloven, straffeloven, lov om aktiv socialpolitik, repatrieringsloven og forskellige andre love. (Initiativer til beskyttelse af børn imod vold og negativ social kontrol, indførelse af regler om fleksibel udbetaling af hjælp til repatriering og hjemrejsestøtte m.v.).","Proposal for a law amending the Aliens Act, the Criminal Code, the Act on Active Social Policy, the Return Act and various other laws. (Initiatives to protect children against violence and negative social controls, the introduction of rules on flexible payment of repatriation and return aid, etc.).",2022-04-07 00:00:00
8723,"Forslag til lov om ændring af lov om dansk indfødsret. (Frakendelse af statsborgerskab for strafbare forhold, som er til alvorlig skade for statens vitale interesser, m.v.).","Draft law amending the law on Danish citizenship. (Derogation of nationality for criminal offences which seriously harm the vital interests of the State, etc.).",2022-04-07 00:00:00
8727,"Forslag til lov om ændring af selskabsloven, årsregnskabsloven og forskellige andre love. (Skærpede krav om måltal og politikker for det underrepræsenterede køn).","Proposal for a law amending the Companies Act, the Financial Statements Act and various other laws.",2022-04-19 00:00:00
8728,"Forslag til lov om ændring af selskabsloven, søloven, lov om tjenester i informationssamfundet, herunder visse aspekter af elektronisk handel, og forskellige andre love. (Styrket grænseoverskridende håndhævelse over for tjenesteudbydere etableret i øvrige EU-lande m.v.).","Proposal for a law amending company law, maritime law, law on services in the information society, including certain aspects of electronic commerce, and various other laws. (Enhanced cross-border enforcement of service providers established in other EU countries etc.).",2022-04-19 00:00:00
8729,"Forslag til lov om ændring af lov om finansiel virksomhed, lov om kapitalmarkeder, lov om investeringsforeninger m.v. og flere andre love. (Udpegelse af afviklingsmyndigheder for nødlidende centrale modparter og regler for livsforsikringsvirksomheder, der udbyder syge- og ulykkesforsikringer m.v.).","Proposal for a law amending the law on financial activities, the law on capital markets, the law on investment funds, etc. and several other laws (Derogation of resolution authorities to needy central counterparties and rules for life insurance undertakings providing sickness and accident insurance, etc.).",2022-04-19 00:00:00
8731,Forslag til lov om ændring af SU-loven. (Midlertidig suspension af SU-godkendelse af hele uddannelser i visse lande).,Proposal for a law amending the SU Act. (Temporary suspension of SU approval of full education in certain countries).,2022-04-21 00:00:00
8733,"Forslag til lov om ændring af færdselsloven og lov om private fællesveje. (Fjernelse af køretøjer, regulering af færdslen ved akutte hændelser, fastsættelse af en lavere hastighedsgrænse for et nærmere afgrænset område uden for tættere bebygget område, forbud mod standsning og parkering i skillerabat m.v. og vintervedligeholdelsesordninger på private fællesveje).","Proposal for a law amending the Road Traffic Code and the Private Common Roads Act. (Removing vehicles, regulating traffic in case of emergency incidents, setting a lower speed limit for a defined area outside the denser built-up area, prohibiting stopping and parking in distribu tions etc. and winter maintenance schemes on private common roads).",2022-04-21 00:00:00
8734,Forslag til lov om ændring af lov om kemikalier. (Begrænsning i eller forbud mod anvendelse af plantebeskyttelsesmidler på befæstede eller stærkt permeable arealer).,Proposal for a law amending the Law on chemicals (Restricting or prohibiting the use of plant protection products in fortified or highly permeable areas).,2022-04-21 00:00:00
8735,"Forslag til lov om ændring af lov om autorisation af sundhedspersoner og om sundhedsfaglig virksomhed, lov om lægemidler, blodforsyningsloven, vævsloven og sundhedsloven. (Behandling af professionelle sportsudøvere og personer fra fremmede militære styrker, udlevering og anvendelse af næsespray med naloxon til behandling af opioidoverdosis og indførelse af en ny forsøgsordning med medicintilskud på vilkår om risikodeling).","Proposal for a law amending the Law on the Authorisation of Health Care Professionals and on Healthcare Services, the Law on Medicines, the Blood Supply Act, the Law on Tissues and Health (handling of professional athletes and persons from foreign military forces, dispensing and using nasal sprays with naloxone for the treatment of opioid overdose, and introducing a new trial scheme with medical supplements on risk-sharing terms).",2022-04-21 00:00:00
8741,Forslag til lov om ombygning af Aarhus H.,Draft law on the reconstruction of Aarhus H.,2022-04-26 00:00:00
8742,Forslag til lov om ændring af lov om ligestilling af kvinder og mænd. (Måltal og politik for kønssammensætningen i ledelser og bestyrelser i offentlige institutioner og virksomheder m.v.).,"Proposal for a law amending the law on equal opportunities for women and men (targets and gender policy in management and boards of public institutions and companies, etc.).",2022-04-26 00:00:00
8743,Forslag til lov om ændring af lov om dyreforsøg og lov om kloning og genmodificering af dyr m.v. (Supplerende implementering af dyreforsøgsdirektivet).,"Proposal for a law amending the law on animal testing and the law on cloning and genetic modification of animals, etc. (Additional implementation of the Animal Health Directive).",2022-04-26 00:00:00
8744,Forslag til lov om ændring af lov om arbejdsmiljø. (Ændring af offentliggørelse af oplysninger om virksomhedernes arbejdsmiljø).,Proposal for a law amending the Law on Working Conditions. (Change of publication of information on the working environment of enterprises).,2022-04-26 00:00:00
8745,Forslag til lov om Ledningsejerregistret.,Draft law on the Register of Conductors.,2022-04-26 00:00:00
8749,"Forslag til lov om ændring af lov om midlertidig opholdstilladelse til personer, der er fordrevet fra Ukraine, lov om individuel boligstøtte, lov om børnetilskud og forskudsvis udbetaling af børnebidrag og integrationsloven. (Kommunal indkvartering og forplejning og tilpasning af regler på integrationsområdet, børne- og undervisningsområdet, social- og ældreområdet, indenrigs- og boligområdet og sundhedsområdet som følge af modtagelse af personer, der er fordrevet fra Ukraine).","Proposal for a law amending the law on temporary residence permits for displaced persons from Ukraine, the law on individual housing allowances, the law on family allowances and the advance payment of child allowances and the law on integration. (Municipal accommodation and catering and adaptation of rules in the field of integration, children and education, social and elderly, domestic and housing and health care as a result of the reception of displaced persons from Ukraine).",2022-04-28 00:00:00
8750,Forslag til lov om ændring af lov om varmeforsyning og lov om planlægning. (Afskaffelse af tilslutningspligt til naturgas og offentliggørelse og videregivelse af oplysninger om produktions- og driftsmæssige forhold m.v.).,"Proposal for a law amending the Law on Heat Supply and Planning (Delivering of the obligation to connect to natural gas and publication and disclosure of information on production and operating conditions, etc.).",2022-04-28 00:00:00
8758,Forslag til lov om ændring af lov om miljøbeskyttelse. (Bemyndigelse til fastsættelse af regler om kommunalbestyrelsens adgang til at vedtage forskrifter om udskiftning eller nedlæggelse af visse fyringsanlæg i visse geografiske områder).,Proposal for a Law amending the Law on the Protection of the Environment.,2022-05-05 00:00:00
8759,"Forslag til lov om ændring af retsplejelov for Grønland, kriminallov for Grønland og forskellige andre love. (Gennemførelse af politireform og etablering af ny politiklageordning, indførelse af motivationsbehandlingspladser for seksualforbrydere i Anstalten i Nuuk, forhøjelse af foranstaltningsniveauet for voldtægt af mindreårige, styrkelse af retsstillingen for ofre for forbrydelser m.v.).","Proposal for a law amending the law on the administration of justice for Greenland, criminal law for Greenland and various other laws.",2022-05-05 00:00:00
8760,"Forslag til lov om ændring af lov om folkeskolen, lov om friskoler og private grundskoler m.v. og lov om efterskoler og frie fagskoler. (Mulighed for at undlade erstatning for visse aflyste undervisningstimer som følge af personalefravær på grund af covid-19).","Proposal for a law amending the law on primary schools, the law on free schools and private primary schools, etc., and the law on afterschools and free vocational schools.",2022-05-05 00:00:00
8769,Forslag til lov om Danmarks deltagelse i det europæiske samarbejde om sikkerhed og forsvar ved at afskaffe EU-forsvarsforbeholdet.,Proposal for a law on Denmark's participation in European cooperation in the field of security and defence by abolishing the EU defence reserve.,2022-05-10 00:00:00
8770,Forslag til lov om afholdelse af folkeafstemning om forslag til lov om Danmarks deltagelse i det europæiske samarbejde om sikkerhed og forsvar ved at afskaffe EU-forsvarsforbeholdet.,Draft law on the holding of a referendum on the draft law on Denmark's participation in European cooperation in the field of security and defence by abolishing the EU defence reserve.,2022-05-10 00:00:00
8772,Forslag til lov om ændring af lov om godskørsel. (Hævelse af vægtgrænsen fra 2.000 kg til 2.500 kg for tilladelsesordningen for national godskørsel i varebiler).,Proposal for a law amending the law on the carriage of goods.,2022-05-10 00:00:00
8777,Forslag til lov om forsøg med personlige borgerstyrede budgetter til socialt udsatte borgere.,Proposal for a law on the trial of personalised citizens' budgets for socially disadvantaged citizens.,2022-05-12 00:00:00
8778,"Forslag til lov om ændring af lov om godskørsel, lov om buskørsel og lov om arbejdstid for mobile lønmodtagere inden for vejtransportsektoren. (Kontrol af arbejdstid for mobile lønmodtagere inden for vejtransportsektoren).","Proposal for a law amending the law on road transport, the law on bus services and the law on working time for mobile workers in the road transport sector. (Control of working time for mobile workers in the road transport sector).",2022-05-12 00:00:00
8787,Forslag til lov om tilgængelighedskrav for produkter og tjenester.,Proposal for a law on accessibility requirements for products and services.,2022-05-17 00:00:00
8788,"Forslag til lov om ændring af straffeloven, retsplejeloven og udlændingeloven. (Styrket indsats mod menneskeudnyttelse).","Proposal for a law amending the Criminal Code, the Code of Procedure and the Aliens Act.",2022-05-17 13:00:00
8794,"Forslag til lov om kommunale særlige grundskoler for børn og unge, der er fordrevet fra Ukraine.",Draft law on municipal special primary schools for children and young people displaced from Ukraine.,2022-05-19 00:00:00
8795,"Forslag til lov om ændring af dagtilbudsloven, lov om folkeskolen og forskellige andre love. (Særlige pasnings- og undervisningsmuligheder til fordrevne børn og unge fra Ukraine). ","Proposal for a law amending the law on day-to-day provision, law on primary school and various other laws. (Special care and education opportunities for displaced children and young people from Ukraine).",2022-05-19 00:00:00
8796,"Forslag til lov om ændring af dagtilbudsloven. (Statslig refusion for visse typer af kommunale udgifter til udlændinge med opholdstilladelse efter lov om midlertidig opholdstilladelse til personer, der i Afghanistan har bistået danske myndigheder m.v.). ","Draft law amending the daily offer law. (State reimbursement for certain types of municipal expenditure on foreigners with a residence permit under the law on temporary residence permits for persons who have assisted Danish authorities in Afghanistan, etc.).",2022-05-19 00:00:00
8797,Forslag til lov om ændring af lov om ændring af lov om elevers og studerendes undervisningsmiljø og lov om folkeskolen. (Udskydelse af solnedgangsklausul vedrørende bestemmelse om antimobning).,Proposal for a law amending the law amending the law on the education environment of pupils and students and the law on primary education.,2022-05-19 00:00:00
8798,"Forslag til lov om ændring af lov om specialpædagogisk støtte ved videregående uddannelser. (Ophævelse af bestemmelser om støtteramme, støttetid og maksimal forsinkelse m.v.).",Proposal for a law amending the law on special educational support for higher education.,2022-05-19 00:00:00
8799,"Forslag til lov om ændring af lov om anvendelse af Danmarks undergrund. (Geologisk lagring af CO2 på under 100 kt med henblik på forskning, udvikling eller afprøvning af nye produkter og processer og statslig deltagelse i CO2-lagringstilladelser).","Proposal for a law amending the law on the use of Denmark's underground. (Geological storage of CO2 of less than 100 kt for research, development or testing of new products and processes and state participation in CO2 storage permits).",2022-05-19 00:00:00
8800,Forslag til lov om ændring af lov om fremme af vedvarende energi. (Justering af rammer for etablering af vedvarende energi-anlæg på havet uden for udbud og udvidelse af VE-ordningerne til at omfatte solcelleanlæg på havet og visse solcelleanlæg på søer m.v.).,Proposal for a law amending the law on the promotion of renewable energy.,2022-05-19 00:00:00
8801,Forslag til lov om bogføring.,Draft law on accounting.,2022-05-19 00:00:00
8802,Forslag til lov om ændring af årsregnskabsloven. (Gennemførelse af aftale om det fremadrettede behov for revision).,Draft law amending the Financial Statements Act. (Implementation of agreement on the future need for revision).,2022-05-19 00:00:00
8803,Forslag til lov om udvikling af statsvejnettet.,Proposal for a law on the development of the State Road Network.,2022-05-19 00:00:00
8804,"Forslag til lov om ændring af retsplejeloven, lov om Domstolsstyrelsen og lov om skifte af dødsboer. (Antallet af højesteretsdommere, sammensætningen af Domstolsstyrelsens bestyrelse og digital anmeldelse til skifteretten af krav og tilgodehavender m.v. i sager om skifte af dødsbo).","Draft law amending the Code of Procedure, the Law on the Court of Justice and the Law on the change of estates. (Number of Supreme Court judges, composition of the Board of Directors of the Court of Justice and digital notification to the Court of Justice of claims and claims etc. in cases concerning the change of estate).",2022-05-19 00:00:00
8805,"Forslag til lov om ændring af lov om medicinsk udstyr, lov om videnskabsetisk behandling af kliniske afprøvninger af medicinsk udstyr m.v., lov om videnskabsetisk behandling af sundhedsvidenskabelige forskningsprojekter og sundhedsdatavidenskabelige forskningsprojekter og sundhedsloven. (Tilpasning af national ret som følge af forordning om medicinsk udstyr til in vitro-diagnostik og tilpasning af Lægemiddelstyrelsens tilsyn med medicinsk udstyr m.v.).","Proposal for a law amending the Law on Medical Devices, the Law on the Scientific Treatment of Clinical Tests of Medical Devices, etc., the Law on the Scientific Treatment of Health Sciences Research Projects and Health Data Science Research Projects and the Law on the Adaptation of National Law on Medical Devices for In vitro Diagnostics and the Adaptation of Medical Devices of the Danish Medicines Agency, etc.).",2022-05-19 00:00:00
8806,Forslag til lov om ændring af lov om etablering af en ordning for borgerforslag med henblik på behandling i Folketinget. (Ændring af revisionsbestemmelse og forenkling af kompetenceforhold med hensyn til udstedelse af bekendtgørelsesregler).,Proposal for a law amending the law on the establishment of a system of citizens' proposals for consideration in the Folketing.,2022-05-19 00:00:00
8822,Forslag til lov om supplerende bestemmelser til forordning om håndtering af udbredelsen af terrorrelateret indhold online.,Proposal for a law supplementing the regulation on dealing with the spread of terrorist related content online.,2022-06-02 10:00:00
8823,Forslag til lov om ændring af lov om indhentelse af børneattest i forbindelse med ansættelse af personale m.v. (Indførelse af orienteringspligt for politiet).,"Proposal for a law amending the law on the acquisition of a child's certificate in connection with the recruitment of staff, etc. (Introduction of compulsory police briefings).",2022-06-02 00:00:00
8824,Forslag til lov om ændring af lov om retssikkerhed og administration på det sociale område. (Skærpede krav til kommunalbestyrelsens opfølgning på danmarkskortet m.v.).,Draft law amending the law on legal certainty and administration in the social field.,2022-06-02 00:00:00
8840,Forslag til lov om ændring af lov for Færøerne om kapitalkrav og tilsynsmæssige krav for kreditinstitutter og investeringsselskaber. (Gennemførelse for Færøerne af visse ændringsforordninger til forordning (EU) nr. 575/2013).,Proposal for a law amending the Law of the Faroe Islands on capital requirements and prudential requirements for credit institutions and investment firms. (Implementation for the Faroe Islands of certain amendments to Regulation (EU) No 575/2013).,2022-06-07 00:00:00
8841,Forslag til lov om etablering af statsgaranti på en del af ejendomskreditaftalerne i landdistrikterne.,Proposal for a law on the establishment of a State guarantee on part of the real estate credit agreements in rural areas.,2022-06-07 00:00:00
8842,Forslag til lov om Danmarks Eksport- og Investeringsfond.,Draft law on the Danish Export and Investment Fund.,2022-06-07 00:00:00
8843,Forslag til lov om ændring af lov om arbejdsskadesikring. (Statslig finansiering af udgifter ved arbejdsskader som følge af arbejdsrelaterede vaccinationer mod covid-19 foretaget i perioden fra den 27. december 2020 til den 31. december 2022).,Proposal for a law amending the law on occupational injury insurance. (State financing of the costs of occupational injuries resulting from work-related vaccinations against covid-19 carried out during the period from 27 December 2020 to 31 December 2022).,2022-06-07 00:00:00
8845,Forslag til lov om ændring af lov om videregående uddannelse (videreuddannelsessystemet) for voksne. (Midlertidig ændring af visse adgangskrav til en diplomuddannelse i skat).,Proposal for a law amending the law on higher education (the continuing education system) for adults.,2022-06-07 00:00:00
8846,Forslag til lov om ændring af SU-loven. (Forhøjelse af fribeløb).,Draft law amending the S.U. Act.,2022-06-07 00:00:00
8847,Forslag til lov om ændring af skatteindberetningsloven og forskellige andre love. (Gennemførelse af direktiv om ændring af direktiv om administrativt samarbejde på beskatningsområdet om indberetning og udveksling af oplysninger fra digitale platforme m.v.).,"Proposal for a law amending the Tax Reporting Act and various other laws. (Implementation of the Directive amending the Tax Administrative Cooperation Directive on Reporting and Exchange of Information on Digital Platforms, etc.).",2022-06-07 00:00:00
8848,"Forslag til lov om ændring af ejendomsvurderingsloven, boafgiftsloven og dødsboskatteloven. (Justeringer af tilbagebetalingsordningen m.v.).","Proposal for a law amending the Property Assessment Act, the Boat Tax Act and the Death Boat Tax Act. (Adjustments to the refund scheme, etc.).",2022-06-07 00:00:00
8891,"Forslag til lov om ændring af museumsloven, lov om Miljø- og Fødevareklagenævnet og forskellige andre love. (Dispensation og klagesagsbehandling m.v. på fortidsmindeområdet).","Proposal for a law amending the Museum Law, the Law on the Environmental and Food Complaints Board and various other laws. (Dispensation and complaint handling, etc. in the area of past memory).",2022-06-08 00:00:00
8892,Forslag til lov om ændring af lov om sikring af kulturværdier i Danmark. (Straf m.v. for indførsel af ulovligt udførte kulturgenstande).,Proposal for a law amending the Law on the Protection of Cultural Values in Denmark (Straf etc. for the import of illegally exported cultural objects).,2022-06-08 00:00:00
8893,Forslag til lov om indfødsrets meddelelse.,Draft law on the notification of citizenship.,2022-06-08 00:00:00
8894,Forslag til lov om udvandring.,Draft law on emigration.,2022-06-08 00:00:00
8895,"Forslag til lov om ændring af udlændingeloven. (Ændring af reglerne for ophold for medfølgende familie til udenlandske arbejdstagere, studerende og praktikanter).","Proposal for a law amending the law on foreigners (Amendment of the rules on residence for accompanying families of foreign workers, students and trainees).",2022-06-08 00:00:00
8896,Forslag til lov om ændring af udlændingeloven. (Ændring af reglerne om bortfald af opholdstilladelser ved genopdragelsesrejser m.v. og ændring af reglerne om adgang til familiesammenføring for personer med midlertidig beskyttelsesstatus).,"Proposal for a law amending the law on aliens (amendment of the rules on the withdrawal of residence permits for re-educational journeys, etc. and amendment of the rules on access to family reunification for persons with temporary protection status).",2022-06-08 00:00:00
8897,"Forslag til lov om ændring af lov om integrationsgrunduddannelse (igu) og lov om Arbejdsgivernes Uddannelsesbidrag. (Videreførelse af igu-ordningen, mulighed for igu-forløb for personer med opholdstilladelse efter lov om midlertidig opholdstilladelse til personer, der i Afghanistan har bistået danske myndigheder m.v., og videreførelse af egu-fgu-bonusordningen).",Proposal for a law amending the law on basic integration training (igu) and the law on employers' training contributions.,2022-06-08 00:00:00
8898,"Forslag til lov om ændring af udlændingeloven. (Styrkelse af praktikantordningens uddannelsesmæssige sigte på landbrugs-, jordbrugs-, veterinær-, skovbrugs- og gartneriområdet).","Proposal for a law amending the law on foreigners (strengthening the educational objectives of the internship scheme in the field of agriculture, agriculture, veterinary, forestry and horticulture).",2022-06-08 00:00:00
8901,"Forslag til lov om ændring af udlændingeloven, hjemrejseloven og lov om fuldbyrdelse af straf m.v. (Prøvelse af udvisning m.v.).","Draft law amending the Aliens Act, the Return Travel Act and the Law on the Enforcement of Punishment, etc.",2022-06-08 00:00:00
8902,Forslag til lov om ændring af udlændingeloven. (Styrket international rekruttering på rimelige arbejdsvilkår og målrettet mangel på arbejdskraft).,Proposal for a law amending the law on foreigners. (Strengthened international recruitment on fair working conditions and targeted labour shortages).,2022-06-08 00:00:00
8922,Forslag til lov om ændring af sundhedsloven. (Statens Serum Instituts virke i internationale samarbejder og drift og forvaltning af MiBa).,Proposal for a law amending the Health Act. (State's Serum Institute's activities in international cooperation and operation and management of MiBa).,2022-06-09 00:00:00
8923,"Forslag til lov om ændring af sundhedsloven, lov om lægemidler og lov om apoteksvirksomhed. (Lægers varetagelse af vaccinationsopgaver, Statens Serum Instituts forsyningspligt, hvad angår vacciner og beredskabsprodukter, og sygehusapoteker m.fl.s. distribution og håndtering af lægemidler til brug ved vaccination).","Proposal for a law amending the Health Act, the Law on Medicinal Products and the Law on Pharmacy. (Doctors performing vaccination tasks, Statens Serum Institut's universal service in relation to vaccines and emergency products, and hospital pharmacists etc. distribution and handling of medicinal products for use in vaccination).",2022-06-09 00:00:00
8924,Forslag til lov om ændring af lov om klage- og erstatningsadgang inden for sundhedsvæsenet. (Regulering og forrentning af erstatnings- og godtgørelsesbeløb).,Proposal for a law amending the Law on access to justice and compensation in the health sector (Regulation and remuneration of compensation and compensation).,2022-06-09 00:00:00
8926,Forslag til lov om ændring af sundhedsloven. (Etablering af sundhedsklynger og sundhedssamarbejdsudvalg m.v.).,Proposal for a law amending the Health Act. (Establishment of health clusters and health committees etc.).,2022-06-09 00:00:00
8927,Forslag til lov om ændring af sundhedsloven. (Vederlagsfri tandpleje for 18-21-årige).,Proposal for a Law amending the Health Act. (Free dental care for 18-21-year-olds).,2022-06-09 09:00:00
8936,"Forslag til lov om ændring af lov om institutioner for almengymnasiale uddannelser og almen voksenuddannelse m.v., lov om institutioner for erhvervsrettet uddannelse, lov om private institutioner for gymnasiale uddannelser og lov om de gymnasiale uddannelser. (Kapacitetsfastsættelse og elevfordeling på de gymnasiale ungdomsuddannelser).","Proposal for a law amending the law on institutions for general upper secondary education and general adult education, the law on institutions for vocational training, the law on private institutions for upper secondary education and the law on upper secondary education.",2022-06-09 00:00:00
8937,"Forslag til lov om ændring af lov om folkeskolen, lov om kommunal indsats for unge under 25 år og forskellige andre love. 
(Fremtidigt evaluerings- og bedømmelsessystem i folkeskolen m.v.).","Proposal for a law amending the law on primary school, the law on municipal action for young people under 25 years of age and various other laws (Future evaluation and assessment system in primary school, etc.).",2022-06-09 00:00:00
8938,"Forslag til lov om ændring af lov om folkeskolen, lov om friskoler og private grundskoler m.v., lov om efterskoler og frie fagskoler og lov om kommunale internationale grundskoler. (Forlængelse af frihedsgrader til håndtering af faglige udfordringer som følge af covid-19 i skoleåret 2022/23 og etablering af mulighed for fjernundervisning).","Proposal for a law amending the law on primary schools, the law on free schools and private primary schools, etc., the law on post-schools and free vocational schools and the law on municipal international primary schools. (Extension of degrees of freedom to deal with professional challenges resulting from covid-19 in the school year 2022/23 and establishment of distance learning opportunities).",2022-06-09 00:00:00
8939,"Forslag til lov om ændring af lov om fastsættelse af udgiftslofter for stat, kommuner og regioner for finansåret 2022, lov om fastsættelse af udgiftslofter for stat, kommuner og regioner for finansåret 2023, lov om fastsættelse af udgiftslofter for stat, kommuner og regioner for finansåret 2024 og lov om fastsættelse af udgiftslofter for stat, kommuner og regioner for finansåret 2025. (Ændring af udgiftslofter som følge af aftale om nationalt kompromis om dansk sikkerhedspolitik m.v.).","Proposal for a law amending the Law on the establishment of expenditure ceilings for State, Municipalities and Regions for the financial year 2022, Act on the establishment of expenditure ceilings for State, Municipalities and Regions for the financial year 2023, Act on the establishment of expenditure ceilings for State, Municipalities and Regions for the financial year 2024 and Act on the establishment of expenditure ceilings for State, Municipalities and Regions for the financial year 2025. (Amendment of expenditure ceilings resulting from agreement on national compromise on Danish security policy, etc.).",2022-06-09 00:00:00
8940,Forslag til lov om ændring af budgetloven. (Lempelse af underskudsgrænse og ophævelse af revisionsklausul).,Proposal for a law amending the Budget Act. (Simplifying the deficit limit and repealing the revision clause).,2022-06-09 00:00:00
8941,Forslag til lov om ændring af lov om offentlige betalinger m.v. (Mulighed for økonomisk kompensation ved udsættelse for svindel med eller fejl i forbindelse med Nemkonto).,"Draft law amending the Law on Public Payments, etc. (Possibility of financial compensation in the event of exposure to fraud or error in connection with Easy Account).",2022-06-09 00:00:00
8942,"Forslag til lov om ændring af lov om almene boliger m.v., lov om leje af almene boliger og lov om kommunernes styrelse. (Etablering af fonden for blandede byer og anvendelse af fondens midler og Landsbyggefondens driftsstøtte m.v.).","Proposal for a law amending the law on general housing, the law on the rental of general housing and the law on the administration of municipalities. (The establishment of the fund for mixed towns and the use of the fund's resources and the operating aid of the Landsbygningsfonden, etc.).",2022-06-09 00:00:00
8943,Forslag til lov om ændring af lov om byfornyelse og udvikling af byer og lov om boligforhold. (Økonomisk støtte til styrket indsats i bymidter samt kommunal udlejning af fast ejendom).,Proposal for a law amending the law on urban renewal and urban development and the law on housing.,2022-06-09 00:00:00
8944,"Forslag til lov om ændring af lov om leje af almene boliger, lov om almene boliger m.v. og retsplejeloven. (Hurtigere udsættelse af lejere på grund af utryghedsskabende kriminalitet).","Draft law amending the law on the rental of general housing, the law on general housing, etc. and the Law on the administration of justice.",2022-06-09 00:00:00
8945,"Forslag til lov om ændring af udbudsloven, lov om Klagenævnet for Udbud og lov om indhentning af tilbud i bygge- og anlægssektoren. (Styrket mulighed for udelukkelse af virksomheder, krav om anvendelse af personer under oplæring, oprettelse af en enhed for pålidelighedsvurderinger, øget fleksibilitet for ordregivere i forbindelse med gennemførelse af udbud m.v.).","Proposal for a law amending the Procurement Act, Law on the Procurement Board and Law on Procurement in the Construction Sector. (Enhanced possibility of exclusion of undertakings, requirements for the use of persons in training, creation of a unit for reliability assessments, increased flexibility for contracting entities in the conduct of procurement, etc.).",2022-06-09 00:00:00
8946,"Forslag til lov om ændring af lov om offentlighed i forvaltningen. (Ophævelse af bestemmelser, som friholder kalenderføring, ministerbetjening og dokumenter udvekslet mellem ministre og folketingsmedlemmer fra at være omfattet af retten til aktindsigt).","Proposal for a law amending the law on public disclosure in the administration. (Cancelling of provisions which exempt calendaring, ministerial service and documents exchanged between ministers and members of parliament from the right of access to documents).",2022-06-09 00:00:00
8947,Forslag til lov om ændring af lov om politiets virksomhed og lov om vagtvirksomhed. (Styrket indsats mod utryghedsskabende adfærd og kriminalitet i nattelivszoner og udvidelse af adgangen til at udøve vagtvirksomhed på offentlige områder).,Proposal for a law amending the law on police activities and the law on watchkeeping.,2022-06-09 00:00:00
8948,Forslag til lov om ændring af lov om politiets virksomhed. (Forbud mod salg m.v. af alkohol i nattelivszoner).,"Proposal for a law amending the law on police activities (Prohibiting the sale, etc. of alcohol in nightlife zones).",2022-06-09 00:00:00
8949,"Forslag til lov om ændring af straffeloven, lov om social service og lov om fuldbyrdelse af straf m.v. (Indførelse af særvilkår om økonomisk kontrol og målrettede forældrepålæg og børne- og ungepålæg ved utryghedsskabende adfærd).","Proposal for a law amending the Criminal Code, the Social Services Act and the Punishment Act, etc.",2022-06-09 00:00:00
8950,"Forslag til lov om ændring af lov om fuldbyrdelse af straf m.v., straffeloven, retsplejeloven og forskellige andre love. (Opfølgning på flerårsaftalen om kriminalforsorgens økonomi 2022-2025, herunder leje af fængselspladser i udlandet, revision af disciplinærstraffesystemet, udstationering til eget hjem med fodlænke eller udslusningsfængsel m.v.).","Draft law amending the Law on the Enforcement of Punishment etc., the Criminal Code, the Code of Procedure and various other laws. (Follow-up to the Multi-Year Agreement on the Economy of Criminal Services 2022-2025, including the rental of prison places abroad, revision of the disciplinary system, posting to your own home with ankle bracelet or impregnation prison, etc.).",2022-06-09 00:00:00
8951,"Forslag til lov om ændring af konkursloven. (Indførelse af regler om forebyggende rekonstruktion og revision af reglerne om rekonstruktion og gældssanering, herunder implementering af rekonstruktions- og insolvensdirektivet).","Proposal for a law amending the bankruptcy law. (Introduction of rules on preventive reconstruction and revision of the rules on reconstruction and debt restructuring, including implementation of the Reconstruction and Insolvency Directive).",2022-06-09 00:00:00
8952,"Forslag til lov om ændring af straffeloven, retsplejeloven og forskellige andre love. (Effektivisering af straffesagskæden og nævnsprocessen m.v. i Ungdomskriminalitetsnævnet, øget adgang til videregivelse og optagelse af fotografier, forbedring af politiets muligheder for efterforskning m.v.).","Proposal for a law amending the Criminal Code, the Code of Criminal Procedure and various other laws. (Effectiveisation of the criminal proceedings chain and the jury process, etc. in the Youth Crime Board, increased access to the transmission and recording of photographs, improvement of police investigative capabilities, etc.).",2022-06-09 00:00:00
8953,"Forslag til lov om delvis undtagelse af den uafhængige taskforce om reder-, ejer- og forsikringsforholdene vedrørende »Scandinavian Star« fra reglerne i lov om offentlighed i forvaltningen m.v.","Proposal for a law to partially exempt the independent task force on the ownership, ownership and insurance of the Scandinavian Star from the rules of the Public Administration Act, etc.",2022-06-09 00:00:00
8954,Forslag til lov om ændring af lov om erstatningsansvar. (Tortgodtgørelse ved digitale seksuelle krænkelser).,Proposal for a law amending the law on liability.,2022-06-09 00:00:00
8955,Forslag til lov om ændring af lov om erstatningsansvar og lov om erstatning fra staten til ofre for forbrydelser. (Udvidelse af området for ydelse af krænkelsesgodtgørelse og forenkling af renteberegningen i offererstatningssager).,Proposal for a law amending the law on civil liability and the law on compensation by the State to victims of crime.,2022-06-09 00:00:00
8956,Forslag til lov om Det Centrale Dna-profilregister og Det Centrale Fingeraftryksregister.,Draft law on the Central DNA Profile Register and the Central Fingerprint Register.,2022-06-09 00:00:00
8957,"Forslag til lov om ændring af lov om miljøbeskyttelse og lov om Forsyningstilsynet. (Nye rammer for kommunal behandling af affald egnet til materialenyttiggørelse, indsamling af erhvervsaffald, genbrug på genbrugspladser og skærpet økonomisk tilsyn).","Proposal for a law amending the Law on Environmental Protection and the Law on Supply Control. (New framework for municipal treatment of waste suitable for material recovery, collection of commercial waste, recycling at recycling sites and enhanced financial supervision).",2022-06-09 00:00:00
8959,Forslag til lov om ændring af momsloven. (Ændring af reglerne om forfattervirksomhed og kunstnerisk aktivitet).,Proposal for a law amending the VAT Act. (Amendment of the rules on authorship and artistic activity).,2022-06-09 00:00:00
8960,"Forslag til lov om ændring af selskabsskatteloven, skatteforvaltningsloven, skattekontrolloven og ligningsloven. (Samfundsbidrag fra den finansielle sektor og fradragsloft over lønninger).","Proposal for a Law amending the Corporate Tax Act, the Tax Administration Act, the Tax Control Act and the Equalisation Act.",2022-06-09 00:00:00
8963,"Forslag til lov om ændring af lov om afgift af elektricitet, lov om skattefri kompensation for forhøjede energi- og miljøafgifter og ligningsloven. (Nedsættelse af den almindelige elafgift, afskaffelse af grøn check for ikkepensionister m.v. og forhøjelse af det maksimale beskæftigelsesfradrag).","Proposal for a law amending the law on taxation of electricity, the law on tax-free compensation for increased energy and environmental taxes and the law on equations.",2022-06-09 00:00:00
8964,Forslag til lov om ændring af lov om et midlertidigt børnetilskud til visse forsørgere. (Forlængelse af det midlertidige børnetilskud for andet halvår 2022).,Proposal for a Law amending the Law on the Temporary Family Allowances for Certain Parents. (Extension of the Temporary Family Allowance for the second half of 2022).,2022-06-09 00:00:00
8965,"Forslag til lov om ændring af lov om lønmodtageres ret til fravær fra arbejde af særlige familiemæssige årsager, lov om ligebehandling af mænd og kvinder med hensyn til beskæftigelse m.v., lov om aktiv socialpolitik og forskellige andre love. (Gennemførelse af orlovsdirektivets bestemmelser om omsorgsorlov, afskedigelsesbeskyttelse m.v. samt fritagelse for rådighed ved orlov, bedre orlovsvilkår for trillingeforældre m.v.).","Proposal for a law amending the law on the right of employees to leave work for special family reasons, the law on equal treatment for men and women in employment, the Act on active social policy and various other laws (implementation of the provisions of the Leave Directive on parental leave, protection of dismissal, etc., and exemption from leave, better conditions of leave for triple parents, etc.).",2022-06-09 00:00:00
8967,"Forslag til lov om ændring af lov om arbejdsløshedsforsikring m.v., lov om sygedagpenge og barselsloven. (Indførelse af et beskæftigelsestillæg, nedsættelse af dagpengeperioden for dimittender, nedsættelse af dimittendsatsen for ikkeforsørgere, indførelse af et sprogkrav til modtagere af dimittenddagpenge m.v.).","Proposal for a law amending the law on unemployment insurance, the Law on sickness benefits and the Law on maternity leave (Inclusion of an employment allowance, reduction of the period of unemployment benefit for graduates, reduction of the rate of attendance for non-parents, introduction of a language requirement for beneficiaries of the graduation allowance, etc.).",2022-06-09 09:00:00
8968,"Forslag til lov om ændring af lov om social pension, lov om højeste, mellemste, forhøjet almindelig og almindelig førtidspension m.v., lov om arbejdsløshedsforsikring m.v. og lov om midlertidig opholdstilladelse til personer, der er fordrevet fra Ukraine. (Ingen modregning i social pension og efterløn på arbejdspladser, som varetager opgaver med fordrevne fra Ukraine, og ændring af skæringsdato for udrejse af Ukraine ved meddelelse af opholdstilladelse).","Proposal for a law amending the Social Pensions Act, the Highest, Middle, Higher General and General Early Child Benefit Act, the Unemployment Insurance Act, etc., and the Temporary Residence Act for persons displaced from Ukraine. (No set-off in social pension and early retirement in jobs carrying out tasks with displaced persons from Ukraine, and amendment of the deadline for leaving Ukraine by granting residence permits).",2022-06-09 00:00:00
8991,Forslag til lov om ændring af lov om afgift af elektricitet og ligningsloven. (Nedsættelse af den almindelige elafgift i fjerde kvartal 2022 og i 2023 og forhøjelse af det maksimale beskæftigelsesfradrag for indkomstårene 2022 og 2023).,Proposal for a law amending the Law on the tax on electricity and the law on equations. (Reduction of the general electricity tax in the fourth quarter of 2022 and in 2023 and increase of the maximum employment allowance for the years 2022 and 2023.),2022-09-08 00:00:00
8992,Forslag til lov om ændring af lov om ændring af SU-loven. (Fremrykning af forhøjelse af SU-fribeløb).,Proposal for a law amending the law amending the Social Security Code.,2022-09-08 00:00:00
8993,"Forslag til lov om en ekstra økonomisk støtte til modtagere af ældrechecken, engangsbeløb til overførselsmodtagere, der har trukket sig tilbage fra arbejdsmarkedet, og engangsbeløb til uddannelsessøgende, der modtager stipendium som tillæg på grund af en funktionsnedsættelse eller som enlige forsørgere.

","Proposal for a law providing for additional financial support for beneficiaries of the elderly cheque, one-off payments to beneficiaries of transfers who have withdrawn from the labour market and one-off payments to trainees receiving a scholarship as a supplement because of a disability or as single parents.",2022-09-08 00:00:00
8994,Forslag til lov om ændring af lov om leje og lov om boligforhold. (Loft over huslejestigninger som følge af udviklingen i nettoprisindekset).,Proposal for a law amending the law on rents and the law on housing. (Loft on rent increases due to changes in the net price index).,2022-09-22 00:00:00
9005,Forslag til lov om ændring af lov om et midlertidigt børnetilskud til visse forsørgere. (Forlængelse af det midlertidige børnetilskud for 2023).,Proposal for a Law amending the Law on the Temporary Family Allowances for Certain Parents. (Extension of the Temporary Family Allowances for 2023).,2022-12-22 00:00:00
9006,Forslag til midlertidig bevillingslov for finansåret 2023.,Draft provisional appropriation law for the financial year 2023.,2022-12-22 00:00:00
9007,"Forslag til lov om ændring af ejendomsvurderingsloven, lov om kommunal ejendomsskat og ejendomsværdiskatteloven. (Forlængelse af virkningen af ejendomsvurderingen for 2020 af ejerboliger m.v.).","Proposal for a law amending the Property Assessment Act, the Law on Municipal Property Tax and the Property Value Tax Act. (Extension of the effect of the Property Assessment for 2020 of Owners' Homes etc.).",2022-12-22 00:00:00
9008,Forslag til lov om ændring af afskrivningsloven. (Nedsættelse af afskrivningssatsen for bygninger m.v.).,"Draft law amending the law on depreciation. (Depreciation of depreciation rate for buildings, etc.).",2022-12-22 00:00:00
9009,Forslag til lov om ændring af investorfradragsloven. (Fastholdelse af loft over investorfradraget).,Proposal for a law amending the investor tax credit law.,2022-12-22 00:00:00
9010,Forslag til lov om ændring af lov om arbejdsmarkedsuddannelser m.v. og forskellige andre love. (Udskydelse af solnedgangsklausuler og ophævelse af kadence for samlede udbudsrunder).,"Proposal for a law amending the law on labour market training, etc. and various other laws. (Exclusion of sunset clauses and abolition of cadence for total tendering rounds).",2022-12-22 00:00:00
9011,Forslag til lov om ændring af lov om Nordsøenheden og Nordsøfonden. (Deltagelse i CO2-lagringsaktiviteter).,Proposal for a law amending the Law on the North Sea Unit and the North Sea Fund. (Participation in CO2 storage activities).,2022-12-22 00:00:00
9012,Forslag til lov om ændring af lov om fremme af effektiv energianvendelse og drivhusgasreduktion. (Udmøntning af CCUS-puljer og mulighed for kommuners påtagelse af økonomiske forpligtelser).,Proposal for a law amending the law on the promotion of efficient energy use and greenhouse gas reduction.,2022-12-22 00:00:00
9013,"Forslag til lov om ændring af lov om gasforsyning, lov om Energinet og lov om elforsyning. (Regulering af brint, omorganisering af Energinet, CO2-lagring m.v.).","Proposal for a law amending the Act on Gas Supply, the Act on Energy Networks and the Law on Electricity Supply (Regulation of Hydrogen, Restructuring of Energy Networks, CO2 Storage, etc.).",2022-12-22 00:00:00
9014,Forslag til lov om ændring af lov om radio- og fjernsynsvirksomhed m.v. (Ændring af beskikkelsesperioden for DR's bestyrelse).,"Proposal for a Law amending the Law on Radio and Television Activities, etc. (Amendment of the term of office of the Executive Board of the DR).",2022-12-22 00:00:00
9015,Forslag til lov om administration af den fælles landbrugspolitik m.v.,Proposal for a law on the administration of the common agricultural policy etc.,2022-12-22 00:00:00
9016,Forslag til lov om ændring af lov om forsøg med et socialt frikort. (Forlængelse af forsøg med et socialt frikort og indførelse af kontrol med sociale frikort).,Proposal for a law amending the Act on Social Free Card Trials (Alternation of Social Free Card Trials and Introduction of Social Free Card Controls).,2022-12-22 00:00:00
9022,Forslag til lov om ændring af lov om institutioner for almengymnasiale uddannelser og almen voksenuddannelse m.v. og lov om private institutioner for gymnasiale uddannelser. (Afstandszoner i skoleåret 2023/24 og afskaffelse af tilskudsloft for elever på private gymnasier).,"Proposal for a law amending the law on institutions for general upper secondary education and adult general education, etc., and the law on private institutions for upper secondary education. (Distance zones in the school year 2023/24 and the abolition of the ceiling on grants for pupils in private secondary schools).",2023-02-07 00:00:00
9025,Forslag til lov om Fonden for Plantebaserede Fødevarer.,Proposal for a law on the Fund for Plant-based Foods.,2023-02-23 00:00:00
9029,Forslag til lov om konsekvenser ved afskaffelsen af store bededag som helligdag.,Draft law on the consequences of the abolition of great prayer day as a holiday.,2023-02-28 00:00:00
9031,Forslag til lov om ændring af selskabsloven og forskellige andre love. (Implementering af mobilitetsdirektivet m.v.).,"Proposal for a law amending the Companies Act and various other laws. (Implementation of the Mobility Directive, etc.).",2023-03-02 00:00:00
9032,Forslag til lov for Grønland om gennemførelse af restriktive foranstaltninger over for Rusland og Belarus.,Proposal for a law for Greenland implementing restrictive measures against Russia and Belarus.,2023-03-02 00:00:00
9033,Forslag til lov om ændring af lov om varmeforsyning. (Overførsel af CO2-kvoter til statsstøttede CO2-fangstenheder og undtagelse af opvarmet vand fra geotermiske anlæg fra prisregulering).,Proposal for a law amending the Law on Heat Supply. (Transfer of CO2 quotas to State-owned CO2 capture units and exemption of heated water from geothermal installations from price regulation).,2023-03-02 00:00:00
9034,"Forslag til lov om ændring af lov om en aktiv beskæftigelsesindsats, lov om sygedagpenge og forskellige andre love. (Mere målrettede tilbud, udvidet mulighed for samtaler over video eller telefon, forenkling af opfølgning ved skærpet tilsyn m.v.).","Proposal for a law amending the Act on active employment, the Law on sickness benefits and various other laws. (More targeted offer, extended opportunity for conversations by video or telephone, simplification of follow-up by enhanced supervision, etc.).",2023-03-14 00:00:00
9035,Forslag til lov om dansk normaltid.,Draft law on Danish normal time.,2023-03-14 00:00:00
9038,"Forslag til lov om ændring af lov om ændring af lov om folkeskolen, lov om friskoler og private grundskoler m.v., lov om social service og lov om en børne- og ungeydelse. (Udskydelse af revisionsbestemmelse).","Proposal for a law amending the Law amending the Law on Public Schools, the Law on Free Schools and Private Primary Schools, etc., the Law on Social Services and the Law on Child and Youth Benefits. (Exclusion of revision clause).",2023-03-23 00:00:00
9039,Forslag til lov om ændring af lov om erhvervsuddannelser. (Permanentgørelse af Team Danmark-ordning).,Proposal for a law amending the Law on Vocational Training (Permanentation of Team Denmark scheme).,2023-03-23 00:00:00
9041,"Forslag til lov om ændring af lov om fremme af vedvarende energi. (Investeringsstøtte til forsøgsvindmøller, udbud af støtte til anvendelse af kemiske brændstoffer eller produkter fra elektricitet (power-to-x), anvendelsesområdet for VE-ordningerne, tilsyn med elproducerende anlæg på havet og adgang til negativt pristillæg).","Proposal for a law amending the law on the promotion of renewable energy sources (investment aid for experimental wind turbines, provision of aid for the use of chemical fuels or products from electricity (power-to-x), scope of the renewable energy schemes, supervision of power generating plants at sea and access to negative price supplements).",2023-03-23 00:00:00
9042,Forslag til lov om tillægsbevilling for finansåret 2022.,Draft law on the supplementary allocation for the financial year 2022.,2023-03-23 00:00:00
9043,Forslag til lov om indfødsrets meddelelse.,Draft law on the notification of citizenship.,2023-03-23 00:00:00
9044,"Forslag til lov om ændring af udlændingeloven. (Indberetning i Schengeninformationssystemet (SIS) af tredjelandsstatsborgere, som er genstand for en afgørelse om tilbagesendelse, og bemyndigelse til udlændinge- og integrationsministeren til at fastsætte regler om udlændingemyndighedernes kompetence til at foretage indberetninger og forestå konsultationer i medfør af SIS-forordningen og SIS-tilbagesendelsesforordningen).",Proposal for a law amending the Aliens Act. (Report on the Schengen Information System (SIS) of third-country nationals subject to a return decision and authorisation of the Minister of Foreign Affairs and Integration to lay down rules on the competence of alien authorities to carry out alerts and to conduct consultations under the SIS Regulation and the SIS Return Regulation).,2023-03-23 00:00:00
9045,Forslag til lov om ændring af udlændingeloven. (Styrket international rekruttering).,Proposal for a law amending the law on foreigners.,2023-03-23 00:00:00
9046,Forslag til lov om etablering af statsgaranti på lån til udskiftning af olie- eller gasfyr med en anden opvarmningskilde i landdistriktsområder uden for fjernvarmenettet.,Proposal for a law establishing a State guarantee on loans for the replacement of oil or gas pine by another source of heating in rural areas outside the district heating network.,2023-03-23 00:00:00
9049,"Forslag til lov om ændring af lov om inddrivelse af gæld til det offentlige, kildeskatteloven, skatteindberetningsloven, lov om fuldbyrdelse af straf m.v. og lov om Den Internationale Straffedomstol og om ophævelse af lov om Det Fælles Lønindeholdelsesregister. (Styrkelse af inddrivelsen med henblik på at nedbringe danskernes gæld til det offentlige).","Proposal for a law amending the Law on the Recovery of Debts to the Government, the Law on the withholding tax, the Tax Reporting Act, the Law on the Enforcement of Punishment, etc., and the Law on the International Criminal Court and on the repeal of the Law on the Common Pay Register. (Strengthening of Recovery with a view to reducing Danes' debt to government).",2023-03-23 00:00:00
9050,Forslag til lov om gennemførelse af dobbeltbeskatningsoverenskomst og tilhørende protokol mellem Kongeriget Danmark og Den Franske Republik.,Proposal for a law on the implementation of the double taxation convention and its Protocol between the Kingdom of Denmark and the French Republic.,2023-03-23 00:00:00
9051,"Forslag til lov om ændring af lov om ligebehandling af mænd og kvinder med hensyn til beskæftigelse m.v., lov om arbejdsmiljø og lov om erhvervsuddannelser. (Udmøntning af »Trepartsaftale om initiativer til at modgå seksuel chikane på arbejdspladser« og forlængelse af hjemmel til smileyordningen).","Proposal for a law amending the Law on equal treatment for men and women in employment, etc., the Law on Working Conditions and the Law on Vocational Training.",2023-03-23 00:00:00
9055,"Forslag til lov om ændring af militær retsplejelov. (Styrkelse af mulighederne for at pågribe militært personel, der er narkopåvirket i tjenesten).",Proposal for a law amending military law on the administration of justice (Enhancement of the possibility of apprehending military personnel affected by drugs in the service).,2023-03-28 00:00:00
9056,"Forslag til lov om ændring af tinglysningsafgiftsloven og ejendomsvurderingsloven. (Indførelse af godtgørelse af tinglysningsafgift for pant tinglyst til sikkerhed for lån til udskiftning af olie- eller gasfyr med en anden opvarmningskilde, fremrykket kategorisering af visse ejendomme m.v.).","Proposal for a law amending the Land Tax Act and the Property Assessment Act. (Incorporation of reimbursement of mortgage tax to guarantee loans for the replacement of oil or gas pine with another source of heating, accelerated categorization of certain properties, etc.).",2023-03-28 00:00:00
9057,Forslag til lov om ændring af sundhedsloven og lov om social service. (Bemyndigelse til at indføre lavere medicintilskudsgrænser i 2023 m.v.).,Proposal for a law amending the Health and Social Services Act. (Authorization to introduce lower medical allowance limits in 2023 etc.).,2023-03-28 00:00:00
9059,"Forslag til lov om ændring af lov om menighedsråd og lov om folkekirkens økonomi og om ophævelse af lov om forsøg i folkekirken. (Udvidelse og forenkling af samarbejdsmuligheder, øget transparens og fleksibilitet i den lokale økonomistyring m.v. og ophævelse af lov om forsøg i folkekirken).","Draft law amending the law on the church council and the law on the state church economy and repealing the law on trials in the church. (Enlargement and simplification of opportunities for cooperation, increased transparency and flexibility in local economic governance, etc., and repealing the law on trials in the church).",2023-04-13 00:00:00
9060,Forslag til lov om ændring af lov om institutioner for almengymnasiale uddannelser og almen voksenuddannelse m.v. (Etablering af mulighed for organisatorisk adskillelse af Europaskolen fra Sankt Annæ Gymnasium og mulighed for fastlæggelse af kapacitetsloft på Europaskolen m.v.).,"Proposal for a law amending the law on institutions for general upper secondary education and general adult education etc. (Establishing the possibility of organisational separation of the European School from the St Annae Gymnasium and the possibility of establishing a cap on capacity at the European School, etc.).",2023-04-13 00:00:00
9064,Forslag til lov om ændring af lov om udlejning af fast ejendom til ferie- og fritidsformål m.v. og campering m.v. (Forsøgsordning for udvidet vintercampering).,"Draft law amending the law on the rental of real estate for holiday and leisure purposes, etc., and camping etc. (Experiment scheme for extended winter camping).",2023-04-18 00:00:00
9065,"Forslag til lov om ændring af lov om planlægning, lov om Planklagenævnet og lov om Miljø- og Fødevareklagenævnet. (Fremme af vedvarende energi i den fysiske planlægning og effektivisering af sagsbehandling i Planklagenævnet og Miljø- og Fødevareklagenævnet).","Proposal for a law amending the law on planning, the Law on the Planning Board and the Law on the Environmental and Food Complaints Board. (Promotion of renewable energy in the spatial planning and efficiency of the proceedings of the Board of Appeal and the Environmental and Food Complaints Board).",2023-04-18 00:00:00
9066,Forslag til lov om ændring af lov om planlægning. (Opstilling af vindmøller og solceller i herregårds- og godslandskaber).,Proposal for a law amending the law on planning. (Building wind turbines and solar cells in manor and freight landscapes).,2023-04-18 00:00:00
9067,Forslag til lov om ændring af lov om Det Centrale Personregister. (Kommunernes kontrol med bopælsregistreringen i CPR).,Proposal for a law amending the Central Register of Persons (Communs' control of residence registration in the CPR).,2023-04-18 00:00:00
9068,"Forslag til lov om ændring af lov om Det Centrale Personregister, lov om folketingsvalg i Grønland og lov om valg til Folketinget. (Bopælsregistrering i Danmark og Grønland af personer, der af Grønlands Selvstyre eller den danske stat er beordret til tjeneste uden for riget, optagelse på folketingsvalglisterne i Danmark og Grønland m.v.).","Proposal for a law amending the law on the Central Register of Persons, the law on parliamentary elections in Greenland and the law on elections to the Danish Parliament. (Residence registration in Denmark and Greenland of persons ordered by Greenland's Self-Government or the Danish State to serve outside the kingdom, admission to the electoral lists in Denmark and Greenland etc.).",2023-04-18 00:00:00
9069,"Forslag til lov om ændring af lov om finansiel virksomhed, straffeloven og forskellige andre love. (Gennemførelse af Ansvarsudvalgets forslag om skærpet ansvarsvurdering for ledelsesmedlemmer m.v. i finansielle virksomheder og ændring af reglerne om egnethed og hæderlighed).","Proposal for a law amending the law on financial activities, criminal law and various other laws. (Implementation of the Responsibilities Committee's proposal on enhanced liability assessment for directors, etc. in financial undertakings and amendment of the rules on suitability and good repute).",2023-04-18 00:00:00
9070,Forslag til lov om Kreditforeningen af kommuner og regioner i Danmark.,Draft law on the Credit Association of Municipalities and Regions in Denmark.,2023-04-18 00:00:00
9078,"Forslag til lov om ændring af lov om husdyrbrug og anvendelse af gødning m.v. (Reduktion af drivhusgasudledninger fra erhvervsmæssige dyrehold).

","Proposal for a law amending the law on livestock farming and the use of fertilisers, etc. (Reduction of greenhouse gas emissions from commercial livestock).",2023-04-20 00:00:00
9080,Forslag til lov om adgang til anlæggelse af gruppesøgsmål til beskyttelse af forbrugernes kollektive interesser.,Proposal for a law on access to group proceedings for the protection of the collective interests of consumers.,2023-04-20 00:00:00
9081,"Forslag til lov om ændring af lov om elforsyning og lov om afgift af elektricitet. (Implementering af forskellige aftaler om grøn omstilling, herunder dele af power-to-x-aftalen af 15. marts 2022).","Proposal for a law amending the law on electricity supply and the law on electricity taxation. (Implementation of various green conversion agreements, including parts of the power-to-x agreement of 15 March 2022).",2023-04-20 00:00:00
9082,"Forslag til lov om ændring af kriminallov for Grønland, retsplejelov for Grønland og forskellige andre love. (Samtykkebaseret voldtægtsbestemmelse, digital kommunikation i kriminalretsplejen, tilståelsessager, udeblivelsesdomme, pligtig afgangsalder for dommere og kredsdommere m.v. og ændringer som følge af modernisering af arve- og skiftelovgivningen i Grønland). ","Proposal for a law amending the law on criminal law for Greenland, the law on the administration of justice for Greenland and various other laws. (Speech-based rape clause, digital communication in criminal law care, confession cases, default sentences, compulsory retirement age for judges and district judges, etc., and changes resulting from modernisation of the law on succession and change in Greenland).",2023-04-20 00:00:00
9083,Forslag til lov om et loft over indtægter fra elproduktion.,Proposal for a law on a ceiling on revenues from electricity generation.,2023-04-27 00:00:00
9084,Forslag til lov om ændring af lov om Arbejdsmarkedets Fond for Udstationerede og barselsloven. (Udmøntning af Dansk Arbejdsgiverforening og Fagbevægelsens Hovedorganisations aftale om principper for justering af Arbejdsmarkedets Fond for Udstationerede m.v.).,Proposal for a law amending the Law on the Labour Market Fund for Posted Persons and Maternity. (Employer's Association and the Trade Unions' Main Organization's Agreement on Principles for the Adjustment of the Labour Market Fund for Posted Persons etc.).,2023-04-27 00:00:00
9085,"Forslag til lov om en ekstra økonomisk støtte til modtagere af ældrecheck og engangsbeløb til uddannelsessøgende, der modtager stipendium som tillæg på grund af en funktionsnedsættelse eller som enlige forsørgere.",Proposal for a law providing for additional financial support for beneficiaries of elderly cheques and lump sum payments for trainees receiving a scholarship as a supplement because of a disability or as single parents.,2023-04-27 00:00:00
9087,Forslag til lov om ændring af lov om social service. (Hurtigere og mere fleksibel hjælp og støtte til borgere med en hastigt fremadskridende sygdom).,Proposal for a law amending the Social Services Act. (Further and more flexible assistance and support for citizens with a rapidly progressive disease).,2023-05-02 00:00:00
9092,"Forslag til lov om ændring af lov om forbrugslånsvirksomheder og lov om kreditaftaler. (Indgreb over for kreditter, der ydes rentefrit og uden andre omkostninger).",Proposal for a law amending the Law on Consumer Credit Companies and the Law on Credit Agreements. (Action against credits granted free of interest and at no other cost).,2023-05-04 00:00:00
9093,"Forslag til lov om ændring af lov om en garantifond for skadesforsikringsselskaber, hvidvaskloven, lov om finansiel virksomhed og forskellige andre love. (Udvidelse af dækningsområde for Garantifonden for skadesforsikringsselskaber til at omfatte livsforsikringsselskaber, der udøver arbejdsulykkesforsikringsvirksomhed i Danmark, og til at omfatte motoransvarsforsikringer m.v.).","Proposal for a law amending the Law on a Guarantee Fund for Non-life Insurance Companies, the Laundering Act, the Law on Financial Activities and various other laws. (Enlargement of the coverage of the Guarantee Fund for Non-life Insurance Companies to include life insurance companies carrying out an industrial accident insurance activity in Denmark and to include motor liability insurance, etc.).",2023-05-04 00:00:00
9094,"Forslag til lov om ændring af lov om social service, lov om  almene boliger m.v., lov om leje af almene boliger og forskellige andre love. (Omlægning af indsatsen mod hjemløshed, udvidelse af ordning om udslusningsboliger og indretning af bofællesskaber m.v.).","Proposal for a law amending the Law on social services, the Law on general housing, etc., the Law on the rental of general housing and various other laws.",2023-05-04 00:00:00
9100,"Forslag til lov om ændring af universitetsloven, lov om erhvervsakademiuddannelser og professionsbacheloruddannelser og forskellige andre love. (Regulering af beløb, som studerende kan modtage som en erkendtlighed under ulønnede projektorienterede forløb og ulønnet praktik m.v., harmonisering af regler om strategiske rammekontrakter og ingen prækvalifikation ved overdragelse af uddannelser inden for samme geografiske område).","Proposal for a law amending the University Act, the Law on vocational education and Bachelor's degree programmes and various other laws. (Regulation of amounts which students can receive as an acknowledgment during unpaid project-oriented courses and unpaid internships, etc., harmonization of rules on strategic framework contracts and no prequalification for the transfer of courses in the same geographical area).",2023-05-09 00:00:00
9101,"Forslag til lov om ændring af lov om et indkomstregister, opkrævningsloven og skatteindberetningsloven. (Sanktionstiltag omfattet af tredje etape af reform af skattekontrollen).","Proposal for a law amending the Law on the Income Register, the Tax Collection Act and the Tax Reporting Act. (Sanction measures covered by the third stage of tax control reform).",2023-05-09 00:00:00
9102,Forslag til lov om ændring af færdselsloven. (Undtagelse til hegningspligt i områder med udsatte dyr m.v.).,Proposal for a law amending the Road Traffic Code.,2023-05-09 00:00:00
9103,Forslag til lov om ændring af lov om valg til Folketinget. (Ændring af reglerne om efteruddannelse m.v. for folketingsmedlemmer).,"Draft law amending the Act on Elections to the Folketing (Amendment of the Rules on Continuing Training, etc. for Members of Parliament).",2023-05-09 00:00:00
9104,"Forslag til lov om ændring af udlændingeloven, hjemrejseloven og straffeloven og ophævelse af lov om videreførelse af visse rettigheder i forbindelse med Det Forenede Kongeriges udtræden af Den Europæiske Union uden en aftale. (Ændring af visse regler om hjælp til hjemrejse, adgang til hjemrejsestøtte og administrativ frihedsberøvelse, gennemførelse af rådsafgørelse om Kroatiens fulde optagelse i Schengensamarbejdet og ophævelse af lov om videreførelse af visse rettigheder i forbindelse med Det Forenede Kongeriges udtræden af Den Europæiske Union uden en aftale).","Proposal for a law amending the law on aliens, the Return and Criminal Law and repealing the law on the continuation of certain rights in connection with the United Kingdom's withdrawal from the European Union without an agreement (Amendment of certain rules on return assistance, access to return and administrative detention, implementation of the Council Decision on Croatia's full accession to the Schengen Agreement and repeal of the Act on the continuation of certain rights in connection with the United Kingdom's withdrawal from the European Union without an agreement).",2023-05-09 00:00:00
9105,Forslag til lov om ændring af lov om dansk indfødsret. (Implementering af bestemmelse i statsborgerretskonventionen).,Proposal for a law amending the law on Danish citizenship. (Implementation of provision of the National Convention).,2023-05-09 00:00:00
9106,Forslag til lov om ændring af forskellige ændringslove på Udlændinge- og Integrationsministeriets område. (Revision af loven om indførelse af mulighed for overførsel af asylansøgere til asylsagsbehandling og eventuel efterfølgende beskyttelse i tredjelande).,Proposal for a law amending various amending laws in the territory of the Ministry of Foreign Affairs and Integration. (Revision of the law on the introduction of the possibility of transferring asylum seekers to asylum procedures and possible subsequent protection in third countries).,2023-05-09 00:00:00
9109,Forslag til lov om inflationshjælp til økonomisk udsatte børnefamilier.,Proposal for a law on inflationary aid for economically vulnerable families of children.,2023-05-11 00:00:00
9110,Forslag til lov om ansættelsesbeviser og visse arbejdsvilkår.,Proposal for a law on certificates of employment and certain working conditions.,2023-05-11 00:00:00
9153,Forslag til finanslov for finansåret 2023.,Draft Finance Act for the financial year 2023.,2023-05-16 00:00:00
9154,"Forslag til lov om ændring af lov om fastsættelse af udgiftslofter for stat, kommuner og regioner for finansåret 2023, lov om fastsættelse af udgiftslofter for stat, kommuner og regioner for finansåret 2024 og lov om fastsættelse af udgiftslofter for stat, kommuner og regioner for finansåret 2025. (Konsekvenser af forslag til finanslov for 2023 m.v.).","Proposal for a law amending the Law on the establishment of expenditure ceilings for the State, Municipalities and Regions for the financial year 2023, Act on the establishment of expenditure ceilings for the State, Municipalities and Regions for the financial year 2024 and Act on the establishment of expenditure ceilings for the State, Municipalities and Regions for the financial year 2025.",2023-05-16 00:00:00
9155,"Forslag til lov om fastsættelse af udgiftslofter for stat, kommuner og regioner for finansåret 2026.","Proposal for a law on the establishment of expenditure ceilings for state, municipalities and regions for the financial year 2026.",2023-05-16 00:00:00
9156,Forslag til lov for Færøerne om fuldbyrdelse af straf m.v.,"Draft law for the Faroe Islands on the enforcement of penalties, etc.",2023-05-16 00:00:00
9157,"Forslag til lov om ændring af straffelov for Færøerne, retsplejelov for Færøerne og lov for Færøerne om retsafgifter. (Ændringer som følge af ikraftsættelse af lov for Færøerne om fuldbyrdelse af straf m.v. og som følge af ikraftsættelse af ændringsanordning om konkursloven for Færøerne).","Draft law amending the Faroe Islands Criminal Code, the Faroe Islands Code of Procedure and the Faroe Islands Law on court fees (Amendments resulting from the entry into force of the Law on the Faroe Islands on the Enforcement of Punishment, etc. and from the entry into force of the Amending Law on the Bankruptcy of the Faroe Islands).",2023-05-16 00:00:00
9158,Forslag til lov om kompensation til naboer omkring Udrejsecenter Kærshovedgård.,Draft law on compensation for neighbors around the Travel Centre Kærshovedgård.,2023-05-16 00:00:00
9170,Forslag til lov om ændring af lov om fremme af vedvarende energi. (Udbetaling af støtte og opkrævning af betaling for elektricitet produceret på udbudte havvindmølleparker og implementering af dele af VE II-direktivet).,Proposal for a law amending the law on the promotion of renewable energy.,2023-05-23 00:00:00
9171,"Forslag til lov om ændring af straffeloven og retsplejeloven. (Initiativer mod digitale krænkelser, herunder forbud mod grooming, sidestilling af tilsnigelse af samleje med voldtægt, religiøse lederes udnyttelse af religiøs afhængighed med henblik på at skaffe sig samleje m.v.).","Proposal for a law amending the Criminal Code and the Code of Criminal Procedure. (Initiatives against digital violations, including prohibition of grooming, equalisation of sexual intercourse with rape, exploitation of religious dependence by religious leaders for sexual intercourse, etc.).",2023-05-23 13:00:00
9172,"Forslag til lov om ændring af lov om arbejdsmiljø i Grønland. (Psykisk arbejdsmiljø, virksomheders samarbejde om sikkerhed og sundhed, styrkelse af krav til arbejdspladsvurdering, udvidelse af Arbejdstilsynets reaktionsmuligheder, indsamling, behandling og videregivelse af data, aftaleforløb med virksomhederne, forhøjet bødeniveau m.v.).","Proposal for a law amending the Law on Working Conditions in Greenland. (Psychic working environment, company cooperation on safety and health, strengthening requirements for workplace assessment, extension of the Factory Inspectorate's reaction options, collection, processing and transmission of data, contractual arrangements with companies, increased level of fines, etc.).",2023-05-23 00:00:00
9173,"Forslag til lov om ændring af lov om en aktiv beskæftigelsesindsats. (Genindførelse af ret til uddannelse for personer, der har arbejdet i minkerhvervet eller følgeerhverv, inden for en pulje i 2023).",Proposal for a law amending the Act on Active Employment.,2023-05-23 00:00:00
9181,Forslag til lov om ændring af lov om folkeskolen. (Permanentgørelse af forsøg med internationale udskolingslinjer).,Proposal for a law amending the law on primary education.,2023-05-25 00:00:00
9182,Forslag til lov om ændring af lov om de gymnasiale uddannelser. (Udvidelse af lovens formålsbestemmelse og indførelse af obligatorisk seksualundervisning).,Proposal for a law amending the Law on upper secondary education.,2023-05-25 00:00:00
9183,Forslag til lov om ændring af lov om folkeskolen. (Forlængelse af de udvidede frihedsgrader om afkortning af skoleugens længde og målsætningen om fuld kompetencedækning i skoleåret 2023/24 samt afskaffelse af udviklingsplanen m.v.).,Proposal for a law amending the law on primary school. (Extension of the extended degrees of freedom on shortening the duration of the school week and the objective of full competence in the school year 2023/24 and the abolition of the development plan etc.).,2023-05-25 00:00:00
9184,Forslag til lov om ændring af lov om valg til menighedsråd. (Videreførelse af valgbarhedskriterier for kirkefunktionærer).,Draft law amending the Law on the Election of Congregation Councils. (Provision of eligibility criteria for church officials).,2023-05-25 00:00:00
9185,Forslag til lov om ændring af lov om trossamfund uden for folkekirken. (Udskydelse af revisionsbestemmelse).,Draft law amending the law on religions outside the national church. (Exclusion of revision clause).,2023-05-25 00:00:00
9187,Forslag til lov om ændring af personskatteloven. (Nedsættelse af bundskatten som følge af kommunale skattestigninger).,Proposal for a law amending the Personal Tax Act. (Reduction of the base tax as a result of municipal tax increases).,2023-05-25 00:00:00
9188,Forslag til lov om midlertidig udskydelse af betalingsfrister for indeholdt A-skat og arbejdsmarkedsbidrag og midlertidig forhøjelse af standardfradraget for dagplejere.,Proposal for a law on the temporary deferment of payment periods for A-tax and labour market contributions and temporary increase of the standard allowance for day care providers.,2023-05-25 00:00:00
9189,Forslag til lov om fravigelse fra obligatorisk digital selvbetjening.,Proposal for a law derogating from mandatory digital self-service.,2023-05-25 00:00:00
9190,Forslag til lov om ændring af lov om videreanvendelse af den offentlige sektors informationer. (Indskrænkning af lovens anvendelsesområde i henhold til åbne data-direktivet).,Proposal for a law amending the law on the re-use of public sector information.,2023-05-25 00:00:00
9191,Forslag til lov for Færøerne om gennemførelse af restriktive foranstaltninger over for Rusland og Belarus.,Proposal for a law for the Faroe Islands implementing restrictive measures against Russia and Belarus.,2023-05-25 00:00:00
9192,Forslag til lov om ændring af lov om salg og markedsføring af lattergas til forbrugere og lov om markedsføring. (Skærpelse af regler om markedsføring af lattergas til beruselse og indførelse af mulighed for fængselsstraf).,Proposal for a law amending the Law on the sale and marketing of nitrous oxide to consumers and the Law on the Marketing.,2023-05-25 00:00:00
9193,Forslag til lov om ændring af lov om formidling af fast ejendom m.v. og lov om juridisk rådgivning. (Indførelse af regler for køberformidling og skærpelse af sanktionsmulighederne for Disciplinærnævnet for Ejendomsmæglere).,"Proposal for a law amending the law on the dissemination of real estate, etc. and the law on legal advice.",2023-05-25 00:00:00
9194,Forslag til lov om ændring af lov om erhvervsfremme og lov om dansk turisme. (Regulering af det nationale standardiseringsorgan i Danmark og udpegninger til Det Nationale Turismeforum og Dansk Turismes Advisoryboard).,Proposal for a law amending the Law on Business Promotion and the Act on Danish Tourism. (Regulation of the National Standards Agency in Denmark and designations for the National Tourism Forum and the Danish Tourism Advisoryboard).,2023-05-25 00:00:00
9207,"Forslag til lov om ændring af lov om autorisation af sundhedspersoner og om sundhedsfaglig virksomhed, sundhedsloven og lov om klage- og erstatningsadgang inden for sundhedsvæsenet. (Skærpet straf ved ulovlige omskæringer af drengebørn, ændring af sundhedspersoners rapporteringspligt i forbindelse med utilsigtede hændelser og ophævelse af Styrelsen for Patientklagers pligt til at udgive en årsberetning).

","Proposal for a law amending the Law on the Authorisation of Health Careers and on Healthcare, Health and Access to Complaints and Compensation in Health Care. (Severe penalty for illegal genital mutilation of male children, change of reporting obligations of health professionals in the event of accidental incidents and termination of the Board of Patient Complaints' obligation to publish an annual report).",2023-05-30 00:00:00
9208,"Forslag til lov om ændring af partiregnskabsloven og partistøtteloven. (Nye bundgrænser for offentlig partistøtte og anordningshjemmel til ikraftsættelse af partistøtteloven for Færøerne m.v.).

",Proposal for a law amending the Party Accounts Act and the Party Support Act.,2023-05-30 00:00:00
9209,Forslag til lov om undersøgelse af beslutningen om hjemsendelse af ledende medarbejdere i Forsvarets Efterretningstjeneste.,Draft law on the investigation of the resolution on the repatriation of senior staff in the Defence Intelligence Service.,2023-05-30 00:00:00
9210,Forslag til ejendomsskattelov.,Draft property tax law.,2023-05-30 00:00:00
9211,"Forslag til lov om ændring af kildeskatteloven, lov om kommunal indkomstskat, ejendomsvurderingsloven og forskellige andre love. (Opkrævning og inddrivelse af grundskyld og dækningsafgift m.v., statens afregning af grundskyld og dækningsafgift til kommunerne, foreløbige vurderinger som midlertidigt beskatningsgrundlag i 2024 og 2025, forenkling af ejendomsvurderingerne for 2024 og 2025, udvidelse af antallet af dommere i Landsskatteretten m.v.).","Draft law amending the Law on withholding tax, the Law on municipal income tax, the Property Assessment Act and various other laws. (Collection and recovery of land and cover tax, etc., State settlement of land and cover tax to municipalities, interim assessments as a temporary tax base in 2024 and 2025, simplification of the property valuations for 2024 and 2025, extension of the number of judges in the National Tax Court, etc.).",2023-05-30 00:00:00
9212,Forslag til lov om ændring af jernbaneloven og lov om DSB. (Revision af visse regler på jernbaneområdet).,Proposal for a law amending the Railway Act and the DSB Act (Revision of certain rules in the field of railways).,2023-05-30 10:00:00
9258,Forslag til lov om ændring af lov for Grønland om kapitalkrav og tilsynsmæssige krav for kreditinstitutter og investeringsselskaber. (Gennemførelse for Grønland af visse ændringsforordninger til forordning (EU) nr. 575/2013 om tilsynsmæssige krav til kreditinstitutter og investeringsselskaber).,Proposal for a law amending the law for Greenland on capital requirements and prudential requirements for credit institutions and investment firms. (Implementation for Greenland of certain amendments to Regulation (EU) No 575/2013 on prudential requirements for credit institutions and investment firms).,2023-06-01 00:00:00
9259,"Forslag til lov om forsikringsvirksomhed i tværgående pensionskasser, livsforsikringsselskaber og skadesforsikringsselskaber m.v. (lov om forsikringsvirksomhed).","Proposal for a law on insurance activities in cross-border pension funds, life insurance companies and non-life insurance companies etc. (Act on Insurance).",2023-06-01 00:00:00
9260,Forslag til lov om ændring af årsregnskabsloven. (Implementering af Europa-Parlamentets og Rådets direktiv (EU) 2021/2101 for så vidt angår offentliggørelse af selskabsskatteoplysninger for visse virksomheder og filialer m.v.).,"Proposal for a law amending the Financial Statements Act. (Implementation of Directive (EU) 2021/2101 of the European Parliament and of the Council as regards disclosure of corporate tax information for certain companies and branches, etc.).",2023-06-01 00:00:00
9261,"Forslag til lov om ændring af kildeskatteloven, selskabsskatteloven, kulbrinteskatteloven og ligningsloven. (Indførelse af begrænset skattepligt ved udøvelse af visse aktiviteter i Danmarks eksklusive økonomiske zone, anvendelse af kulbrinteanlæg m.v. i forbindelse med lagring af CO2 og ændring af listen over lande, der er omfattet af defensive foranstaltninger).","Proposal for a law amending the withholding tax law, the corporation tax law, the hydrocarbon tax law and the law on equations.",2023-06-01 00:00:00
9262,Forslag til lov om vejafgift.,Proposal for a law on tolls.,2023-06-01 00:00:00
9263,"Forslag til lov om ændring af momsloven, chokoladeafgiftsloven, skattekontrolloven og forskellige andre love og om ophævelse af lov om ændring af momsloven. (Indberetning af betalingsoplysninger til bekæmpelse af grænseoverskridende momssvig, omvendt betalingspligt for teleydelser, notifikationsordning i visse afgiftslove, ændring af regler om ansvarsfrihed, tydeliggørelse af praksis om skærpede bøder, oplysningspligt i forbindelse med delvis momsfradragsret, justering af regler om udtagning, fritagelse for lønsumsafgift på energivirksomheders aktiviteter vedrørende indefrysning i forbindelse med indefrysningsordning for høje energiregninger, ændring af regler om kompetence til opkrævning af visse underholdsbidrag m.v.).","Proposal for a law amending the VAT Act, the Chocolate Tax Act, the Tax Control Act and various other laws and repealing the Law amending the VAT Act.",2023-06-01 00:00:00
9264,Forslag til lov om ændring af lov om vagtvirksomhed. (Etablering af en forsøgsordning med kommunale tryghedsvagter m.v.).,Draft law amending the law on watchkeeping. (Establishment of an experimental scheme with municipal security guards etc.).,2023-06-01 00:00:00
9265,Forslag til lov om ændring af lov om sikkerhed ved bestemte idrætsbegivenheder. (Styrket indsats mod hooliganisme).,Proposal for a law amending the law on safety at certain sporting events. (Strengthened action against hooliganism).,2023-06-01 00:00:00
9266,"Forslag til lov om ændring af lov om indsamling m.v. (Ændring af Indsamlingsnævnets sammensætning, øgede kontrolmuligheder m.v.).","Draft law amending the law on collection, etc. (Changing the composition of the Collection Board, increasing the scope for control, etc.).",2023-06-01 00:00:00
9267,Forslag til lov om Kulturens Analyseinstitut.,Draft law on the Cultural Institute of Analysis.,2023-06-01 00:00:00
9268,"Forslag til lov om ændring af lov om videregående kunstneriske uddannelsesinstitutioner under Kulturministeriet, lov om scenekunst og lov om Statens Kunstfonds virksomhed. (Ny styringsform på institutionerne, udpegning til Det Kongelige Teaters bestyrelse og digitale ansøgninger).","Proposal for a law amending the Law on higher artistic education institutions under the Ministry of Culture, the Act on Performing Arts and the Act on the Activities of the Danish Arts Foundation. (New form of governance at the institutions, appointment to the Royal Theatre Board and digital applications).",2023-06-01 00:00:00
9269,Forslag til lov om ændring af lov om ophavsret. (Gennemførelse af dele af direktiv om ophavsret og beslægtede rettigheder på det digitale indre marked).,Proposal for a Law amending the Law on Copyright (Implementation of parts of the Directive on Copyright and Related Rights in the Digital Internal Market).,2023-06-01 00:00:00
9270,Forslag til lov om ændring af lov om arbejdsløshedsforsikring m.v. (Fritagelse for fradrag i efterløn for arbejde i sundhedsvæsenet i 2023 og 2024).,"Proposal for a Law amending the Law on Unemployment Insurance, etc. (Removal of pre-retirement allowances for health workers in 2023 and 2024).",2023-06-01 00:00:00
9272,Forslag til lov om ændring af lov om tobaksvarer m.v. og forskellige andre love. (Implementering af dele af delegeret direktiv vedrørende opvarmede tobaksvarer m.v.).,"Proposal for a Law amending the Law on Tobacco Products, etc. and various other laws (Implementation of parts of the Delegated Directive on Heated Tobacco, etc.).",2023-06-01 00:00:00
9273,"Forslag til lov om ændring af lov om etablering og benyttelse af en rørledning til transport af råolie og kondensat, lov om kontinentalsoklen og visse rørledningsanlæg på søterritoriet og lov om anvendelse af Danmarks undergrund. (Godkendelse af ændringer og afvikling af rørledningen, krav om effektiv drift, gennemførelse af direktiver om naturbeskyttelse, bemyndigelse vedrørende forbud mod rutinemæssig afbrænding af kulbrinter, tilladelse til forundersøgelser for visse rørledningsanlæg m.v.).","Proposal for a law amending the law on the establishment and use of a pipeline for the transport of crude oil and condensate, law on the continental shelf and certain marine pipeline installations and the law on the use of Denmark's subsoil.",2023-06-01 00:00:00
9274,"Forslag til lov om ændring af lov om velfærdsaftaler på ældreområdet. (Justering af skriftlighedskrav og mulighed for forsøg med selvvisitation til tilbud, der træder i stedet for madservice).",Proposal for a law amending the law on welfare agreements in the area of the elderly. (Adjustment of written requirements and possibility of self-visitation for services replacing food services).,2023-06-01 00:00:00
9275,Forslag til lov om ændring af lov om social service. (Genindførelse af ordning med obligatorisk opfølgnings- og læringsforløb efter påbud fra Styrelsen for Patientsikkerheds Ældretilsyn).,Proposal for a law amending the Social Services Act.,2023-06-01 00:00:00
9276,Forslag til lov om ændring af lov om almene boliger m.v. og lov om leje af almene boliger. (Tilskud til midlertidig huslejenedsættelse i visse almene boligafdelinger).,Proposal for a law amending the General Housing Act and the General Housing Act. (Subsidies for temporary rent reduction in certain general housing sections).,2023-06-01 00:00:00
9277,Forslag til lov om ændring af lov om forsøg med et socialt frikort. (Forlængelse af forsøg med et socialt frikort og forhøjelse af beløbsgrænsen).,Proposal for a law amending the Law on Social Free Card Trials.,2023-06-01 00:00:00
9278,Forslag til lov om ændring af lov om social service. (Ophævelse af aldersgrænsen og dispensationsadgangen i ordningen med kontant tilskud til ansættelse af hjælpere til overvågning og støtte i forbindelse hermed om natten).,Proposal for a law amending the Social Services Act.,2023-06-01 00:00:00
9301,Forslag til lov om opsigelse af dobbeltbeskatningsoverenskomst mellem Danmark og Rusland og gennemførelse af defensive foranstaltninger mod Rusland.,Proposal for a law on the termination of the double taxation agreement between Denmark and Russia and the implementation of defensive measures against Russia.,2023-06-02 00:00:00
9302,Forslag til lov om ændring af lov om ungdomsuddannelse for unge med særlige behov. (Flere rettigheder og bedre tilrettelæggelse af særligt tilrettelagt ungdomsuddannelse m.v.).,"Proposal for a law amending the law on youth training for young people with special needs. (More rights and better organisation of specially organized youth education, etc.).",2023-06-02 00:00:00
9303,"Forslag til lov om ændring af lov om miljøbeskyttelse, lov om varmeforsyning, lov om elforsyning og selskabsskatteloven. (Ny organisering af affaldsforbrændingssektoren og konkurrenceudsættelse af forbrændingsegnet affald).","Proposal for a law amending the Law on the Protection of the Environment, the Law on Heat Supply, the Law on Electricity Supply and the Corporate Tax Act. (New organisation of the waste incineration sector and competition exposure of waste suitable for incineration).",2023-06-02 09:00:00
9304,"Forslag til lov om ændring af lov om en aktiv beskæftigelsesindsats, lov om sygedagpenge og barselsloven. (Genindførelse af ret til uddannelsesløft med forhøjet dagpengesats på 110 pct. i 2023).","Proposal for a law amending the Act on active employment, the Law on sickness benefits and the Law on maternity leave.",2023-06-02 00:00:00
9305,"Forslag til lov om ændring af lov om en aktiv beskæftigelsesindsats, lov om organisering og understøttelse af beskæftigelsesindsatsen m.v., lov om arbejdsløshedsforsikring m.v. og lov om aktiv socialpolitik. (Øget ansvar til arbejdsløshedskasser for kontaktforløbet i de første 3 måneder, et forenklet kontaktforløb m.v., permanentgørelse af forsøg om jobrettet indsats til unge, forenkling af krav til vejledning m.v.).","Proposal for a law amending the Act on active employment, the Law on the organisation and support of employment, etc., the Law on unemployment insurance, etc., and the Act on active social policy. (Increased responsibility for contacting unemployment funds for the first 3 months, a simplified contact process, etc., permanentisation of attempts to work for young people, simplification of guidance requirements, etc.).",2023-06-02 00:00:00
9306,Forslag til lov om ændring af lov om likviditetslån m.v. i forbindelse med indefrysningsordning for høje energiregninger og til energiintensive virksomheder m.v. (Justering af likviditetslåneordningen).,"Proposal for a law amending the Law on liquidity loans, etc. in the context of the freezing scheme for high energy bills and for energy-intensive enterprises, etc. (Adjustment of the liquidity loan scheme).",2023-06-02 09:00:00
9307,"Forslag til lov om ændring af investeringsscreeningsloven og lov om Klagenævnet for Udbud. (Udvidet screening af kontrakter vedrørende etablering, medejerskab og drift af energiøen i Nordsøen, udvidelse af Klagenævnet for Udbuds kompetence og indførelse af bemyndigelsesbestemmelse vedrørende administration af EU’s økonomiske sanktioner over for tredjelande vedrørende offentlige kontrakter).","Proposal for a law amending the Investment Screening Act and Law on the Board of Appeal for Procurement. (Extend screening of contracts for the establishment, co-ownership and operation of the energy island in the North Sea, extension of the Board of Appeal for the competence of the Procurement Board and introduction of authorisation for the administration of the EU financial sanctions against third countries in the field of public procurement).",2023-06-02 09:00:00
9308,Forslag til barnets lov.,Suggested child's law.,2023-06-02 09:00:00
9309,"Forslag til lov om ændring af lov om social service, lov om retssikkerhed og administration på det sociale område og forskellige andre love. (Ændringer som følge af barnets lov, initiativret for adopterede børn, adoption uden samtykke fra fødslen, samvær med børn på kvindekrisecentre m.v. og fasttrack for godkendelse af plejefamilier m.v.).","Draft law amending the law on social services, the law on legal certainty and administration in the social field and various other laws (changes arising from the child's law, right of initiative for adopted children, adoption without consent from birth, association with children at women's crisis centres, etc., and fasttrack for the approval of foster families, etc.).",2023-06-02 09:00:00
9310,"Forslag til lov om ændring af lov om retssikkerhed og administration på det sociale område, lov om social service og forskellige andre love. (Handlekommune for børn, der hjælpes tilbage til Danmark af danske myndigheder, og for børn, hvis forældre er i udlandet, ensretning af begrebsbrug, nødvendige ændringer i handlekommunereglerne som følge af barnets lov m.v.).","Proposal for a law amending the law on legal certainty and administration in the social field, the law on social services and various other laws.",2023-06-02 09:00:00
9311,"Forslag til lov om ændring af sundhedsloven og lov om autorisation af sundhedspersoner og om sundhedsfaglig virksomhed. (Rammer for en national kvalitetsplan for det nære sundhedsvæsen, smidiggørelse af regler for etablering og drift af regionsklinikker, mulighed for særligt vederlag til læger i områder med lægemangel og regler om fordeling af uddannelsesforløb i speciallægeuddannelsen).

","Proposal for a Law amending the Law on Health and the Law on the Authorisation of Health Professionals and Health Services. (Retails for a national quality plan for the near health care, flexibility of rules for the establishment and operation of regional clinics, special allowance for doctors in areas of medical shortage and rules on the distribution of training courses in specialist training).",2023-06-02 09:00:00
9312,Forslag til lov om ændring af lov om godskørsel. (Gennemførelse af ændring af udlejningsdirektivet).,Proposal for a law amending the law on the carriage of goods. (Implementation of amendments to the rental directive).,2023-06-02 09:00:00
9315,Forslag til lov om indfødsrets meddelelse.,Draft law on the notification of citizenship.,2023-06-02 00:00:00
9361,Forslag til lov om supplerende bestemmelser til Europa-Parlamentets og Rådets forordning om digitale markeder.,Proposal for a law supplementing the regulation of the European Parliament and of the Council on digital markets.,2023-11-21 00:00:00
9362,"Forslag til lov om ændring af lov om realkreditlån og realkreditobligationer, lov om finansiel virksomhed og forskellige andre love. (Realkreditbelåning af havvindmøller, styrkelse af Finanstilsynets tilsynsbeføjelser og dækning af motoransvarsforsikringer hos Garantifonden for skadesforsikringsselskaber m.v.).","Proposal for a law amending the law on mortgage loans and mortgage bonds, the law on financial activities and various other laws. (Realcredit lending of offshore wind turbines, strengthening the supervisory powers of the FSA and covering motor liability insurance with the Guarantee Fund for non-life insurance companies, etc.).",2023-11-21 00:00:00
9363,Forslag til lov om kreditservicevirksomheder og kreditkøbere.,Draft law on credit service companies and credit buyers.,2023-11-21 00:00:00
9364,"Forslag til lov om ændring af lov om midlertidig opholdstilladelse til personer, der i Afghanistan har bistået danske myndigheder m.v. (Forlængelse af Afghanistansærloven).","Proposal for a law amending the law on temporary residence permits for persons who have assisted Danish authorities in Afghanistan, etc. (Extension of the Afghanistan Special Act).",2023-11-21 00:00:00
9367,"Forslag til lov om ændring af aktiesparekontoloven, aktieavancebeskatningsloven, ligningsloven og forskellige andre love. (Forhøjelse af loftet for indskud på aktiesparekontoen, ændret status for aktier optaget til handel på en multilateral handelsfacilitet, diverse justeringer af reglerne vedrørende investeringsinstitutter, justering af visse indberetningsregler m.v.).","Proposal for a law amending the Share Savings Account Act, the Share Advance Tax Act, the Equalisation Act and various other laws. (Increase of the cap on deposits in the Share Savings Account, changed the status of shares admitted to trading on a multilateral trading facility, miscellaneous adjustments to the rules on UCITS, adjustments to certain reporting rules, etc.).",2023-11-23 00:00:00
9368,Forslag til lov om gennemførelse af dobbeltbeskatningsoverenskomst mellem Kongeriget Danmark og Den Demokratiske Folkerepublik Algeriet.,Proposal for a law on the implementation of the double taxation agreement between the Kingdom of Denmark and the People's Democratic Republic of Algeria.,2023-11-23 00:00:00
9369,"Forslag til lov om ændring af personskatteloven, pensionsbeskatningsloven og forskellige andre love. (Forhøjelse af personfradraget for personer under 18 år og klare regler for bevarelse af lavere pensionsudbetalingsalder m.v.).","Proposal for a law amending the Personal Tax Act, the Pension Tax Act and various other laws.",2023-11-23 00:00:00
9370,"Forslag til lov om ændring af lov om inddrivelse af gæld til det offentlige, kildeskatteloven, opkrævningsloven og skatteforvaltningsloven. (Gennemførelse af aftale om initiativer til effektiv opkrævning og gældsinddrivelse i skattevæsenet m.v.).","Proposal for a Law amending the Law on the Recovery of Debts to the Government, the withholding tax Act, the Collection Act and the Tax Administration Act. (Implementation of the Agreement on the Effective Collection and Recovery of Debts in the Tax Service, etc.).",2023-11-23 00:00:00
9371,Forslag til lov om ændring af lov om inddrivelse af gæld til det offentlige. (Tværgående lønindeholdelse for fordringer fra flere inddrivelsessystemer m.v.).,Proposal for a law amending the law on the recovery of public debt.,2023-11-23 00:00:00
9372,Forslag til lov om ændring af udleveringsloven. (Ændring af kompetencen i sager vedrørende anmodning om samtykke til yderligere strafforfølgning).,Draft law amending the extradition law. (Changing jurisdiction in cases relating to the request for consent to further criminal proceedings).,2023-11-23 00:00:00
9373,Forslag til lov om ændring af lov om institutioner for almengymnasiale uddannelser og almen voksenuddannelse m.v. og lov om institutioner for erhvervsrettet uddannelse. (Afskaffelse af forældreindkomst som kriterium for elevfordeling m.v.).,"Draft law amending the law on institutions for general upper secondary education and general adult education, etc., and the law on institutions for vocational education and training (abolition of parental income as a criterion for the distribution of pupils, etc.).",2023-11-23 10:00:00
9381,Forslag til lov om ændring af byggeloven. (Undtagelse fra kundgørelse af tekniske specifikationer i Lovtidende m.v.).,Draft law amending the Building Act. (Exclusion from the publication of technical specifications in the Official Journal etc.).,2023-11-28 00:00:00
9382,"Forslag til lov om ændring af lov om hold af dyr, dyrevelfærdsloven, lov om dyrlæger, lov om dyreforsøg og lov om foderstoffer. (Indarbejdelse af tekstanmærkninger og delegation af sagsforberedelse til private fysiske eller juridiske personer).","Proposal for a law amending the law on animal welfare, animal welfare law, veterinary law, animal testing and animal feed law. (Provision of text notes and delegation of case preparation to private natural or legal persons).",2023-11-28 00:00:00
9383,Forslag til lov om ændring af lov om dyrlæger. (Ændringer som følge af etablering af veterinæruddannelse ved Aarhus Universitet).,Draft law amending the law on veterinary surgeons (Amendments resulting from the establishment of veterinary education at Aarhus University).,2023-11-28 00:00:00
9384,"Forslag til lov om ændring af sundhedsloven. (Bedre digital forældreadgang til børns helbredsoplysninger, indhentning og videregivelse af helbredsoplysninger og andre fortrolige oplysninger og etablering af et nævn for sundhedsapps).","Proposal for a law amending the Health Act. (Better digital parental access to children's health information, obtaining and transmitting health information and other confidential information and establishing a health app board).",2023-11-28 00:00:00
9390,"Forslag til lov om ændring af lov om en indefrysningsordning for høje energiregninger, lov om likviditetslån m.v. i forbindelse med indefrysningsordning for høje energiregninger og til energiintensive virksomheder m.v. og lov om Forsyningstilsynet. (Ændring af administrationsmodel for indefrysningsordningen og præcisering af Forsyningstilsynets opgavevaretagelse).","Proposal for a law amending the law on a freezing system for high energy bills, the law on liquidity loans, etc., in the context of the freezing system for high energy bills and for energy-intensive companies, etc., and the Law on Supply Control (change of administrative model for the freezing system and clarification of the task of the Supply Inspectorate).",2023-11-30 00:00:00
9391,Forslag til lov om ændring af lov om udstykning og anden registrering i matriklen og lov om tinglysning. (Gennemførelse af de resterende dele af grunddataprogrammets delaftale 1 og tilpasninger i forhold til Danmarks eksklusive økonomiske zone).,Proposal for a law amending the law on the deletion and other registration in the register and the law on registration. (Implementation of the remaining parts of the basic data programme's sub-agreement 1 and adjustments to Denmark's exclusive economic zone).,2023-11-30 00:00:00
9392,"Forslag til lov om ændring af lov om radioudstyr og elektromagnetiske forhold, lov om elektroniske kommunikationsnet og -tjenester, lov om etablering og fælles udnyttelse af master til radiokommunikationsformål og udnyttelse af infrastruktur til opsætning af trådløse adgangspunkter med lille rækkevidde m.v. og lov om fremme af effektiv energianvendelse og drivhusgasreduktion. (Universalopladere til mobiltelefoner m.v., regler om kommunal støtte til bredbåndsudrulning, indhentning af oplysninger om elforbrug og indberetning af oplysninger om datacentres energimæssige ydeevne m.v.).","Proposal for a law amending the law on radio equipment and electromagnetic conditions, law on electronic communications networks and services, law on the establishment and joint use of masters for radio communications purposes and the use of infrastructure for setting up low-range wireless access points, etc., and law on the promotion of efficient energy use and greenhouse gas reduction. (Universal chargers for mobile phones, etc., rules on municipal support for broadband deployment, collection of information on electricity consumption and reporting on the energy performance of data centres, etc.).",2023-11-30 00:00:00
9393,"Forslag til lov om ændring af lov om MitID og NemLog-in. (Ret til anvendelse af MitID-løsningen og NemLog-in til autentifikation i interne it-systemer og mulighed for tilslutning til MitID-løsningen for juridiske enheder, som er registreret i et andet EU-/EØS-land).",Draft law amending the law on MitID and NemLog-in. (Right to use the MitID solution and NemLog-in for authentication in internal IT systems and possibility of connecting to the MitID solution for legal entities registered in another EU/EEA country).,2023-11-30 00:00:00
9394,Forslag til lov om ændring af lov om videregående uddannelse (videreuddannelsessystemet) for voksne. (Ændring af ordning for certificering af uddannelseselementer som led i en offentlig lederuddannelse på diplomniveau).,Proposal for a law amending the law on higher education (the continuing training system) for adults.,2023-11-30 00:00:00
9395,Forslag til lov om ændring af taxiloven. (Mulighed for at undtage visse øer fra lovens anvendelsesområde).,Proposal for a law amending the Taxi Code.,2023-11-30 00:00:00
9396,"Forslag til lov om ændring af lov om private fællesveje, lov om letbane på Ring 3 og lov om anlæg af en ny Storstrømsbro og nedrivning af den eksisterende Storstrømsbro. (Etablering af en tilladelsesordning for ledninger, kabler og tilbehør i private fællesveje på landet og tilpasning af visse anlægslove til VVM-direktivet og naturbeskyttelsesdirektiverne).","Proposal for a law amending the Law on Private Common Roads, the Law on Light Rail on Ring 3 and the Law on the Construction of a New Storstrøm Bridge and the demolition of the existing Storstrøm Bridge.",2023-11-30 00:00:00
9397,"Forslag til lov om udbygning af motorvej E20/E45 ved Kolding, anlæg af Kalundborgmotorvejens tredje etape og udbygning af rute 15, Ringkøbing-Herning.","Proposal for a law on the extension of the E20/E45 motorway at Kolding, construction of the third stage of the Kalundborg motorway and extension of route 15, Ringkøbing-Herning.",2023-11-30 00:00:00
9398,Forslag til lov om ændring af færdselsloven. (Forsøg med dobbelttrailervogntog).,Proposal for a law amending the Road Traffic Code.,2023-11-30 00:00:00
9399,"Forslag til lov om rammerne for arealanvendelsen i Københavns Lufthavn, Kastrup.","Draft law on the framework for land use at Copenhagen Airport, Kastrup.",2023-11-30 00:00:00
9400,"Forslag til lov om ændring af lov om luftfart. (Luftfartøjers adgang til luftfart inden for dansk område, delegation til private af visse opgaver på droneområdet og ændring af rammerne for Havarikommissionen for Civil Luftfart og Jernbanes undersøgelser m.v.).","Proposal for a law amending the Law on Air Transport. (Access to air transport by air vessels in Danish territory, delegation to private individuals of certain tasks in the drone field and amendment of the framework of the Maritime Commission for Civil Aviation and Railway Studies, etc.).",2023-11-30 00:00:00
9401,Forslag til lov om ændring af lov om trafikselskaber. (10-årige rutekørselstilladelser til nulemissionsbusser).,Proposal for a law amending the law on road transport companies (10-year regular service permits for zero-emission buses).,2023-11-30 00:00:00
9402,"Forslag til lov om ændring af postloven, lov om Post Danmark A/S og lov om Det Centrale Personregister. (Rammer for den fremtidige postbefordring).","Proposal for a law amending the Postal Code, the Post Danmark Act and the Central Personal Register Act.",2023-11-30 00:00:00
9403,"Forslag til lov om ændring af lov om Arbejdsmarkedets Tillægspension og forskellige andre love. (Fælles opkrævning af arbejdsgiverbidrag, udvidet bemyndigelse til at fastsætte regler om modregningsadgang, nationale særregler for behandling af personoplysninger m.v.).","Proposal for a law amending the Labour Market Supplementary Pensions Act and various other laws. (Common collection of employers' contributions, extended powers to lay down rules on access to set-off, national special rules for the processing of personal data, etc.).",2023-11-30 00:00:00
9404,Forslag til lov om behandlings- og specialundervisningstilbud til børn og unge.,Proposal for a law on treatment and special education services for children and young people.,2023-11-30 00:00:00
9405,"Forslag til lov om ændring af lov om folkeskolen, barnets lov, lov om socialtilsyn og forskellige andre love. (Styrkelse af undervisningen for anbragte og udsatte børn og unge m.v.).","Draft law amending the law on primary school, the child's law, the law on social security and various other laws. (Strengthening of education for children and young people, etc.).",2023-11-30 00:00:00
9406,Forslag til lov om ændring af dagtilbudsloven. (Bedre mulighed for udsat skolestart).,Proposal for a law amending the day-to-day provision law. (Better opportunity for exposed school startup).,2023-11-30 00:00:00
9407,Forslag til lov om ændring af lov om folkeskolen. (Sænkelse af klasseloftet i børnehaveklassen og på 1. og 2. klassetrin).,Proposal for a law amending the law on primary school.,2023-11-30 00:00:00
9408,"Forslag til lov om ændring af lov om Arbejdsgivernes Uddannelsesbidrag og lov om erhvervsuddannelser. (Justering af fleksibelt uddannelsesbidrag og aktivitetsafhængigt veu-bidrag for 2024, fastsættelse af modelparametre for erhvervsuddannelser til brug for beregning af lærepladsafhængigt arbejdsgiverbidrag for 2024, afskaffelse af færdiggørelsestaxameter på grundforløbet m.v.).",Proposal for a law amending the Law on Employers' Educational Contributions and the Law on Vocational Training.,2023-11-30 00:00:00
9434,Forslag til lov om en ekstraskat for visse koncernenheder (minimumsbeskatningsloven).,Draft law providing for an extra tax for certain group entities (minimum tax law).,2023-12-07 00:00:00
9436,"Forslag til lov om ændring af udlændingeloven, lov om midlertidig opholdstilladelse til personer, der er fordrevet fra Ukraine, og hjemrejseloven. (Styrkelse af udlændingemyndighedernes og politiets værktøjer til kontrol af udlændinges indrejse og ophold i Danmark).","Proposal for a law amending the Aliens Act, law on temporary residence permits for displaced persons from Ukraine, and the Return Travel Act. (Strengthening of alien authorities and police tools for controlling the entry and residence of foreigners in Denmark).",2023-12-07 00:00:00
9437,Forslag til lov om ændring af lov om arbejdsskadesikring og forskellige andre love. (Et forbedret arbejdsskadesystem og lettere adgang til erstatning i forbindelse med vold på arbejdspladsen).,Proposal for a law amending the law on occupational injury insurance and various other laws. (An improved occupational injury system and easier access to compensation in connection with violence at work).,2023-12-07 00:00:00
9438,"Forslag til lov om ændring af lov om arbejdsmiljø, lov om
arbejdsskadesikring og udlændingeloven. (Udmøntning af dele af aftale om en fremtidssikret arbejdsmiljøindsats og indsats mod social dumping, aftale om initiativer på asbestområdet og anbefalinger fra det midlertidige AMO-udvalg m.v.).","Proposal for a law amending the Law on the Working Environment, the Law on Occupational Injury Protection and the Law on Aliens (implementation of parts of the agreement on future safety and health measures and action against social dumping, agreement on initiatives in the field of asbestos and recommendations by the Temporary AMO Committee, etc.).",2023-12-07 00:00:00
9439,Forslag til lov om ændring af lov om ferie og lov om forvaltning og administration af tilgodehavende feriemidler. (Genindførelse af bagatelgrænser for udbetaling af uhævede feriepenge m.v.).,Proposal for a law amending the law on holidays and the law on the administration and administration of holiday allowances receivable.,2023-12-07 00:00:00
9440,Forslag til lov om ændring af lov om frikommunenetværk. (Forlængelse af udvalgte forsøgsmuligheder m.v. i frikommuneforsøg II).,Proposal for a law amending the law on free community networks. (Extension of selected experimental possibilities etc. in free community experiments II).,2023-12-07 00:00:00
9441,Forslag til lov om ændring af barnets lov og lov om Arbejdsmarkedets Tillægspension. (Rettelse af fejl i regler om underretningspligten og satser m.v. i barnets lov og ændring af visse bemyndigelsesbestemmelser i lov om Arbejdsmarkedets Tillægspension).,Proposal for a law amending the law and law of the child on the supplementary pension of the labour market. (Fixing errors in rules on the obligation to notify and rates etc. in the child's law and amending certain provisions of the Labour Market Supplementary Pension Act).,2023-12-07 00:00:00
9442,Forslag til lov om ændring af lov om ændring af SU-loven. (Forlængelse af midlertidig suspension af SU-godkendelse af hele uddannelser i visse lande).,Proposal for a law amending the law amending the Social Security Code. (Extension of temporary suspension of SU approval of full education in certain countries).,2023-12-07 00:00:00
9443,Forslag til lov om ændring af lov om erstatning fra staten til ofre for forbrydelser. (Retskrav på erstatning og godtgørelse til ofre for terrorhandlinger begået i udlandet).,Proposal for a law amending the law on compensation from the State to victims of crime. (Requirements for compensation and compensation for victims of terrorist offences committed abroad).,2023-12-07 00:00:00
9444,Forslag til lov om ændring af lov om fuldbyrdelse af straf m.v. (Afskæring af voldtægtsdømte personers mulighed for at afsone med fodlænke).,"Proposal for a law amending the Law on the Enforcement of Punishment, etc. (Cutting the possibility of raped persons serving with an ankle bracelet).",2023-12-07 00:00:00
9445,"Forslag til lov om ændring af selskabsloven, lov om skifte af dødsboer, værgemålsloven, retsplejeloven og forskellige andre love. (Digital behandling af tvangsopløsningssager og dødsboskiftesager, øget antal byretsdommere, anerkendelse af juridiske eksamener fra Det Forenede Kongerige Storbritannien og Nordirland, terminaladgang til indkomstregisteret for Familieretshuset i værgemålssager m.v.).","Proposal for a law amending the Companies Act, law on the change of estates, the guardianship law, the administration of justice and various other laws. (Digital treatment of forced resolution cases and death settlement cases, increased number of city judges, recognition of legal examinations from the United Kingdom of Great Britain and Northern Ireland, terminal access to the income register of the Family Court in legal proceedings, etc.).",2023-12-07 00:00:00
9448,Forslag til lov om ændring af straffeloven. (Forbud mod utilbørlig behandling af skrifter med væsentlig religiøs betydning for et anerkendt trossamfund).,Draft law amending the penal code. (Objection against improper treatment of scriptures with significant religious significance for a recognized religion).,2023-12-07 00:00:00
9452,Forslag til lov om ændring af lov om videnskabsetisk behandling af sundhedsvidenskabelige forskningsprojekter og sundhedsdatavidenskabelige forskningsprojekter og sundhedsloven. (Smidigere rammer for sundhedsforskning og mere information og selvbestemmelse til patienter og forsøgspersoner m.v.).,"Proposal for a law amending the Law on the Scientific Treatment of Health Sciences Research Projects and Health Data Science Research Projects and the Health Act. (Smaller framework for health research and more information and self-determination for patients and subjects, etc.).",2023-12-12 00:00:00
9453,Forslag til lov om ændring af sundhedsloven. (Mulighed for forudgående fravalg af genoplivningsforsøg ved hjertestop).,Proposal for a law amending the Health Act. (Opportunity for prior opt-out of resuscitation attempts at cardiac arrest).,2023-12-12 00:00:00
9454,"Forslag til lov om ændring af lov om autorisation af sundhedspersoner og om sundhedsfaglig virksomhed, sundhedsloven, lov om lægemidler, lov om apoteksvirksomhed og lov om klage- og erstatningsadgang inden for sundhedsvæsenet. (Indførelse af et forbeholdt virksomhedsområde for sygeplejersker og specialsygeplejersker, udvidelse af jordemødres forbeholdte virksomhedsområde og Ankenævnet for Patienterstatningens kompetence til behandling af grønlandske klagesager om patienterstatning).","Proposal for a law amending the Law on the Authorisation of Health Careers and on Healthcare, the Health Act, the Law on Medicinal Products, the Law on Pharmacy and the Law on Complaints and Compensation Access in Health Care.",2023-12-12 00:00:00
9455,Forslag til lov om ændring af lov om valg til Folketinget og forskellige andre love og om ophævelse af lov om midlertidig videreførelse af rettigheder efter lov om kommunale og regionale valg og lov om valg af danske medlemmer til Europa-Parlamentet i forbindelse med Det Forenede Kongeriges udtræden af Den Europæiske Union. (Modernisering af rammerne for valg og lokaldemokrati m.v.).,"Draft law amending the Act on the Election of the Folketing and various other laws and repealing the Act on the Temporary Continuation of Rights under the Law on Municipal and Regional Elections and the Act on the Election of Danish Members to the European Parliament in the context of the United Kingdom's withdrawal from the European Union. (Modernisation of the Framework for Elections and Local Democracy, etc.).",2023-12-12 00:00:00
9485,"Forslag til lov om ændring af databeskyttelsesloven og lov om Det Centrale Personregister. (Ophævelse af bestemmelser om behandling af personoplysninger i forbindelse med markedsføring, undtagelse fra oplysningspligten og indsigtsretten hos Procesbevillingsnævnet og tilpasning af indsigtsretten hos Folketingets Ombudsmand).","Proposal for a law amending the Data Protection Act and the Central Register of Persons. (Cancelling of provisions relating to the processing of personal data in connection with marketing, exemption from the obligation to provide information and the right of access to the Board of Process Authorisation and adaptation of the right of access to the Parliamentary Ombudsman).",2023-12-14 00:00:00
9486,Forslag til lov om ændring af retsplejelov for Grønland. (National Enhed for Særlig Kriminalitets kompetence for Grønland m.v.).,"Proposal for a law amending the Code of Criminal Procedure for Greenland (National Unit for Special Crimes competence for Greenland, etc.).",2023-12-14 00:00:00
9487,Forslag til lov om ændring af kriminallov for Grønland og retsplejelov for Grønland. (Selvstændig bestemmelse om psykisk vold).,Proposal for a law amending the law on criminal law for Greenland and the law on the administration of justice for Greenland.,2023-12-14 00:00:00
9519,"Forslag til lov om ophævelse af lov for Grønland om børns retsstilling og om ændring af lov om ægteskabs indgåelse og opløsning som sat i kraft for Grønland, forældreansvarsloven og retsplejelov for Grønland. (Ændringer som følge af ikraftsættelse for Grønland af børneloven og lov om børns forsørgelse m.v.).","Proposal for a law repealing the law on the legal status of children for Greenland and amending the law on the conclusion and dissolution of marriage as put into force for Greenland, the law on parental responsibility and the law on the administration of justice for Greenland (Amendments resulting from the entry into force for Greenland of the children's law and the law on child support, etc.).",2023-12-19 00:00:00
9520,"Forslag til lov om ændring af lov om leje, lov om boligforhold, lov om leje af almene boliger og forskellige andre love. (Refusion af udlejerens udgifter til månedlige forbrugsmålinger, rettelser som følge af sammenskrivningen af lejelovgivningen og tilbudspligt).","Proposal for a law amending the law on rents, the law on housing, the law on rental of general housing and various other laws. (Refusion of the renter's expenditure on monthly consumption measurements, corrections resulting from the combination of rental legislation and the obligation to offer).",2023-12-19 00:00:00
9521,Forslag til lov om indfødsrets meddelelse.,Draft law on the notification of citizenship.,2023-12-19 00:00:00
9522,Forslag til lov om ændring af lov om integrationsgrunduddannelse (igu) og lov om Arbejdsgivernes Uddannelsesbidrag. (Videreførelse og udvidelse af igu-ordningen og videreførelse af egu-fgu-bonusordningen).,Proposal for a law amending the law on basic integration training (igu) and the law on employers' training contributions (Provision and extension of the Igu scheme and continuation of the Egu-fgu bonus scheme).,2023-12-19 00:00:00
9523,Forslag til lov om ændring af lov om planlægning og forskellige andre love. (Opfølgning på evaluering af planloven m.v.).,"Draft law amending the law on planning and various other laws. (Follow-up on evaluation of the law on planning, etc.).",2023-12-19 00:00:00
9524,Forslag til lov om ændring af lov om boligforhold. (Udlejning af midlertidige ustøttede private ungdomsboliger i stueetagen).,Proposal for a law amending the law on housing (rental of temporary unaided private youth housing on the ground floor).,2023-12-19 00:00:00
9525,Forslag til lov om ændring af lov om trossamfund uden for folkekirken. (Udskydelse af revisionsbestemmelse).,Draft law amending the law on religions outside the national church. (Exclusion of revision clause).,2023-12-19 00:00:00
9526,"Forslag til lov om ændring af registreringsafgiftsloven, lov om registrering af køretøjer, brændstofforbrugsafgiftsloven og skatteforvaltningsloven. (Regelforenkling med henblik på at fremme regelefterlevelsen på motorområdet, justering af skatteforvaltningslovens fristreglers samspil med visse bestemmelser i dobbeltbeskatningsoverenskomster m.v.).","Proposal for a Law amending the Registration Tax Act, the Act on Registration of Vehicles, the Fuel Consumption Tax Act and the Tax Administration Act.",2023-12-19 00:00:00
9527,"Forslag til lov om ændring af lov om energiafgift af mineralolieprodukter m.v., lov om afgift af naturgas og bygas m.v., lov om afgift af stenkul, brunkul og koks m.v., lov om afgift af elektricitet og forskellige andre love. (Lempelse af energiafgiften for hotellers rumvarme, forbrugsregistrering ved direkte linjer, nedsættelse af tærskler for indberetning af statsstøtte m.v.).","Proposal for a law amending the Law on the energy tax of petroleum products, etc., the Act on the tax of natural gas and urban gas etc., the Law on the tax of coal, lignite and coke, etc., the Law on the tax of electricity and various other laws (Simplification of the energy tax on the space heating of hotels, consumption by direct lines, reduction of thresholds for the notification of State aid, etc.).",2023-12-19 00:00:00
9528,Forslag til lov om ændring af lov om Slots- og Kulturstyrelsens kontrol og tilsyn med covid-19-kompensationsordninger m.v. på Kulturministeriets område. (Udskydelse af solnedgangsklausul).,"Draft law amending the Law on the control and supervision of covid-19 compensation schemes, etc. in the field of the Ministry of Culture. (Exclusion of sunset clause).",2023-12-19 00:00:00
9529,Forslag til lov om visse medietjenesteudbyderes bidrag til fremme af dansk kultur (kulturbidragsloven). ,Proposal for a law on the contribution of certain media service providers to the promotion of Danish culture (Cultural Contribution Act).,2023-12-19 00:00:00
9530,"Forslag til lov om ændring af lov om arbejdsmarkedsuddannelser m.v., lov om forberedende voksenundervisning og ordblindeundervisning for voksne og forskellige andre love. (Udmøntning af VEU-trepartsaftale 2023 om voksen-, efter- og videreuddannelse).","Proposal for a law amending the law on labour market training, etc., the law on preparatory adult education and dyslexic education for adults and various other laws (implementation of the VEU tripartite agreement 2023 on adult and continuing training).",2023-12-19 00:00:00
9531,Forslag til lov om ændring af dagtilbudsloven. (Justering af krav til minimumsnormering i privatinstitutioner).,Draft law amending the daily offer law. (Adjustment of minimum standards requirements in private institutions).,2023-12-19 00:00:00
9532,Forslag til lov om ændring af lov om udgivelsen af en Lovtidende. (Bemyndigelse til at fastsætte regler om alternativ offentliggørelse af retsforskrifter).,Proposal for a Law amending the Law on the Publication of a Official Journal.,2023-12-19 00:00:00
9534,"Forslag til lov om ændring af universitetsloven, lov om erhvervsakademiuddannelser og professionsbacheloruddannelser, lov om videregående kunstneriske uddannelsesinstitutioner og lov om maritime uddannelser. (Virtuel udveksling for studerende).","Proposal for a law amending the University Law, the Law on vocational education and Bachelor's degree programmes, the Law on Higher Artistic Education Institutions and the Law on Maritime Education. (Virtual exchange for students).",2023-12-19 00:00:00
9535,"Forslag til lov om ændring af lov om assisteret reproduktion i forbindelse med behandling, diagnostik og forskning m.v. (Ændring af den tilladte opbevaringsperiode for menneskelige æg, der udtages uden medicinsk indikation).","Proposal for a law amending the Law on Assisted Reproduction for Treatment, Diagnostics and Research, etc. (Changing the permitted retention period for human eggs taken without medical indication).",2023-12-19 00:00:00
9536,"Forslag til lov om ændring af lov om en aktiv beskæftigelsesindsats, lov om social pension, lov om retssikkerhed og administration på det sociale område og  forskellige andre love. (Mulighed for dispensation til eksport af pensionstillæg m.v., forenklet beregning af fleksløntilskud, herunder i forhold til hjælp til dækning af tabt arbejdsfortjeneste m.v., og ændring af mellemkommunal refusion for førtidspension og seniorpension).","Proposal for a law amending the Act on active employment, the Social Pension Act, the Law on legal certainty and administration in the social field and various other laws. (Possibility of exemption for export of pension allowances, etc., simplified calculation of flex wage subsidies, including in relation to aid to cover lost earnings, etc., and amendment of inter-municipal early retirement and senior pension reimbursement).",2023-12-19 00:00:00
9551,"Forslag til lov om ændring af ligningsloven. (Ændring af listen over lande, der er omfattet af defensive foranstaltninger).",Draft law amending the law on equations. (Changing the list of countries subject to defensive measures).,2024-01-25 00:00:00
9553,"Forslag til lov om ændring af ligningsloven og registreringsafgiftsloven. (Forhøjelse af servicefradraget, forhøjelse af befordringsfradraget i yderkommuner og på visse småøer og forhøjelse af bundfradraget for nulemissionskøretøjer).","Proposal for a law amending the law on equations and registration fees. (Increase in the service allowance, increase in the transport allowance in peripheral municipalities and on certain small islands and increase in the base allowance for zero-emission vehicles).",2024-01-30 00:00:00
9554,Forslag til lov om ændring af personskatteloven. (Nedsættelse af bundskatten som følge af kommunale skattestigninger).,Proposal for a law amending the Personal Tax Act. (Reduction of the base tax as a result of municipal tax increases).,2024-01-30 00:00:00
9555,"Forslag til lov om ændring af lov om testcentre for store vindmøller ved Høvsøre og Østerild og ligningsloven. (Mulighed for færre, men højere vindmøller ved Testcenter Høvsøre).",Proposal for a law amending the law on test centres for large wind turbines at Høvsøre and Østerild and the law on equations. (Possible for fewer but higher wind turbines at Testcenter Høvsøre).,2024-02-01 00:00:00
9567,Forslag til lov om ændring af hvidvaskloven. (Nedsættelse af kontantforbudsgrænsen).,Proposal for a law amending the Laundering Act.,2024-02-22 00:00:00
9568,Forslag til lov om ændring af lov om husdyrbrug og anvendelse af gødning m.v. (Bemyndigelse til at fastsætte regler om teknologier til husdyrproduktion og samlet godkendelse eller tilladelse af husdyrbrug).,"Proposal for a law amending the law on livestock farming and the use of fertilisers, etc. (Authorisation to lay down rules on livestock production technologies and the overall approval or authorisation of livestock farming).",2024-02-22 00:00:00
9572,"Forslag til lov om ændring af lov om social service, lov om retssikkerhed og administration på det sociale område og forskellige andre love. (Den nationale sikkerhedskonsulentordning og koordinationsenheden mod genopdragelsesrejser og ufrivillige udlandsophold, bemyndigelse til at fastsætte regler vedrørende grønlandske og færøske borgere, der er dømt til anbringelse på institution i Danmark, forenkling af reglerne vedrørende børne- og ungeudvalgene m.v.).","Proposal for a law amending the Social Services Act, the Law on legal certainty and administration in the social field and various other laws.",2024-02-29 00:00:00
9584,Forslag til lov om tillægsbevilling for finansåret 2023.,Draft law on additional appropriations for the financial year 2023.,2024-03-14 00:00:00
9585,"Forslag til lov om ændring af miljøskadeloven, lov om miljøbeskyttelse og forskellige andre love. (Præcisering af kredsen af personer, der kan anmode myndighederne om at træffe foranstaltninger m.v. efter miljøskadereglerne og klage over afgørelser herom).","Proposal for a law amending the Environmental Damage Act, the Environmental Protection Act and various other laws.",2024-03-14 00:00:00
9587,"Forslag til lov om ændring af lov om midlertidig opholdstilladelse til personer, der er fordrevet fra Ukraine, og lov om Udbetaling Danmark. (Tilskud til forsørgelse af børn, der forsørges af andre end forældrene, og sidestilling af gifte, men praktisk set enlige, forsørgere med reelt enlige i forhold til forsørgelsesydelse m.v.).","Proposal for a law amending the law on temporary residence permits for displaced persons from Ukraine and the Law on Disbursement Denmark. (Subsidies for the provision of dependent children and the equivalence of married, but practically single, dependants with real singles in relation to dependency, etc.).",2024-03-14 00:00:00
9593,Forslag til lov om ændring af barselsloven. (13 ugers ekstra orlov til begge tvillingeforældre m.v.).,Draft law amending the law on maternity leave (13 weeks extra leave for both twin parents etc.).,2024-03-19 00:00:00
9600,Forslag til lov om ændring af lov om velfærdsaftaler på dagtilbudsområdet og folkeskoleområdet og love om ændring af dagtilbudsloven. (Forlængelse af forsøgsperioden for velfærdsaftalekommunerne på dagtilbudsområdet og folkeskoleområdet).,Proposal for a law amending the law on day-to-day and primary-school welfare agreements and laws amending the day-to-day offer law. (Alternation of the trial period of the welfare agreements municipalities in the day-to-day and primary-school fields).,2024-04-04 00:00:00
9601,Forslag til lov om opgradering af Øresundsbanen.,Draft law on upgrading the Øresund railway.,2024-04-04 00:00:00
9602,Forslag til lov om ændring af lov om infrastruktur for alternative drivmidler til transport. (Ændringer som følge af vedtagelsen af forordning om etablering af infrastruktur for alternative drivmidler).,Proposal for a law amending the law on infrastructure for alternative transport vehicles (Amendments resulting from the adoption of a regulation on the establishment of alternative vehicle infrastructure).,2024-04-04 00:00:00
9603,Forslag til lov om ændring af lov om social service og forskellige andre love. (Ligestilling af krisecentertilbud til mænd m.v.).,Proposal for a law amending the Social Services Act and various other laws.,2024-04-04 00:00:00
9604,Forslag til lov om ændring af lov om andelsboligforeninger og andre boligfællesskaber. (Ændring af værdiansættelsesprincipper).,Draft law amending the law on cooperative housing associations and other housing communities. (Change of valuation principles).,2024-04-04 00:00:00
9605,"Forslag til lov om ændring af lov om forskellige forbrugsafgifter. (Afgiftsforhøjelser på nikotinprodukter og røgfri tobak og justering af overgangsregler ved afgiftsforhøjelser på røgfri tobak, nikotinprodukter og nikotinholdige væsker).","Proposal for a law amending the law on various excise duties (tax increases on nicotine products and smoke-free tobacco and adjustment of transitional rules for tax increases on smoke-free tobacco, nicotine products and nicotine-containing liquids).",2024-04-04 00:00:00
9606,"Forslag til lov om ændring af momsloven. (Særordningen for små virksomheder på momsområdet, justering af momsreglerne om leveringssted for visse virtuelt leverede ydelser, ophævelse af særlig momsregel ved el- og gashandel og betalingsfrist for køb og indførsel af visse køretøjer m.v.).","Proposal for a law amending the VAT Act. (Special arrangements for small enterprises in the field of VAT, adjustment of VAT rules on the place of supply of certain virtually supplied services, abolition of special VAT rules on electricity and gas trading and payment deadlines for the purchase and importation of certain vehicles, etc.).",2024-04-04 00:00:00
9607,"Forslag til lov om ændring af chokoladeafgiftsloven, kildeskatteloven og forskellige andre love. (Godtgørelse af dækningsafgift i chokoladeafgiftsloven, præcisering af krav om beholdningsregnskab ved løssalg af groftskåret røgtobak, bøder ved enkeltsalg af cigaretter og manglende beholdningsregnskab, tilpasning af det afgiftspligtige vareområde for visse alkoholvarer, nulangivelse ved udbetaling af royalty til udlandet uden indeholdelse af kildeskat, mulighed for dataudstilling om visse søfarende, afskaffelse af godtgørelsesordning i spildevandsafgiftsloven, tilpasning af reglerne om sikkerhedsstempelmærker og genindførelse af register over erhvervsfiskere med B-status m.v.).","Proposal for a law amending the chocolate tax law, the withholding tax law and various other laws.",2024-04-04 00:00:00
9614,"Forslag til lov om ændring af kriminallov for Grønland og retsplejelov for Grønland. (Initiativer mod digitale krænkelser, herunder forbud mod grooming, sidestilling af samleje med barn med voldtægt, tilsnigelse af samleje, religiøse lederes udnyttelse af religiøs afhængighed med henblik på at skaffe sig samleje m.v.).","Proposal for a law amending the law on criminal law for Greenland and the law on the administration of justice for Greenland. (Initiatives against digital violations, including bans on grooming, sexual intercourse with child with rape, sexual intercourse, religious leaders' exploitation of religious dependence for sexual intercourse, etc.).",2024-04-16 00:00:00
9617,"Forslag til lov om ændring af lov om vandforsyning m.v., byggeloven og lov om produkter og markedsovervågning. (Gennemførelse af dele af drikkevandsdirektivet, herunder risikobaseret tilgang til vandsikkerhed, minimumskrav til hygiejne for materialer, der kommer i kontakt med drikkevand, minimumskrav til behandlingskemikalier og filtermedier, der kommer i kontakt med drikkevand, adgang til drikkevand og oplysninger til offentligheden).","Proposal for a law amending the Law on water supply, etc., building law and law on products and market surveillance. (Implementation of parts of the drinking water directive, including risk-based approach to water safety, minimum hygiene requirements for materials that come into contact with drinking water, minimum requirements for treatment chemicals and filter media that come into contact with drinking water, access to drinking water and information to the public).",2024-04-18 00:00:00
9618,Forslag til lov om ændring af lov om beskyttelse af havmiljøet i den eksklusive økonomiske zone ved Grønland. (Bemyndigelse til at fastsætte regler om forebyggelse og begrænsning af havforurening som følge af aktiviteter på havet og om skibsophugningsaktiviteter).,Proposal for a law amending the Law on the Protection of the Marine Environment of the Exclusive Economic Zone of Greenland.,2024-04-18 00:00:00
9619,"Forslag til lov om ændring af repatrieringsloven, hjemrejseloven og udlændingeloven. (Adgang til indkomstregisteret i forbindelse med dedikeret vejledning om repatrieringsordningen, ændring af ydelsesstruktur og udbetalingstidspunkt for hjælp til repatriering, høring af politiet i alle repatrieringssager, udvidelse af målgruppen for videregivelse af oplysninger til brug for udsendelse, videregivelse af helbredsoplysninger til brug for udsendelse, ændring af reglerne om behandling af sager om opholdstilladelse som udsendelseshindret og fastsættelse af indrejseforbud ved overskridelse af en udrejsefrist m.v.).","Proposal for a law amending the Return Act, the Return Act and the Aliens Act.",2024-04-18 00:00:00
9629,"Forslag til lov om ændring af lov om spil. (Styrket indsats mod aftalt spil, forbedrede sanktionsmuligheder, hjemmel til øget databehandling, ændrede gebyrer for spilleautomater og diverse justeringer af spilområdet).","Proposal for a law amending the Gaming Act. (Strengthened action against agreed games, improved sanction options, legal basis for increased data processing, changed fees for slot machines and various adjustments to the gaming area).",2024-05-02 00:00:00
9630,"Forslag til lov om ændring af årsregnskabsloven, revisorloven og forskellige andre love. (Gennemførelse af EU-direktiv om virksomheders bæredygtighedsrapportering og EU-direktiv om forhøjelse af størrelsesgrænser i regnskabsdirektivet m.v.).","Proposal for a law amending the Financial Statements Act, the Auditor Act and various other laws. (Implementation of the EU Directive on Corporate Sustainability Reporting and the EU Directive on Increases in Size Limits in the Accounting Directive, etc.).",2024-05-02 00:00:00
9631,"Forslag til lov om ændring af lov om finansiel virksomhed, lov om betalinger, lov om kapitalmarkeder og forskellige andre love. (Tilsyn efter forordning om digital operationel modstandsdygtighed i den finansielle sektor og forordning om markeder for kryptoaktiver, regler for udpegelse af administrationsselskab for Garantifonden og aflønningsregler for firmapensionskasser).","Proposal for a law amending the Law on Financial Activities, the Act on Payments, the Law on Capital Markets and various other laws. (Support under the regulation on digital operational resilience in the financial sector and regulation on markets for cryptoassets, rules on the appointment of a management company for the Guarantee Fund and remuneration rules for corporate pension funds).",2024-05-02 00:00:00
9632,"Forslag til lov om ændring af lov om ændring af lov om folkeskolen, lov om friskoler og private grundskoler m.v., lov om social service og lov om en børne- og ungeydelse. (Ophævelse af revisionsbestemmelse).","Proposal for a law amending the Law amending the Law on Public Schools, the Law on Free Schools and Private Primary Schools, etc., the Law on Social Services and the Law on Child and Youth Benefits.",2024-05-02 00:00:00
9644,Forslag til lov om ændring af dagtilbudsloven. (Anvendelse af digitale redskaber i dagtilbud og private pasningsordninger).,Proposal for a law amending the day-to-day provision law. (Use of digital tools in day-to-day provision and private care schemes).,2024-05-07 00:00:00
9647,Forslag til lov om anlæg af en tredje Limfjordsforbindelse.,Proposal for a law on the construction of a third Limfjord connection.,2024-05-14 00:00:00
9648,Forslag til lov om udbygning af E20 Amagermotorvejen.,Proposal for a law on the extension of the E20 Amager motorway.,2024-05-14 00:00:00
9649,Forslag til lov om ændring af lov om folkeskolen. (Forlængelse af de udvidede frihedsgrader om afkortning af skoleugens længde og målsætningen om fuld kompetencedækning i skoleåret 2024/25).,Proposal for a law amending the law on primary school. (Extension of the extended degrees of freedom on shortening the duration of the school week and the objective of full competence in the school year 2024/25).,2024-05-14 00:00:00
9650,"Forslag til lov om ændring af lov om forberedende grunduddannelse, lov om institutioner for forberedende grunduddannelse, lov om kommunal indsats for unge under 25 år og forskellige andre love. (Mere fleksible rammer til at tilrettelægge forberedende grunduddannelse og smidigere overgang til den forberedende grunduddannelse m.v.).","Proposal for a law amending the Law on Basic Education, the Law on Institutions for Preparatory Education, the Law on Local Action for Young People under 25 and various other laws. (More flexible framework for organising preparatory initial training and smoother transition to initial preparatory training, etc.).",2024-05-14 00:00:00
9652,Forslag til lov om ændring af lov om velfærdsaftaler på ældreområdet. (Forlængelse af velfærdsaftalerne på ældreområdet).,Proposal for a law amending the law on welfare agreements in the area of the elderly.,2024-05-14 00:00:00
9656,"Forslag til lov om ændring af personskatteloven, ligningsloven og forskellige andre love. (Udmøntning af dele af aftale om reform af personskat).","Proposal for a law amending the Personal Tax Act, the law on equations and various other laws (implementation of parts of the agreement on the reform of personal tax).",2024-05-16 00:00:00
9657,"Forslag til lov om ændring af vandsektorloven, lov om vandforsyning m.v., lov om betalingsregler for spildevandsforsyningsselskaber m.v. og lov om kommuners afståelse af vandselskaber. (Styrkelse af økonomisk tilsyn og takstkontrol m.v. i vandsektoren).","Proposal for a law amending the Water Sector Act, Law on water supply, etc., Law on payment rules for waste water supply companies, etc., and Law on the transfer of water companies by municipalities (Strengthening of financial supervision and tariff controls, etc. in the water sector).",2024-05-16 00:00:00
9665,Forslag til lov om ændring af lov om vandforsyning m.v. og lov om miljøbeskyttelse. (Målrettet indsats for boringsnære beskyttelsesområder og forholdet til beskyttelseszonen på 25 m omkring vandboringer).,"Proposal for a law amending the Law on water supply, etc. and the Law on environmental protection.",2024-05-21 00:00:00
9666,"Forslag til lov om ændring af sundhedsloven, lov om social service, lov om autorisation af sundhedspersoner og om sundhedsfaglig virksomhed og lov om anvendelse af tvang i psykiatrien m.v. (Flytning af ansvar fra kommuner til regioner for misbrugsbehandling i forbindelse med regional integreret dobbeltdiagnosebehandling og omlægning af de særlige pladser på psykiatrisk afdeling).","Proposal for a law amending the Health Act, Social Services Act, Law on the Authorisation of Healthcare professionals and on health professions and Law on the Use of Force in Psychology, etc. (Moving responsibilities from municipalities to regions for the treatment of abuse in the context of regionally integrated dual diagnosis and the conversion of the special places in the psychiatric department).",2024-05-21 00:00:00
9667,"Forslag til lov om ændring af lov om anvendelse af tvang i psykiatrien m.v.  (Styrkelse af mindreårige patienters rettigheder, anvendelse af metaldetektorer, videregivelse af oplysninger til politiet i forbindelse med fælles udkørsel til borgere m.v.).","Proposal for a law amending the law on the use of force in psychiatry, etc. (strengthening the rights of underage patients, use of metal detectors, transmission of information to police in connection with common exits to citizens, etc.).",2024-05-21 00:00:00
9668,"Forslag til lov om ændring af lov om fyrværkeri og andre pyrotekniske artikler, lov om produkter og markedsovervågning, elsikkerhedsloven og lov om tilgængelighedskrav for produkter og tjenester. (Indskrænkning af anvendelsesperioden for fyrværkeri, ændring af sanktioner og kontrolbeføjelser m.v. på Sikkerhedsstyrelsens område og ændring af Rådet for El- og Gasteknisk Sikkerhed m.v.).","Proposal for a law amending the Law on Fireworks and other pyrotechnic articles, the Law on Products and Market Monitoring, the Law on Electricity Safety and the Law on Accessibility Requirements for Products and Services.",2024-05-21 00:00:00
9669,"Forslag til lov om ændring af konkurrenceloven. (Krav om anmeldelse af visse fusioner under omsætningstærsklerne, indførelse af mulighed for markedsefterforskning og bødeudmåling m.v.).","Proposal for a law amending the Competition Act. (Requirements for notification of certain mergers below turnover thresholds, introduction of the possibility of market investigation and assessment of fines, etc.).",2024-05-21 00:00:00
9681,Forslag til lov om rørført transport af CO2.,Proposal for a law on the carriage of CO2 by pipeline.,2024-05-23 00:00:00
9682,Forslag til lov om ændring af lov om fremme af effektiv energianvendelse og drivhusgasreduktion. (Udmøntning af klimasyn fra grøn skattereform 2022 og implementering af nye krav til energiledelsessystemer og energisyn).,Proposal for a law amending the law on the promotion of efficient energy use and greenhouse gas reduction (implementation of climate audits from green tax reform 2022 and implementation of new requirements for energy management systems and energy audits).,2024-05-23 00:00:00
9684,"Forslag til lov om ændring af lov om våben og eksplosivstoffer m.v., lov om krigsmateriel m.v. og lov om jagt og vildtforvaltning. (Strammere kontrol med våbentilladelser, øget sikkerhed ved besiddelse af våben og opbevaring af ammunition m.v.).","Draft law amending the law on arms and explosives, war materials, etc., and the law on hunting and game management.",2024-05-23 00:00:00
9691,Forslag til lov om ændring af lov om offentlighed i forvaltningen og forvaltningsloven. (Styrket beskyttelse af offentligt ansatte i sager om aktindsigt).,Proposal for a law amending the law on public access to administrative and administrative documents.,2024-05-23 00:00:00
9692,Forslag til lov om ændring af konkursloven. (Revision af konkurskarantænereglerne).,Proposal for a Law amending the Bankruptcy Act (Revision of bankruptcy law).,2024-05-23 00:00:00
9694,Forslag til lov om ændring af retsplejeloven. (Gennemførelse af aftale om initiativer vedrørende omgørelsesfristen i straffesager). ,Proposal for a law amending the Code of Criminal Procedure. (Implementation of agreement on initiatives relating to the deadline for transposition in criminal matters).,2024-05-23 00:00:00
9695,Forslag til lov om ændring af lov om undersøgelse af beslutningen om hjemsendelse af ledende medarbejdere i Forsvarets Efterretningstjeneste. (Udvidelse af undersøgelsen).,Proposal for a law amending the Law on the Investigation of the Decision on the Return of Senior Officials in the Defence Intelligence Service (Extensification of the Investigation).,2024-05-23 00:00:00
9696,Forslag til lov om ændring af retsplejelov for Færøerne og lov for Færøerne om fuldbyrdelse af straf m.v. (Ajourføring af retsplejelov for Færøerne og indførelse af fodlænke- og udstationeringsordning på Færøerne).,Draft law amending the Law on the Law on the Law on the Law on the Law on the Law on the Law on the Law on the Law on the Law on the Law on the Law on the Law on the Law on the Law on the Law on the Law on the Law on the Law on the Law on the Law on the Law on the Law on the Law on the Law on the Law on the Law on the Law on the Law on the Law on the Law on the Law on the Law on the Law on the Law on the Law on the Law on the Law on the Law on the Law on the Law on the Law on the Law on the Law on the Law on the Law on the Law on the Law on the Law on the Law on the Law on the Law on the Law on the Law on the Law on the Law on the Law on the Law on the Law on the Law on the Law on the Law on the Law on the Law on the Law on the Law on the Law on the Law on the Law on the Law on the Law on the Law on the Law on the Law on the Law on the Law on the Law on the Law on the Law on the Law on the Law on the Law on the Law on the Law on the Law on the Law on the Law on the Law on the Law on the Law on the Law on the Law on the Law on the Law on the Law on the Law on the Law on the Law on the Law on the Law on the Law on the Law on the Law on the Law on the Law on the Law on the Law on the Law on the Law on the Law on the Law on the Law on the Law on the Law on the Law on the Law on the Law on the Law on the Law on the Law on the Law on the Law on of of of of of of of the Law on the Law on the Law on the Law on the Law on the Law on the Law on the Law on the Law on the Law on the Law on the Law on the Law on the Law on the Law on the Law on the Law on the Law on the Law on the Law on the Law on the Law on the Law on the Law on the Law on the Law on the Law on the Law on the Law on the Law on the Law on the Law on the Law on the Law on the Law on the Law on the Law on the Law on the Law on the Law on the Law on the Law on the Law on the Law on the Law,2024-05-23 00:00:00
9697,Forslag til lov om socialt frikort.,Proposal for a law on social credit cards.,2024-05-23 00:00:00
9699,Forslag til lov om ændring af sundhedsloven. (Etablering af lettilgængeligt kommunalt behandlingstilbud til børn og unge med psykisk mistrivsel og symptomer på psykisk lidelse).,Proposal for a law amending the Health Act. (Establishment of readily accessible municipal treatment services for children and young people with mental malaria and symptoms of mental illness).,2024-05-23 00:00:00
9700,Forslag til lov om udbygning af Øresundsmotorvejen.,Proposal for a law on the extension of the Øresund motorway.,2024-05-23 00:00:00
9718,Forslag til lov om forsøgsordning for frie bymidter.,Proposal for a law on pilot schemes for free city centres.,2024-05-28 00:00:00
9719,Forslag til lov om ændring af lov om social pension. (Tildeling af anciennitet til tidlig pension for perioder med opskoling).,Proposal for a law amending the Social Pensions Act.,2024-05-28 00:00:00
9720,"Forslag til lov om ændring af lov om arbejdsmiljø. (Indførelse af autorisationsordning for nedrivning af asbestholdigt materiale, offentliggørelse af udenlandske virksomheders arbejdsmiljø og offentliggørelse af data om arbejdsulykker).","Proposal for a law amending the Law on Working Conditions. (Introduction of an authorisation system for the demolition of asbestos-containing materials, publication of the working environment of foreign companies and publication of data on accidents at work).",2024-05-28 00:00:00
9743,Forslag til lov om kong Frederik den Tiendes civilliste. ,Draft law on King Frederik the Tenth's civilian list.,2024-05-30 00:00:00
9744,Forslag til lov om årpenge for kronprins Christian.,Draft law on annual money for Crown Prince Christian.,2024-05-30 00:00:00
9745,Forslag til lov om årpenge for dronning Margrethe.,Draft law on annual money for Queen Margrethe.,2024-05-30 00:00:00
9746,"Forslag til lov om ændring af udlændingeloven, lov om danskuddannelse til voksne udlændinge m.fl. og integrationsloven og forskellige andre love. (Ny opholdsordning for medfølgende familie til hjemvendende udlandsdanskere med visse beskæftigelsesmæssige kvalifikationer, justering af sprogkravet og halvering af den økonomiske sikkerhedsstillelse i ægtefællesammenføringssager, etablering af en lukket opgavebank for danskprøver m.v.).","Proposal for a law amending the law on foreigners, the law on Danish education for adult foreigners, etc. and the law on integration and various other laws. (New residence scheme for accompanying families of returning foreign students with certain employment qualifications, adjustment of the language requirement and halving of the financial security in marriage cases, establishment of a closed task bank for Danish examinations, etc.).",2024-05-30 00:00:00
9747,Forslag til lov om visse medietjenesteudbyderes bidrag til fremme af dansk kultur (kulturbidragsloven).,Proposal for a law on the contribution of certain media service providers to the promotion of Danish culture (Cultural Contribution Act).,2024-05-30 00:00:00
9748,"Forslag til lov om ændring af lov om radio- og fjernsynsvirksomhed m.v. og lov om mediestøtte. (Modernisering af public service-puljen, ændring af revisionsbestemmelser for de regionale TV 2-virksomheder, ændring af regler for aktindsigt for DR og de regionale TV 2-virksomheder og ændring af støttelofter for ugeaviser).","Proposal for a law amending the law on broadcasting, etc. and the law on media support (Modernisation of the public service pool, amendment of the audit rules for regional TV 2 companies, amendment of rules on access to documents for DR and regional TV 2 companies and amendment of subsidy ceilings for weekly newspapers).",2024-05-30 00:00:00
9749,Forslag til lov om ændring af lov om aktiv socialpolitik. (Skærpede betingelser for at opnå ret til kontanthjælp).,Proposal for a law amending the Act on active social policy.,2024-05-30 00:00:00
9750,"Forslag til lov om ændring af lov om arbejdsløshedsforsikring m.v., lov om aktiv socialpolitik, lov om social pension og forskellige andre love. (Neutralisering af virkning på indkomstoverførsler som følge af afskaffelse af en helligdag).","Draft law amending the law on unemployment insurance, the Act on active social policy, the Law on social pensions and various other laws (Neutralisation of the effect on income transfers resulting from the abolition of a public holiday).",2024-05-30 00:00:00
9752,"Forslag til lov om ændring af lov om social pension og forskellige andre love. (Fradragsret for indbetalinger til aldersforsikring, aldersopsparing og supplerende engangssum i indtægtsgrundlaget ved beregning af visse sociale ydelser).","Draft law amending the Social Pensions Act and various other laws. (The right of deduction for old-age insurance payments, old-age savings and supplementary lump sum in the income base for the calculation of certain social benefits).",2024-05-30 00:00:00
9753,Forslag til lov om ret til lommepengejob til kriminalitetstruede unge.,Draft law on the right to pocket money jobs for criminally threatened young people.,2024-05-30 00:00:00
9754,Forslag til lov om ændring af ejendomsskatteloven og ejendomsvurderingsloven. (Justering af reglerne om betaling af dækningsafgift på et foreløbigt grundlag og justering af reglerne om 2024- og 2025-vurderinger).,Proposal for a law amending the Property Tax Act and the Property Assessment Act. (Adjusting the rules on the payment of cover tax on a provisional basis and adjusting the rules on the 2025 and 2025 valuations).,2024-05-30 00:00:00
9755,Forslag til lov om statsligt udpegede energiparker.,Draft law on state designated energy parks.,2024-05-30 00:00:00
9818,Forslag til lov om ændring af retsplejelov for Grønland. (Henvisning af civile retssager til Grønlands Landsret).,Proposal for a law amending the Code of Civil Procedure for Greenland (Reference of civil proceedings to the Greenland Land Court).,2024-06-04 00:00:00
9819,"Forslag til lov om ændring af retsplejeloven, straffeloven, lov om fuldbyrdelse af straf m.v., færdselsloven og forskellige andre love. (Gennemførelse af flerårsaftale for domstolene 2024-27 m.v.).","Proposal for a law amending the Code of Procedure, the Criminal Code, the Law on the Enforcement of Punishment, etc., the Road Traffic Code and various other laws. (Implementation of the Multi-Year Agreement before the Courts 2024-27, etc.).",2024-06-04 00:00:00
9820,Forslag til lov om ændring af lov om tjenestemænd. (Ændring af rigsadvokatens ansættelsesvilkår).,Draft law amending the law on civil servants.,2024-06-04 00:00:00
9821,"Forslag til lov om ændring af retsplejeloven. (Ændring af reglerne om hastesikring og udlevering af oplysninger om teletrafik, reglerne om genoptagelse af straffesager m.v.).  ","Proposal for a law amending the Code of Criminal Procedure (amendment of the rules on emergency insurance and the provision of information on telecommunications, the rules on the resumption of criminal proceedings, etc.).",2024-06-04 00:00:00
9822,"Forslag til lov om ændring af straffeloven, retsplejeloven og forskellige andre love. (Gennemførelse af dele af bandepakke IV).","Proposal for a law amending the Criminal Code, the Code of Procedure and various other laws. (Implementation of parts of the gang package IV).",2024-06-04 00:00:00
9823,"Forslag til lov om ændring af lov om Politiets Efterretningstjeneste (PET), lov om etablering af et udvalg om forsvarets og politiets efterretningstjenester og lov om beskyttelse af whistleblowere. (Styrkelse af tilsynet med efterretningstjenesterne).","Proposal for a law amending the Law on Police Intelligence (PET), law setting up a committee on defence and police intelligence services and the law on the protection of whistleblowers.",2024-06-04 00:00:00
9824,"Forslag til lov om ændring af lov om euforiserende stoffer. (Tydeliggørelse af advarselsreglen og ændring af ordningen om fritagelse fra strafforfølgning i tilknytning til stofindtagelsesrum).
",Proposal for a law amending the law on drugs.,2024-06-04 00:00:00
9825,"Forslag til lov om ændring af udlændingeloven. (Øget fleksibilitet i forbindelse med ophold efter fasttrackordningens korttidsspor, udvidelse af jobskiftereglen og ændring af kravet om dansk bankkonto).","Proposal for a law amending the Aliens Act (Increased flexibility for stays following the short-term track of the fasttrack scheme, extension of the change of job rule and amendment of the requirement for Danish bank account).",2024-06-04 00:00:00
9826,"Forslag til lov om ændring af lov om apoteksvirksomhed, lov om lægemidler og sundhedsloven. (Justeringer af den økonomiske styringsmodel for apotekssektoren, flere muligheder for apotekernes og sygehusapotekernes aflastning af det øvrige sundhedsvæsen og nedlæggelse af voldgiftsnævnet for apoteksovertagelse m.v.).","Proposal for a law amending the Law on Pharmacy, the Law on Medicinal Products and the Health Act.",2024-06-04 00:00:00
9827,"Forslag til lov om ændring af lov om klage- og erstatningsadgang inden for sundhedsvæsenet og lov om autorisation af sundhedspersoner og om sundhedsfaglig virksomhed. (Ændring af patientklagesystemet, mulighed for sekretariatsafgørelser i patienterstatningsankesager, afvikling af Det Rådgivende Praksisudvalg og afbureaukratisering ved ejerskifte i tandlægeklinikker).","Proposal for a law amending the Law on access to health care and compensation and the Law on the authorisation of health professionals and on health professions. (Change of the patient complaint system, possibility of secretarial decisions in patient redress cases, winding-up of the Advisory Committee on Practice and debureaucratisation of the change of ownership of dental clinics).",2024-06-04 00:00:00
9828,Forslag til lov om ændring af lov om autorisation af sundhedspersoner og om sundhedsfaglig virksomhed og udlændingeloven. (Anbefalinger fra taskforce om udenlandsk arbejdskraft og ændring af gebyrer for autorisation af sundhedspersoner).,Proposal for a law amending the Law on the Authorisation of Health Careers and on Healthcare and Aliens Act. (Recommendations from the Task Force on Foreign Labour and Amendment of Fees for the Authorisation of Healthcare People).,2024-06-04 00:00:00
9830,Forslag til lov om ændring af lov om lægemidler. (Pligtmæssige lagre af kritiske lægemidler m.v.).,Proposal for a law amending the Law on medicinal products.,2024-06-04 00:00:00
9831,"Forslag til lov om ændring af lov om tobaksvarer m.v., lov om elektroniske cigaretter m.v. og lov om forbud mod salg af tobak og alkohol til personer under 18 år. (Udmøntning af dele af forebyggelsesplanen målrettet børn og unge – tobak, nikotin og alkohol).","Proposal for a law amending the law on tobacco products, the law on electronic cigarettes, etc., and the law prohibiting the sale of tobacco and alcohol to persons under the age of 18. (Coining of parts of the prevention plan targeted children and young people, tobacco, nicotine and alcohol).",2024-06-04 00:00:00
9832,Forslag til lov om ændring af lov om klage- og erstatningsadgang inden for sundhedsvæsenet. (Videreførelse af gældende tandskadeerstatningsordning m.v.).,Proposal for a law amending the Law on access to health care and compensation.,2024-06-04 00:00:00
9833,"Forslag til lov om ændring af udlændingeloven, lov om erhvervsuddannelser og lov om institutioner for erhvervsrettet uddannelse. (Ny opholdsordning på baggrund af uddannelsestilknytning m.v.).","Proposal for a law amending the law on foreigners, the law on vocational training and the law on vocational training institutions.",2024-06-04 00:00:00
9836,Forslag til lov om indfødsrets meddelelse.,Draft law on the notification of citizenship.,2024-06-04 00:00:00
9837,Forslag til lov om ændring af lov om almene boliger m.v. og lov om leje af almene boliger. (Fritagelse for genansøgning om boligstøtte efter bortfald på grund af Landsbyggefondens tilskud til midlertidige huslejenedsættelser).,Proposal for a law amending the General Housing Act and the General Housing Act.,2024-06-04 00:00:00
9838,Forslag til lov om anlæg af ny vejforbindelse mellem Tingbjerg og Husum i Københavns Kommune.,Proposal for a law on the construction of new road link between Tingbjerg and Husum in the City of Copenhagen.,2024-06-04 00:00:00
9839,Forslag til lov om fravigelse af begrænsninger for anvendelsen af dele af arealerne i det almene boligområde Tingbjerg-Utterslevhuse i Københavns Kommune.,Proposal for a law derogating from restrictions on the use of parts of the land in the general residential area of Tingbjerg-Utterslevhus in the City of Copenhagen.,2024-06-04 00:00:00
9840,Forslag til lov om ændring af adoptionsloven. (Håndtering af konsekvenserne ved afvikling af Danish International Adoption).,Draft law amending the adoption law. (Handling the consequences of winding up Danish International Adoption).,2024-06-04 00:00:00
9841,"Forslag til lov om ændring af lov om social service, lov om voksenansvar for anbragte børn og unge, lov om retssikkerhed og administration på det sociale område og lov om opkrævning af underholdsbidrag. (Ændring af reglerne om magtanvendelse og andre indgreb i selvbestemmelsesretten, om forældelse af underholdsbidrag m.v.).","Proposal for a law amending the Social Service Act, the Law on Adult Responsibility for Children and Young People, the Law on Legal Security and Administration in the Social Field and the Law on the Collection of Maintenance (Amendment of Rules on the Use of Force and Other Interventions in the Right of Self-determination, on the Obsolescence of Maintenance, etc.).",2024-06-04 00:00:00
9842,Forslag til lov om ændring af SU-loven. (Reform af SU-systemet på det videregående uddannelsesområde).,Proposal for a law amending the S.U. Act. (Reform of the S.U. system in the field of higher education).,2024-06-04 00:00:00
9843,"Forslag til lov om ændring af lov om visse erhvervsdrivende virksomheder, selskabsloven, lov om finansiel virksomhed og forskellige andre love. (Bedre vilkår for demokratiske virksomheder samt regler om frakendelse af retten til at være ledelsesmedlem som følge af digitaliseringsdirektivet).","Proposal for a law amending the law on certain commercial enterprises, company law, the law on financial activities and various other laws. (Better conditions for democratic companies and rules on the disqualification of the right to be a member of management as a result of the digitisation directive).",2024-06-04 00:00:00
9844,"Forslag til lov om ændring af lov om Miljø- og Fødevareklagenævnet, lov om Planklagenævnet, lov om fremme af vedvarende energi og forskellige andre love. (Effektivisering af sagsbehandlingen i Planklagenævnet, Miljø- og Fødevareklagenævnet og Energiklagenævnet m.v.).","Draft law amending the Law on the Environmental and Food Complaints Board, the Law on the Board of Appeal, the Law on the Promotion of Renewable Energy and various other laws. (Effectiveisation of proceedings in the Board of Appeal, the Environmental and Food Complaints Board and the Energy Complaints Board, etc.).",2024-06-04 00:00:00
9845,Forslag til lov om ændring af lov om anvendelsen af visse af Den Europæiske Unions retsakter om økonomiske forbindelser til tredjelande m.v. (Bemyndigelse til at vedtage national kontrol med eksport af visse produkter med dobbelt anvendelse og indførelse af straffebestemmelser i forbindelse med den nye nationale kontrol og eksport til våbenembargolande).,"Proposal for a law amending the law on the application of certain acts of the European Union on economic relations with third countries, etc. (Authorisation to adopt national controls on exports of certain dual-use products and the introduction of penalties for new national controls and exports to arms embargo countries).",2024-06-04 00:00:00
9846,Forslag til lov om ændring af lov om betalinger. (Midlertidig lempelse af kontantreglen).,Draft law amending the law on payments. (Temporary relaxation of the cash rule).,2024-06-04 00:00:00
9847,Forslag til lov om afgift af CO2e-emissioner fra kvoteomfattede sektorer (emissionsafgiftsloven).,Proposal for a law on the taxation of CO2e emissions from quota sectors (emission tax law).,2024-06-04 00:00:00
9848,"Forslag til lov om ændring af lov om kuldioxidafgift af visse energiprodukter, lov om energiafgift af mineralolieprodukter m.v., lov om afgift af naturgas og bygas m.v., lov om afgift af stenkul, brunkul og koks m.v. og forskellige andre love. (Gennemførelse af dele af »Aftale om Grøn skattereform for industri mv.« fra juni 2022, ændringer som følge af emissionsafgiftsloven og udvidelse af adgang til ekstraordinær genoptagelse på afgiftsområdet m.v.).","Proposal for a law amending the Law on the carbon dioxide tax of certain energy products, the Law on the energy tax of petroleum products, etc., the Law on the tax of natural gas and urban gas, the Law on the tax of coal, lignite and coke, etc., and various other laws. (Implementation of parts of the Agreement on Green tax reform for industry, etc., June 2022, amendments resulting from the Act on emissions tax, and extension of access to extraordinary resumption in the field of taxation, etc.).",2024-06-04 00:00:00
9849,Forslag til lov om passagerafgift på flyrejser.,Proposal for a law on passenger tax on air travel.,2024-06-04 00:00:00
9850,"Forslag til lov om ændring af minimumsbeskatningsloven og ligningsloven. (Gennemførelse af OECD’s administrative retningslinjer om minimumsbeskatningsreglerne og ændring af listen over lande, der er omfattet af defensive foranstaltninger).",Proposal for a law amending the minimum taxation law and the law on equations (implementation of OECD administrative guidelines on minimum taxation rules and amendment of the list of countries subject to defensive measures).,2024-06-04 00:00:00
9851,"Forslag til lov om ændring af lov om ophavsret og lov om videregående kunstneriske uddannelsesinstitutioner under Kulturministeriet. (Modernisering af regler om aftaleindgåelse m.v. og fastsættelse af nærmere regler om eksaminer, prøver og bedømmelser).",Proposal for a Law amending the Law on Copyright and the Law on Higher Artistic Education Institutions of the Ministry of Culture.,2024-06-04 00:00:00
9853,"Forslag til lov om ændring af lov om fremme af vedvarende energi. (Justering af satserne for grøn pulje, ændring af grøn pulje, bemyndigelser til at fastsætte regler om indberetning af oplysninger og offentliggørelse af oplysninger m.v.).","Proposal for a law amending the law on the promotion of renewable energy. (Adjusting the rates of green pool, changing green pool, empowering to lay down rules on the reporting of information and disclosure of information, etc.).",2024-06-04 00:00:00
9854,Forslag til lov om ændring af lov om fremme af vedvarende energi. (Tydeliggørelse af dansk rets anvendelse på anlæg omfattet af loven i den eksklusive økonomiske zone og afskaffelse af kompensation for indfødningstarif for fremtidige havvindmølleparker).,Proposal for a law amending the law on the promotion of renewable energy.,2024-06-04 00:00:00
9856,"Forslag til lov om ændring af lov om fremme af vedvarende energi, biobrændstofloven, lov om fremme af energibesparelser i bygninger og forskellige andre love. (Bemyndigelse til at supplere og gennemføre EU-regler om fremme af vedvarende energi, herunder til at fastsætte regler om fravigelse af visse miljø- og naturbeskyttelsesregler m.v.).","Proposal for a law amending the law on the promotion of renewable energy, the Biofuel Act, the Law on the promotion of energy savings in buildings and various other laws. (Authorisation to supplement and implement EU rules on the promotion of renewable energy, including to lay down rules derogating from certain environmental and nature protection rules, etc.).",2024-06-04 00:00:00
9857,Forslag til lov om ændring af investeringsscreeningsloven og lov om gasforsyning. (Særskilte tidspunkter for investeringsscreening i forbindelse med visse havvindudbud og andre større offentlige energiprojekter samt Energiklagenævnets nedsættelse og uafhængighed).,Proposal for a law amending the Investment Screening Act and the Gas Supply Act. (Special timing for investment screening in relation to certain offshore wind supply and other major public energy projects as well as the reduction and independence of the Energy Complaints Board).,2024-06-04 00:00:00
9915,Forslag til lov om ændring af lov om spil og lov om afgifter af spil. (Nye regler for almennyttige lotterier og liberalisering af landbaseret bingo).,Proposal for a law amending the law on gambling and the law on gambling charges. (New rules on non-profit lotteries and the liberalisation of land-based bingo).,2024-11-14 00:00:00
9916,Forslag til lov om indgåelse af aftale mellem Kongeriget Danmark og Kongeriget Sverige om visse skattespørgsmål.,Proposal for a law on the conclusion of an agreement between the Kingdom of Denmark and the Kingdom of Sweden on certain tax matters.,2024-11-14 00:00:00
9918,Forslag til lov om supplerende bestemmelser til forordning om beskyttelse af geografiske betegnelser for håndværks- og industriprodukter.,Proposal for a law supplementing the regulation on the protection of geographical indications for craft and industrial products.,2024-11-21 00:00:00
9919,Forslag til lov om arbejdstid for mobile lønmodtagere på fartøjer på indre vandveje.,Proposal for a law on working time for mobile workers on inland waterway vessels.,2024-11-21 00:00:00
9920,"Forslag til lov om ændring af lov om assisteret reproduktion i forbindelse med behandling, diagnostik og forskning m.v. (Fertilitetsbehandling til andet barn).","Proposal for a law amending the Law on Assisted Reproduction for Treatment, Diagnostics and Research, etc. (Fertility Treatment for Other Child).",2024-11-21 00:00:00
9921,"Forslag til lov om ændring af lov om assisteret reproduktion i forbindelse med behandling, diagnostik og forskning m.v. (Lovliggørelse af partnerægdonation uden sundhedsfaglig begrundelse).","Proposal for a law amending the Law on Assisted Reproduction for Treatment, Diagnostics and Research, etc. (Legislation of Partner Egg Donation without Health Reason).",2024-11-21 00:00:00
9922,Forslag til lov om ændring af lov om social pension og lov om Udbetaling Danmark. (Permanent forhøjelse af den supplerende pensionsydelse).,Proposal for a law amending the Social Pensions Act and the Disbursement Act. (Permanent increase in the supplementary pension allowance).,2024-11-21 00:00:00
9924,Forslag til lov om ændring af ejendomsskatteloven og lov om kommunal indkomstskat og statens afregning af grundskyld og dækningsafgift til kommunerne. (Stigningsbegrænsningsordning for dækningsafgift af erhvervsejendomme).,Proposal for a law amending the Property Tax Act and the Municipal Income Tax Act and the State settlement of land and cover tax to municipalities.,2024-11-21 00:00:00
9925,"Forslag til lov om ændring af ejendomsskatteloven, ejendomsvurderingsloven, skattekontrolloven og kildeskatteloven. (Justeringer af pensionistlåneordningen til betaling af grundskyld og foreløbige beskatningsgrundlag i udstykningstilfælde m.v.).","Proposal for a law amending the Property Tax Act, the Property Assessment Act, the Tax Control Act and the withholding tax Act.",2024-11-21 00:00:00
9927,"Forslag til lov om ændring af lov om midlertidig opholdstilladelse til personer, der er fordrevet fra Ukraine. (Forlængelse af opholdsgrundlag efter Ukrainesærloven).",Proposal for a law amending the law on temporary residence permits for displaced persons from Ukraine.,2024-11-26 00:00:00
9928,Forslag til lov om ændring af lov om fødevarer og dyrevelfærdsloven. (Ændring af takster i betalingsbestemmelser til finansiering af fødevare- og dyrevelfærdskontrol m.v.).,"Proposal for a law amending the Food and Welfare Act. (Amendment of tariffs to payment rules to finance food and animal welfare controls, etc.).",2024-11-28 00:00:00
9929,"Forslag til lov om ændring af lov om naturbeskyttelse og om ophævelse af lov om administration af Den Europæiske Unions forordninger om handel med træ og træprodukter med henblik på bekæmpelse af handel med ulovligt fældet træ. (Supplerende bestemmelser til skovrydningsforordningen om tilsyn, gebyr og konfiskation m.v.).","Proposal for a law amending the Law on Nature Conservation and repealing the Law on the administration of European Union regulations on trade in timber and wood products to combat trade in illegally harvested timber. (Additional provisions for the deforestation regulation on supervision, fees and confiscation, etc.).",2024-11-28 00:00:00
9931,"Forslag til lov om ændring af lov om letbane på Ring 3, lov om Metroselskabet I/S og Udviklingsselskabet By & Havn I/S og lov om trafikselskaber. (Organisering af daglig ledelse og drift af Hovedstadens Letbane I/S, tilpasning af formålsbestemmelsen for Metroselskabet I/S, videreførelse af bolværksejeres forpligtelser i København, placering af Hovedstadens Letbane I/S i diverse samarbejdsfora m.v.).","Proposal for a law amending the law on light rail at Ring 3, law on the Metro Company I/S and the Development Company City & Port I/S and the Law on transport companies. (Organisation of daily management and operation of the Main Town Letbane I/S, adaptation of the purpose clause for the Metro Company I/S, continuation of the obligations of bulwarks owners in Copenhagen, location of the Main Town Letbane I/S in various cooperation forums etc.).",2024-11-28 00:00:00
9932,Forslag til lov om indkvartering af ansatte.,Proposal for a law on the accommodation of employees.,2024-11-28 00:00:00
9933,Forslag til lov om ændring af lov om udstationering af lønmodtagere m.v. og udlændingeloven. (Krav om fremvisning af legitimation og flere oplysningskrav i Registret for Udenlandske Tjenesteydere (RUT)).,"Proposal for a law amending the law on the posting of employees, etc. and the Aliens Act. (Requirements for showing identification and more information requirements in the Register of Foreign Service Providers (RUT)).",2024-11-28 00:00:00
9934,"Forslag til lov om ændring af lov om Arbejdsgivernes Uddannelsesbidrag.
(Justering af lønrefusion, forhøjelse af maksimal pensionsrefusionssats, omlægning af lærepladstaxameter, justering af fleksibelt uddannelsesbidrag og aktivitetsafhængigt veu-bidrag for 2025, fastsættelse af modelparametre for erhvervsuddannelser til brug for beregning af lærepladsafhængigt arbejdsgiverbidrag for 2025 m.v.).","Proposal for a law amending the Law on Employers' Educational Contributions. (Adjustment of salary reimbursement, increase of maximum pension reimbursement rate, reorganization of apprenticeships taximeter, adjustment of flexible training contributions and activity-dependent veu contributions for 2025, establishment of model parameters for vocational training for the purposes of calculating apprenticeship-dependent employer contributions for 2025 etc.).",2024-11-28 00:00:00
9935,Forslag til lov om ændring af dagtilbudsloven. (Regelforenklinger aftalt i samarbejdsprogram).,Draft law amending the daily offer law. (Regular simplifications agreed in the cooperation programme).,2024-11-28 00:00:00
9936,"Forslag til lov om ændring af lov om vejafgift, brændstofforbrugsafgiftsloven, lov om vægtafgift af motorkøretøjer m.v., lov om energiafgift af mineralolieprodukter m.v. og forskellige andre love. (Gennemførelse af dele af aftale om deludmøntning af grøn fond, tilpasning af gennemførelse af aftale om grøn skattereform for industri m.v., tekniske ændringer af lov om vejafgift, tilpasning af regler for blandingsbestemmelsen m.v., ændringer med henblik på at fremme regelefterlevelsen på motorområdet m.v.).","Proposal for a Law amending the Law on Road Tax, the Fuel Consumption Tax Act, the Law on Weighting of Motor Vehicles, etc., the Law on Energy Tax on Petroleum Products, etc., and various other laws. (Implementation of parts of the Agreement on the Part-Implementation of the Green Fund, adaptation of the Agreement on Green Tax Reform for Industry, etc., technical amendments to the Law on Road Tax, adaptation of rules on the mixing clause, etc., amendments to facilitate the rule-keeping of the motor industry, etc.).",2024-11-28 00:00:00
9937,"Forslag til lov om ændring af afskrivningsloven, ligningsloven og lov om indskud på etableringskonto og iværksætterkonto. (Afskaffelse af muligheden for at straksafskrive på edb-software, knowhow og patentrettigheder m.v. og forhøjelse af fradraget for udgifter til forsøgs- og forskningsvirksomhed).","Proposal for a law amending the law on depreciation, the law on equations and the law on deposit in the establishment account and the entrepreneurship account.",2024-11-28 00:00:00
9938,"Forslag til lov om ændring af lov om et indkomstregister, skatteforvaltningsloven, skattekontrolloven og forskellige andre love. (Terminaladgang for skatteforvaltningen i Grønland til visse oplysninger i indkomstregisteret, sanering og modernisering af sanktionsbestemmelser på skatteområdet, indhentelse af kontroloplysninger hos visse tredjemænd til brug for indberetningskontrol og kontrol vedrørende indeholdelse af kildeskat m.v.).","Proposal for a law amending the Law on the Income Register, the Tax Administration Act, the Tax Control Act and various other laws. (Terminal access for the tax administration in Greenland to certain information in the Income Register, the reorganisation and modernisation of tax provisions, the acquisition of control information by certain third parties for the purposes of reporting and control on withholding tax, etc.).",2024-11-28 00:00:00
9939,Forslag til lov om forsvarerbistand og aktindsigt i administrative straffesager på skatteområdet (skattestraffesagsloven).,Proposal for a law on defence assistance and access to administrative criminal proceedings in the field of taxation (Tax Penal Code).,2024-11-28 00:00:00
9941,"Forslag til lov om ændring af retsplejelov for Grønland. (Aktindsigt, kriminalprocessuelle tvangsindgreb, anonyme vidner, digital og forenklet digital forkyndelse og politiets anvendelse af agenter som led i efterforskningen af lovovertrædelser m.v.).","Proposal for a law amending the Law on the administration of justice for Greenland. (Insights, criminal procedure coercive measures, anonymous witnesses, digital and simplified digital service and the use by the police of agents in the investigation of offences, etc.).",2024-12-03 00:00:00
9942,Forslag til lov om flagning.,Draft law on flagging.,2024-12-03 00:00:00
9943,"Forslag til lov om ændring af retsplejeloven, lov om skifte af dødsboer og arveloven. (Revision af reglerne om Advokatsamfundets organer, udvidelse af adgangen til at opnå møderet for landsret, værgers betaling af sagsomkostninger og digital behandling af sager om skifte af dødsboer).","Proposal for a law amending the Code of Criminal Procedure, the law on the transfer of estates and the succession law. (Revision of the rules on the bodies of the Lawyer Society, extension of the right of access to court, payment of legal costs by guardians and digital handling of cases concerning the transfer of estates).",2024-12-03 00:00:00
9944,Forslag til lov om ændring af retsplejeloven. (Forhøjelse af antallet af dommere).,Proposal for a law amending the Code of Criminal Procedure. (Increase in the number of judges).,2024-12-03 00:00:00
9945,Forslag til lov om handel med brugte genstande samt pantelånervirksomhed.,Draft law on the sale of second-hand goods and pawn-borrowing.,2024-12-03 00:00:00
9946,Forslag til lov om offentlig auktion ved auktionsledere (auktionslederloven).,Proposal for a law on public auction by auction managers (Auction Leader Act).,2024-12-03 00:00:00
9947,Forslag til lov om supplerende bestemmelser til forordning om indførelse af en kulstofgrænsetilpasningsmekanisme.,Proposal for a law supplementing the regulation establishing a carbon border adjustment mechanism.,2024-12-03 00:00:00
9948,Forslag til lov om supplerende bestemmelser til forordning om reduktion af metanemissioner i energisektoren.,Proposal for a law supplementing the regulation on the reduction of methane emissions in the energy sector.,2024-12-03 00:00:00
9949,Forslag til lov om ændring af olieberedskabsloven. (Hjemmel til gebyrfinansiering af tilsyn og myndighedsopgaver efter olieberedskabsordningen og justering af bødeniveau for overtrædelse af lagringspligten m.v.).,"Proposal for a law amending the Law on oil preparedness. (Register for fee financing of supervision and regulatory tasks under the oil preparedness scheme and adjustment of the level of fines for breach of storage obligations, etc.).",2024-12-03 00:00:00
9951,"Forslag til lov om ændring af lov om kemikalier. (Opkrævning af gebyr for udstedelse af autorisationer efter EU-forordning om fluorholdige drivhusgasser, supplerende bestemmelser til EU-forordning om fluorholdige drivhusgasser, afgift pr. produkt i en godkendelse af en familie af biocidholdige produkter og digital indberetning af forbrug af bekæmpelsesmidler).","Proposal for a law amending the law on chemicals. (Recruitment of fees for issuing authorisations under the EU Regulation on fluorinated greenhouse gases, additional provisions to the EU Regulation on fluorinated greenhouse gases, levy per product in an authorisation of a family of biocidal products and digital reporting of consumption of pesticides).",2024-12-03 00:00:00
9952,Forslag til lov om ændring af lov om ligestilling af kvinder og mænd og lov om ligebehandling af mænd og kvinder med hensyn til beskæftigelse m.v. (Afskaffelse af ligestillingsredegørelser og forenkling af regler om kønssammensætningen i bestyrelser m.v.).,"Proposal for a law amending the law on equal treatment for women and men and the law on equal treatment for men and women in matters of employment, etc. (Abolition of equal opportunities statements and simplification of rules on gender composition in boards, etc.).",2024-12-05 00:00:00
9953,Forslag til lov om udbygning af rute 11 mellem Korskro og Varde.,Draft law on the extension of route 11 between Korskro and Varde.,2024-12-05 00:00:00
9954,Forslag til lov om ophævelse af 76 love på Transportministeriets område.,Proposal for a law repealing 76 laws in the field of transport.,2024-12-05 00:00:00
9955,"Forslag til lov for Grønland om oplysninger, der skal medsendes ved overførsel af midler.",Proposal for a Greenland law on information to be provided by way of transfer of funds.,2024-12-05 00:00:00
9956,Forslag til lov om ændring af lov om en investeringsfond for Færøerne m.v. (Overdragelse af investeringsfonden til Færøerne).,"Draft law amending the Law on an Investment Fund for the Faroe Islands, etc. (Transfer of the Investment Fund to the Faroe Islands).",2024-12-05 00:00:00
9957,Forslag til lov om Nimbi Gamelab – Danmarks Institut for Spiludvikling.,Suggestions for a law on Nimbu Gamelab • Danmarks Institut for Spiludvikling.,2024-12-10 00:00:00
9958,"Forslag til lov for Færøerne om oplysninger, der skal medsendes ved overførsel af midler.",Draft law for the Faroe Islands on information to be included in the transfer of funds.,2024-12-10 00:00:00
9959,Forslag til finanslov for finansåret 2025.,Draft Finance Act for the financial year 2025.,2024-12-12 00:00:00
9960,"Forslag til lov om fastsættelse af udgiftslofter for stat, kommuner og regioner for finansåret 2028.","Proposal for a law on the establishment of expenditure ceilings for state, municipalities and regions for the financial year 2028.",2024-12-12 00:00:00
9961,Forslag til lov om ændring af biobrændstofloven. (Støtte til fremme af grønne drivmidler i transportsektoren m.v.).,"Proposal for a law amending the Biofuel Act. (Support for the promotion of green fuels in the transport sector, etc.).",2024-12-12 00:00:00
9962,"Forslag til lov om ændring af lov om bæredygtige biobrændstoffer og om reduktion af drivhusgasser (biobrændstofloven), lov om fremme af vedvarende energi, lov om gasforsyning og lov om elforsyning. (Gennemførelse af EU-regler om fremme af vedvarende energi og grønne brændstoffer m.v.).","Proposal for a law amending the law on sustainable biofuels and on greenhouse gas reduction (biofuel law), the law on the promotion of renewable energy, the law on gas supply and the law on electricity supply. (Implementation of EU rules on the promotion of renewable energy and green fuels, etc.).",2024-12-12 00:00:00
9963,"Forslag til lov om ændring af lov om elforsyning, lov om gasforsyning og straffeloven. (Gennemførelse af elmarkedsdirektivet og fremtidssikret regulering af netvirksomheder m.v.).","Proposal for a law amending the law on electricity supply, the law on gas supply and the criminal code. (Implementation of the electricity market directive and future-proof regulation of grid companies, etc.).",2024-12-12 00:00:00
9964,"Forslag til lov om bistand til Europa-Kommissionen i henhold til Europa-Parlamentets og Rådets forordning om udenlandske subsidier, der fordrejer det indre marked.",Proposal for a law on assistance to the European Commission under the regulation of the European Parliament and of the Council on foreign subsidies distorting the internal market.,2024-12-12 00:00:00
9965,Forslag til lov om kønsfordeling blandt ledelsesmedlemmer i visse store børsnoterede aktieselskaber (kønsbalanceloven).,Proposal for a law on gender distribution among directors in certain large listed public limited companies (the Gender Balance Act).,2024-12-12 00:00:00
9966,"Forslag til lov om ændring af lov om folkeskolen, lov om erhvervsuddannelser og forskellige andre love. (Folkeskolens kvalitetsprogram m.v.).","Proposal for a law amending the law on primary education, the law on vocational training and various other laws. (Folkeskolen's Quality Programme, etc.).",2024-12-12 00:00:00
9967,Forslag til lov om ændring af lov om folkeskolen. (Mulighed for at give karakterer på 6. og 7. klassetrin).,Proposal for a law amending the law on primary and lower secondary schools. (Possibility of giving grades of 6th and 7th grade).,2024-12-12 00:00:00
9968,Forslag til lov om ændring af lov om folkeskolen. (Midlertidig fratagelse af en forælders rettigheder efter folkeskoleloven ved en elevs ophold på krisecenter).,Proposal for a law amending the law on primary school. (Temporary withdrawal of a parent's rights under the primary school law during a student's stay at the crisis centre).,2024-12-12 00:00:00
9970,"Forslag til lov om ændring af lov om en aktiv beskæftigelsesindsats, integrationsloven og forskellige andre love. (Arbejdspligt for borgere, som ikke opfylder opholdskravet og beskæftigelseskravet i kontanthjælpssystemet).","Proposal for a law amending the Act on Active Employment, the Integration Act and various other laws.",2024-12-17 00:00:00
9971,"Forslag til lov om ændring af lov om aktiv socialpolitik, lov om en aktiv beskæftigelsesindsats og forskellige andre love. (Reform af kontanthjælpssystemet, ophævelse af 225-timersreglen og kontanthjælpsloftet, fritidstillæg til børn, afklaring, rettighedsbaseret tilskud til medicin m.v.).","Proposal for a law amending the Act on active social policy, the Act on active employment and various other laws. (Reform of the cash benefits system, repeal of the 225-hour rule and the ceiling on cash benefits, child leisure allowances, clarification, rights-based medical grants, etc.).",2024-12-17 00:00:00
9974,Forslag til lov om ændring af lov om forberedende voksenundervisning og ordblindeundervisning for voksne og forskellige andre love. (Forlængelse af perioden for opbevaring af oplysninger om konstateret ordblindhed i Ordblindetesten m.v.).,Proposal for a law amending the law on preparatory adult education and dyslexic education for adults and various other laws.,2024-12-17 00:00:00
9975,Forslag til lov om ændring af lov om arbejdsmarkedsuddannelser m.v. (Ny udbudsmodel for at øge forsyningssikkerheden af arbejdsmarkedsuddannelser).,"Proposal for a law amending the Law on Labour Market Training, etc. (New procurement model to increase security of supply of labour market training).",2024-12-17 00:00:00
9976,"Forslag til lov om ændring af udlændingeloven, lov om socialtilsyn, lov om social service og barnets lov. (Ændringer af regler på udlændingeområdet vedrørende indkvartering, ydelser og sociale indsatser m.v.).","Proposal for a law amending the law on foreigners, the law on social security, the law on social services and the law on the child.",2024-12-17 00:00:00
9977,Forslag til lov om ændring af udlændingeloven. (Ændring af regler som følge af EU-samarbejdet om Schengen og Dublinforordningen).,Proposal for a law amending the law on aliens (amendment of rules resulting from EU cooperation on Schengen and the Dublin Regulation).,2024-12-17 00:00:00
9979,Forslag til lov om ændring af lov om kompensation til naboer omkring Udrejsecenter Kærshovedgård. (Ændring af nabokompensationsordningen).,Draft law amending the law on compensation for neighbors around the Departure Centre Kærshovedgård. (Amendment of the neighbor compensation scheme).,2024-12-17 00:00:00
9980,Forslag til lov om ændring af udlændingeloven. (Mulighed for med henblik på behandlingen af opholdstilladelser på Færøerne og i Grønland at sætte regler om gebyr og registersamkøring i kraft og for at delegere kompetencen til at udstede langtidsvisum til en færøsk myndighed m.v.).,Proposal for a law amending the law on aliens.,2024-12-17 00:00:00
9985,"Forslag til lov om ændring af lov om tobaksvarer m.v. og forskellige andre love. (Tredje og sidste del af udmøntning af forebyggelsesplanen målrettet børn og unge – tobak, nikotin og alkohol).","Proposal for a law amending the law on tobacco products, etc. and various other laws. (Third and final part of the implementation of the prevention plan targeted children and young people • tobacco, nicotine and alcohol).",2024-12-19 00:00:00
9986,"Forslag til lov om ændring af lov om klage- og erstatningsadgang inden for sundhedsvæsenet og sundhedsloven. (Indførelse af forsikringspligt for privatpraktiserende tandlæger, ophævelse af oplysningspligt ved erstatningsudbetalinger i patienterstatningssager og ændring af regler om samtykke til ukomplicerede behandlinger ved den kommunale tandpleje).","Proposal for a law amending the Law on access to healthcare and health care and the Health Act. (Incorporation of compulsory insurance for private dental practitioners, abolition of the obligation to provide information on claims in patients' claims and amendment of the rules on consent to uncomplicated treatment in municipal dental care).",2024-12-19 00:00:00
9987,Forslag til lov om ændring af sundhedsloven. (Ændring af samtykkemodel for organdonation til en blød model af aktivt fravalg).,Proposal for a law amending the Health Act. (Changing the consent model for organ donation to a soft model of active opt-out).,2024-12-19 00:00:00
9988,Forslag til lov om ændring af sundhedsloven. (Bemyndigelsesbestemmelser om målrettede påmindelser og sundhedspersoners behandling af helbredsoplysninger m.v.).,"Proposal for a Law amending the Health Act. (Authorization provisions on targeted reminders and health care of health data, etc.).",2024-12-19 00:00:00
9990,Forslag til lov om ændring af lov om vederlag og pension m.v. for ministre. (Forlængelse af perioden for midlertidig nedsættelse af grundvederlag til ministre).,"Draft law amending the law on remuneration and pensions, etc. for ministers.",2024-12-19 00:00:00
9991,Forslag til lov om indfødsrets meddelelse.,Draft law on the notification of citizenship.,2024-12-19 00:00:00
9993,Forslag til lov om ændring af universitetsloven og lov om åben uddannelse (erhvervsrettet voksenuddannelse) m.v. (Forenklet model for udpegning af eksterne bestyrelsesmedlemmer m.v.).,"Proposal for a law amending the University Law and the Law on Open Education (vocational adult education) etc. (Simplified model for the appointment of external board members, etc.).",2024-12-19 00:00:00
9994,"Forslag til lov om ændring af lov om elevers og studerendes undervisningsmiljø, lov om Danmarks Evalueringsinstitut og forskellige andre love. (Opgavebortfald på Børne- og Undervisningsministeriets område m.v.).","Proposal for a law amending the law on the teaching environment of pupils and students, the law on the Danish Evaluation Institute and various other laws (Admissions in the Ministry of Children and Education, etc.).",2024-12-19 00:00:00
9995,Forslag til lov om ændring af dagtilbudsloven. (Ændring af regler om bedre fordeling af børn i daginstitutioner og obligatorisk læringstilbud).,Proposal for a law amending the day-to-day law. (Amendment of rules on better distribution of children in day-to-day institutions and compulsory learning provision).,2024-12-19 00:00:00
9996,"Forslag til lov om ændring af lov om betalingskonti, lov om finansiel virksomhed, lov om kapitalmarkeder, lov om Danmarks Nationalbank og forskellige andre love. (Adgang til en basal erhvervskonto for erhvervsdrivende og foreninger, tilsyn efter forordning om europæiske grønne obligationer og åremålsansættelse for direktionen i Danmarks Nationalbank m.v.).","Proposal for a law amending the Law on Payment Accounts, the Law on Financial Activities, the Law on Capital Markets, the Law on Danmarks Nationalbank and various other laws.",2024-12-19 00:00:00
9997,Forslag til lov om ændring af selskabsloven. (Offentligt udbud af anparter og nedsættelse af minimumskrav til anpartsselskabers selskabskapital).,Proposal for a law amending the Companies Act. (Public offer of shares and reduction of minimum capital requirements for limited companies).,2024-12-19 00:00:00
9998,"Forslag til lov om ændring af selskabsloven, årsregnskabsloven, lov om erhvervsfremme, lov om finansiel virksomhed og forskellige andre love. (Ændring af visse love og bestemmelser på Erhvervsministeriets område som følge af opgavebortfald).","Proposal for a law amending the Companies Act, the Financial Statements Act, the Business Promotion Act, the Financial Activities Act and various other laws.",2024-12-19 00:00:00
9999,"Forslag til lov om ændring af lov om miljøbeskyttelse. (Styrket affaldstilsyn, herunder modtagekontrol og håndhævelse af forbud mod destruktion af usolgte forbrugerprodukter, og ophævelse af bestemmelser om genbrugsområder på genbrugspladser).","Proposal for a law amending the Law on Environmental Protection. (Strengthening waste control, including receiving and enforcing bans on the destruction of unsold consumer products, and repealing provisions on recycling areas at recycling sites).",2024-12-19 00:00:00
10000,Forslag til lov om ændring af lov om miljøbeskyttelse. (Ændring af regler om udvidet producentansvar for emballage og engangsplastprodukter m.v. og supplerende bestemmelser til batteriforordningen).,Proposal for a law amending the Law on the Protection of the Environment. (Amendment of rules on extended producer responsibility for packaging and disposable plastic products etc. and additional provisions to the Battery Regulation).,2024-12-19 00:00:00
10010,"Forslag til lov om ændring af lov om Kulturministeriets kulturaftaler med kommuner m.v. og om regionernes opgaver på kulturområdet, museumsloven, lov om musik og forskellige andre love. (Opgavebortfald på Kulturministeriets område).","Proposal for a law amending the Law on Cultural Agreements of the Ministry of Culture with municipalities etc. and on the tasks of the regions in the field of culture, the law on museums, the law on music and various other laws.",2024-12-19 00:00:00
10011,"Forslag til lov om ændring af lov om musik, folkeoplysningsloven og lov om folkehøjskoler. (Øget gennemsigtighed i tilskudsadministrationen m.v.).","Draft law amending the law on music, the law on public education and the law on folk high schools. (Increased transparency in the administration of grants, etc.).",2024-12-19 00:00:00
10105,"Forslag til lov om ændring af opkrævningsloven, skattekontrolloven og ligningsloven. (Regulering af afgift for foreløbig fastsættelse, regulering af satserne for skattetillæg, modernisering af sanktionspraksis ved passiv skatteunddragelse og midlertidig lempelse af betingelserne for bundfradrag ved deleøkonomi for indkomstårene 2023-2025).","Proposal for a Law amending the Law on Collections, the Tax Control Act and the Law on Equations. (Regulation of the Tax for Provisional Determination, Regulation of the Tax Supplements, Modernisation of the Sanctions Practices of Passive tax evasion and Temporary Reduction of the Conditions of Bottom Reduction in the Dele Economy for Incomes 2023-2025).",2025-01-09 00:00:00
10109,Forslag til lov om supplerende bestemmelser til Europa-Parlamentets og Rådets forordning om europæisk datastyring (datastyringsloven).,Proposal for a law supplementing the regulation of the European Parliament and of the Council on European data management (data management law).,2025-01-16 00:00:00
10112,"Forslag til lov om ændring af straffeloven. (Udvidelse af anvendelsesområdet for forbuddet mod videreførelse af en forening, der foreløbig er forbudt eller opløst ved dom).",Draft law amending the Criminal Code. (Enlargement of the scope of the prohibition on the continuation of an association provisionally prohibited or dissolved by judgment).,2025-01-23 00:00:00
10122,"Forslag til lov om ændring af lov om beskyttelse af havmiljøet. (Forbud mod udledning af røggasrensevand fra røggasrensesystemer på skibe, forbud mod dumpning af optaget havbundsmateriale i vanddybder under 6 m og i nærmere afgrænsede områder, regulering af udledninger til havet fra offshore-CO2-lagringsplatforme, marin geoengineering m.v.).",Proposal for a law amending the Law on the Protection of the Marine Environment.,2025-02-20 00:00:00
10123,"Forslag til lov om ændring af lov om sikkerhed til søs, lov om skibes besætning og søloven. (Frakendelse af retten til at arbejde på danske skibe for søfarende, der begår personfarlig kriminalitet om bord eller i relation til tjenesten, ny uddannelse for færgenavigatører, justering af årlig afgift for skibe og ikraftsættelse for Grønland af ændringer af søloven og lov om sikkerhed til søs).","Proposal for a law amending the Law on Maritime Safety, the Law on the crew of ships and the Law on the Law on the Law on the Law on the Law on the Law on the Law on the Law on the Law on the Law on the Law on the Law on the Law on the Law on the Law on the Law on the Law on the Law on the Law on the Law on the Law on the Law on the Law on the Law on the Law on the Law on the Law on the Law on the Law on the Law on the Law on the Law on the Law on the Law on Seas and the Law on the Law on the Law on the Law on the Law on the Law on the Law on the Law on the Law on the Law on the Law on the Law on the Law on the Law on the Law on the Law on the Law on the Law on the Law on the Law on the Law on the Law on the Law on the Law on the Law on the Law on the Law on the Law on the Law on the Law on the Law on the Law on Sea.",2025-02-20 00:00:00
10124,"Forslag til lov om ændring af lov om aktiv socialpolitik, ligningsloven og forskellige andre love. (Præcisering af retten til ydelser under kortvarige udlandsophold, afskaffelse af skærpet rådighedssanktion for aktivitetsparate m.v.).","Proposal for a law amending the Act on active social policy, the law on equations and various other laws.",2025-02-20 00:00:00
10125,"Forslag til lov om ændring af retsplejelov for Grønland, kriminallov for Grønland, lov for Grønland om pant og lov om ægteskabets retsvirkninger som sat i kraft for Grønland. (Gennemførelse af dele af flerårsaftale for domstolene 2024-27).","Proposal for a law amending the Code of Criminal Procedure for Greenland, the Code of Criminal Procedure for Greenland, the Law on pledges and the Law on the Effects of Marriage, as put into effect for Greenland. (Implementation of parts of the Multi-annual Agreement before the courts 2024-27).",2025-02-20 00:00:00
10126,"Forslag til lov om ændring af kriminallov for Grønland og retsplejelov for Grønland. (Styrket indsats mod stalking, kriminalisering af identitetsmisbrug og afbrydelse af påtalefrist m.v.).",Proposal for a law amending the Code of Criminal Procedure for Greenland and the Code of Criminal Procedure for Greenland.,2025-02-20 00:00:00
10127,"Forslag til lov om ændring af straffeloven, lov om politiets virksomhed og lov om supplerende bestemmelser til forordning om håndtering af udbredelsen af terrorrelateret indhold online. (Gennemførelse af dele af aftale om en styrket indsats mod antisemitisme).","Proposal for a law amending the Criminal Code, law on police activities and law supplementing the regulation on dealing with the spread of terrorist related content online. (Implementation of parts of the agreement on strengthening anti-Semitism action).",2025-02-20 00:00:00
10128,"Forslag til lov om ændring af lov om planlægning og lov om udlejning af fast ejendom til ferie- og fritidsformål m.v. og campering m.v. (Tilpasning af det statslige tilsyn med kommunernes fysiske planlægning og undtagelse fra krav om tilladelse ved erhvervelse af fast ejendom som
følge af opgavebortfald på By-, Land- og Kirkeministeriets område).","Proposal for a law amending the law on planning and the law on the rental of real estate for holiday and leisure purposes etc. and camping etc. (Adjustment of State supervision of municipalities' spatial planning and exemption from the requirement for permission to acquire real estate as a result of a loss of tasks in the territory of the Ministry of Town, Country and Church).",2025-02-20 00:00:00
10140,"Forslag til lov om ændring af lov om buskørsel, lov om godskørsel og taxiloven. (Regelforenkling for vejtransportvirksomheder og forlængelse af tilladelser til sygetransport).","Proposal for a law amending the law on bus services, the law on road transport and the taxi law. (Regular simplification for road transport companies and extension of medical transport permits).",2025-03-18 00:00:00
10141,Forslag til lov om ændring af strålebeskyttelsesloven. (Radiologisk beredskabsplan og strategier for håndtering af eksisterende bestrålingssituationer m.v.).,"Proposal for a law amending the radiation protection law. (Radiological emergency plan and strategies for dealing with existing exposure situations, etc.).",2025-03-18 00:00:00
10146,Forslag til lov om ændring af lov om miljøbeskyttelse. (Akkrediteringsordning til kontrol af beholdere til opbevaring af flydende husdyrgødning og ensilagesaft m.v.).,Proposal for a Law amending the Law on the Protection of the Environment. (Recreditation scheme for the control of containers for the storage of liquid manure and silage juice etc.).,2025-03-27 00:00:00
10148,"Forslag til lov om ændring af lov om gasforsyning, lov om Energinet og lov om anvendelse af Danmarks undergrund. (Tilslutningsregler for metan og brint, roller og ansvar i forhold til gasforsyningssikkerhed m.v.).","Proposal for a law amending the Act on Gas Supply, the Act on Energy Networks and the Law on the Use of Denmark's Undergrounds. (Completion rules for methane and hydrogen, roles and responsibilities in relation to gas supply security, etc.).",2025-03-27 00:00:00
10149,Forslag til lov om ændring af lov om planlægning. (Retningslinjer i kommuneplaner for beliggenheden af arealer til pyrolyseanlæg).,Draft law amending the law on planning. (Guidelines in municipal plans for the location of areas for pyrolysis plants).,2025-03-27 00:00:00
10150,Forslag til lov om tillægsbevilling for finansåret 2024.,Draft law on additional appropriations for the financial year 2024.,2025-03-27 00:00:00
10151,"Forslag til lov om ændring af lov om arbejdsmiljø. (Entreprenørstop på byggepladser og forhøjelse af bødeniveau).
",Proposal for a law amending the Law on Working Conditions.,2025-03-27 00:00:00
10157,"Forslag til lov om ændring af lov om tilhold, opholdsforbud og bortvisning. (Forsøgsordning med elektronisk kontrol som supplement til opholdsforbud).","Proposal for a law amending the law on restraining orders, residence bans and expulsions.",2025-04-03 00:00:00
10168,"Forslag til lov om ændring af boafgiftsloven, aktieavancebeskatningsloven og forskellige andre love. (Nedsættelse af boafgiften og gaveafgiften og indførelse af et retskrav på en skematisk værdiansættelse ved overdragelse af erhvervsvirksomheder til et nært familiemedlem, bedre mulighed for succession ved overdragelse af ejendomsvirksomheder og lempelse af pengetankregler m.v.).","Proposal for a law amending the Bogus Tax Act, the Share Advance Tax Act and various other laws. (Reduction of the Bogus Tax and Gift Tax and introduction of a legal requirement for a schematic valuation in the transfer of commercial enterprises to a close family member, better chance of success in the transfer of real estate companies and relaxation of cash tank rules, etc.).",2025-04-08 00:00:00
10169,Forslag til lov om supplerende bestemmelser til forordning om fastlæggelse af en ramme for fastsættelse af krav til miljøvenligt design for bæredygtige produkter m.v. og til forordning om markedsovervågning og produktoverensstemmelse m.v. (ecodesignproduktloven).,"Proposal for a law supplementing the regulation establishing a framework for setting ecodesign requirements for sustainable products, etc. and for a regulation on market surveillance and product conformity, etc. (ecodesign product law).",2025-04-08 00:00:00
10174,Forslag til lov om ændring af lov om social service og lov om retssikkerhed og administration på det sociale område. (Ændring af reglerne om sociale akuttilbud og udvidelse af muligheden for handlekommuneskift for borgere på herberger m.v.).,Draft law amending the law on social services and the law on legal certainty and administration in the social field.,2025-04-24 00:00:00
10175,"Forslag til lov om ændring af barnets lov. (Oprettelse af en særlig enhed med ekspertise i grønlandske sproglige og kulturelle forhold, der skal anvendes i visse børnesager).",Proposal for a law amending the child's law. (Creating a special unit with expertise in Greenlandic linguistic and cultural matters to be applied in certain children's cases).,2025-04-24 00:00:00
10176,"Forslag til lov om ændring af lov om arbejdsskadesikring i Grønland. (Harmonisering af regler om anmeldelse, en lempeligere vurdering af anerkendelsesspørgsmålet ved arbejdsulykker m.v.).",Proposal for a law amending the law on occupational injury insurance in Greenland.,2025-04-24 00:00:00
10177,"Forslag til lov om ændring af færdselsloven, lov om Sund & Bælt Holding A/S og lov om vejafgift. (Opkrævning af køretøjsrelaterede bøder og kontrolafgifter og forhøjelse af bødeniveauet for overtrædelse af vejafgiftsloven m.v.).","Proposal for a law amending the Road Traffic Code, the Sund & Bælt Holding A/S Act and the Road Tax Act.",2025-04-24 00:00:00
10178,Forslag til lov om modernisering af Køge Bugt Strandpark.,Draft law on the modernisation of Køge Bay Strandpark.,2025-04-24 00:00:00
10179,"Forslag til lov om ændring af lov om dansk indfødsret. (Ændring af erklæringsadgangen for nordiske statsborgere, ændring af reglerne vedrørende fortabelse af dansk statsborgerskab og ændring af gebyret, der betales ved indgivelse af ansøgning om dansk statsborgerskab ved naturalisation).","Proposal for a law amending the law on Danish citizenship. (Modification of declaration access for Nordic citizens, amendment of the rules on the revocation of Danish citizenship and amendment of the fee paid when applying for Danish citizenship by naturalisation).",2025-04-24 00:00:00
10180,"Forslag til lov om ændring af skatteindberetningsloven, skattekontrolloven, lov om gensidig bistand ved inddrivelse af fordringer i forbindelse med skatter, afgifter og andre foranstaltninger samt administrativt samarbejde på beskatningsområdet og toldloven. (Gennemførelse af direktiv om ændring af direktiv om administrativt samarbejde på beskatningsområdet om indberetning og udveksling af oplysninger om transaktioner i kryptoaktiver m.v.).","Proposal for a law amending the tax reporting law, the tax control law, the law on mutual assistance in the recovery of claims relating to taxes, duties and other measures, as well as administrative cooperation in the field of taxation and customs. (Implementation of the directive amending the directive on administrative cooperation in the field of taxation on the reporting and exchange of information on transactions in cryptoassets, etc.).",2025-04-24 00:00:00
10182,Forslag til lov om ændring af lov om sundhedsloven. (Abort uden forældresamtykke eller tilladelse fra Abortnævnet for 15-17-årige). ,Draft law amending the Health Act. (Abortion without parental consent or permission from the Abortion Board for 15-17-year-olds).,2025-04-24 00:00:00
10183,Forslag til lov om ændring af sundhedsloven. (Oprettelse af et nyt abortnævn m.v.).,"Proposal for a law amending the Health Act. (Creating a new board of abortions, etc.).",2025-04-24 00:00:00
10184,"Forslag til lov om ændring af lov om forsøgsordning med medicinsk cannabis og om ordning for dyrkning, fremstilling m.v. af medicinsk cannabis. (Permanent ordning med medicinsk cannabis og genfremsættelse efter notifikation for Europa-Kommissionen). ","Proposal for a law amending the Law on the experimental scheme of medical cannabis and on the scheme for the cultivation, manufacture, etc. of medical cannabis. (Permanent medical cannabis scheme and re-submission after notification to the European Commission).",2025-04-24 00:00:00
10185,"Forslag til lov om ændring af sundhedsloven, lov om lægemidler og lov om forsøgsordning med medicinsk cannabis og om ordning for dyrkning, fremstilling m.v. af medicinsk cannabis. (Overførsel af administrationen af Dansk Patientsikkerhedsdatabase og behandling af rapporteringer om utilsigtede hændelser m.v. til regionerne). ","Proposal for a law amending the Health Act, the Law on Medicinal Products and the Law on the Experimental Scheme of Medical Cannabis and on the Scheme for the Growing, Manufacturing, etc. of Medical Cannabis. (Transfer of administration of the Danish Patient Safety Database and processing of reports on accidental incidents, etc. to the regions).",2025-04-24 00:00:00
10193,Forslag til lov om kritiske enheders modstandsdygtighed (CER-loven).,Draft law on the resilience of critical entities (CER law).,2025-04-29 00:00:00
10194,Forslag til lov om foranstaltninger til sikring af et højt cybersikkerhedsniveau (NIS 2-loven).,Proposal for a law on measures to ensure a high cyber security level (NIS 2 Act).,2025-04-29 00:00:00
10195,Forslag til lov om sikkerhed og beredskab i telesektoren.,Proposal for a law on safety and preparedness in the telecommunications sector.,2025-04-29 00:00:00
10196,Forslag til lov om ændring af lov om arbejdsløshedsforsikring m.v. og barselsloven. (Udvidet ret til dagpenge til iværksættere og bagatelgrænse for arbejde i selvstændig virksomhed med fulde barselsdagpenge).,"Proposal for a law amending the law on unemployment insurance, etc. and the law on maternity leave.",2025-04-29 00:00:00
10202,"Forslag til lov om ændring af en række love på børne- og undervisningsområdet, socialområdet, det familieretlige område, skatteområdet, beskæftigelsesområdet, udlændinge- og integrationsområdet og ældreområdet. (Forbud mod anvendelse af personer under 18 år som tolke m.v.).","Proposal for a law amending a number of laws in the fields of children and education, social affairs, family law, taxation, employment, immigration and integration and the elderly. (Prohibits against the use of persons under 18 as interpreters, etc.).",2025-05-06 00:00:00
10203,Forslag til lov om Energiklagenævnet.,Draft law on the Energy Complaints Board.,2025-05-06 00:00:00
10204,Forslag til lov om supplerende bestemmelser til forordningen om kunstig intelligens.,Proposal for a law supplementing the regulation on artificial intelligence.,2025-05-08 00:00:00
10205,"Forslag til lov om ændring af lov om sikring af kulturværdier i Danmark og om supplerende bestemmelser til forordning om indførsel og import af 
kulturgenstande. (Ændring af reglerne om tilbageholdelse og beslaglæggelse, sanktioner for overtrædelse af indførselsforordningens bestemmelser om importørerklæringer og importlicenser m.v.).","Proposal for a law amending the Law on the Protection of Cultural Values in Denmark and supplementing the regulation on the import and import of cultural goods (amendment of the rules on detention and seizure, penalties for infringements of the provisions of the regulation on import declarations and import licences, etc.).",2025-05-08 00:00:00
10210,"Forslag til lov om ændring af lov om arbejdsmiljø, lov 
om folkeskolen og lov om kommunalindsats for unge under 25 år. (Implementering af dele af »Aftale om flere unge i fritidsjob«).","Proposal for a law amending the Law on the Working Environment, the Law on the Public School and the Law on the Municipal Action for Young People under 25. (Implementation of parts of the Agreement on more young people in leisure jobs).",2025-05-13 00:00:00
10211,"Forslag til lov om ændring af lov om arbejdsmiljø, lov om arbejdsskadesikring, lov om Arbejdsretten og faglige voldgiftsretter og lov om mægling i arbejdsstridigheder. (Nedlæggelse af arbejdsmiljøcertifikatordningen og justering af reglerne om årsløn m.v.).","Proposal for a law amending the Law on Working Conditions, the Law on Work Damage Protection, the Law on Labour Law and the Law on Industrial Arbitration and the Law on Mediation in Work Disputes. (Declaration of the Working Conditions Certificate Scheme and adjustment of the rules on annual wages, etc.).",2025-05-13 00:00:00
10217,"Forslag til lov om ændring af lov om fremme af vedvarende energi. (Mulighed for forbehold af særskilt ret over solcelleanlæg på erhvervsbygninger m.v.).

",Proposal for a law amending the law on the promotion of renewable energy sources.,2025-05-15 00:00:00
10218,"Forslag til lov om ændring af lov om fremme af vedvarende energi, lov om miljøvurdering af planer og programmer og af konkrete projekter (VVM), lov om offentlige veje m.v. og jernbaneloven. (Ændring af tilladelsesprocessen og VVM-kompetencen for elproducerende anlæg på havet, forkortelse af minimumsfrister for høring over miljøkonsekvensrapporter m.v.).

","Proposal for a law amending the law on the promotion of renewable energy, the law on the environmental assessment of plans and programmes and of concrete projects (EIA), the law on public roads, etc., and the Railway Act (change of permit process and EIA competence for power generating installations at sea, shortening of minimum deadlines for consultation on environmental impact reports, etc.).",2025-05-15 00:00:00
10219,Forslag til lov om ændring af sundhedsloven. (Indførelse af en ny forsøgsordning med medicintilskud på baggrund af en forhandlet fortrolig pris). ,Proposal for a Law amending the Health Act. (Introduction of a new trial scheme with medical supplements based on a negotiated confidential price).,2025-05-15 00:00:00
10220,Forslag til lov om ændring af sundhedsloven. (Udvidelse af ordning om tilskud til tandpleje for udvalgte patientgrupper).,Proposal for a law amending the Health Act. (Enlargement of dental care allowance scheme for selected patient groups).,2025-05-15 00:00:00
10234,"Forslag til lov om ændring af lov om beskyttelse af havmiljøet, lov om miljøvurdering af planer og programmer og af konkrete projekter (VVM) og lov om udbyttedeling ved anvendelse af genetiske ressourcer. (Implementering af aftale inden for rammerne af FN’s havretskonvention om bevarelse og bæredygtig udnyttelse af havets biologiske mangfoldighed i områder uden for national jurisdiktion (BBNJ-aftalen)).","Proposal for a law amending the Law on the Protection of the Marine Environment, the Law on the Environmental Assessment of Plans and Programmes and of Concrete Projects (EIA) and the Law on the Sharing of Profits through the Use of Genetic Resources (Implementation of Agreement in the framework of the UN Convention on the Conservation and Sustainable Use of the Biological Diversity of the Sea in Areas Outside National Jurisdiction (BBNJ Agreement)).",2025-05-20 00:00:00
10235,Forslag til lov om ændring af lov om beskyttelse af havmiljøet og lov om maritim fysisk planlægning. (Etablering af Havnaturfonden og mulighed for midlertidig dispensation fra havplanen m.v.).,Proposal for a law amending the Law on the Protection of the Marine Environment and the Law on Maritime Spatial Planning.,2025-05-20 00:00:00
10237,Forslag til lov om ændring af lov om udbygning af Fynske Motorvej syd om Odense. (Godkendelse af den nye miljøkonsekvensvurdering af projektet og opdatering af lovens bestemmelser).,Draft law amending the law on the extension of the Funen Motorway south on Odense. (Authorisation of the new environmental impact assessment of the project and updating of the provisions of the law).,2025-05-20 00:00:00
10238,Forslag til lov om ændring af færdselsloven. (Revision af forsøgsordninger for selvkørende motorkøretøjer og selvkørende enheder og obligatorisk digital selvbetjening ved indberetning af sikkerhedsrådgivere).,Proposal for a law amending the Road Traffic Code. (Revision of pilot schemes for self-propelled motor vehicles and self-propelled units and mandatory digital self-service when reporting safety advisers).,2025-05-20 00:00:00
10240,"Forslag til lov om ændring af SU-loven. (Minimumskrav til dokumentation m.v. ved ansøgning om SU-handicaptillæg, anvendelse af kunstig intelligens til understøttelse af sagsbehandling m.v.).","Draft law amending the SU Act (Minimum requirements for documentation, etc. for application for SU disability supplement, use of artificial intelligence to support casework, etc.).",2025-05-20 00:00:00
10242,Forslag til lov om offentligt ansattes ytringsfrihed. ,Proposal for a law on freedom of expression for public employees.,2025-05-20 00:00:00
10243,"Forslag til lov om ændring af lov om markedsføring, lov om forbrugeraftaler og forbrugerklageloven. (Gennemførelse af direktiv om styrkelse af forbrugernes rolle i den grønne omstilling og effektivisering af det offentlige forbrugerklagesystem).","Proposal for a law amending the Law on Marketing, the Law on Consumer Contracts and the Consumer Complaints Act. (Implementation of the Directive on Strengthening the Role of Consumers in the Green Conversion and Efficiency of the Public Consumer Complaints System).",2025-05-20 00:00:00
10253,"Forslag til lov om ændring af lov om trossamfund uden for folkekirken. (Ny anerkendelsesbetingelse om religiøse forkyndere på den nationale sanktionsliste, skærpet oplysningspligt om udenlandsk finansiering af forkyndere, mulighed for pålæg om brug af ekstern revisor, prøve i dansk familieret, frihed og folkestyre for vielsesforrettere og præcisering af krav til anerkendte trossamfund og menigheder m.v.).","Proposal for a law amending the law on religions outside the church. (New recognition requirement for religious ministers on the national sanction list, increased obligation to provide information on foreign financing of publishers, possibility of requiring the use of external accountant, test in Danish family law, freedom and popular rule for marriage agents, and clarification of requirements for recognized religions and congregations, etc.).",2025-05-22 00:00:00
10254,"Forslag til lov om ændring af ejendomsskatteloven, ejendomsvurderingsloven og forskellige andre love. (Alternativer til anvendelse af ejendomsværdier til beskatningsformål for landbrugs- og skovejendomme samt erhvervsejendomme, grundskyld og dækningsafgift i visse udstykningstilfælde m.v.).","Draft law amending the Property Tax Act, the Property Assessment Act and various other laws.",2025-05-22 00:00:00
10255,"Forslag til lov om ændring af ligningsloven, boafgiftsloven og forskellige andre love. (Udmøntning af skatteinitiativerne i regeringens landdistriktsudspil og regeringens udspil om familier i alle regnbuens farver m.v.).","Proposal for a law amending the law on equations, the tax law and various other laws (implementation of the tax initiatives in the government's rural scheme and the government's proposal on families in all the colours of the rainbow etc.).",2025-05-22 00:00:00
10256,Forslag til lov om ændring af ligningsloven og lov om aktiv socialpolitik. (Skattefritagelse af kulturpas og bortseelse fra kulturpas i formueopgørelsen ved kontanthjælpsberegning).,Proposal for a law amending the law on equations and the Act on active social policy.,2025-05-22 00:00:00
10257,Forslag til lov om ændring af lov om radio- og fjernsynsvirksomhed m.v. (Ændring af udpegningsmodel for DR’s bestyrelse).,"Proposal for a law amending the law on broadcasting, etc.",2025-05-22 00:00:00
10258,"Forslag til lov om ændring af lov om social pension, lov om arbejdsskadesikring og lov om afgift af bidraget til Arbejdsmarkedets Erhvervssikring og af arbejdsulykkeserstatninger m.v. (Regulering af folkepensionsalderen og ændring af revisionsbestemmelse m.v.).","Proposal for a law amending the Social Pensions Act, the Social Insurance Act and the Labour Insurance Act and the Social Insurance Act and the Social Insurance Act (Regulation of the retirement age and amendment of the revision clause etc.).",2025-05-22 00:00:00
10259,Forslag til lov om ændring af lov om ændring af adoptionsloven. (Udskydelse af solnedgangsklausul).,Draft law amending the law amending the adoption law. (Exclusion of sunset clause).,2025-05-22 00:00:00
10264,"Forslag til lov om ændring af lattergasloven og lov om produkter og markedsovervågning. (Nye kontrolbestemmelser om påbud om fjernelse af indhold på sociale medier, blokering af onlinegrænseflader og anvendelse af fiktive profiler).","Proposal for a law amending the law on nitrous oxide and the law on products and market surveillance. (New regulatory provisions on injunctions for the removal of content on social media, blocking of online interfaces and the use of fictitious profiles).",2025-05-27 00:00:00
10265,Forslag til lov om nemkonto.,Draft law on easy account.,2025-05-27 00:00:00
10266,"Forslag til lov om ændring af lov om fremme af effektiv energianvendelse og drivhusgasreduktion, lov om fjernkøling, lov om varmeforsyning og forskellige andre love. (Implementering af dele af det omarbejdede energieffektivitetsdirektiv, herunder indsamling af oplysninger om det offentliges energiforbrug og renoveringer af offentlige bygninger, energieffektivitetskrav i offentlige udbud, energieffektivitetskrav på varme- og køleområdet m.v.).","Proposal for a law amending the law on the promotion of efficient energy use and greenhouse gas reduction, law on remote cooling, law on heating supply and various other laws. (Implementation of parts of the recast Energy Efficiency Directive, including the collection of information on public energy consumption and renovations of public buildings, energy efficiency requirements in public procurement, energy efficiency requirements in the heating and cooling sector, etc.).",2025-05-27 00:00:00
10267,"Forslag til lov om ændring af straffeloven, retsplejeloven og lov om Offerfonden. (Styrket indsats mod seksuelt krænkende materiale m.v.). ","Proposal for a law amending the Criminal Code, the Code of Procedure and the Act on the Offer Fund. (Strengthened action against sexually offensive material, etc.).",2025-05-27 00:00:00
10268,Forslag til lov om ændring af lov om miljøbeskyttelse. (Præcisering af anvendelsesområde for udvidet producentansvar for elektrisk og elektronisk udstyr).,Proposal for a law amending the Law on the Protection of the Environment.,2025-05-27 00:00:00
10269,Forslag til lov om ændring af lov om autorisation af sundhedspersoner og om sundhedsfaglig virksomhed og forskellige andre love og om ophævelse af lov om psykologer m.v. (Sundhedsfaglig autorisation af psykologer). ,"Proposal for a law amending the Law on the Authorisation of Healthcare Professionals and various other laws and repealing the Law on Psychologists, etc. (Health certification of psychologists).",2025-05-27 00:00:00
10270,"Forslag til lov om ændring af lov om social pension og lov om højeste, mellemste, forhøjet almindelig og almindelig førtidspension m.v. (Forhøjelse af mediecheck). ","Proposal for a law amending the Law on Social Pensions and the Law on the highest, middle, increased general and general early retirement pension etc. (Enhancing Media Check).",2025-05-27 00:00:00
10271,"Forslag til lov om ændring af universitetsloven, lov om akkreditering af videregående uddannelsesinstitutioner og forskellige andre love. (Kandidatuddannelse på 75 ECTS-point, nye erhvervskandidatuddannelser og andre elementer fra aftale om reform af universitetsuddannelserne i Danmark m.v.).","Proposal for a law amending the University Law, the Law on the Accreditation of Higher Education Institutions and various other laws. (Candidate education of 75 ECTS points, new vocational training courses and other elements from the agreement on the reform of university education in Denmark etc.).",2025-05-27 00:00:00
10290,Forslag til lov om udbygning af rute 9 ved Nørreballe og etablering af tunnel under Marselis Boulevard i Aarhus.,Draft law on the extension of route 9 by Nørreballe and the establishment of tunnel under Marselis Boulevard in Aarhus.,2025-06-03 00:00:00
10291,Forslag til lov om ændring af lov om arbejdsmiljø. (Ophævelse af Arbejdstilsynets særlige tavshedspligt ved samtykke).,Proposal for a law amending the Law on Working Conditions.,2025-06-03 00:00:00
10292,"Forslag til lov om ændring af lov om naturbeskyttelse, miljømålsloven, lov om skove og forskellige andre love. (Bemyndigelse til at vedtage supplerende regler om biodiversitet med henblik på gennemførelse af naturgenopretningsforordningen, ændrede tidsfrister for Natura 2000-planlægningen, bedre muligheder for anlæg og byggeri til friluftsliv i fredskov m.v.).","Proposal for a law amending the Law on Nature Conservation, the Environmental Targets Act, the Forests Act and various other laws. (Authorisation to adopt additional rules on biodiversity for the implementation of the Nature Recovery Regulation, amended deadlines for Natura 2000 planning, improved possibilities for open-air construction in peace forest, etc.).",2025-06-03 00:00:00
10293,"Forslag til lov om ændring af lov om miljøbeskyttelse, lov om vandforsyning m.v., lov om betalingsregler for spildevandsforsyningsselskaber m.v. og vandsektorloven. (Spildevandsforsyningsselskabernes håndtering af terrænnært grundvand ved grundvandssænkende foranstaltninger og takstfinansiering heraf og ændrede regler om tilladelse til bortledning eller anden sænkning af grundvand). ","Proposal for a law amending the Law on environmental protection, the Law on water supply, etc., the Law on payment rules for waste water supply companies, etc., and the Water Sector Act.",2025-06-03 00:00:00
10318,Forslag til lov om ændring af lov om forbrugeraftaler og lov om forsikringsaftaler. (Øget forbrugerbeskyttelse ved fjernsalg af finansielle tjenesteydelser). ,Proposal for a law amending the law on consumer contracts and the law on insurance contracts. (Increased consumer protection at the distance of financial services).,2025-06-04 00:00:00
10319,"Forslag til lov om ændring af udlændingeloven, repatrieringsloven og lov om fuldbyrdelse af straf m.v. (Skærpelse af bortfaldsregler for udlændinge med asyl, herunder regler om tilbagebetaling af udbetalt hjælp til repatriering, og udvidelse af adgangen til straksudsendelse). ","Proposal for a law amending the Aliens Act, the Return Act and the Law on the Enforcement of Punishment, etc. (Strengthening of Disappearance Rules for Aliens with Asylum, including rules on the refund of aid paid for repatriation, and extending access to immediate transmission).",2025-06-04 00:00:00
10320,Forslag til lov om ændring af udlændingeloven og forskellige andre love. (Skærpelse af udvisningsreglerne samt indarbejdelse af reglerne om udvisning af udlændinge omfattet af EU-reglerne m.v.). ,Proposal for a law amending the law on aliens and various other laws.,2025-06-04 00:00:00
10321,"Forslag til lov om ændring af udlændingeloven, integrationsloven og danskuddannelsesloven. (Ændring af regler om bevarelse af opholdstilladelse som følge af partnervold m.v., undtagelse af statsudsendte og deres medfølgende familie fra bortfaldsreglerne, kodificering af EU-retspraksis på familiesammenføringsområdet, gennemførelse af EES-forordningen om gradvis idriftsættelse af ind- og udrejsesystemet og API-forordningen om indsamling og overførsel af forhåndsoplysninger om passagerer m.v.).","Proposal for a law amending the Aliens Act, the Integration Act and the Danish Education Act. (Amendment of rules on the retention of residence permits due to partner violence, etc., exception of State-issued and their accompanying family from the rules of non-compliance, codification of EU law in the area of family reunification, implementation of the EES Regulation on the gradual commissioning of the Entry/Exit System and the API Regulation on the collection and transfer of advance information on passengers, etc.).",2025-06-04 00:00:00
10324,"Forslag til lov om ændring af lov om fastsættelse af udgiftslofter for stat, kommuner og regioner for finansåret 2025, lov om fastsættelse af udgiftslofter for stat, kommuner og regioner for finansåret 2026, lov om fastsættelse af udgiftslofter for stat, kommuner og regioner for finansåret 2027 og lov om fastsættelse af udgiftslofter for stat, kommuner og regioner for finansåret 2028. (Konsekvenser af »Aftale om styrkelse af Forsvarets kampkraft« af februar 2025 m.v.).","Draft law amending the Law on the establishment of expenditure ceilings for the State, Municipalities and Regions for the financial year 2025, Law on the establishment of expenditure ceilings for the State, Municipalities and Regions for the financial year 2026, Law on the establishment of expenditure ceilings for the State, Municipalities and Regions for the financial year 2027 and Law on the establishment of expenditure ceilings for the State, Municipalities and Regions for the financial year 2028.",2025-06-11 00:00:00
10325,"Forslag til lov om ændring af lov om Det Centrale Virksomhedsregister, selskabsloven og forskellige andre love. (Begrænsning af adgangen til oplysninger om reelle ejere som følge af 6. hvidvaskdirektiv).","Proposal for a law amending the Central Business Register, Corporate Companies Act and various other laws. (Restricting access to information on real owners as a result of the Sixth Money Laundering Directive).",2025-06-11 00:00:00
10326,"Forslag til lov om ændring af lov om forsikringsvirksomhed, lov om betalinger, lov om etablering af statsgaranti på en del af ejendomskreditaftalerne i landdistrikterne og forskellige andre love. (Tværgående pensionskassers og forsikringsselskabers adgang til at eje og drive skov, vilkår for adgang til betalingssystemer for udbydere af betalingstjenester og etablering af statsgaranti på en del af ejendomskreditaftalerne i landdistrikterne m.v.).","Proposal for a law amending the law on insurance business, the law on payments, the law on the establishment of a State guarantee in part of the property credit agreements in rural areas and various other laws. (Access to ownership and forest management by cross-border pension funds and insurance companies, conditions for access to payment systems for payment service providers and the establishment of a State guarantee on part of the property credit agreements in rural areas, etc.).",2025-06-11 00:00:00
10327,"Forslag til lov om ændring af lov om finansiel virksomhed, lov om forvaltere af alternative investeringsfonde m.v., lov om investeringsforeninger m.v., hvidvaskloven og forskellige andre love. (Håndtering af kryptoeksponeringer, udarbejdelse af ESG-omstillingsplaner, nye dokumentationskrav for institutternes ledelsesstruktur, ansvarsfordeling og rapporteringslinjer, tydeligere regler for tilladelse til kreditinstitutter fra lande uden for EU/EØS (tredjelande), ny tilsynsbeføjelse til Finanstilsynet om godkendelse af væsentlige erhvervelser af kapitalandele i andre selskaber, strafbelæggelse af disclosureforordningen, modernisering af reglerne i FAIF-UCITS II-direktivet, styrkelse af reglerne om bekæmpelsen af national og international hvidvask og oprettelse af et fælleseuropæisk adgangspunkt (ESAP) til indsendelse af en række offentliggjorte oplysninger m.v.).","Proposal for a law amending the law on financial activities, law on alternative investment fund managers etc., law on investment funds etc., the law on money laundering and various other laws. (Manage of crypto exposures, preparation of ESG conversion plans, new documentation requirements for the governance structure of institutions, responsibilities and reporting lines, clearer rules for authorisation of credit institutions from outside the EU/EEA (third countries), new supervisory powers for the FSA on the approval of significant acquisitions of holdings in other companies, penalisation of the disclosure regulation, modernisation of the rules of the AIFM UCITS II Directive, strengthening of the rules on the fight against national and international money laundering and the creation of a pan-European access point (ESAP) for the submission of a number of published information, etc.).",2025-06-11 00:00:00
10330,"Forslag til lov om ændring af lov om social service og barnets lov. (Ændring af betegnelsen merudgiftsydelse til kompensationsydelse og indførelse af et ensartet og forenklet udmålingssystem for kompensationsydelse til børn, unge og voksne).","Proposal for a law amending the law on social services and the child's law. (Change of the term additional compensation allowance and introduction of a uniform and simplified system of measuring compensation for children, young people and adults).",2025-06-11 00:00:00
10331,Forslag til lov om ændring af lov om social service og lov om almene boliger m.v. (Indførelse af beløbsgrænse på 10 pct. for alternative tilbud og almene plejeboliger ved benyttelse af ret til frit valg for personer med betydelig og varigt nedsat fysisk eller psykisk funktionsevne).,"Proposal for a law amending the Social Services Act and the General Housing Act, etc. (Adding a limit of 10% for alternative services and general care homes by using the right to freedom of choice for persons with significant and lasting reduced physical or mental capacity).",2025-06-11 00:00:00
10332,"Forslag til lov om ændring af lov om social service. (Mulighed for opsigelse af en efterlevende ægtefælle, samlever eller registreret partner fra et længerevarende botilbud).","Proposal for a law amending the Social Services Act. (Possibility of termination of a surviving spouse, cohabitant or registered partner from a long-term residence offer).",2025-06-11 00:00:00
10333,"Forslag til lov om ændring af færdselsloven, lov om offentlige veje m.v., lov om private fællesveje og jernbaneloven. (Opgavebortfald og forenkling af sagsgange ved vejmyndighedernes dispositioner over veje og hjemmel til undtagelse fra kravet om miljøkonsekvensvurdering for vej- og jernbaneprojekter til forsvarsformål og civile beredskabsformål).","Proposal for a law amending the Road Traffic Code, Public Roads Act, Private Common Roads Act and Railway Act. (Abandonment and simplification of road authorities' roadside actions and legal basis for exemption from the requirement for environmental impact assessment for road and rail projects for defence purposes and civilian emergency purposes).",2025-06-11 00:00:00
10334,Forslag til lov om ændring af barselsloven. (Bedre barselsvilkår til forældre med indlagte nyfødte børn og udvidet ret til dagpenge under sorgorlov).,Proposal for a law amending the law on maternity leave. (Better conditions of maternity for parents with newborn children and extended entitlement to benefit during maternity leave).,2025-06-11 00:00:00
10335,Forslag til lov om ændring af lov om aktiv socialpolitik. (Ligestilling af adopterede fra udlandet med personer født her i riget i forhold til opholds- og beskæftigelseskravene).,Proposal for a law amending the Act on Active Social Policy.,2025-06-11 00:00:00
10336,"Forslag til lov om ændring af sundhedsloven, lov om apoteksvirksomhed og lov om videnskabsetisk behandling af sundhedsvidenskabelige forskningsprojekter og sundhedsdatavidenskabelige forskningsprojekter. (Opfølgning på vision for strategisk samarbejde for bedre brug af sundhedsdata, videregivelse af oplysninger om demensdiagnoser, styrket beskyttelse af medarbejdere i sundhedsvæsenet i sager om aktindsigt m.v.).","Proposal for a law amending the Health Act, the Law on Pharmacy and the Law on the Scientific Treatment of Health Sciences Research Projects and Health Data Science Research Projects (Follow-up to the vision of strategic cooperation for better use of health data, disclosure of information on dementia diagnosis, enhanced protection of health care staff in cases of access to documents, etc.).",2025-06-11 00:00:00
10337,"Forslag til lov om ændring af sundhedsloven. (National fordeling og styring af lægekapaciteter i det almenmedicinske tilbud, begrænsning i antal ydernumre ejet af én læge og flere og nye klinikformer i det almenmedicinske tilbud m.v.).","Proposal for a law amending the Health Act. (National distribution and management of medical capacities in the general medical offer, limitation of number of external numbers owned by one doctor and more and new clinics in the general medical offer, etc.).",2025-06-11 00:00:00
10338,Forslag til lov om overgangen til en ny sundhedsstruktur (overgangsloven).,Proposal for a law on the transition to a new health structure (transitional law).,2025-06-11 00:00:00
10339,"Forslag til lov om ændring af lov om regioner og om nedlæggelse af amtskommunerne, Hovedstadens Udviklingsråd og Hovedstadens Sygehusfællesskab (regionsloven) og forskellige andre love. (Ny regional forvaltningsmodel med sundhedsråd, afskaffelse af kontaktudvalg, sundhedsklynger, sundhedssamarbejdsudvalg, sundhedsaftaler i deres nuværende form, praksisplaner, kommunal medfinansiering på sundhedsområdet og nærhedsfinansiering samt konsekvensændringer i flere love som følge af sammenlægningen af Region Hovedstaden og Region Sjælland m.v.).","Proposal for a law amending the Regional Law and abolishing the County Councils, the Capital Development Council and the Capital Hospital Community (Regional Law) and various other laws. (New regional management model with health councils, abolition of contact committees, health clusters, health cooperation committees, health agreements in their current form, practice plans, community co-financing in the health and proximity funding, and impact changes in several laws resulting from the merger of the Capital Region and the Region of Zealand etc.).",2025-06-11 00:00:00
10340,Forslag til lov om ændring af lov om kommunal udligning og generelle tilskud til kommuner og lov om kommunal indkomstskat og statens afregning af grundskyld og dækningsafgift til kommunerne. (Ændring af selvbudgetteringsordningen og indførelse af øtilskud til Fanø Kommune).,Proposal for a law amending the Law on municipal compensation and general subsidies to municipalities and the Law on municipal income tax and the State settlement of land and cover tax to municipalities. (Amendment of the self-budgeting scheme and introduction of island subsidies to the municipality of Fanø).,2025-06-11 00:00:00
10341,Forslag til lov om ændring af partiregnskabsloven og partistøtteloven. (Forbud mod udenlandske donationer til politiske partier og kandidater).,Draft law amending the Party Accounts Act and the Party Support Act. (Prohibits against foreign donations to political parties and candidates).,2025-06-11 00:00:00
10342,Forslag til lov om fratagelse af dansk indfødsret for Fasar Abrar Raja.,Proposal for a law on the withdrawal of Danish citizenship of Fasar Abrar Raja.,2025-06-11 00:00:00
10343,Forslag til lov om indfødsrets meddelelse.,Draft law on the notification of citizenship.,2025-06-11 00:00:00
10344,"Forslag til lov om ændring af lov om euforiserende stoffer. (Skærpet indsats mod narkotikakriminalitet, herunder opioider).",Proposal for a law amending the law on drugs.,2025-06-11 00:00:00
10346,"Forslag til lov om ændring af lov om fuldbyrdelse af straf m.v., lov om samarbejde med Finland, Island, Norge og Sverige angående fuldbyrdelse af straf m.v. og lov om erstatning fra staten til ofre for forbrydelser. (Etablering af særlige afdelinger for terrordømte m.v., styrkelse af kriminalforsorgens indsats over for radikalisering og ekstremisme m.v. og tiltag på offererstatningsområdet med henblik på at lette sagsbehandlingen af offererstatningssager m.v.).","Draft law amending the law on the execution of sentences, etc., the law on cooperation with Finland, Iceland, Norway and Sweden on the execution of sentences, etc., and the law on compensation by the State to victims of crimes.",2025-06-11 00:00:00
10347,Forslag til lov om ændring af lov om fuldbyrdelse af straf m.v. (Fuldbyrdelse af bødekrav over for skyldnere med fast bopæl eller hjemsted i udlandet).,"Draft law amending the Law on the Enforcement of Punishment, etc. (Completing fines against debtors resident or resident abroad).",2025-06-11 00:00:00
10348,"Forslag til lov om ændring af værgemålsloven. (Initiativer med henblik på at nedbringe sagsbehandlingstiderne hos Familieretshuset i værgemålssager, fastsættelse af øvre grænse for antal værgemål m.v.).","Proposal for a law amending the law on guardianship. (Initiatives to reduce the length of proceedings at the House of Families in legal proceedings, fixing the upper limit for the number of guardians, etc.).",2025-06-11 00:00:00
10349,Forslag til lov om ændring af værgemålsloven og lov om social service. (Ny attestordning for varetagelse af personlige anliggender m.v.).,"Proposal for a law amending the law on legal guardianship and the law on social services. (New certification system for the conduct of personal affairs, etc.).",2025-06-11 00:00:00
10350,"Forslag til lov om ændring af retsplejeloven og forskellige andre love. (Kreditorforfølgning i pensionsordninger for konfiskationskrav og erstatningskrav m.v. som følge af visse strafbare handlinger, der har medført et udbytte).","Draft law amending the Code of Procedure and various other laws. (Creditor's follow-up to pension schemes for confiscation claims and claims, etc. as a result of certain offences which have resulted in a profit).",2025-06-11 00:00:00
10351,Forslag til lov om ændring af straffeloven. (Restriktive foranstaltninger).,Draft law amending the criminal code. (Restrictive measures).,2025-06-11 00:00:00
10352,Forslag til lov om ændring af lov om pas til danske statsborgere m.v. (Politiets fysiske inddragelse af pas).,"Proposal for a law amending the law on passports for Danish citizens, etc. (Physical inclusion of passports by the police).",2025-06-11 00:00:00
10356,"Forslag til lov om ændring af værnepligtsloven, lov om forsvarets personel og forskellige andre love. (Fuld ligestilling mellem kvinder og mænd i relation til værnepligt, indførelse af mulighed for værnepligtige befalingsmænd og fritagelse for at møde til Forsvarets Dag under helt særlige forhold m.v.).","Draft law amending the military law, the law on defence personnel and various other laws. (Full equality between women and men in the context of military service, the introduction of the possibility of military commanders and exemption from the day of defence in exceptional circumstances, etc.).",2025-06-11 00:00:00
10358,Forslag til lov om forsvarssamarbejde mellem Danmark og Amerikas Forenede Stater m.v.,"Draft law on defence cooperation between Denmark and the United States of America, etc.",2025-06-11 00:00:00
10359,"Forslag til lov om godkendelse og syn af køretøjer.
",Proposal for a law on the approval and inspection of vehicles.,2025-06-11 00:00:00
10383,"Forslag til lov om ændring af lov om en børne- og ungeydelse, ligningsloven og forskellige andre love. (Ændring af udbetalingsreglerne for børne- og ungeydelsen og delvis skattefritagelse af indtægt fra salg af sociale aviser m.v.).","Draft law amending the law on child and youth benefits, the law on equations and various other laws. (Change of payment rules for child and youth benefits and partial tax exemption on income from the sale of social newspapers, etc.).",2025-11-27 00:00:00
10384,"Forslag til lov om ændring af minimumsbeskatningsloven, skattekontrolloven og lov om gensidig bistand ved inddrivelse af fordringer i forbindelse med skatter, afgifter og andre foranstaltninger samt administrativt samarbejde på beskatningsområdet. (Indførelse af standardskema til indberetning af oplysninger om ekstraskat, indførelse af indenlandsk ekstraskat på statsløse enheder og opdatering af bestemmelser om udveksling af oplysninger om ekstraskat og finansielle konti m.v.).","Proposal for a law amending the minimum tax law, the tax control law and the law on mutual assistance in the recovery of claims relating to taxes, duties and other measures, as well as administrative cooperation in the field of taxation.",2025-11-27 00:00:00
10385,"Forslag til lov om ændring af lov om Arbejdsgivernes Uddannelsesbidrag og ligningsloven. (Ændring af lønbegreb, afgørelser uden forudgående partshøring, omlægning af refusion og tilskud vedrørende oplæring i udlandet, justering af bidrag for 2026 og fastsættelse af modelparametre for 2026 m.v.).","Proposal for a law amending the Law on Employers' Educational Contributions and the Equalisation Act. (Modification of salary concepts, decisions without prior consultation of the parties, reorganization of reimbursements and grants relating to training abroad, adjustment of contributions for 2026 and determination of model parameters for 2026 etc.).",2025-11-27 00:00:00
10386,Forslag til lov om ændring af lov om erhvervsuddannelser. (Prioritering af behandling af sager om seksuel chikane for Tvistighedsnævnet).,Proposal for a law amending the Law on Vocational Training.,2025-11-27 00:00:00
10387,Forslag til lov om ændring af lov om de gymnasiale uddannelser. (Hf som trædesten til erhvervsuddannelse og genindførelse af forhåndstilkendegivelse af ønsket studieretning).,Proposal for a law amending the law on upper secondary education.,2025-11-27 00:00:00
10388,Forslag til lov om ændring af lov om folkeskolen. (Justering af kommunalbestyrelsens forsyningspligt vedrørende 10. klasse).,Proposal for a law amending the Law on Public Schools.,2025-11-27 00:00:00
10391,"Forslag til lov om ændring af årsregnskabsloven, lov om finansiel virksomhed, lov om forsikringsvirksomhed og lov om fondsmæglerselskaber og investeringsservice og -aktiviteter. (Udskydelse af virksomheders pligt til rapportering om bæredygtighed og afregistrering af revisorer eller uafhængige erklæringsudbydere vedrørende bæredygtighedsrapportering).","Proposal for a law amending the Annual Accounts Act, Financial Business Act, Insurance Act and Fund Broker Companies Act and Investment Services and Activities Act. (Exclusion of corporate sustainability reporting obligations and registration of auditors or independent declaration providers regarding sustainability reporting).",2025-12-02 00:00:00
10392,Forslag til lov om ændring af lov om sikkerhed for gasanlæg og gasinstallationer (gassikkerhedsloven). (Udvidelse af lovens anvendelsesområde og indførelse af regler om godkendelse af tredjeparter).,Proposal for a law amending the Act on the Safety of Gas Plants and Gas Installations (the Gas Safety Act). (Enlargement of the scope of the Act and introduction of rules on the approval of third parties).,2025-12-02 00:00:00
10395,"Forslag til lov om ændring af lov om kapitalmarkeder, lov om finansiel virksomhed, lov om investeringsforeninger m.v. og forskellige andre love. (Ophævelse af national prospektgrænse, delvis ophævelse af forbud mod aktieklasser i finansielle virksomheder, forsikringsselskaber og fondsmæglerselskaber, ændring af offentliggørelseskrav ved optagelse til handel på en multilateral handelsfacilitet, styrkelse af Finanstilsynets uafhængighed m.v.).","Proposal for a law amending the law on capital markets, the law on financial activities, the law on investment funds, etc., and various other laws (Closing of national prospectus limits, partial abolition of the prohibition of classes of shares in financial undertakings, insurance companies and fund brokers, amendment of disclosure requirements for admission to trading on a multilateral trading facility, strengthening of the independence of the Financial Supervisory Authority, etc.).",2025-12-04 00:00:00
10397,Forslag til lov om ændring af lov om fremme af vedvarende energi. (Statens afholdelse af Energinets forundersøgelsesomkostninger vedrørende arealer til havvindmølleparker).,Proposal for a law amending the law on the promotion of renewable energy.,2025-12-04 00:00:00
10399,"Forslag til lov om ændring af lov om Arbejdsmarkedets Tillægspension, lov om arbejdsskadesikring og lov om Lønmodtagernes Dyrtidsfond. (Indførelse af en statslig finansieringsgaranti, bortfald af aktuarberetningen, skærpede krav til it- og cybersikkerhed for ATP og LD Fonde, ny takststruktur på arbejdsskadeområdet m.v.).
","Proposal for a law amending the Labour Market Supplementary Pension Act, Labour Damage Insurance Act and the Law on the Employees' Animal Time Fund. (Incorporation of a State guarantee for financing, withdrawal of the actuarial course, stricter requirements for IT and cybersecurity for ATP and LD Foundations, new tariff structure in the field of occupational injury, etc.).",2025-12-04 00:00:00
10400,"Forslag til lov om ændring af lov om arbejdsmiljø. (Tydeliggørelse af Sikkerhedsstyrelsens tilsyn med autorisationsordningen på asbestområdet m.v.).
","Proposal for a law amending the Law on the Working Environment. (Declaration of supervision by the Danish Safety and Health Authority of the licensing system in the field of asbestos, etc.).",2025-12-04 00:00:00
10402,"Forslag til lov om ændring af udlændingeloven, lov om Det Centrale Personregister og forskellige andre love. (Afskæring af offentlige tilbud m.v. til udlændinge, som opholder sig ulovligt i Danmark).","Draft law amending the Aliens Act, the Central Register of Persons and various other laws.",2025-12-04 00:00:00
10403,Forslag til lov om ændring af ældreloven. (Videreførelse af ordning om plejevederlag ved pasning af døende på Færøerne og i Grønland).,Proposal for a law amending the law on the elderly.,2025-12-04 00:00:00
10404,"Forslag til lov om ændring af lov om leje, lov om leje af almene boliger, lov om ejerlejligheder og lov om andelsboligforeninger og andre boligfællesskaber. (Ret til etablering af ladepunkt til elektrisk køretøj).","Proposal for a law amending the law on rental, the law on rental of general dwellings, the law on the ownership of apartments and the law on cooperative housing associations and other housing communities. (Right to establish the charging point for electric vehicles).",2025-12-04 00:00:00
10409,Forslag til lov om ophævelse af 37 love på Transportministeriets område.,Proposal for a law repealing 37 laws in the territory of the Ministry of Transport.,2025-12-09 00:00:00
10410,Forslag til lov om anlæg af ny midtjysk motorvej (strækningerne mellem Klode Mølle og Løvel vest om Viborg og mellem Give og Billund Vest).,Proposal for a law on the construction of a new Central Jutland motorway (the lines between Clode Mølle and Løvel west of Viborg and between Give and Billund West).,2025-12-09 00:00:00
10415,Forslag til finanslov for finansåret 2026. ,Draft Finance Act for the financial year 2026.,2025-12-11 00:00:00
10416,"Forslag til lov om ændring af lov om fastsættelse af udgiftslofter for stat, kommuner og regioner for finansåret 2025, lov om fastsættelse af udgiftslofter for stat, kommuner og regioner for finansåret 2026, lov om fastsættelse af udgiftslofter for stat, kommuner og regioner for finansåret 2027 og lov om fastsættelse af udgiftslofter for stat, kommuner og regioner for finansåret 2028. (Konsekvenser af regeringens forslag til finanslov for 2026 m.v.).","Proposal for a law amending the Law on the establishment of expenditure ceilings for the State, Municipalities and Regions for the financial year 2025, Act on the establishment of expenditure ceilings for the State, Municipalities and Regions for the financial year 2026, Act on the establishment of expenditure ceilings for the State, Municipalities and Regions for the financial year 2028, Act on the establishment of expenditure ceilings for the State, Municipalities and Regions for the financial year 2026 and Act on the establishment of expenditure ceilings for the State, Municipalities and Regions for the financial year 2028.",2025-12-11 00:00:00
10417,"Forslag til lov om fastsættelse af udgiftslofter for stat, kommuner og regioner for finansåret 2029.","Proposal for a law on the establishment of expenditure ceilings for state, municipalities and regions for the financial year 2029.",2025-12-11 00:00:00
10418,"Forslag til lov om ændring af lov om social pension og forskellige andre love. (Ophør af udbetaling af forsørgelsesydelser til anbringelses- og behandlingsdømte).
",Proposal for a law amending the Social Pensions Act and various other laws.,2025-12-11 00:00:00
10419,"Forslag til lov om ændring af lov om en skattefri seniorpræmie, lov om social pension og forskellige andre love. (Forhøjelse af den skattefri seniorpræmie m.v.).
","Proposal for a law amending the law on a tax-free senior premium, social pension law and various other laws. (Enhance of the tax-free senior premium, etc.).",2025-12-11 00:00:00
10420,Forslag til lov om supplerende bestemmelser til forordningen om harmoniserede regler om fair adgang til og anvendelse af data (datadelingsloven).,Proposal for a law supplementing the regulation on harmonised rules on fair access to and use of data (data sharing law).,2025-12-11 00:00:00
10421,Forslag til lov om ændring af lov om erhvervsakademiuddannelser og professionsbacheloruddannelser og lov om akkreditering af videregående uddannelsesinstitutioner. (Nye praksisrettede professionsmasteruddannelser og andre elementer fra aftale om reform af professionsbachelor- og erhvervsakademiuddannelser i Danmark m.v.).,Proposal for a law amending the law on professional education and Bachelor's degree programmes and the law on the accreditation of higher education institutions. (New practical Master's degree programmes and other elements from the agreement on the reform of professional bachelor's and professional academy degree programmes in Denmark etc.).,2025-12-11 00:00:00
10422,"Forslag til lov om ændring af lov om Danmarks Forsknings- og Innovationspolitiske Råd og Danmarks Frie Forskningsfond. (Begrænsning af visse ansøgninger til Danmarks Frie Forskningsfond, fondens samarbejde med andre offentlige og private bevillingsgivere og forlængelse af fondens strategiperiode).","Proposal for a law amending the Law on the Danish Research and Innovation Policy Council and the Danish Free Research Fund. (Restricting certain applications to the Danish Free Research Fund, the Foundation's cooperation with other public and private funding providers and extending the Fund's strategy period).",2025-12-11 00:00:00
10423,Forslag til lov om ændring af lov om folkeskolen og lov om biblioteksafgift. (Ændring af betegnelsen pædagogisk læringscenter til skolebibliotek og ophævelse af bemyndigelse).,Proposal for a law amending the Law on the Public School and the Law on the Library Tax. (Change of the term Educational Learning Centre to the School Library and repeal of the Authorization).,2025-12-11 00:00:00
10424,Forslag til lov om ændring af lov om arbejdsmarkedsuddannelser m.v. (Indførelse af lovhjemmel til anvendelse af konsekvenspædagogiske redskaber på Træningsskolen).,"Proposal for a law amending the law on labour market training, etc. (Introduction of a legal basis for the use of impact teaching tools at the Training School).",2025-12-11 00:00:00
10425,Forslag til lov om ændring af lov om luftfart. (De færøske myndigheders etapevise overtagelse af sagsområdet luftfart m.v.).,Proposal for a law amending the Law on Air Transport.,2025-12-11 00:00:00
10426,Forslag til lov om ændring af lov om Det Økonomiske Råd og Det Miljøøkonomiske Råd. (Implementering af dele af direktiv om krav til medlemsstaternes budgetmæssige rammer vedrørende uafhængige finanspolitiske institutioner).,Proposal for a law amending the Law on the Economic Council and the Environmental Economic Council. (Implementation of parts of the Directive on requirements for the budgetary framework of the Member States concerning independent fiscal institutions).,2025-12-16 00:00:00
10427,Forslag til lov om ændring af lov om medicinsk udstyr. (Indberetning af lagerbeholdning og forbrug samt statsligt beredskab for medicinsk udstyr).,Proposal for a Law amending the Law on Medical Devices.,2025-12-16 00:00:00
10428,Forslag til lov om Digital Sundhed Danmark.,Proposal for a law on Digital Health Denmark.,2025-12-16 00:00:00
10429,"Forslag til lov om ændring af sundhedsloven og forskellige andre love. (National planlægningskompetence for digitalisering og data i sundhedsvæsenet, nye regler for fælles digital infrastruktur, ændringer som følge af lov om Digital Sundhed Danmark og Statens Serum Instituts infrastrukturer, databaser m.v.).","Proposal for a law amending the Health Act and various other laws. (National planning competence for digitalisation and data in health care, new rules for common digital infrastructure, changes resulting from the Digital Health Act Denmark and the Statens Serum Institut's infrastructures, databases, etc.).",2025-12-16 00:00:00
10431,"Forslag til lov om ændring af lov om afgift af elektricitet og forskellige andre love. (Udvidelse af refusionsordningen ved opladning af elbiler, ændring af afgiftsfritagelse for biobrændstoffer i CO2-afgiftsloven, udvidelse af afgiftsfritagelsen for institutionsbusser, nedsættelse af den volumenbaserede emballageafgift i 2026 og 2027 m.v.).","Proposal for a law amending the law on taxation of electricity and various other laws. (Enlargement of the reimbursement scheme for charging electric cars, amendment of the tax exemption for biofuels in the CO2 tax law, extension of the tax exemption for institutional buses, reduction of the volume-based packaging tax in 2026 and 2027 etc.).",2025-12-16 00:00:00
10432,Forslag til lov om ændring af registreringsafgiftsloven. (Udskydelse af indfasningen af højere registreringsafgift for nulemissionskøretøjer).,Proposal for a law amending the Registration Tax Act. (Exclusion of phasing-in of higher registration fee for zero-emission vehicles).,2025-12-16 00:00:00
10433,"Forslag til lov om ændring af brændstofforbrugsafgiftsloven, lov om afgift af naturgas og bygas m.v. og forskellige andre love. (Fritagelse af nulemissionspersonbiler, der anvendes til erhvervsmæssig persontransport, for periodiske afgifter og udvidelse af procesformål til energi anvendt til CO2-fangst med henblik på geologisk lagring).","Proposal for a law amending the Fuel Consumption Tax Act, the Act on the Tax of Natural Gas and Urban Gas, etc., and various other laws (Releasing of zero-emission passenger cars used for commercial passenger transport, periodic charges and extension of process purposes for energy used for CO2 capture for geological storage).",2025-12-16 00:00:00
10505,"Forslag til lov om ændring af lov om elforsyning og lov om Energinet. (Kapacitetsmekanismer og mulighed for, at Energinet kan eje og drive et trykluftslager).",Proposal for a law amending the law on electricity supply and the Act on Energy Networks (Capacities mechanisms and the possibility for Energinet to own and operate a compressed air warehouse).,2025-12-18 00:00:00
10506,Forslag til lov om ændring af lov om elforsyning og elsikkerhedsloven. (Øget hastighed og styrkede borgerrettigheder i form af mulighed for tidligere overtagelse m.v. ved arealerhvervelse til det kollektive elnet).,"Proposal for a law amending the law on electricity supply and the law on electricity security. (Increased speed and enhanced civil rights in the form of the possibility of previous takeover, etc. by land acquisition for the collective electricity network).",2025-12-18 00:00:00
10507,Forslag til lov om ændring af lov om elforsyning. (Styrket forbrugerbeskyttelse og effektive sanktioner på detailmarkedet for elektricitet).,Proposal for a law amending the law on electricity supply (enhanced consumer protection and effective sanctions in the retail electricity market).,2025-12-18 00:00:00
10508,Forslag til lov om ændring af lov om stedbestemt information. (Bemyndigelsesbestemmelse om fastsættelse af regler vedrørende EU’s naturbeskyttelsesdirektiver).,Proposal for a law amending the law on spatial information.,2025-12-18 00:00:00
10509,"Forslag til lov om ændring af jernbaneloven og lov om DSB. (Fremtidens S-bane, støj fra jernbaneaktiviteter, ekspropriation m.v.).","Proposal for a law amending the Railway Act and the DSB Act. (Future S-bane, noise from railway activities, expropriation, etc.).",2025-12-18 00:00:00
10510,"Forslag til lov om ændring af lov om rammerne for arealanvendelsen i Københavns Lufthavn, Kastrup. (Bemyndigelse til at fastsætte regler om overordnede rammer for støjudledning som følge af lufthavnens drift). ","Proposal for a Law amending the Law on Land Use Framework at Copenhagen Airport, Kastrup. (Authorisation to lay down rules on general noise emission frameworks due to the operation of the airport).",2025-12-18 00:00:00
10511,"Forslag til lov om ændring af færdselsloven, lov om luftfart, postloven og forskellige andre love. (Styrket beredskab på transportområdet m.v. og præcisering af politiets adgang til at neutralisere droner m.v.).


","Proposal for a law amending the Road Traffic Code, the Air Transport Act, the Postal Code and various other laws. (Strengthening preparedness in transport, etc. and clarification of police access to neutralizing drones etc.).",2025-12-18 00:00:00
10512,Forslag til lov om ændring af konkursloven. (Skærpede regler om udpegning af kurator og habilitet m.v.).,Draft Law amending the Bankruptcy Act.,2025-12-18 00:00:00
10513,"Forslag til lov om ændring af retsplejeloven, konkursloven, lov om ægtefælleskifte m.v. og forskellige andre love. (Forhøjelse af antallet af dommere og digital behandling af straffesager og sager om forebyggende rekonstruktion, rekonstruktion, konkurs, gældssanering og ægtefælleskifte m.v.).","Proposal for a law amending the Code of Procedure, the bankruptcy law, the law on the change of spouse, etc. and various other laws (Increase in the number of judges and digital treatment of criminal proceedings and cases of preventive reconstruction, reconstruction, bankruptcy, debt relief and change of spouse, etc.).",2025-12-18 00:00:00
10514,Forslag til lov om ændring af kriminallov for Grønland. (Forhøjelse af maksimum for tidsbestemt anstaltsanbringelse).,Proposal for a law amending the Criminal Code for Greenland.,2025-12-18 00:00:00
10515,Forslag til lov om ændring af lov om miljøbidrag og godtgørelse i forbindelse med ophugning og skrotning af biler. (Nedsættelse af miljøbidrag).,Proposal for a law amending the Act on environmental contributions and compensation for the scrapping and scrapping of cars.,2025-12-18 00:00:00
10516,"Forslag til lov om ændring af lov om en aktiv beskæftigelsesindsats, lov om kommunal udligning og generelle tilskud til kommuner og lov om kommunernes finansiering af visse offentlige ydelser udbetalt af kommunerne, Udbetaling Danmark og arbejdsløshedskasserne. (Grænse for kommunernes udgifter til øvrig vejledning og opkvalificering m.v. samt til mentorstøtte i forhold til den kommunale budgetgaranti og indførelse af forældelsesregler i Ydelsesrefusion).","Proposal for a law amending the Act on active employment, the Law on municipal equalisation and general grants to municipalities and the Law on the financing by municipalities of certain public benefits paid by municipalities, Disbursement Denmark and unemployment funds.",2025-12-18 00:00:00
10517,"Forslag til lov om ændring af folkeoplysningsloven. (Lempelser af krav til underskrivelse af tilskudsregnskab, mellemkommunal refusion og fjernundervisning). ","Proposal for a law amending the National Education Act. (Simplifications of requirements for signing grant accounts, inter-municipal reimbursement and distance learning).",2025-12-18 00:00:00
10519,Forslag til lov om ændring af lov om internationalt udviklingssamarbejde. (Nedlæggelse af Udviklingspolitisk Råd og ny struktur for inddragelse af relevante danske aktører).,Draft law amending the law on international development cooperation. (Developing Development Policy Council and new structure for the involvement of relevant Danish actors).,2025-12-18 00:00:00
10520,Forslag til lov om ændring af lov om nordisk samarbejde. (Ændring af princip for valg af suppleanter).,Draft law amending the law on Nordic cooperation.,2025-12-18 00:00:00
10521,"Forslag til lov om ændring af lov om menighedsråd, lov om folkekirkens økonomi, lov om folkekirkens kirkebygninger og kirkegårde og forskellige andre love. (Forenkling og bedre understøttelse af menighedsrådsarbejdet, understøttelse af menighedsrådenes vedligeholdelse af middelalderkirker og orientering om foreløbige ligningsbehov).","Draft law amending the Law on the Council of Congregations, Law on the National Church's Economics, Law on the National Church's Church buildings and cemeteries and various other laws. (Simplification and better support for the church council work, support for the church councils' maintenance of medieval churches and orientation on preliminary equation needs).",2025-12-18 00:00:00
10522,Forslag til lov om ændring af lov om valg til Folketinget. (Ændring af folketingsmedlemmers vederlæggelse som opfølgning på »Aftale om en reform af fremtidige folketingsmedlemmers og ministres vederlæggelse«).,Draft law amending the Act on Elections to the Folketing.,2025-12-18 00:00:00
10525,Forslag til lov om undtagelse fra regulering på Erhvervsministeriets ressort for internationale finansielle institutioner med virke i Grønland.,Proposal for a law on exemption from regulation by the Ministry of Business and Industry for international financial institutions operating in Greenland.,2025-12-19 00:00:00
10526,"Forslag til lov om ændring af lov for Grønland om kapitalkrav og tilsynsmæssige krav for kreditinstitutter og investeringsselskaber. (Gennemførelse for Grønland af ændringsforordning til forordning (EU) nr. 575/2013 om tilsynsmæssige krav til kreditinstitutter og investeringsselskaber).
",Proposal for a law amending the law for Greenland on capital requirements and prudential requirements for credit institutions and investment firms. (Implementation for Greenland of amending Regulation (EU) No 575/2013 on prudential requirements for credit institutions and investment firms).,2025-12-19 00:00:00
10527,Forslag til lov om ændring af patentloven og forskellige andre love. (Ændring af Patent- og Varemærkestyrelsens gebyrer).,Draft law amending the Patent Act and various other laws. (Modification of fees charged by the Danish Patent and Trademark Office).,2025-12-19 00:00:00
10528,"Forslag til lov om ændring af erhvervsvirksomhedsloven, aktieavancebeskatningsloven og forskellige andre love. (Ny mulighed for generationsskifte til en medarbejderejevirksomhed og selskabsbeskattede elaktiviteter i andelsselskaber).","Proposal for a law amending the Business Act, the Share Advance Tax Act and various other laws. (New possibility of generational change to a company owned by employees and company-taxed electricity activities in cooperatives).",2025-12-19 00:00:00
10529,"Forslag til lov om ændring af lov om detailsalg fra butikker m.v. (Lempelse af dispensationsadgang til detailsalg ved særlige lejligheder og adgang til detailsalg på helligdage og øvrige lukkedage i visse byer).
",Proposal for a law amending the Law on retail sale from shops etc. (Simplification of exemption access to retail sale on special occasions and access to retail sale on public holidays and other closing days in certain cities).,2025-12-19 00:00:00
10530,"Forslag til lov om ændring af lov om Den Sociale Investeringsfond. (Mulighed for formålsspecifikke kapitalindskud, forvaltning af fondens midler m.v.).",Proposal for a law amending the Social Fund Act.,2025-12-19 00:00:00
10531,"Forslag til lov om ændring af ejendomsskatteloven, ejendomsvurderingsloven og forskellige andre love. (Justeringer af låneordninger, bedre mulighed for ansættelse af foreløbige beskatningsgrundlag, retsvirkninger ved ændring eller ophør af samvurderinger m.v.).","Draft law amending the Property Tax Act, the Property Assessment Act and various other laws.",2025-12-19 00:00:00
10532,Forslag til lov om ændring af lov om spil. (Indførelse af ny indtægtsbegrænset tilladelse til onlinekasino).,Draft law amending the Game Act. (Introduction of new income limited permission for online casino).,2025-12-19 00:00:00
10544,Forslag til lov om ændring af lov om beskyttelsesrum og CER-loven. (Styrkede beføjelser og tilsynsforanstaltninger på beskyttelsesrumsområdet m.v.).,"Proposal for a law amending the Law on shelters and the CER Act. (Enhanced powers and supervision measures in the field of shelters, etc.).",2026-01-22 00:00:00
10545,Forslag til lov om ændring af lov om social service. (Midlertidigt økonomisk tilskud til husleje i 2026 til de mest udsatte borgere).,Proposal for a law amending the Social Services Act. (Temporary financial allowance for rent in 2026 for the most vulnerable citizens).,2026-01-22 00:00:00
10547,"Forslag til lov om ændring af lov om tjenestemænd, lov om tjenestemandspension, lov om pension til statens tjenestemænd m.v. i Grønland og lov om en tjenestemandsret for Grønlands hjemmestyres og kommunernes tjenestemænd i Grønland samt om ophævelse af lov om statens tjenestemænd i Grønland. (Ligestilling af ansættelses- og pensionsvilkår for statens tjenestemænd i Danmark, på Færøerne og i Grønland m.v.).","Proposal for a law amending the law on civil servants, the law on civil servants' pensions, the law on pensions for state officials, etc. in Greenland, and the law on civil servants of Greenland's Home Government and local authorities' civil servants in Greenland and repealing the law on government officials in Greenland (Equal treatment of employment and pension conditions for government officials in Denmark, the Faroe Islands and Greenland, etc.).",2026-01-29 00:00:00
10548,Forslag til lov om ændring af lov om inddrivelse af gæld til det offentlige. (Betinget eftergivelse af gæld til det offentlige m.v.).,Draft law amending the law on the recovery of public debt.,2026-01-29 00:00:00
10550,"Forslag til lov om ændring af lov om social service. (Selvbestemmelsesordning ved valg af tidsbegrænset bostøtte for borgere i hjemløshed, der har haft ophold på herberger m.v.).","Proposal for a law amending the Social Services Act. (Self-determination scheme for the choice of fixed-term housing support for residents of homelessness who have resided in shelters, etc.).",2026-02-05 00:00:00
10551,Forslag til lov om udpegning af retlige repræsentanter for visse tjenesteudbydere til indsamling af elektronisk bevismateriale i straffesager.,Proposal for a law on the appointment of legal representatives of certain service providers for the collection of electronic evidence in criminal proceedings.,2026-02-05 00:00:00
10552,"Forslag til lov om ændring af straffeloven, retsplejeloven, lov om fuldbyrdelse af straf m.v. og forskellige andre love. (Gennemførelse af dele af »Aftale om strafreform og kriminalforsorgens økonomi 2026-2030« m.v.).","Proposal for a law amending the Criminal Code, the Code of Procedure, the Law on the Enforcement of Punishment, etc. and various other laws (Implementation of parts of the Agreement on Punishment Reform and the Economy of Criminal Services 2026-2030, etc.).",2026-02-05 00:00:00
10555,Forslag til lov om den nationale digitale identitetstegnebog.,Draft law on the national digital identity wallet.,2026-02-19 00:00:00
10556,"Forslag til lov om ændring af lov om anvendelse af tvang i psykiatrien m.v. (Øget anvendelse af kropsscannere, metaldetektorer og kropsvisitation, private vagter i psykiatrien m.v.).","Proposal for a law amending the law on the use of coercion in psychiatry, etc. (Increased use of body scanners, metal detectors and body search, private guards in psychiatry, etc.).",2026-02-19 00:00:00
10557,Forslag til lov om ændring af lov om anvendelse af tvang i psykiatrien m.v. (Indførelse af klagefrister til Det Psykiatriske Patientklagenævn).,"Proposal for a law amending the law on the use of coercion in psychiatry, etc. (Introduction of time limits for appeals to the Psychiatric Patient Complaints Board).",2026-02-19 00:00:00
10558,"Forslag til lov om ændring af lov om social pension, lov om højeste, mellemste, forhøjet almindelig og almindelig førtidspension m.v. og forskellige andre love. (Frakendelse af førtidspension på baggrund af alvorlig kriminalitet, skærpelse af karantæneordninger i ydelsessystemet m.v.).","Draft law amending the Social Pensions Act, Law on the highest, middle, increased general and general early retirement pension, etc. and various other laws (Derogation of early retirement pension from serious crime, tightening of quarantine schemes in the benefit system, etc.).",2026-02-19 00:00:00
10559,"Forslag til lov om ændring af lov om arbejdsmiljø og lov om udstationering af lønmodtagere m.v. (Ansattes adgang til oplysninger fra tredjepart om resultater af asbestprøver, fængselsstraf til personer i ledelsen i særlig grove sager, forhøjelse af bøden for udvalgte formelle overtrædelser m.v.).","Proposal for a law amending the Law on the Working Environment and the Law on the posting of employees, etc. (Access to information from third parties on the results of asbestos tests, imprisonment of management staff in particularly serious cases, increase of fines for selected formal infringements, etc.).",2026-02-19 00:00:00
10565,Forslag til lov om ændring af lov om planlægning. (Undtagelse af visse aktiviteter vedrørende rørført transport af CO2 eller lagring af CO2 i undergrunden på land fra krav om landzonetilladelse).,Proposal for a law amending the law on planning. (Exclusion of certain activities relating to piped transport of CO2 or storage of CO2 in the underground on land from land permit requirements).,2026-02-26 00:00:00
10566,Forslag til lov om ændring af lov om sikkerhed ved bestemte idrætsbegivenheder og straffeloven. (Styrket indsats mod fodbolduroligheder m.v.).,"Proposal for a law amending the law on the safety of certain sporting events and the criminal code. (Strengthened action against football riots, etc.).",2026-02-26 00:00:00
10567,"Forslag til lov om ændring af lov om anvendelse af Danmarks undergrund, lov om rørført transport af CO2, lov om miljøbeskyttelse, lov om naturbeskyttelse, lov om miljøvurderinger, lov om vandløb og lov om skove. (Tiltag til fremme af projekter om CO2-fangst, -rørtransport og -lagring).","Proposal for a law amending the law on the use of Denmark's subsoil, law on piped transport of CO2, law on environmental protection, law on nature protection, law on environmental assessments, law on watercourses and law on forests. (Action to promote projects on CO2 capture, pipe transport and storage).",2026-02-26 00:00:00
10571,Forslag til lov om tillægsbevilling for finansåret 2025.,Draft law on additional appropriations for the financial year 2025.,2026-06-25 00:00:00
10581,"Forslag til lov om ændring af lov om almene boliger m.v. og lov om leje af almene boliger m.v. (Ændring af støtteordninger i fonden for blandede byer, forenkling af godkendelsesprocedurer for afhændelse, nedrivning og sammenlægning af almene boliger og mulighed for at overstige maksimumsbeløbet for anskaffelsessummen for almene boliger m.v.).","Proposal for a law amending the law on general housing, etc. and the law on the rental of general housing, etc. (change of aid schemes in the fund for mixed towns, simplification of approval procedures for disposal, demolition and aggregation of general housing and the possibility of exceeding the maximum amount of the purchase price for general housing, etc.).",2026-08-27 00:00:00
10584,Forslag til lov om godtgørelsesordning for kvinder omfattet af antikonceptionssagen (spiralsagen) i Grønland i perioden 1960-1991.,Proposal for a law on compensation for women covered by the anti-conception case (spiral case) in Greenland during the period 1960-91.,2026-08-27 00:00:00
10586,"Forslag til lov om ændring af lov om forbud mod salg af tobak og alkohol til personer under 18 år, lov om tobaksvarer m.v. og lov om elektroniske cigaretter m.v. (Styrket alderskontrol ved salg af tobak, nikotin og alkohol).","Proposal for a law amending the Law prohibiting the sale of tobacco and alcohol to persons under the age of 18, the Law on tobacco products, etc., and the Law on electronic cigarettes, etc. (Strengthened age control in the sale of tobacco, nicotine and alcohol).",2026-08-27 00:00:00
10587,Forslag til lov om ændring af lov om anvendelsen af visse af Den Europæiske Unions retsakter om økonomiske forbindelser til tredjelande m.v. (Pligt til at afskære sanktionerede personer fra at udøve kontrol med danske virksomheder).,"Proposal for a law amending the law on the application of certain acts of the European Union on economic relations with third countries, etc. (duty to prevent sanctioned persons from exercising control over Danish companies).",2026-08-27 00:00:00
10588,Forslag til lov om reparation af varer.,Draft law on the repair of goods.,2026-08-27 00:00:00
