vote_id,member_id,position,country_code,group_code
108532,28161,AGAINST,DNK,GREEN_EFA
108532,37312,FOR,DNK,SD
108532,96709,DID_NOT_VOTE,DNK,RENEW
108532,101585,FOR,DNK,SD
108532,124872,FOR,DNK,RENEW
108532,197515,FOR,DNK,EPP
108532,197555,FOR,DNK,RENEW
108532,197558,FOR,DNK,RENEW
108532,197567,FOR,DNK,RENEW
108532,197570,ABSTENTION,DNK,ID
108532,197571,AGAINST,DNK,GUE_NGL
108532,197573,ABSTENTION,DNK,GREEN_EFA
108532,199941,DID_NOT_VOTE,DNK,SD
108568,28161,FOR,DNK,GREEN_EFA
108568,37312,FOR,DNK,SD
108568,96709,FOR,DNK,RENEW
108568,101585,FOR,DNK,SD
108568,124872,FOR,DNK,RENEW
108568,197515,FOR,DNK,EPP
108568,197555,FOR,DNK,RENEW
108568,197558,FOR,DNK,RENEW
108568,197567,FOR,DNK,RENEW
108568,197570,FOR,DNK,ID
108568,197571,AGAINST,DNK,GUE_NGL
108568,197573,FOR,DNK,GREEN_EFA
108568,199941,FOR,DNK,SD
108660,28161,FOR,DNK,GREEN_EFA
108660,37312,FOR,DNK,SD
108660,96709,FOR,DNK,RENEW
108660,101585,FOR,DNK,SD
108660,124872,FOR,DNK,RENEW
108660,197515,FOR,DNK,EPP
108660,197555,FOR,DNK,RENEW
108660,197558,FOR,DNK,RENEW
108660,197567,FOR,DNK,RENEW
108660,197570,AGAINST,DNK,ID
108660,197571,FOR,DNK,GUE_NGL
108660,197573,FOR,DNK,GREEN_EFA
108660,199941,FOR,DNK,SD
108749,28161,FOR,DNK,GREEN_EFA
108749,37312,FOR,DNK,SD
108749,96709,FOR,DNK,RENEW
108749,101585,FOR,DNK,SD
108749,124872,FOR,DNK,RENEW
108749,197515,FOR,DNK,EPP
108749,197555,FOR,DNK,RENEW
108749,197558,FOR,DNK,RENEW
108749,197567,FOR,DNK,RENEW
108749,197570,FOR,DNK,ID
108749,197571,FOR,DNK,GUE_NGL
108749,197573,FOR,DNK,GREEN_EFA
108749,199941,FOR,DNK,SD
108763,28161,FOR,DNK,GREEN_EFA
108763,37312,FOR,DNK,SD
108763,96709,FOR,DNK,RENEW
108763,101585,FOR,DNK,SD
108763,124872,FOR,DNK,RENEW
108763,197515,FOR,DNK,EPP
108763,197555,FOR,DNK,RENEW
108763,197558,FOR,DNK,RENEW
108763,197567,FOR,DNK,RENEW
108763,197570,FOR,DNK,ID
108763,197571,FOR,DNK,GUE_NGL
108763,197573,FOR,DNK,GREEN_EFA
108763,199941,FOR,DNK,SD
108774,28161,ABSTENTION,DNK,GREEN_EFA
108774,37312,FOR,DNK,SD
108774,96709,FOR,DNK,RENEW
108774,101585,FOR,DNK,SD
108774,124872,FOR,DNK,RENEW
108774,197515,FOR,DNK,EPP
108774,197555,FOR,DNK,RENEW
108774,197558,FOR,DNK,RENEW
108774,197567,FOR,DNK,RENEW
108774,197570,FOR,DNK,ID
108774,197571,AGAINST,DNK,GUE_NGL
108774,197573,FOR,DNK,GREEN_EFA
108774,199941,FOR,DNK,SD
108806,28161,FOR,DNK,GREEN_EFA
108806,37312,FOR,DNK,SD
108806,96709,FOR,DNK,RENEW
108806,101585,FOR,DNK,SD
108806,124872,FOR,DNK,RENEW
108806,197515,FOR,DNK,EPP
108806,197555,FOR,DNK,RENEW
108806,197558,DID_NOT_VOTE,DNK,RENEW
108806,197567,FOR,DNK,RENEW
108806,197570,AGAINST,DNK,ID
108806,197571,FOR,DNK,GUE_NGL
108806,197573,FOR,DNK,GREEN_EFA
108806,199941,FOR,DNK,SD
108807,28161,AGAINST,DNK,GREEN_EFA
108807,37312,AGAINST,DNK,SD
108807,96709,AGAINST,DNK,RENEW
108807,101585,FOR,DNK,SD
108807,124872,AGAINST,DNK,RENEW
108807,197515,AGAINST,DNK,EPP
108807,197555,AGAINST,DNK,RENEW
108807,197558,DID_NOT_VOTE,DNK,RENEW
108807,197567,AGAINST,DNK,RENEW
108807,197570,AGAINST,DNK,ID
108807,197571,AGAINST,DNK,GUE_NGL
108807,197573,AGAINST,DNK,GREEN_EFA
108807,199941,AGAINST,DNK,SD
108830,28161,FOR,DNK,GREEN_EFA
108830,37312,FOR,DNK,SD
108830,96709,FOR,DNK,RENEW
108830,101585,FOR,DNK,SD
108830,124872,FOR,DNK,RENEW
108830,197515,FOR,DNK,EPP
108830,197555,FOR,DNK,RENEW
108830,197558,DID_NOT_VOTE,DNK,RENEW
108830,197567,FOR,DNK,RENEW
108830,197570,ABSTENTION,DNK,ID
108830,197571,ABSTENTION,DNK,GUE_NGL
108830,197573,FOR,DNK,GREEN_EFA
108830,199941,FOR,DNK,SD
108838,28161,FOR,DNK,GREEN_EFA
108838,37312,ABSTENTION,DNK,SD
108838,96709,AGAINST,DNK,RENEW
108838,101585,ABSTENTION,DNK,SD
108838,124872,FOR,DNK,RENEW
108838,197515,AGAINST,DNK,EPP
108838,197555,DID_NOT_VOTE,DNK,RENEW
108838,197558,DID_NOT_VOTE,DNK,RENEW
108838,197567,FOR,DNK,RENEW
108838,197570,AGAINST,DNK,ID
108838,197571,AGAINST,DNK,GUE_NGL
108838,197573,FOR,DNK,GREEN_EFA
108838,199941,ABSTENTION,DNK,SD
108840,28161,FOR,DNK,GREEN_EFA
108840,37312,FOR,DNK,SD
108840,96709,AGAINST,DNK,RENEW
108840,101585,FOR,DNK,SD
108840,124872,FOR,DNK,RENEW
108840,197515,AGAINST,DNK,EPP
108840,197555,AGAINST,DNK,RENEW
108840,197558,DID_NOT_VOTE,DNK,RENEW
108840,197567,FOR,DNK,RENEW
108840,197570,AGAINST,DNK,ID
108840,197571,FOR,DNK,GUE_NGL
108840,197573,FOR,DNK,GREEN_EFA
108840,199941,FOR,DNK,SD
108842,28161,FOR,DNK,GREEN_EFA
108842,37312,FOR,DNK,SD
108842,96709,AGAINST,DNK,RENEW
108842,101585,FOR,DNK,SD
108842,124872,FOR,DNK,RENEW
108842,197515,AGAINST,DNK,EPP
108842,197555,AGAINST,DNK,RENEW
108842,197558,DID_NOT_VOTE,DNK,RENEW
108842,197567,FOR,DNK,RENEW
108842,197570,AGAINST,DNK,ID
108842,197571,FOR,DNK,GUE_NGL
108842,197573,FOR,DNK,GREEN_EFA
108842,199941,FOR,DNK,SD
108844,28161,FOR,DNK,GREEN_EFA
108844,37312,FOR,DNK,SD
108844,96709,AGAINST,DNK,RENEW
108844,101585,FOR,DNK,SD
108844,124872,AGAINST,DNK,RENEW
108844,197515,AGAINST,DNK,EPP
108844,197555,AGAINST,DNK,RENEW
108844,197558,DID_NOT_VOTE,DNK,RENEW
108844,197567,AGAINST,DNK,RENEW
108844,197570,AGAINST,DNK,ID
108844,197571,FOR,DNK,GUE_NGL
108844,197573,FOR,DNK,GREEN_EFA
108844,199941,FOR,DNK,SD
108846,28161,FOR,DNK,GREEN_EFA
108846,37312,FOR,DNK,SD
108846,96709,AGAINST,DNK,RENEW
108846,101585,FOR,DNK,SD
108846,124872,AGAINST,DNK,RENEW
108846,197515,AGAINST,DNK,EPP
108846,197555,AGAINST,DNK,RENEW
108846,197558,DID_NOT_VOTE,DNK,RENEW
108846,197567,AGAINST,DNK,RENEW
108846,197570,AGAINST,DNK,ID
108846,197571,FOR,DNK,GUE_NGL
108846,197573,FOR,DNK,GREEN_EFA
108846,199941,FOR,DNK,SD
108848,28161,FOR,DNK,GREEN_EFA
108848,37312,FOR,DNK,SD
108848,96709,AGAINST,DNK,RENEW
108848,101585,FOR,DNK,SD
108848,124872,AGAINST,DNK,RENEW
108848,197515,AGAINST,DNK,EPP
108848,197555,AGAINST,DNK,RENEW
108848,197558,DID_NOT_VOTE,DNK,RENEW
108848,197567,AGAINST,DNK,RENEW
108848,197570,AGAINST,DNK,ID
108848,197571,FOR,DNK,GUE_NGL
108848,197573,FOR,DNK,GREEN_EFA
108848,199941,FOR,DNK,SD
108873,28161,FOR,DNK,GREEN_EFA
108873,37312,ABSTENTION,DNK,SD
108873,96709,AGAINST,DNK,RENEW
108873,101585,ABSTENTION,DNK,SD
108873,124872,FOR,DNK,RENEW
108873,197515,AGAINST,DNK,EPP
108873,197555,AGAINST,DNK,RENEW
108873,197558,DID_NOT_VOTE,DNK,RENEW
108873,197567,FOR,DNK,RENEW
108873,197570,AGAINST,DNK,ID
108873,197571,AGAINST,DNK,GUE_NGL
108873,197573,FOR,DNK,GREEN_EFA
108873,199941,ABSTENTION,DNK,SD
108948,28161,FOR,DNK,GREEN_EFA
108948,37312,FOR,DNK,SD
108948,96709,FOR,DNK,RENEW
108948,101585,FOR,DNK,SD
108948,124872,FOR,DNK,RENEW
108948,197515,FOR,DNK,EPP
108948,197555,FOR,DNK,RENEW
108948,197558,DID_NOT_VOTE,DNK,RENEW
108948,197567,FOR,DNK,RENEW
108948,197570,FOR,DNK,ID
108948,197571,FOR,DNK,GUE_NGL
108948,197573,FOR,DNK,GREEN_EFA
108948,199941,FOR,DNK,SD
108952,28161,FOR,DNK,GREEN_EFA
108952,37312,FOR,DNK,SD
108952,96709,FOR,DNK,RENEW
108952,101585,FOR,DNK,SD
108952,124872,FOR,DNK,RENEW
108952,197515,FOR,DNK,EPP
108952,197555,FOR,DNK,RENEW
108952,197558,FOR,DNK,RENEW
108952,197567,FOR,DNK,RENEW
108952,197570,FOR,DNK,ID
108952,197571,FOR,DNK,GUE_NGL
108952,197573,FOR,DNK,GREEN_EFA
108952,199941,FOR,DNK,SD
109037,28161,FOR,DNK,GREEN_EFA
109037,37312,ABSTENTION,DNK,SD
109037,96709,FOR,DNK,RENEW
109037,101585,ABSTENTION,DNK,SD
109037,124872,FOR,DNK,RENEW
109037,197515,FOR,DNK,EPP
109037,197555,FOR,DNK,RENEW
109037,197558,FOR,DNK,RENEW
109037,197567,FOR,DNK,RENEW
109037,197570,AGAINST,DNK,ID
109037,197571,AGAINST,DNK,GUE_NGL
109037,197573,FOR,DNK,GREEN_EFA
109037,199941,ABSTENTION,DNK,SD
109166,28161,FOR,DNK,GREEN_EFA
109166,37312,FOR,DNK,SD
109166,96709,AGAINST,DNK,RENEW
109166,101585,FOR,DNK,SD
109166,124872,FOR,DNK,RENEW
109166,197515,FOR,DNK,EPP
109166,197555,AGAINST,DNK,RENEW
109166,197558,AGAINST,DNK,RENEW
109166,197567,FOR,DNK,RENEW
109166,197570,AGAINST,DNK,ID
109166,197571,FOR,DNK,GUE_NGL
109166,197573,FOR,DNK,GREEN_EFA
109166,199941,FOR,DNK,SD
109582,28161,FOR,DNK,GREEN_EFA
109582,37312,FOR,DNK,SD
109582,96709,DID_NOT_VOTE,DNK,RENEW
109582,101585,FOR,DNK,SD
109582,124872,DID_NOT_VOTE,DNK,RENEW
109582,197515,FOR,DNK,EPP
109582,197555,FOR,DNK,RENEW
109582,197558,DID_NOT_VOTE,DNK,RENEW
109582,197567,FOR,DNK,RENEW
109582,197570,FOR,DNK,ID
109582,197571,FOR,DNK,GUE_NGL
109582,197573,FOR,DNK,GREEN_EFA
109582,199941,FOR,DNK,SD
109583,28161,FOR,DNK,GREEN_EFA
109583,37312,FOR,DNK,SD
109583,96709,DID_NOT_VOTE,DNK,RENEW
109583,101585,FOR,DNK,SD
109583,124872,DID_NOT_VOTE,DNK,RENEW
109583,197515,AGAINST,DNK,EPP
109583,197555,AGAINST,DNK,RENEW
109583,197558,AGAINST,DNK,RENEW
109583,197567,FOR,DNK,RENEW
109583,197570,AGAINST,DNK,ID
109583,197571,FOR,DNK,GUE_NGL
109583,197573,FOR,DNK,GREEN_EFA
109583,199941,FOR,DNK,SD
109686,28161,FOR,DNK,GREEN_EFA
109686,37312,ABSTENTION,DNK,SD
109686,96709,DID_NOT_VOTE,DNK,RENEW
109686,101585,ABSTENTION,DNK,SD
109686,124872,DID_NOT_VOTE,DNK,RENEW
109686,197515,AGAINST,DNK,EPP
109686,197555,ABSTENTION,DNK,RENEW
109686,197558,ABSTENTION,DNK,RENEW
109686,197567,FOR,DNK,RENEW
109686,197570,AGAINST,DNK,ID
109686,197571,FOR,DNK,GUE_NGL
109686,197573,FOR,DNK,GREEN_EFA
109686,199941,ABSTENTION,DNK,SD
109707,28161,FOR,DNK,GREEN_EFA
109707,37312,FOR,DNK,SD
109707,96709,DID_NOT_VOTE,DNK,RENEW
109707,101585,FOR,DNK,SD
109707,124872,DID_NOT_VOTE,DNK,RENEW
109707,197515,FOR,DNK,EPP
109707,197555,FOR,DNK,RENEW
109707,197558,FOR,DNK,RENEW
109707,197567,FOR,DNK,RENEW
109707,197570,ABSTENTION,DNK,ID
109707,197571,FOR,DNK,GUE_NGL
109707,197573,FOR,DNK,GREEN_EFA
109707,199941,FOR,DNK,SD
109744,28161,FOR,DNK,GREEN_EFA
109744,37312,ABSTENTION,DNK,SD
109744,96709,DID_NOT_VOTE,DNK,RENEW
109744,101585,ABSTENTION,DNK,SD
109744,124872,DID_NOT_VOTE,DNK,RENEW
109744,197515,FOR,DNK,EPP
109744,197555,FOR,DNK,RENEW
109744,197558,FOR,DNK,RENEW
109744,197567,FOR,DNK,RENEW
109744,197570,AGAINST,DNK,ID
109744,197571,ABSTENTION,DNK,GUE_NGL
109744,197573,FOR,DNK,GREEN_EFA
109744,199941,ABSTENTION,DNK,SD
109795,28161,FOR,DNK,GREEN_EFA
109795,37312,ABSTENTION,DNK,SD
109795,96709,AGAINST,DNK,RENEW
109795,101585,ABSTENTION,DNK,SD
109795,124872,AGAINST,DNK,RENEW
109795,197515,FOR,DNK,EPP
109795,197555,AGAINST,DNK,RENEW
109795,197558,AGAINST,DNK,RENEW
109795,197567,AGAINST,DNK,RENEW
109795,197570,AGAINST,DNK,ID
109795,197571,FOR,DNK,GUE_NGL
109795,197573,FOR,DNK,GREEN_EFA
109795,199941,ABSTENTION,DNK,SD
109842,28161,FOR,DNK,GREEN_EFA
109842,37312,FOR,DNK,SD
109842,96709,AGAINST,DNK,RENEW
109842,101585,FOR,DNK,SD
109842,124872,AGAINST,DNK,RENEW
109842,197515,AGAINST,DNK,EPP
109842,197555,AGAINST,DNK,RENEW
109842,197558,AGAINST,DNK,RENEW
109842,197567,FOR,DNK,RENEW
109842,197570,AGAINST,DNK,ID
109842,197571,FOR,DNK,GUE_NGL
109842,197573,FOR,DNK,GREEN_EFA
109842,199941,FOR,DNK,SD
109843,28161,FOR,DNK,GREEN_EFA
109843,37312,FOR,DNK,SD
109843,96709,AGAINST,DNK,RENEW
109843,101585,FOR,DNK,SD
109843,124872,AGAINST,DNK,RENEW
109843,197515,AGAINST,DNK,EPP
109843,197555,AGAINST,DNK,RENEW
109843,197558,AGAINST,DNK,RENEW
109843,197567,FOR,DNK,RENEW
109843,197570,AGAINST,DNK,ID
109843,197571,FOR,DNK,GUE_NGL
109843,197573,FOR,DNK,GREEN_EFA
109843,199941,FOR,DNK,SD
109844,28161,FOR,DNK,GREEN_EFA
109844,37312,FOR,DNK,SD
109844,96709,AGAINST,DNK,RENEW
109844,101585,FOR,DNK,SD
109844,124872,AGAINST,DNK,RENEW
109844,197515,AGAINST,DNK,EPP
109844,197555,AGAINST,DNK,RENEW
109844,197558,AGAINST,DNK,RENEW
109844,197567,FOR,DNK,RENEW
109844,197570,AGAINST,DNK,ID
109844,197571,FOR,DNK,GUE_NGL
109844,197573,FOR,DNK,GREEN_EFA
109844,199941,FOR,DNK,SD
109845,28161,FOR,DNK,GREEN_EFA
109845,37312,FOR,DNK,SD
109845,96709,AGAINST,DNK,RENEW
109845,101585,FOR,DNK,SD
109845,124872,AGAINST,DNK,RENEW
109845,197515,AGAINST,DNK,EPP
109845,197555,AGAINST,DNK,RENEW
109845,197558,AGAINST,DNK,RENEW
109845,197567,FOR,DNK,RENEW
109845,197570,AGAINST,DNK,ID
109845,197571,FOR,DNK,GUE_NGL
109845,197573,FOR,DNK,GREEN_EFA
109845,199941,FOR,DNK,SD
109895,28161,FOR,DNK,GREEN_EFA
109895,37312,FOR,DNK,SD
109895,96709,FOR,DNK,RENEW
109895,101585,FOR,DNK,SD
109895,124872,FOR,DNK,RENEW
109895,197515,FOR,DNK,EPP
109895,197555,FOR,DNK,RENEW
109895,197558,FOR,DNK,RENEW
109895,197567,FOR,DNK,RENEW
109895,197570,ABSTENTION,DNK,ID
109895,197571,FOR,DNK,GUE_NGL
109895,197573,FOR,DNK,GREEN_EFA
109895,199941,FOR,DNK,SD
110141,28161,AGAINST,DNK,GREEN_EFA
110141,37312,AGAINST,DNK,SD
110141,96709,AGAINST,DNK,RENEW
110141,101585,AGAINST,DNK,SD
110141,124872,AGAINST,DNK,RENEW
110141,197515,AGAINST,DNK,EPP
110141,197555,ABSTENTION,DNK,RENEW
110141,197558,ABSTENTION,DNK,RENEW
110141,197567,AGAINST,DNK,RENEW
110141,197570,ABSTENTION,DNK,ID
110141,197571,AGAINST,DNK,GUE_NGL
110141,197573,AGAINST,DNK,GREEN_EFA
110141,199941,DID_NOT_VOTE,DNK,SD
110142,28161,AGAINST,DNK,GREEN_EFA
110142,37312,AGAINST,DNK,SD
110142,96709,ABSTENTION,DNK,RENEW
110142,101585,AGAINST,DNK,SD
110142,124872,AGAINST,DNK,RENEW
110142,197515,AGAINST,DNK,EPP
110142,197555,AGAINST,DNK,RENEW
110142,197558,FOR,DNK,RENEW
110142,197567,AGAINST,DNK,RENEW
110142,197570,AGAINST,DNK,ID
110142,197571,AGAINST,DNK,GUE_NGL
110142,197573,AGAINST,DNK,GREEN_EFA
110142,199941,AGAINST,DNK,SD
110213,28161,FOR,DNK,GREEN_EFA
110213,37312,FOR,DNK,SD
110213,96709,ABSTENTION,DNK,RENEW
110213,101585,FOR,DNK,SD
110213,124872,FOR,DNK,RENEW
110213,197515,DID_NOT_VOTE,DNK,EPP
110213,197555,ABSTENTION,DNK,RENEW
110213,197558,ABSTENTION,DNK,RENEW
110213,197567,FOR,DNK,RENEW
110213,197570,AGAINST,DNK,ID
110213,197571,FOR,DNK,GUE_NGL
110213,197573,DID_NOT_VOTE,DNK,GREEN_EFA
110213,199941,FOR,DNK,SD
110249,28161,DID_NOT_VOTE,DNK,GREEN_EFA
110249,37312,FOR,DNK,SD
110249,96709,FOR,DNK,RENEW
110249,101585,FOR,DNK,SD
110249,124872,FOR,DNK,RENEW
110249,197515,FOR,DNK,EPP
110249,197555,FOR,DNK,RENEW
110249,197558,FOR,DNK,RENEW
110249,197567,DID_NOT_VOTE,DNK,RENEW
110249,197570,FOR,DNK,ID
110249,197571,AGAINST,DNK,GUE_NGL
110249,197573,AGAINST,DNK,GREEN_EFA
110249,199941,FOR,DNK,SD
110480,28161,DID_NOT_VOTE,DNK,GREEN_EFA
110480,37312,FOR,DNK,SD
110480,96709,FOR,DNK,RENEW
110480,101585,FOR,DNK,SD
110480,124872,FOR,DNK,RENEW
110480,197515,FOR,DNK,EPP
110480,197555,FOR,DNK,RENEW
110480,197558,FOR,DNK,RENEW
110480,197567,DID_NOT_VOTE,DNK,RENEW
110480,197570,FOR,DNK,ID
110480,197571,FOR,DNK,GUE_NGL
110480,197573,FOR,DNK,GREEN_EFA
110480,199941,FOR,DNK,SD
110573,28161,DID_NOT_VOTE,DNK,GREEN_EFA
110573,37312,FOR,DNK,SD
110573,96709,FOR,DNK,RENEW
110573,101585,FOR,DNK,SD
110573,124872,FOR,DNK,RENEW
110573,197515,FOR,DNK,EPP
110573,197555,FOR,DNK,RENEW
110573,197558,FOR,DNK,RENEW
110573,197567,DID_NOT_VOTE,DNK,RENEW
110573,197570,ABSTENTION,DNK,ID
110573,197571,AGAINST,DNK,GUE_NGL
110573,197573,AGAINST,DNK,GREEN_EFA
110573,199941,FOR,DNK,SD
110576,28161,DID_NOT_VOTE,DNK,GREEN_EFA
110576,37312,FOR,DNK,SD
110576,96709,FOR,DNK,RENEW
110576,101585,FOR,DNK,SD
110576,124872,FOR,DNK,RENEW
110576,197515,FOR,DNK,EPP
110576,197555,FOR,DNK,RENEW
110576,197558,FOR,DNK,RENEW
110576,197567,DID_NOT_VOTE,DNK,RENEW
110576,197570,FOR,DNK,ID
110576,197571,FOR,DNK,GUE_NGL
110576,197573,FOR,DNK,GREEN_EFA
110576,199941,FOR,DNK,SD
110578,28161,DID_NOT_VOTE,DNK,GREEN_EFA
110578,37312,FOR,DNK,SD
110578,96709,FOR,DNK,RENEW
110578,101585,FOR,DNK,SD
110578,124872,FOR,DNK,RENEW
110578,197515,FOR,DNK,EPP
110578,197555,FOR,DNK,RENEW
110578,197558,FOR,DNK,RENEW
110578,197567,DID_NOT_VOTE,DNK,RENEW
110578,197570,ABSTENTION,DNK,ID
110578,197571,AGAINST,DNK,GUE_NGL
110578,197573,FOR,DNK,GREEN_EFA
110578,199941,FOR,DNK,SD
110579,28161,DID_NOT_VOTE,DNK,GREEN_EFA
110579,37312,AGAINST,DNK,SD
110579,96709,AGAINST,DNK,RENEW
110579,101585,AGAINST,DNK,SD
110579,124872,AGAINST,DNK,RENEW
110579,197515,AGAINST,DNK,EPP
110579,197555,AGAINST,DNK,RENEW
110579,197558,AGAINST,DNK,RENEW
110579,197567,DID_NOT_VOTE,DNK,RENEW
110579,197570,FOR,DNK,ID
110579,197571,AGAINST,DNK,GUE_NGL
110579,197573,AGAINST,DNK,GREEN_EFA
110579,199941,AGAINST,DNK,SD
110586,28161,DID_NOT_VOTE,DNK,GREEN_EFA
110586,37312,FOR,DNK,SD
110586,96709,FOR,DNK,RENEW
110586,101585,FOR,DNK,SD
110586,124872,FOR,DNK,RENEW
110586,197515,FOR,DNK,EPP
110586,197555,FOR,DNK,RENEW
110586,197558,FOR,DNK,RENEW
110586,197567,DID_NOT_VOTE,DNK,RENEW
110586,197570,ABSTENTION,DNK,ID
110586,197571,FOR,DNK,GUE_NGL
110586,197573,FOR,DNK,GREEN_EFA
110586,199941,FOR,DNK,SD
110615,28161,DID_NOT_VOTE,DNK,GREEN_EFA
110615,37312,FOR,DNK,SD
110615,96709,AGAINST,DNK,RENEW
110615,101585,FOR,DNK,SD
110615,124872,FOR,DNK,RENEW
110615,197515,AGAINST,DNK,EPP
110615,197555,FOR,DNK,RENEW
110615,197558,AGAINST,DNK,RENEW
110615,197567,DID_NOT_VOTE,DNK,RENEW
110615,197570,FOR,DNK,ID
110615,197571,FOR,DNK,GUE_NGL
110615,197573,FOR,DNK,GREEN_EFA
110615,199941,FOR,DNK,SD
110620,28161,DID_NOT_VOTE,DNK,GREEN_EFA
110620,37312,AGAINST,DNK,SD
110620,96709,FOR,DNK,RENEW
110620,101585,AGAINST,DNK,SD
110620,124872,FOR,DNK,RENEW
110620,197515,FOR,DNK,EPP
110620,197555,FOR,DNK,RENEW
110620,197558,FOR,DNK,RENEW
110620,197567,DID_NOT_VOTE,DNK,RENEW
110620,197570,ABSTENTION,DNK,ID
110620,197571,AGAINST,DNK,GUE_NGL
110620,197573,FOR,DNK,GREEN_EFA
110620,199941,AGAINST,DNK,SD
110761,28161,FOR,DNK,GREEN_EFA
110761,37312,FOR,DNK,SD
110761,96709,AGAINST,DNK,RENEW
110761,101585,FOR,DNK,SD
110761,124872,FOR,DNK,RENEW
110761,197515,FOR,DNK,EPP
110761,197555,AGAINST,DNK,RENEW
110761,197558,AGAINST,DNK,RENEW
110761,197567,FOR,DNK,RENEW
110761,197570,AGAINST,DNK,ID
110761,197571,FOR,DNK,GUE_NGL
110761,197573,FOR,DNK,GREEN_EFA
110761,199941,FOR,DNK,SD
110879,28161,FOR,DNK,GREEN_EFA
110879,37312,FOR,DNK,SD
110879,96709,FOR,DNK,RENEW
110879,101585,FOR,DNK,SD
110879,124872,FOR,DNK,RENEW
110879,197515,FOR,DNK,EPP
110879,197555,FOR,DNK,RENEW
110879,197558,FOR,DNK,RENEW
110879,197567,FOR,DNK,RENEW
110879,197570,ABSTENTION,DNK,ID
110879,197571,FOR,DNK,GUE_NGL
110879,197573,FOR,DNK,GREEN_EFA
110879,199941,FOR,DNK,SD
110963,28161,FOR,DNK,GREEN_EFA
110963,37312,FOR,DNK,SD
110963,96709,AGAINST,DNK,RENEW
110963,101585,FOR,DNK,SD
110963,124872,FOR,DNK,RENEW
110963,197515,FOR,DNK,EPP
110963,197555,AGAINST,DNK,RENEW
110963,197558,AGAINST,DNK,RENEW
110963,197567,FOR,DNK,RENEW
110963,197570,FOR,DNK,ID
110963,197571,ABSTENTION,DNK,GUE_NGL
110963,197573,FOR,DNK,GREEN_EFA
110963,199941,FOR,DNK,SD
110970,28161,FOR,DNK,GREEN_EFA
110970,37312,FOR,DNK,SD
110970,96709,FOR,DNK,RENEW
110970,101585,FOR,DNK,SD
110970,124872,FOR,DNK,RENEW
110970,197515,FOR,DNK,EPP
110970,197555,FOR,DNK,RENEW
110970,197558,FOR,DNK,RENEW
110970,197567,FOR,DNK,RENEW
110970,197570,ABSTENTION,DNK,ID
110970,197571,FOR,DNK,GUE_NGL
110970,197573,FOR,DNK,GREEN_EFA
110970,199941,FOR,DNK,SD
111069,28161,ABSTENTION,DNK,GREEN_EFA
111069,37312,FOR,DNK,SD
111069,96709,FOR,DNK,RENEW
111069,101585,FOR,DNK,SD
111069,124872,FOR,DNK,RENEW
111069,197515,FOR,DNK,EPP
111069,197555,FOR,DNK,RENEW
111069,197558,DID_NOT_VOTE,DNK,RENEW
111069,197567,FOR,DNK,RENEW
111069,197570,FOR,DNK,ID
111069,197571,ABSTENTION,DNK,GUE_NGL
111069,197573,ABSTENTION,DNK,GREEN_EFA
111069,199941,FOR,DNK,SD
111073,28161,FOR,DNK,GREEN_EFA
111073,37312,FOR,DNK,SD
111073,96709,FOR,DNK,RENEW
111073,101585,FOR,DNK,SD
111073,124872,FOR,DNK,RENEW
111073,197515,FOR,DNK,EPP
111073,197555,FOR,DNK,RENEW
111073,197558,DID_NOT_VOTE,DNK,RENEW
111073,197567,FOR,DNK,RENEW
111073,197570,FOR,DNK,ID
111073,197571,FOR,DNK,GUE_NGL
111073,197573,FOR,DNK,GREEN_EFA
111073,199941,FOR,DNK,SD
111134,28161,FOR,DNK,GREEN_EFA
111134,37312,FOR,DNK,SD
111134,96709,FOR,DNK,RENEW
111134,101585,FOR,DNK,SD
111134,124872,FOR,DNK,RENEW
111134,197515,FOR,DNK,EPP
111134,197555,FOR,DNK,RENEW
111134,197558,FOR,DNK,RENEW
111134,197567,FOR,DNK,RENEW
111134,197570,AGAINST,DNK,ID
111134,197571,AGAINST,DNK,GUE_NGL
111134,197573,FOR,DNK,GREEN_EFA
111134,199941,FOR,DNK,SD
111153,28161,FOR,DNK,GREEN_EFA
111153,37312,FOR,DNK,SD
111153,96709,FOR,DNK,RENEW
111153,101585,FOR,DNK,SD
111153,124872,FOR,DNK,RENEW
111153,197515,FOR,DNK,EPP
111153,197555,FOR,DNK,RENEW
111153,197558,FOR,DNK,RENEW
111153,197567,FOR,DNK,RENEW
111153,197570,AGAINST,DNK,ID
111153,197571,FOR,DNK,GUE_NGL
111153,197573,FOR,DNK,GREEN_EFA
111153,199941,FOR,DNK,SD
111166,28161,DID_NOT_VOTE,DNK,GREEN_EFA
111166,37312,FOR,DNK,SD
111166,96709,FOR,DNK,RENEW
111166,101585,FOR,DNK,SD
111166,124872,FOR,DNK,RENEW
111166,197515,DID_NOT_VOTE,DNK,EPP
111166,197555,FOR,DNK,RENEW
111166,197558,FOR,DNK,RENEW
111166,197567,FOR,DNK,RENEW
111166,197570,FOR,DNK,ID
111166,197571,FOR,DNK,GUE_NGL
111166,197573,FOR,DNK,GREEN_EFA
111166,199941,FOR,DNK,SD
111206,28161,AGAINST,DNK,GREEN_EFA
111206,37312,ABSTENTION,DNK,SD
111206,96709,FOR,DNK,RENEW
111206,101585,ABSTENTION,DNK,SD
111206,124872,FOR,DNK,RENEW
111206,197515,FOR,DNK,EPP
111206,197555,FOR,DNK,RENEW
111206,197558,FOR,DNK,RENEW
111206,197567,FOR,DNK,RENEW
111206,197570,AGAINST,DNK,ID
111206,197571,AGAINST,DNK,GUE_NGL
111206,197573,AGAINST,DNK,GREEN_EFA
111206,199941,ABSTENTION,DNK,SD
111546,28161,FOR,DNK,GREEN_EFA
111546,37312,FOR,DNK,SD
111546,96709,FOR,DNK,RENEW
111546,101585,FOR,DNK,SD
111546,124872,FOR,DNK,RENEW
111546,197515,FOR,DNK,EPP
111546,197555,FOR,DNK,RENEW
111546,197558,FOR,DNK,RENEW
111546,197567,FOR,DNK,RENEW
111546,197570,AGAINST,DNK,ID
111546,197571,FOR,DNK,GUE_NGL
111546,197573,FOR,DNK,GREEN_EFA
111546,199941,FOR,DNK,SD
111599,28161,FOR,DNK,GREEN_EFA
111599,37312,ABSTENTION,DNK,SD
111599,96709,ABSTENTION,DNK,RENEW
111599,101585,ABSTENTION,DNK,SD
111599,124872,FOR,DNK,RENEW
111599,197515,FOR,DNK,EPP
111599,197555,ABSTENTION,DNK,RENEW
111599,197558,ABSTENTION,DNK,RENEW
111599,197567,FOR,DNK,RENEW
111599,197570,AGAINST,DNK,ID
111599,197571,FOR,DNK,GUE_NGL
111599,197573,FOR,DNK,GREEN_EFA
111599,199941,ABSTENTION,DNK,SD
111720,28161,DID_NOT_VOTE,DNK,GREEN_EFA
111720,37312,FOR,DNK,SD
111720,96709,FOR,DNK,RENEW
111720,101585,FOR,DNK,SD
111720,124872,FOR,DNK,RENEW
111720,197515,FOR,DNK,EPP
111720,197555,FOR,DNK,RENEW
111720,197558,FOR,DNK,RENEW
111720,197567,FOR,DNK,RENEW
111720,197570,AGAINST,DNK,ID
111720,197571,FOR,DNK,GUE_NGL
111720,197573,FOR,DNK,GREEN_EFA
111720,199941,FOR,DNK,SD
111994,28161,FOR,DNK,GREEN_EFA
111994,37312,FOR,DNK,SD
111994,96709,FOR,DNK,RENEW
111994,101585,FOR,DNK,SD
111994,124872,FOR,DNK,RENEW
111994,197515,FOR,DNK,EPP
111994,197555,FOR,DNK,RENEW
111994,197558,FOR,DNK,RENEW
111994,197567,FOR,DNK,RENEW
111994,197570,FOR,DNK,ID
111994,197571,FOR,DNK,GUE_NGL
111994,197573,FOR,DNK,GREEN_EFA
111994,199941,FOR,DNK,SD
112048,28161,DID_NOT_VOTE,DNK,GREEN_EFA
112048,37312,FOR,DNK,SD
112048,96709,FOR,DNK,RENEW
112048,101585,FOR,DNK,SD
112048,124872,FOR,DNK,RENEW
112048,197515,FOR,DNK,EPP
112048,197555,FOR,DNK,RENEW
112048,197558,FOR,DNK,RENEW
112048,197567,FOR,DNK,RENEW
112048,197570,ABSTENTION,DNK,ID
112048,197571,ABSTENTION,DNK,GUE_NGL
112048,197573,AGAINST,DNK,GREEN_EFA
112048,199941,FOR,DNK,SD
112108,28161,FOR,DNK,GREEN_EFA
112108,37312,FOR,DNK,SD
112108,96709,FOR,DNK,RENEW
112108,101585,FOR,DNK,SD
112108,124872,FOR,DNK,RENEW
112108,197515,FOR,DNK,EPP
112108,197555,FOR,DNK,RENEW
112108,197558,FOR,DNK,RENEW
112108,197567,FOR,DNK,RENEW
112108,197570,AGAINST,DNK,ID
112108,197571,FOR,DNK,GUE_NGL
112108,197573,DID_NOT_VOTE,DNK,GREEN_EFA
112108,199941,FOR,DNK,SD
112117,28161,AGAINST,DNK,GREEN_EFA
112117,37312,AGAINST,DNK,SD
112117,96709,AGAINST,DNK,RENEW
112117,101585,AGAINST,DNK,SD
112117,124872,AGAINST,DNK,RENEW
112117,197515,AGAINST,DNK,EPP
112117,197555,AGAINST,DNK,RENEW
112117,197558,AGAINST,DNK,RENEW
112117,197567,AGAINST,DNK,RENEW
112117,197570,AGAINST,DNK,ID
112117,197571,AGAINST,DNK,GUE_NGL
112117,197573,DID_NOT_VOTE,DNK,GREEN_EFA
112117,199941,ABSTENTION,DNK,SD
112160,28161,FOR,DNK,GREEN_EFA
112160,37312,FOR,DNK,SD
112160,96709,ABSTENTION,DNK,RENEW
112160,101585,FOR,DNK,SD
112160,124872,ABSTENTION,DNK,RENEW
112160,197515,FOR,DNK,EPP
112160,197555,ABSTENTION,DNK,RENEW
112160,197558,AGAINST,DNK,RENEW
112160,197567,FOR,DNK,RENEW
112160,197570,AGAINST,DNK,ID
112160,197571,FOR,DNK,GUE_NGL
112160,197573,DID_NOT_VOTE,DNK,GREEN_EFA
112160,199941,FOR,DNK,SD
112338,28161,AGAINST,DNK,GREEN_EFA
112338,37312,FOR,DNK,SD
112338,96709,FOR,DNK,RENEW
112338,101585,FOR,DNK,SD
112338,124872,FOR,DNK,RENEW
112338,197515,FOR,DNK,EPP
112338,197555,FOR,DNK,RENEW
112338,197558,FOR,DNK,RENEW
112338,197567,FOR,DNK,RENEW
112338,197570,FOR,DNK,ID
112338,197571,AGAINST,DNK,GUE_NGL
112338,197573,AGAINST,DNK,GREEN_EFA
112338,199941,FOR,DNK,SD
112338,204331,DID_NOT_VOTE,DNK,RENEW
112341,28161,AGAINST,DNK,GREEN_EFA
112341,37312,FOR,DNK,SD
112341,96709,FOR,DNK,RENEW
112341,101585,FOR,DNK,SD
112341,124872,FOR,DNK,RENEW
112341,197515,FOR,DNK,EPP
112341,197555,FOR,DNK,RENEW
112341,197558,FOR,DNK,RENEW
112341,197567,FOR,DNK,RENEW
112341,197570,FOR,DNK,ID
112341,197571,AGAINST,DNK,GUE_NGL
112341,197573,AGAINST,DNK,GREEN_EFA
112341,199941,FOR,DNK,SD
112341,204331,DID_NOT_VOTE,DNK,RENEW
112371,28161,FOR,DNK,GREEN_EFA
112371,37312,FOR,DNK,SD
112371,96709,ABSTENTION,DNK,RENEW
112371,101585,FOR,DNK,SD
112371,124872,FOR,DNK,RENEW
112371,197515,FOR,DNK,EPP
112371,197555,ABSTENTION,DNK,RENEW
112371,197558,ABSTENTION,DNK,RENEW
112371,197567,FOR,DNK,RENEW
112371,197570,AGAINST,DNK,ID
112371,197571,AGAINST,DNK,GUE_NGL
112371,197573,FOR,DNK,GREEN_EFA
112371,199941,FOR,DNK,SD
112371,204331,DID_NOT_VOTE,DNK,RENEW
112426,28161,FOR,DNK,GREEN_EFA
112426,37312,FOR,DNK,SD
112426,96709,AGAINST,DNK,RENEW
112426,101585,FOR,DNK,SD
112426,124872,AGAINST,DNK,RENEW
112426,197515,AGAINST,DNK,EPP
112426,197555,AGAINST,DNK,RENEW
112426,197558,AGAINST,DNK,RENEW
112426,197567,AGAINST,DNK,RENEW
112426,197570,ABSTENTION,DNK,ID
112426,197571,FOR,DNK,GUE_NGL
112426,197573,FOR,DNK,GREEN_EFA
112426,199941,FOR,DNK,SD
112426,204331,DID_NOT_VOTE,DNK,RENEW
112530,28161,FOR,DNK,GREEN_EFA
112530,37312,FOR,DNK,SD
112530,96709,FOR,DNK,RENEW
112530,101585,FOR,DNK,SD
112530,124872,FOR,DNK,RENEW
112530,197515,FOR,DNK,EPP
112530,197555,FOR,DNK,RENEW
112530,197558,FOR,DNK,RENEW
112530,197567,FOR,DNK,RENEW
112530,197570,FOR,DNK,ID
112530,197571,FOR,DNK,GUE_NGL
112530,197573,FOR,DNK,GREEN_EFA
112530,199941,FOR,DNK,SD
112530,204331,DID_NOT_VOTE,DNK,RENEW
112552,28161,FOR,DNK,GREEN_EFA
112552,37312,FOR,DNK,SD
112552,96709,ABSTENTION,DNK,RENEW
112552,101585,FOR,DNK,SD
112552,124872,FOR,DNK,RENEW
112552,197515,FOR,DNK,EPP
112552,197555,ABSTENTION,DNK,RENEW
112552,197558,ABSTENTION,DNK,RENEW
112552,197567,FOR,DNK,RENEW
112552,197570,AGAINST,DNK,ID
112552,197571,FOR,DNK,GUE_NGL
112552,197573,FOR,DNK,GREEN_EFA
112552,199941,FOR,DNK,SD
112552,204331,DID_NOT_VOTE,DNK,RENEW
112601,28161,FOR,DNK,GREEN_EFA
112601,37312,FOR,DNK,SD
112601,96709,FOR,DNK,RENEW
112601,101585,FOR,DNK,SD
112601,124872,FOR,DNK,RENEW
112601,197515,FOR,DNK,EPP
112601,197555,FOR,DNK,RENEW
112601,197558,FOR,DNK,RENEW
112601,197567,FOR,DNK,RENEW
112601,197570,ABSTENTION,DNK,ID
112601,197571,ABSTENTION,DNK,GUE_NGL
112601,197573,FOR,DNK,GREEN_EFA
112601,199941,FOR,DNK,SD
112601,204331,DID_NOT_VOTE,DNK,RENEW
112631,28161,FOR,DNK,GREEN_EFA
112631,37312,FOR,DNK,SD
112631,96709,FOR,DNK,RENEW
112631,101585,FOR,DNK,SD
112631,124872,FOR,DNK,RENEW
112631,197515,FOR,DNK,EPP
112631,197555,FOR,DNK,RENEW
112631,197558,FOR,DNK,RENEW
112631,197567,FOR,DNK,RENEW
112631,197570,AGAINST,DNK,ID
112631,197571,FOR,DNK,GUE_NGL
112631,197573,FOR,DNK,GREEN_EFA
112631,199941,FOR,DNK,SD
112631,204331,DID_NOT_VOTE,DNK,RENEW
113694,28161,FOR,DNK,GREEN_EFA
113694,37312,FOR,DNK,SD
113694,96709,AGAINST,DNK,RENEW
113694,101585,FOR,DNK,SD
113694,124872,AGAINST,DNK,RENEW
113694,197515,AGAINST,DNK,EPP
113694,197555,AGAINST,DNK,RENEW
113694,197558,AGAINST,DNK,RENEW
113694,197567,AGAINST,DNK,RENEW
113694,197570,FOR,DNK,ID
113694,197571,FOR,DNK,GUE_NGL
113694,197573,FOR,DNK,GREEN_EFA
113694,199941,FOR,DNK,SD
113694,204331,AGAINST,DNK,RENEW
114093,28161,FOR,DNK,GREEN_EFA
114093,37312,FOR,DNK,SD
114093,96709,FOR,DNK,RENEW
114093,101585,FOR,DNK,SD
114093,124872,FOR,DNK,RENEW
114093,197515,FOR,DNK,EPP
114093,197555,FOR,DNK,RENEW
114093,197558,FOR,DNK,RENEW
114093,197567,FOR,DNK,RENEW
114093,197570,ABSTENTION,DNK,ID
114093,197571,AGAINST,DNK,GUE_NGL
114093,197573,FOR,DNK,GREEN_EFA
114093,199941,FOR,DNK,SD
114093,204331,FOR,DNK,RENEW
114358,28161,FOR,DNK,GREEN_EFA
114358,37312,FOR,DNK,SD
114358,96709,FOR,DNK,RENEW
114358,101585,FOR,DNK,SD
114358,124872,FOR,DNK,RENEW
114358,197515,DID_NOT_VOTE,DNK,EPP
114358,197555,FOR,DNK,RENEW
114358,197558,FOR,DNK,RENEW
114358,197567,FOR,DNK,RENEW
114358,197570,FOR,DNK,ID
114358,197571,FOR,DNK,GUE_NGL
114358,197573,FOR,DNK,GREEN_EFA
114358,199941,FOR,DNK,SD
114358,204331,FOR,DNK,RENEW
114359,28161,FOR,DNK,GREEN_EFA
114359,37312,FOR,DNK,SD
114359,96709,FOR,DNK,RENEW
114359,101585,FOR,DNK,SD
114359,124872,FOR,DNK,RENEW
114359,197515,DID_NOT_VOTE,DNK,EPP
114359,197555,FOR,DNK,RENEW
114359,197558,FOR,DNK,RENEW
114359,197567,FOR,DNK,RENEW
114359,197570,FOR,DNK,ID
114359,197571,FOR,DNK,GUE_NGL
114359,197573,FOR,DNK,GREEN_EFA
114359,199941,FOR,DNK,SD
114359,204331,FOR,DNK,RENEW
114360,28161,FOR,DNK,GREEN_EFA
114360,37312,FOR,DNK,SD
114360,96709,FOR,DNK,RENEW
114360,101585,FOR,DNK,SD
114360,124872,FOR,DNK,RENEW
114360,197515,DID_NOT_VOTE,DNK,EPP
114360,197555,FOR,DNK,RENEW
114360,197558,FOR,DNK,RENEW
114360,197567,FOR,DNK,RENEW
114360,197570,FOR,DNK,ID
114360,197571,FOR,DNK,GUE_NGL
114360,197573,FOR,DNK,GREEN_EFA
114360,199941,FOR,DNK,SD
114360,204331,FOR,DNK,RENEW
114361,28161,FOR,DNK,GREEN_EFA
114361,37312,FOR,DNK,SD
114361,96709,FOR,DNK,RENEW
114361,101585,FOR,DNK,SD
114361,124872,FOR,DNK,RENEW
114361,197515,DID_NOT_VOTE,DNK,EPP
114361,197555,FOR,DNK,RENEW
114361,197558,FOR,DNK,RENEW
114361,197567,FOR,DNK,RENEW
114361,197570,AGAINST,DNK,ID
114361,197571,FOR,DNK,GUE_NGL
114361,197573,FOR,DNK,GREEN_EFA
114361,199941,FOR,DNK,SD
114361,204331,FOR,DNK,RENEW
114362,28161,FOR,DNK,GREEN_EFA
114362,37312,FOR,DNK,SD
114362,96709,FOR,DNK,RENEW
114362,101585,FOR,DNK,SD
114362,124872,FOR,DNK,RENEW
114362,197515,DID_NOT_VOTE,DNK,EPP
114362,197555,FOR,DNK,RENEW
114362,197558,FOR,DNK,RENEW
114362,197567,FOR,DNK,RENEW
114362,197570,FOR,DNK,ID
114362,197571,FOR,DNK,GUE_NGL
114362,197573,FOR,DNK,GREEN_EFA
114362,199941,FOR,DNK,SD
114362,204331,FOR,DNK,RENEW
114363,28161,FOR,DNK,GREEN_EFA
114363,37312,FOR,DNK,SD
114363,96709,FOR,DNK,RENEW
114363,101585,FOR,DNK,SD
114363,124872,FOR,DNK,RENEW
114363,197515,DID_NOT_VOTE,DNK,EPP
114363,197555,FOR,DNK,RENEW
114363,197558,FOR,DNK,RENEW
114363,197567,FOR,DNK,RENEW
114363,197570,FOR,DNK,ID
114363,197571,FOR,DNK,GUE_NGL
114363,197573,FOR,DNK,GREEN_EFA
114363,199941,FOR,DNK,SD
114363,204331,FOR,DNK,RENEW
114364,28161,FOR,DNK,GREEN_EFA
114364,37312,FOR,DNK,SD
114364,96709,FOR,DNK,RENEW
114364,101585,FOR,DNK,SD
114364,124872,FOR,DNK,RENEW
114364,197515,DID_NOT_VOTE,DNK,EPP
114364,197555,FOR,DNK,RENEW
114364,197558,FOR,DNK,RENEW
114364,197567,FOR,DNK,RENEW
114364,197570,ABSTENTION,DNK,ID
114364,197571,FOR,DNK,GUE_NGL
114364,197573,FOR,DNK,GREEN_EFA
114364,199941,FOR,DNK,SD
114364,204331,FOR,DNK,RENEW
114365,28161,FOR,DNK,GREEN_EFA
114365,37312,FOR,DNK,SD
114365,96709,FOR,DNK,RENEW
114365,101585,FOR,DNK,SD
114365,124872,FOR,DNK,RENEW
114365,197515,DID_NOT_VOTE,DNK,EPP
114365,197555,FOR,DNK,RENEW
114365,197558,FOR,DNK,RENEW
114365,197567,FOR,DNK,RENEW
114365,197570,FOR,DNK,ID
114365,197571,FOR,DNK,GUE_NGL
114365,197573,FOR,DNK,GREEN_EFA
114365,199941,FOR,DNK,SD
114365,204331,FOR,DNK,RENEW
114366,28161,FOR,DNK,GREEN_EFA
114366,37312,FOR,DNK,SD
114366,96709,FOR,DNK,RENEW
114366,101585,FOR,DNK,SD
114366,124872,FOR,DNK,RENEW
114366,197515,DID_NOT_VOTE,DNK,EPP
114366,197555,FOR,DNK,RENEW
114366,197558,FOR,DNK,RENEW
114366,197567,FOR,DNK,RENEW
114366,197570,ABSTENTION,DNK,ID
114366,197571,FOR,DNK,GUE_NGL
114366,197573,FOR,DNK,GREEN_EFA
114366,199941,FOR,DNK,SD
114366,204331,FOR,DNK,RENEW
114367,28161,FOR,DNK,GREEN_EFA
114367,37312,FOR,DNK,SD
114367,96709,FOR,DNK,RENEW
114367,101585,FOR,DNK,SD
114367,124872,FOR,DNK,RENEW
114367,197515,DID_NOT_VOTE,DNK,EPP
114367,197555,FOR,DNK,RENEW
114367,197558,FOR,DNK,RENEW
114367,197567,FOR,DNK,RENEW
114367,197570,FOR,DNK,ID
114367,197571,FOR,DNK,GUE_NGL
114367,197573,FOR,DNK,GREEN_EFA
114367,199941,FOR,DNK,SD
114367,204331,FOR,DNK,RENEW
114368,28161,FOR,DNK,GREEN_EFA
114368,37312,FOR,DNK,SD
114368,96709,FOR,DNK,RENEW
114368,101585,FOR,DNK,SD
114368,124872,FOR,DNK,RENEW
114368,197515,DID_NOT_VOTE,DNK,EPP
114368,197555,FOR,DNK,RENEW
114368,197558,FOR,DNK,RENEW
114368,197567,FOR,DNK,RENEW
114368,197570,ABSTENTION,DNK,ID
114368,197571,FOR,DNK,GUE_NGL
114368,197573,FOR,DNK,GREEN_EFA
114368,199941,FOR,DNK,SD
114368,204331,FOR,DNK,RENEW
114369,28161,FOR,DNK,GREEN_EFA
114369,37312,FOR,DNK,SD
114369,96709,FOR,DNK,RENEW
114369,101585,FOR,DNK,SD
114369,124872,FOR,DNK,RENEW
114369,197515,DID_NOT_VOTE,DNK,EPP
114369,197555,FOR,DNK,RENEW
114369,197558,FOR,DNK,RENEW
114369,197567,FOR,DNK,RENEW
114369,197570,FOR,DNK,ID
114369,197571,FOR,DNK,GUE_NGL
114369,197573,FOR,DNK,GREEN_EFA
114369,199941,FOR,DNK,SD
114369,204331,FOR,DNK,RENEW
114370,28161,FOR,DNK,GREEN_EFA
114370,37312,FOR,DNK,SD
114370,96709,FOR,DNK,RENEW
114370,101585,FOR,DNK,SD
114370,124872,FOR,DNK,RENEW
114370,197515,DID_NOT_VOTE,DNK,EPP
114370,197555,FOR,DNK,RENEW
114370,197558,FOR,DNK,RENEW
114370,197567,FOR,DNK,RENEW
114370,197570,FOR,DNK,ID
114370,197571,FOR,DNK,GUE_NGL
114370,197573,FOR,DNK,GREEN_EFA
114370,199941,FOR,DNK,SD
114370,204331,FOR,DNK,RENEW
114371,28161,FOR,DNK,GREEN_EFA
114371,37312,FOR,DNK,SD
114371,96709,FOR,DNK,RENEW
114371,101585,FOR,DNK,SD
114371,124872,FOR,DNK,RENEW
114371,197515,DID_NOT_VOTE,DNK,EPP
114371,197555,FOR,DNK,RENEW
114371,197558,FOR,DNK,RENEW
114371,197567,FOR,DNK,RENEW
114371,197570,AGAINST,DNK,ID
114371,197571,FOR,DNK,GUE_NGL
114371,197573,FOR,DNK,GREEN_EFA
114371,199941,FOR,DNK,SD
114371,204331,FOR,DNK,RENEW
114372,28161,FOR,DNK,GREEN_EFA
114372,37312,FOR,DNK,SD
114372,96709,FOR,DNK,RENEW
114372,101585,FOR,DNK,SD
114372,124872,FOR,DNK,RENEW
114372,197515,DID_NOT_VOTE,DNK,EPP
114372,197555,FOR,DNK,RENEW
114372,197558,FOR,DNK,RENEW
114372,197567,FOR,DNK,RENEW
114372,197570,AGAINST,DNK,ID
114372,197571,FOR,DNK,GUE_NGL
114372,197573,FOR,DNK,GREEN_EFA
114372,199941,FOR,DNK,SD
114372,204331,FOR,DNK,RENEW
114373,28161,FOR,DNK,GREEN_EFA
114373,37312,FOR,DNK,SD
114373,96709,FOR,DNK,RENEW
114373,101585,FOR,DNK,SD
114373,124872,FOR,DNK,RENEW
114373,197515,DID_NOT_VOTE,DNK,EPP
114373,197555,FOR,DNK,RENEW
114373,197558,FOR,DNK,RENEW
114373,197567,FOR,DNK,RENEW
114373,197570,AGAINST,DNK,ID
114373,197571,FOR,DNK,GUE_NGL
114373,197573,FOR,DNK,GREEN_EFA
114373,199941,FOR,DNK,SD
114373,204331,FOR,DNK,RENEW
114374,28161,FOR,DNK,GREEN_EFA
114374,37312,FOR,DNK,SD
114374,96709,FOR,DNK,RENEW
114374,101585,FOR,DNK,SD
114374,124872,FOR,DNK,RENEW
114374,197515,DID_NOT_VOTE,DNK,EPP
114374,197555,FOR,DNK,RENEW
114374,197558,FOR,DNK,RENEW
114374,197567,FOR,DNK,RENEW
114374,197570,FOR,DNK,ID
114374,197571,FOR,DNK,GUE_NGL
114374,197573,FOR,DNK,GREEN_EFA
114374,199941,FOR,DNK,SD
114374,204331,FOR,DNK,RENEW
114375,28161,FOR,DNK,GREEN_EFA
114375,37312,FOR,DNK,SD
114375,96709,FOR,DNK,RENEW
114375,101585,FOR,DNK,SD
114375,124872,FOR,DNK,RENEW
114375,197515,DID_NOT_VOTE,DNK,EPP
114375,197555,FOR,DNK,RENEW
114375,197558,FOR,DNK,RENEW
114375,197567,FOR,DNK,RENEW
114375,197570,ABSTENTION,DNK,ID
114375,197571,FOR,DNK,GUE_NGL
114375,197573,FOR,DNK,GREEN_EFA
114375,199941,FOR,DNK,SD
114375,204331,FOR,DNK,RENEW
114376,28161,FOR,DNK,GREEN_EFA
114376,37312,FOR,DNK,SD
114376,96709,FOR,DNK,RENEW
114376,101585,FOR,DNK,SD
114376,124872,FOR,DNK,RENEW
114376,197515,DID_NOT_VOTE,DNK,EPP
114376,197555,FOR,DNK,RENEW
114376,197558,FOR,DNK,RENEW
114376,197567,FOR,DNK,RENEW
114376,197570,FOR,DNK,ID
114376,197571,FOR,DNK,GUE_NGL
114376,197573,FOR,DNK,GREEN_EFA
114376,199941,FOR,DNK,SD
114376,204331,FOR,DNK,RENEW
114377,28161,FOR,DNK,GREEN_EFA
114377,37312,FOR,DNK,SD
114377,96709,FOR,DNK,RENEW
114377,101585,FOR,DNK,SD
114377,124872,FOR,DNK,RENEW
114377,197515,DID_NOT_VOTE,DNK,EPP
114377,197555,FOR,DNK,RENEW
114377,197558,FOR,DNK,RENEW
114377,197567,FOR,DNK,RENEW
114377,197570,ABSTENTION,DNK,ID
114377,197571,FOR,DNK,GUE_NGL
114377,197573,FOR,DNK,GREEN_EFA
114377,199941,FOR,DNK,SD
114377,204331,FOR,DNK,RENEW
114378,28161,FOR,DNK,GREEN_EFA
114378,37312,FOR,DNK,SD
114378,96709,FOR,DNK,RENEW
114378,101585,FOR,DNK,SD
114378,124872,FOR,DNK,RENEW
114378,197515,DID_NOT_VOTE,DNK,EPP
114378,197555,FOR,DNK,RENEW
114378,197558,FOR,DNK,RENEW
114378,197567,FOR,DNK,RENEW
114378,197570,ABSTENTION,DNK,ID
114378,197571,FOR,DNK,GUE_NGL
114378,197573,FOR,DNK,GREEN_EFA
114378,199941,FOR,DNK,SD
114378,204331,FOR,DNK,RENEW
114379,28161,FOR,DNK,GREEN_EFA
114379,37312,FOR,DNK,SD
114379,96709,FOR,DNK,RENEW
114379,101585,FOR,DNK,SD
114379,124872,FOR,DNK,RENEW
114379,197515,DID_NOT_VOTE,DNK,EPP
114379,197555,FOR,DNK,RENEW
114379,197558,FOR,DNK,RENEW
114379,197567,FOR,DNK,RENEW
114379,197570,ABSTENTION,DNK,ID
114379,197571,FOR,DNK,GUE_NGL
114379,197573,FOR,DNK,GREEN_EFA
114379,199941,FOR,DNK,SD
114379,204331,FOR,DNK,RENEW
114380,28161,FOR,DNK,GREEN_EFA
114380,37312,FOR,DNK,SD
114380,96709,FOR,DNK,RENEW
114380,101585,FOR,DNK,SD
114380,124872,FOR,DNK,RENEW
114380,197515,DID_NOT_VOTE,DNK,EPP
114380,197555,FOR,DNK,RENEW
114380,197558,FOR,DNK,RENEW
114380,197567,FOR,DNK,RENEW
114380,197570,AGAINST,DNK,ID
114380,197571,FOR,DNK,GUE_NGL
114380,197573,FOR,DNK,GREEN_EFA
114380,199941,FOR,DNK,SD
114380,204331,FOR,DNK,RENEW
114381,28161,FOR,DNK,GREEN_EFA
114381,37312,FOR,DNK,SD
114381,96709,FOR,DNK,RENEW
114381,101585,FOR,DNK,SD
114381,124872,FOR,DNK,RENEW
114381,197515,DID_NOT_VOTE,DNK,EPP
114381,197555,FOR,DNK,RENEW
114381,197558,FOR,DNK,RENEW
114381,197567,FOR,DNK,RENEW
114381,197570,FOR,DNK,ID
114381,197571,FOR,DNK,GUE_NGL
114381,197573,FOR,DNK,GREEN_EFA
114381,199941,FOR,DNK,SD
114381,204331,FOR,DNK,RENEW
114382,28161,FOR,DNK,GREEN_EFA
114382,37312,FOR,DNK,SD
114382,96709,FOR,DNK,RENEW
114382,101585,FOR,DNK,SD
114382,124872,FOR,DNK,RENEW
114382,197515,DID_NOT_VOTE,DNK,EPP
114382,197555,FOR,DNK,RENEW
114382,197558,FOR,DNK,RENEW
114382,197567,FOR,DNK,RENEW
114382,197570,AGAINST,DNK,ID
114382,197571,FOR,DNK,GUE_NGL
114382,197573,FOR,DNK,GREEN_EFA
114382,199941,FOR,DNK,SD
114382,204331,FOR,DNK,RENEW
114383,28161,FOR,DNK,GREEN_EFA
114383,37312,FOR,DNK,SD
114383,96709,FOR,DNK,RENEW
114383,101585,FOR,DNK,SD
114383,124872,FOR,DNK,RENEW
114383,197515,DID_NOT_VOTE,DNK,EPP
114383,197555,FOR,DNK,RENEW
114383,197558,FOR,DNK,RENEW
114383,197567,FOR,DNK,RENEW
114383,197570,FOR,DNK,ID
114383,197571,FOR,DNK,GUE_NGL
114383,197573,FOR,DNK,GREEN_EFA
114383,199941,FOR,DNK,SD
114383,204331,FOR,DNK,RENEW
114384,28161,FOR,DNK,GREEN_EFA
114384,37312,FOR,DNK,SD
114384,96709,FOR,DNK,RENEW
114384,101585,FOR,DNK,SD
114384,124872,FOR,DNK,RENEW
114384,197515,DID_NOT_VOTE,DNK,EPP
114384,197555,FOR,DNK,RENEW
114384,197558,FOR,DNK,RENEW
114384,197567,FOR,DNK,RENEW
114384,197570,AGAINST,DNK,ID
114384,197571,FOR,DNK,GUE_NGL
114384,197573,FOR,DNK,GREEN_EFA
114384,199941,FOR,DNK,SD
114384,204331,FOR,DNK,RENEW
114385,28161,FOR,DNK,GREEN_EFA
114385,37312,FOR,DNK,SD
114385,96709,FOR,DNK,RENEW
114385,101585,FOR,DNK,SD
114385,124872,FOR,DNK,RENEW
114385,197515,DID_NOT_VOTE,DNK,EPP
114385,197555,FOR,DNK,RENEW
114385,197558,FOR,DNK,RENEW
114385,197567,FOR,DNK,RENEW
114385,197570,FOR,DNK,ID
114385,197571,FOR,DNK,GUE_NGL
114385,197573,FOR,DNK,GREEN_EFA
114385,199941,FOR,DNK,SD
114385,204331,FOR,DNK,RENEW
114386,28161,FOR,DNK,GREEN_EFA
114386,37312,FOR,DNK,SD
114386,96709,FOR,DNK,RENEW
114386,101585,FOR,DNK,SD
114386,124872,FOR,DNK,RENEW
114386,197515,DID_NOT_VOTE,DNK,EPP
114386,197555,FOR,DNK,RENEW
114386,197558,FOR,DNK,RENEW
114386,197567,FOR,DNK,RENEW
114386,197570,FOR,DNK,ID
114386,197571,FOR,DNK,GUE_NGL
114386,197573,FOR,DNK,GREEN_EFA
114386,199941,FOR,DNK,SD
114386,204331,FOR,DNK,RENEW
114387,28161,FOR,DNK,GREEN_EFA
114387,37312,FOR,DNK,SD
114387,96709,FOR,DNK,RENEW
114387,101585,FOR,DNK,SD
114387,124872,FOR,DNK,RENEW
114387,197515,DID_NOT_VOTE,DNK,EPP
114387,197555,FOR,DNK,RENEW
114387,197558,FOR,DNK,RENEW
114387,197567,FOR,DNK,RENEW
114387,197570,FOR,DNK,ID
114387,197571,FOR,DNK,GUE_NGL
114387,197573,FOR,DNK,GREEN_EFA
114387,199941,FOR,DNK,SD
114387,204331,FOR,DNK,RENEW
114388,28161,FOR,DNK,GREEN_EFA
114388,37312,FOR,DNK,SD
114388,96709,FOR,DNK,RENEW
114388,101585,FOR,DNK,SD
114388,124872,FOR,DNK,RENEW
114388,197515,DID_NOT_VOTE,DNK,EPP
114388,197555,FOR,DNK,RENEW
114388,197558,FOR,DNK,RENEW
114388,197567,FOR,DNK,RENEW
114388,197570,AGAINST,DNK,ID
114388,197571,FOR,DNK,GUE_NGL
114388,197573,FOR,DNK,GREEN_EFA
114388,199941,FOR,DNK,SD
114388,204331,FOR,DNK,RENEW
114389,28161,FOR,DNK,GREEN_EFA
114389,37312,FOR,DNK,SD
114389,96709,FOR,DNK,RENEW
114389,101585,FOR,DNK,SD
114389,124872,FOR,DNK,RENEW
114389,197515,DID_NOT_VOTE,DNK,EPP
114389,197555,FOR,DNK,RENEW
114389,197558,FOR,DNK,RENEW
114389,197567,FOR,DNK,RENEW
114389,197570,ABSTENTION,DNK,ID
114389,197571,FOR,DNK,GUE_NGL
114389,197573,FOR,DNK,GREEN_EFA
114389,199941,FOR,DNK,SD
114389,204331,FOR,DNK,RENEW
114390,28161,FOR,DNK,GREEN_EFA
114390,37312,FOR,DNK,SD
114390,96709,FOR,DNK,RENEW
114390,101585,FOR,DNK,SD
114390,124872,FOR,DNK,RENEW
114390,197515,DID_NOT_VOTE,DNK,EPP
114390,197555,FOR,DNK,RENEW
114390,197558,FOR,DNK,RENEW
114390,197567,FOR,DNK,RENEW
114390,197570,FOR,DNK,ID
114390,197571,FOR,DNK,GUE_NGL
114390,197573,FOR,DNK,GREEN_EFA
114390,199941,FOR,DNK,SD
114390,204331,FOR,DNK,RENEW
114391,28161,FOR,DNK,GREEN_EFA
114391,37312,FOR,DNK,SD
114391,96709,FOR,DNK,RENEW
114391,101585,FOR,DNK,SD
114391,124872,FOR,DNK,RENEW
114391,197515,DID_NOT_VOTE,DNK,EPP
114391,197555,FOR,DNK,RENEW
114391,197558,FOR,DNK,RENEW
114391,197567,FOR,DNK,RENEW
114391,197570,ABSTENTION,DNK,ID
114391,197571,FOR,DNK,GUE_NGL
114391,197573,FOR,DNK,GREEN_EFA
114391,199941,FOR,DNK,SD
114391,204331,FOR,DNK,RENEW
114392,28161,FOR,DNK,GREEN_EFA
114392,37312,FOR,DNK,SD
114392,96709,FOR,DNK,RENEW
114392,101585,FOR,DNK,SD
114392,124872,FOR,DNK,RENEW
114392,197515,DID_NOT_VOTE,DNK,EPP
114392,197555,FOR,DNK,RENEW
114392,197558,FOR,DNK,RENEW
114392,197567,FOR,DNK,RENEW
114392,197570,ABSTENTION,DNK,ID
114392,197571,FOR,DNK,GUE_NGL
114392,197573,FOR,DNK,GREEN_EFA
114392,199941,FOR,DNK,SD
114392,204331,FOR,DNK,RENEW
114393,28161,FOR,DNK,GREEN_EFA
114393,37312,FOR,DNK,SD
114393,96709,FOR,DNK,RENEW
114393,101585,FOR,DNK,SD
114393,124872,FOR,DNK,RENEW
114393,197515,DID_NOT_VOTE,DNK,EPP
114393,197555,FOR,DNK,RENEW
114393,197558,FOR,DNK,RENEW
114393,197567,FOR,DNK,RENEW
114393,197570,AGAINST,DNK,ID
114393,197571,FOR,DNK,GUE_NGL
114393,197573,FOR,DNK,GREEN_EFA
114393,199941,FOR,DNK,SD
114393,204331,FOR,DNK,RENEW
114394,28161,FOR,DNK,GREEN_EFA
114394,37312,FOR,DNK,SD
114394,96709,FOR,DNK,RENEW
114394,101585,FOR,DNK,SD
114394,124872,FOR,DNK,RENEW
114394,197515,DID_NOT_VOTE,DNK,EPP
114394,197555,FOR,DNK,RENEW
114394,197558,FOR,DNK,RENEW
114394,197567,FOR,DNK,RENEW
114394,197570,AGAINST,DNK,ID
114394,197571,FOR,DNK,GUE_NGL
114394,197573,FOR,DNK,GREEN_EFA
114394,199941,FOR,DNK,SD
114394,204331,FOR,DNK,RENEW
114395,28161,FOR,DNK,GREEN_EFA
114395,37312,FOR,DNK,SD
114395,96709,FOR,DNK,RENEW
114395,101585,FOR,DNK,SD
114395,124872,FOR,DNK,RENEW
114395,197515,DID_NOT_VOTE,DNK,EPP
114395,197555,FOR,DNK,RENEW
114395,197558,FOR,DNK,RENEW
114395,197567,FOR,DNK,RENEW
114395,197570,FOR,DNK,ID
114395,197571,FOR,DNK,GUE_NGL
114395,197573,FOR,DNK,GREEN_EFA
114395,199941,FOR,DNK,SD
114395,204331,FOR,DNK,RENEW
114396,28161,FOR,DNK,GREEN_EFA
114396,37312,FOR,DNK,SD
114396,96709,FOR,DNK,RENEW
114396,101585,FOR,DNK,SD
114396,124872,FOR,DNK,RENEW
114396,197515,DID_NOT_VOTE,DNK,EPP
114396,197555,FOR,DNK,RENEW
114396,197558,FOR,DNK,RENEW
114396,197567,FOR,DNK,RENEW
114396,197570,AGAINST,DNK,ID
114396,197571,FOR,DNK,GUE_NGL
114396,197573,FOR,DNK,GREEN_EFA
114396,199941,FOR,DNK,SD
114396,204331,FOR,DNK,RENEW
114397,28161,FOR,DNK,GREEN_EFA
114397,37312,FOR,DNK,SD
114397,96709,FOR,DNK,RENEW
114397,101585,FOR,DNK,SD
114397,124872,FOR,DNK,RENEW
114397,197515,DID_NOT_VOTE,DNK,EPP
114397,197555,FOR,DNK,RENEW
114397,197558,FOR,DNK,RENEW
114397,197567,FOR,DNK,RENEW
114397,197570,FOR,DNK,ID
114397,197571,FOR,DNK,GUE_NGL
114397,197573,FOR,DNK,GREEN_EFA
114397,199941,FOR,DNK,SD
114397,204331,FOR,DNK,RENEW
114398,28161,FOR,DNK,GREEN_EFA
114398,37312,FOR,DNK,SD
114398,96709,FOR,DNK,RENEW
114398,101585,FOR,DNK,SD
114398,124872,FOR,DNK,RENEW
114398,197515,DID_NOT_VOTE,DNK,EPP
114398,197555,FOR,DNK,RENEW
114398,197558,FOR,DNK,RENEW
114398,197567,FOR,DNK,RENEW
114398,197570,AGAINST,DNK,ID
114398,197571,FOR,DNK,GUE_NGL
114398,197573,FOR,DNK,GREEN_EFA
114398,199941,FOR,DNK,SD
114398,204331,FOR,DNK,RENEW
114399,28161,FOR,DNK,GREEN_EFA
114399,37312,FOR,DNK,SD
114399,96709,FOR,DNK,RENEW
114399,101585,FOR,DNK,SD
114399,124872,FOR,DNK,RENEW
114399,197515,DID_NOT_VOTE,DNK,EPP
114399,197555,FOR,DNK,RENEW
114399,197558,FOR,DNK,RENEW
114399,197567,FOR,DNK,RENEW
114399,197570,FOR,DNK,ID
114399,197571,FOR,DNK,GUE_NGL
114399,197573,FOR,DNK,GREEN_EFA
114399,199941,FOR,DNK,SD
114399,204331,FOR,DNK,RENEW
114400,28161,FOR,DNK,GREEN_EFA
114400,37312,FOR,DNK,SD
114400,96709,FOR,DNK,RENEW
114400,101585,FOR,DNK,SD
114400,124872,FOR,DNK,RENEW
114400,197515,DID_NOT_VOTE,DNK,EPP
114400,197555,FOR,DNK,RENEW
114400,197558,FOR,DNK,RENEW
114400,197567,FOR,DNK,RENEW
114400,197570,FOR,DNK,ID
114400,197571,FOR,DNK,GUE_NGL
114400,197573,FOR,DNK,GREEN_EFA
114400,199941,FOR,DNK,SD
114400,204331,FOR,DNK,RENEW
114401,28161,FOR,DNK,GREEN_EFA
114401,37312,FOR,DNK,SD
114401,96709,FOR,DNK,RENEW
114401,101585,FOR,DNK,SD
114401,124872,FOR,DNK,RENEW
114401,197515,DID_NOT_VOTE,DNK,EPP
114401,197555,FOR,DNK,RENEW
114401,197558,FOR,DNK,RENEW
114401,197567,FOR,DNK,RENEW
114401,197570,FOR,DNK,ID
114401,197571,AGAINST,DNK,GUE_NGL
114401,197573,FOR,DNK,GREEN_EFA
114401,199941,FOR,DNK,SD
114401,204331,FOR,DNK,RENEW
114402,28161,FOR,DNK,GREEN_EFA
114402,37312,FOR,DNK,SD
114402,96709,FOR,DNK,RENEW
114402,101585,FOR,DNK,SD
114402,124872,FOR,DNK,RENEW
114402,197515,DID_NOT_VOTE,DNK,EPP
114402,197555,FOR,DNK,RENEW
114402,197558,FOR,DNK,RENEW
114402,197567,FOR,DNK,RENEW
114402,197570,AGAINST,DNK,ID
114402,197571,ABSTENTION,DNK,GUE_NGL
114402,197573,FOR,DNK,GREEN_EFA
114402,199941,FOR,DNK,SD
114402,204331,FOR,DNK,RENEW
114403,28161,FOR,DNK,GREEN_EFA
114403,37312,FOR,DNK,SD
114403,96709,FOR,DNK,RENEW
114403,101585,FOR,DNK,SD
114403,124872,FOR,DNK,RENEW
114403,197515,DID_NOT_VOTE,DNK,EPP
114403,197555,FOR,DNK,RENEW
114403,197558,FOR,DNK,RENEW
114403,197567,FOR,DNK,RENEW
114403,197570,AGAINST,DNK,ID
114403,197571,FOR,DNK,GUE_NGL
114403,197573,FOR,DNK,GREEN_EFA
114403,199941,FOR,DNK,SD
114403,204331,FOR,DNK,RENEW
114404,28161,FOR,DNK,GREEN_EFA
114404,37312,FOR,DNK,SD
114404,96709,FOR,DNK,RENEW
114404,101585,FOR,DNK,SD
114404,124872,FOR,DNK,RENEW
114404,197515,DID_NOT_VOTE,DNK,EPP
114404,197555,FOR,DNK,RENEW
114404,197558,FOR,DNK,RENEW
114404,197567,FOR,DNK,RENEW
114404,197570,AGAINST,DNK,ID
114404,197571,FOR,DNK,GUE_NGL
114404,197573,FOR,DNK,GREEN_EFA
114404,199941,FOR,DNK,SD
114404,204331,FOR,DNK,RENEW
114405,28161,FOR,DNK,GREEN_EFA
114405,37312,FOR,DNK,SD
114405,96709,FOR,DNK,RENEW
114405,101585,FOR,DNK,SD
114405,124872,FOR,DNK,RENEW
114405,197515,DID_NOT_VOTE,DNK,EPP
114405,197555,FOR,DNK,RENEW
114405,197558,FOR,DNK,RENEW
114405,197567,FOR,DNK,RENEW
114405,197570,FOR,DNK,ID
114405,197571,AGAINST,DNK,GUE_NGL
114405,197573,FOR,DNK,GREEN_EFA
114405,199941,FOR,DNK,SD
114405,204331,FOR,DNK,RENEW
114406,28161,FOR,DNK,GREEN_EFA
114406,37312,FOR,DNK,SD
114406,96709,FOR,DNK,RENEW
114406,101585,FOR,DNK,SD
114406,124872,FOR,DNK,RENEW
114406,197515,DID_NOT_VOTE,DNK,EPP
114406,197555,FOR,DNK,RENEW
114406,197558,FOR,DNK,RENEW
114406,197567,FOR,DNK,RENEW
114406,197570,FOR,DNK,ID
114406,197571,FOR,DNK,GUE_NGL
114406,197573,FOR,DNK,GREEN_EFA
114406,199941,FOR,DNK,SD
114406,204331,FOR,DNK,RENEW
114408,28161,FOR,DNK,GREEN_EFA
114408,37312,FOR,DNK,SD
114408,96709,FOR,DNK,RENEW
114408,101585,FOR,DNK,SD
114408,124872,FOR,DNK,RENEW
114408,197515,DID_NOT_VOTE,DNK,EPP
114408,197555,FOR,DNK,RENEW
114408,197558,FOR,DNK,RENEW
114408,197567,FOR,DNK,RENEW
114408,197570,FOR,DNK,ID
114408,197571,FOR,DNK,GUE_NGL
114408,197573,FOR,DNK,GREEN_EFA
114408,199941,FOR,DNK,SD
114408,204331,FOR,DNK,RENEW
114409,28161,FOR,DNK,GREEN_EFA
114409,37312,FOR,DNK,SD
114409,96709,FOR,DNK,RENEW
114409,101585,FOR,DNK,SD
114409,124872,FOR,DNK,RENEW
114409,197515,DID_NOT_VOTE,DNK,EPP
114409,197555,FOR,DNK,RENEW
114409,197558,FOR,DNK,RENEW
114409,197567,FOR,DNK,RENEW
114409,197570,FOR,DNK,ID
114409,197571,FOR,DNK,GUE_NGL
114409,197573,FOR,DNK,GREEN_EFA
114409,199941,FOR,DNK,SD
114409,204331,FOR,DNK,RENEW
114514,28161,FOR,DNK,GREEN_EFA
114514,37312,AGAINST,DNK,SD
114514,96709,AGAINST,DNK,RENEW
114514,101585,AGAINST,DNK,SD
114514,124872,FOR,DNK,RENEW
114514,197515,AGAINST,DNK,EPP
114514,197555,AGAINST,DNK,RENEW
114514,197558,AGAINST,DNK,RENEW
114514,197567,FOR,DNK,RENEW
114514,197570,AGAINST,DNK,ID
114514,197571,AGAINST,DNK,GUE_NGL
114514,197573,FOR,DNK,GREEN_EFA
114514,199941,AGAINST,DNK,SD
114514,204331,AGAINST,DNK,RENEW
115399,28161,FOR,DNK,GREEN_EFA
115399,37312,FOR,DNK,SD
115399,96709,FOR,DNK,RENEW
115399,101585,FOR,DNK,SD
115399,124872,FOR,DNK,RENEW
115399,197515,FOR,DNK,EPP
115399,197555,FOR,DNK,RENEW
115399,197558,FOR,DNK,RENEW
115399,197567,FOR,DNK,RENEW
115399,197570,AGAINST,DNK,ID
115399,197571,FOR,DNK,GUE_NGL
115399,197573,FOR,DNK,GREEN_EFA
115399,199941,FOR,DNK,SD
115399,204331,FOR,DNK,RENEW
115400,28161,FOR,DNK,GREEN_EFA
115400,37312,FOR,DNK,SD
115400,96709,AGAINST,DNK,RENEW
115400,101585,FOR,DNK,SD
115400,124872,FOR,DNK,RENEW
115400,197515,FOR,DNK,EPP
115400,197555,AGAINST,DNK,RENEW
115400,197558,AGAINST,DNK,RENEW
115400,197567,FOR,DNK,RENEW
115400,197570,AGAINST,DNK,ID
115400,197571,FOR,DNK,GUE_NGL
115400,197573,FOR,DNK,GREEN_EFA
115400,199941,FOR,DNK,SD
115400,204331,AGAINST,DNK,RENEW
115402,28161,FOR,DNK,GREEN_EFA
115402,37312,FOR,DNK,SD
115402,96709,FOR,DNK,RENEW
115402,101585,FOR,DNK,SD
115402,124872,FOR,DNK,RENEW
115402,197515,FOR,DNK,EPP
115402,197555,FOR,DNK,RENEW
115402,197558,FOR,DNK,RENEW
115402,197567,FOR,DNK,RENEW
115402,197570,ABSTENTION,DNK,ID
115402,197571,FOR,DNK,GUE_NGL
115402,197573,FOR,DNK,GREEN_EFA
115402,199941,FOR,DNK,SD
115402,204331,FOR,DNK,RENEW
115403,28161,AGAINST,DNK,GREEN_EFA
115403,37312,FOR,DNK,SD
115403,96709,FOR,DNK,RENEW
115403,101585,FOR,DNK,SD
115403,124872,FOR,DNK,RENEW
115403,197515,FOR,DNK,EPP
115403,197555,FOR,DNK,RENEW
115403,197558,FOR,DNK,RENEW
115403,197567,FOR,DNK,RENEW
115403,197570,AGAINST,DNK,ID
115403,197571,AGAINST,DNK,GUE_NGL
115403,197573,AGAINST,DNK,GREEN_EFA
115403,199941,FOR,DNK,SD
115403,204331,FOR,DNK,RENEW
115404,28161,FOR,DNK,GREEN_EFA
115404,37312,FOR,DNK,SD
115404,96709,FOR,DNK,RENEW
115404,101585,FOR,DNK,SD
115404,124872,FOR,DNK,RENEW
115404,197515,FOR,DNK,EPP
115404,197555,FOR,DNK,RENEW
115404,197558,FOR,DNK,RENEW
115404,197567,FOR,DNK,RENEW
115404,197570,FOR,DNK,ID
115404,197571,ABSTENTION,DNK,GUE_NGL
115404,197573,FOR,DNK,GREEN_EFA
115404,199941,FOR,DNK,SD
115404,204331,FOR,DNK,RENEW
115486,28161,FOR,DNK,GREEN_EFA
115486,37312,FOR,DNK,SD
115486,96709,AGAINST,DNK,RENEW
115486,101585,FOR,DNK,SD
115486,124872,FOR,DNK,RENEW
115486,197515,FOR,DNK,EPP
115486,197555,AGAINST,DNK,RENEW
115486,197558,AGAINST,DNK,RENEW
115486,197567,FOR,DNK,RENEW
115486,197570,FOR,DNK,ID
115486,197571,FOR,DNK,GUE_NGL
115486,197573,FOR,DNK,GREEN_EFA
115486,199941,FOR,DNK,SD
115486,204331,AGAINST,DNK,RENEW
115491,28161,FOR,DNK,GREEN_EFA
115491,37312,FOR,DNK,SD
115491,96709,FOR,DNK,RENEW
115491,101585,FOR,DNK,SD
115491,124872,FOR,DNK,RENEW
115491,197515,FOR,DNK,EPP
115491,197555,FOR,DNK,RENEW
115491,197558,FOR,DNK,RENEW
115491,197567,FOR,DNK,RENEW
115491,197570,AGAINST,DNK,ID
115491,197571,FOR,DNK,GUE_NGL
115491,197573,FOR,DNK,GREEN_EFA
115491,199941,FOR,DNK,SD
115491,204331,FOR,DNK,RENEW
115492,28161,AGAINST,DNK,GREEN_EFA
115492,37312,FOR,DNK,SD
115492,96709,FOR,DNK,RENEW
115492,101585,FOR,DNK,SD
115492,124872,FOR,DNK,RENEW
115492,197515,FOR,DNK,EPP
115492,197555,FOR,DNK,RENEW
115492,197558,FOR,DNK,RENEW
115492,197567,FOR,DNK,RENEW
115492,197570,FOR,DNK,ID
115492,197571,AGAINST,DNK,GUE_NGL
115492,197573,AGAINST,DNK,GREEN_EFA
115492,199941,FOR,DNK,SD
115492,204331,FOR,DNK,RENEW
115496,28161,FOR,DNK,GREEN_EFA
115496,37312,FOR,DNK,SD
115496,96709,FOR,DNK,RENEW
115496,101585,FOR,DNK,SD
115496,124872,FOR,DNK,RENEW
115496,197515,FOR,DNK,EPP
115496,197555,FOR,DNK,RENEW
115496,197558,FOR,DNK,RENEW
115496,197567,FOR,DNK,RENEW
115496,197570,AGAINST,DNK,ID
115496,197571,FOR,DNK,GUE_NGL
115496,197573,FOR,DNK,GREEN_EFA
115496,199941,FOR,DNK,SD
115496,204331,FOR,DNK,RENEW
115497,28161,FOR,DNK,GREEN_EFA
115497,37312,FOR,DNK,SD
115497,96709,FOR,DNK,RENEW
115497,101585,FOR,DNK,SD
115497,124872,FOR,DNK,RENEW
115497,197515,FOR,DNK,EPP
115497,197555,FOR,DNK,RENEW
115497,197558,FOR,DNK,RENEW
115497,197567,FOR,DNK,RENEW
115497,197570,ABSTENTION,DNK,ID
115497,197571,FOR,DNK,GUE_NGL
115497,197573,FOR,DNK,GREEN_EFA
115497,199941,FOR,DNK,SD
115497,204331,FOR,DNK,RENEW
115498,28161,FOR,DNK,GREEN_EFA
115498,37312,AGAINST,DNK,SD
115498,96709,ABSTENTION,DNK,RENEW
115498,101585,AGAINST,DNK,SD
115498,124872,FOR,DNK,RENEW
115498,197515,FOR,DNK,EPP
115498,197555,ABSTENTION,DNK,RENEW
115498,197558,ABSTENTION,DNK,RENEW
115498,197567,FOR,DNK,RENEW
115498,197570,AGAINST,DNK,ID
115498,197571,AGAINST,DNK,GUE_NGL
115498,197573,FOR,DNK,GREEN_EFA
115498,199941,AGAINST,DNK,SD
115498,204331,ABSTENTION,DNK,RENEW
115499,28161,FOR,DNK,GREEN_EFA
115499,37312,FOR,DNK,SD
115499,96709,FOR,DNK,RENEW
115499,101585,FOR,DNK,SD
115499,124872,FOR,DNK,RENEW
115499,197515,FOR,DNK,EPP
115499,197555,FOR,DNK,RENEW
115499,197558,FOR,DNK,RENEW
115499,197567,FOR,DNK,RENEW
115499,197570,AGAINST,DNK,ID
115499,197571,FOR,DNK,GUE_NGL
115499,197573,FOR,DNK,GREEN_EFA
115499,199941,FOR,DNK,SD
115499,204331,FOR,DNK,RENEW
116208,28161,AGAINST,DNK,GREEN_EFA
116208,37312,FOR,DNK,SD
116208,96709,FOR,DNK,RENEW
116208,101585,FOR,DNK,SD
116208,124872,FOR,DNK,RENEW
116208,197515,FOR,DNK,EPP
116208,197555,FOR,DNK,RENEW
116208,197558,FOR,DNK,RENEW
116208,197567,FOR,DNK,RENEW
116208,197570,ABSTENTION,DNK,ID
116208,197571,AGAINST,DNK,GUE_NGL
116208,197573,AGAINST,DNK,GREEN_EFA
116208,199941,FOR,DNK,SD
116208,204331,FOR,DNK,RENEW
116209,28161,FOR,DNK,GREEN_EFA
116209,37312,FOR,DNK,SD
116209,96709,FOR,DNK,RENEW
116209,101585,FOR,DNK,SD
116209,124872,FOR,DNK,RENEW
116209,197515,FOR,DNK,EPP
116209,197555,FOR,DNK,RENEW
116209,197558,FOR,DNK,RENEW
116209,197567,FOR,DNK,RENEW
116209,197570,ABSTENTION,DNK,ID
116209,197571,FOR,DNK,GUE_NGL
116209,197573,FOR,DNK,GREEN_EFA
116209,199941,FOR,DNK,SD
116209,204331,FOR,DNK,RENEW
116210,28161,FOR,DNK,GREEN_EFA
116210,37312,FOR,DNK,SD
116210,96709,FOR,DNK,RENEW
116210,101585,FOR,DNK,SD
116210,124872,FOR,DNK,RENEW
116210,197515,FOR,DNK,EPP
116210,197555,FOR,DNK,RENEW
116210,197558,FOR,DNK,RENEW
116210,197567,FOR,DNK,RENEW
116210,197570,ABSTENTION,DNK,ID
116210,197571,FOR,DNK,GUE_NGL
116210,197573,FOR,DNK,GREEN_EFA
116210,199941,FOR,DNK,SD
116210,204331,FOR,DNK,RENEW
116211,28161,FOR,DNK,GREEN_EFA
116211,37312,FOR,DNK,SD
116211,96709,FOR,DNK,RENEW
116211,101585,FOR,DNK,SD
116211,124872,FOR,DNK,RENEW
116211,197515,FOR,DNK,EPP
116211,197555,FOR,DNK,RENEW
116211,197558,FOR,DNK,RENEW
116211,197567,FOR,DNK,RENEW
116211,197570,FOR,DNK,ID
116211,197571,FOR,DNK,GUE_NGL
116211,197573,FOR,DNK,GREEN_EFA
116211,199941,FOR,DNK,SD
116211,204331,FOR,DNK,RENEW
116212,28161,AGAINST,DNK,GREEN_EFA
116212,37312,FOR,DNK,SD
116212,96709,FOR,DNK,RENEW
116212,101585,FOR,DNK,SD
116212,124872,FOR,DNK,RENEW
116212,197515,FOR,DNK,EPP
116212,197555,FOR,DNK,RENEW
116212,197558,FOR,DNK,RENEW
116212,197567,FOR,DNK,RENEW
116212,197570,ABSTENTION,DNK,ID
116212,197571,ABSTENTION,DNK,GUE_NGL
116212,197573,AGAINST,DNK,GREEN_EFA
116212,199941,FOR,DNK,SD
116212,204331,FOR,DNK,RENEW
116282,28161,FOR,DNK,GREEN_EFA
116282,37312,FOR,DNK,SD
116282,96709,AGAINST,DNK,RENEW
116282,101585,FOR,DNK,SD
116282,124872,ABSTENTION,DNK,RENEW
116282,197515,AGAINST,DNK,EPP
116282,197555,AGAINST,DNK,RENEW
116282,197558,AGAINST,DNK,RENEW
116282,197567,ABSTENTION,DNK,RENEW
116282,197570,AGAINST,DNK,ID
116282,197571,FOR,DNK,GUE_NGL
116282,197573,FOR,DNK,GREEN_EFA
116282,199941,FOR,DNK,SD
116282,204331,AGAINST,DNK,RENEW
116283,28161,FOR,DNK,GREEN_EFA
116283,37312,FOR,DNK,SD
116283,96709,FOR,DNK,RENEW
116283,101585,FOR,DNK,SD
116283,124872,FOR,DNK,RENEW
116283,197515,FOR,DNK,EPP
116283,197555,FOR,DNK,RENEW
116283,197558,FOR,DNK,RENEW
116283,197567,FOR,DNK,RENEW
116283,197570,AGAINST,DNK,ID
116283,197571,FOR,DNK,GUE_NGL
116283,197573,FOR,DNK,GREEN_EFA
116283,199941,FOR,DNK,SD
116283,204331,FOR,DNK,RENEW
116284,28161,FOR,DNK,GREEN_EFA
116284,37312,FOR,DNK,SD
116284,96709,FOR,DNK,RENEW
116284,101585,FOR,DNK,SD
116284,124872,FOR,DNK,RENEW
116284,197515,FOR,DNK,EPP
116284,197555,FOR,DNK,RENEW
116284,197558,FOR,DNK,RENEW
116284,197567,FOR,DNK,RENEW
116284,197570,AGAINST,DNK,ID
116284,197571,FOR,DNK,GUE_NGL
116284,197573,FOR,DNK,GREEN_EFA
116284,199941,FOR,DNK,SD
116284,204331,FOR,DNK,RENEW
116285,28161,FOR,DNK,GREEN_EFA
116285,37312,FOR,DNK,SD
116285,96709,AGAINST,DNK,RENEW
116285,101585,FOR,DNK,SD
116285,124872,FOR,DNK,RENEW
116285,197515,FOR,DNK,EPP
116285,197555,AGAINST,DNK,RENEW
116285,197558,AGAINST,DNK,RENEW
116285,197567,FOR,DNK,RENEW
116285,197570,AGAINST,DNK,ID
116285,197571,FOR,DNK,GUE_NGL
116285,197573,FOR,DNK,GREEN_EFA
116285,199941,FOR,DNK,SD
116285,204331,AGAINST,DNK,RENEW
116286,28161,FOR,DNK,GREEN_EFA
116286,37312,FOR,DNK,SD
116286,96709,AGAINST,DNK,RENEW
116286,101585,FOR,DNK,SD
116286,124872,FOR,DNK,RENEW
116286,197515,FOR,DNK,EPP
116286,197555,AGAINST,DNK,RENEW
116286,197558,AGAINST,DNK,RENEW
116286,197567,FOR,DNK,RENEW
116286,197570,AGAINST,DNK,ID
116286,197571,FOR,DNK,GUE_NGL
116286,197573,FOR,DNK,GREEN_EFA
116286,199941,FOR,DNK,SD
116286,204331,AGAINST,DNK,RENEW
116287,28161,FOR,DNK,GREEN_EFA
116287,37312,FOR,DNK,SD
116287,96709,FOR,DNK,RENEW
116287,101585,FOR,DNK,SD
116287,124872,FOR,DNK,RENEW
116287,197515,FOR,DNK,EPP
116287,197555,FOR,DNK,RENEW
116287,197558,FOR,DNK,RENEW
116287,197567,FOR,DNK,RENEW
116287,197570,FOR,DNK,ID
116287,197571,ABSTENTION,DNK,GUE_NGL
116287,197573,FOR,DNK,GREEN_EFA
116287,199941,FOR,DNK,SD
116287,204331,FOR,DNK,RENEW
116290,28161,AGAINST,DNK,GREEN_EFA
116290,37312,FOR,DNK,SD
116290,96709,FOR,DNK,RENEW
116290,101585,FOR,DNK,SD
116290,124872,FOR,DNK,RENEW
116290,197515,FOR,DNK,EPP
116290,197555,FOR,DNK,RENEW
116290,197558,FOR,DNK,RENEW
116290,197567,FOR,DNK,RENEW
116290,197570,FOR,DNK,ID
116290,197571,AGAINST,DNK,GUE_NGL
116290,197573,AGAINST,DNK,GREEN_EFA
116290,199941,FOR,DNK,SD
116290,204331,FOR,DNK,RENEW
116291,28161,FOR,DNK,GREEN_EFA
116291,37312,FOR,DNK,SD
116291,96709,FOR,DNK,RENEW
116291,101585,FOR,DNK,SD
116291,124872,FOR,DNK,RENEW
116291,197515,FOR,DNK,EPP
116291,197555,FOR,DNK,RENEW
116291,197558,FOR,DNK,RENEW
116291,197567,FOR,DNK,RENEW
116291,197570,FOR,DNK,ID
116291,197571,FOR,DNK,GUE_NGL
116291,197573,FOR,DNK,GREEN_EFA
116291,199941,FOR,DNK,SD
116291,204331,FOR,DNK,RENEW
116294,28161,FOR,DNK,GREEN_EFA
116294,37312,FOR,DNK,SD
116294,96709,FOR,DNK,RENEW
116294,101585,FOR,DNK,SD
116294,124872,FOR,DNK,RENEW
116294,197515,FOR,DNK,EPP
116294,197555,FOR,DNK,RENEW
116294,197558,FOR,DNK,RENEW
116294,197567,FOR,DNK,RENEW
116294,197570,FOR,DNK,ID
116294,197571,FOR,DNK,GUE_NGL
116294,197573,FOR,DNK,GREEN_EFA
116294,199941,FOR,DNK,SD
116294,204331,FOR,DNK,RENEW
116295,28161,FOR,DNK,GREEN_EFA
116295,37312,FOR,DNK,SD
116295,96709,FOR,DNK,RENEW
116295,101585,FOR,DNK,SD
116295,124872,FOR,DNK,RENEW
116295,197515,FOR,DNK,EPP
116295,197555,FOR,DNK,RENEW
116295,197558,FOR,DNK,RENEW
116295,197567,FOR,DNK,RENEW
116295,197570,AGAINST,DNK,ID
116295,197571,FOR,DNK,GUE_NGL
116295,197573,FOR,DNK,GREEN_EFA
116295,199941,FOR,DNK,SD
116295,204331,FOR,DNK,RENEW
116296,28161,FOR,DNK,GREEN_EFA
116296,37312,FOR,DNK,SD
116296,96709,FOR,DNK,RENEW
116296,101585,FOR,DNK,SD
116296,124872,FOR,DNK,RENEW
116296,197515,FOR,DNK,EPP
116296,197555,FOR,DNK,RENEW
116296,197558,FOR,DNK,RENEW
116296,197567,FOR,DNK,RENEW
116296,197570,FOR,DNK,ID
116296,197571,FOR,DNK,GUE_NGL
116296,197573,FOR,DNK,GREEN_EFA
116296,199941,FOR,DNK,SD
116296,204331,FOR,DNK,RENEW
116298,28161,FOR,DNK,GREEN_EFA
116298,37312,FOR,DNK,SD
116298,96709,FOR,DNK,RENEW
116298,101585,FOR,DNK,SD
116298,124872,FOR,DNK,RENEW
116298,197515,FOR,DNK,EPP
116298,197555,FOR,DNK,RENEW
116298,197558,FOR,DNK,RENEW
116298,197567,FOR,DNK,RENEW
116298,197570,FOR,DNK,ID
116298,197571,AGAINST,DNK,GUE_NGL
116298,197573,FOR,DNK,GREEN_EFA
116298,199941,FOR,DNK,SD
116298,204331,FOR,DNK,RENEW
116299,28161,ABSTENTION,DNK,GREEN_EFA
116299,37312,FOR,DNK,SD
116299,96709,FOR,DNK,RENEW
116299,101585,FOR,DNK,SD
116299,124872,FOR,DNK,RENEW
116299,197515,FOR,DNK,EPP
116299,197555,FOR,DNK,RENEW
116299,197558,FOR,DNK,RENEW
116299,197567,FOR,DNK,RENEW
116299,197570,AGAINST,DNK,ID
116299,197571,AGAINST,DNK,GUE_NGL
116299,197573,ABSTENTION,DNK,GREEN_EFA
116299,199941,FOR,DNK,SD
116299,204331,FOR,DNK,RENEW
116401,28161,FOR,DNK,GREEN_EFA
116401,37312,AGAINST,DNK,SD
116401,96709,AGAINST,DNK,RENEW
116401,101585,AGAINST,DNK,SD
116401,124872,FOR,DNK,RENEW
116401,197515,FOR,DNK,EPP
116401,197555,AGAINST,DNK,RENEW
116401,197558,AGAINST,DNK,RENEW
116401,197567,FOR,DNK,RENEW
116401,197570,AGAINST,DNK,ID
116401,197571,AGAINST,DNK,GUE_NGL
116401,197573,FOR,DNK,GREEN_EFA
116401,199941,AGAINST,DNK,SD
116401,204331,AGAINST,DNK,RENEW
116785,28161,FOR,DNK,GREEN_EFA
116785,37312,FOR,DNK,SD
116785,96709,FOR,DNK,RENEW
116785,101585,FOR,DNK,SD
116785,124872,FOR,DNK,RENEW
116785,197515,FOR,DNK,EPP
116785,197555,FOR,DNK,RENEW
116785,197558,FOR,DNK,RENEW
116785,197567,FOR,DNK,RENEW
116785,197570,FOR,DNK,ID
116785,197571,FOR,DNK,GUE_NGL
116785,197573,FOR,DNK,GREEN_EFA
116785,199941,FOR,DNK,SD
116785,204331,FOR,DNK,RENEW
116786,28161,AGAINST,DNK,GREEN_EFA
116786,37312,FOR,DNK,SD
116786,96709,FOR,DNK,RENEW
116786,101585,FOR,DNK,SD
116786,124872,FOR,DNK,RENEW
116786,197515,ABSTENTION,DNK,EPP
116786,197555,FOR,DNK,RENEW
116786,197558,FOR,DNK,RENEW
116786,197567,FOR,DNK,RENEW
116786,197570,AGAINST,DNK,ID
116786,197571,AGAINST,DNK,GUE_NGL
116786,197573,AGAINST,DNK,GREEN_EFA
116786,199941,FOR,DNK,SD
116786,204331,FOR,DNK,RENEW
117083,28161,FOR,DNK,GREEN_EFA
117083,37312,FOR,DNK,SD
117083,96709,FOR,DNK,RENEW
117083,101585,FOR,DNK,SD
117083,124872,FOR,DNK,RENEW
117083,197515,FOR,DNK,EPP
117083,197555,FOR,DNK,RENEW
117083,197558,FOR,DNK,RENEW
117083,197567,FOR,DNK,RENEW
117083,197570,ABSTENTION,DNK,ID
117083,197571,FOR,DNK,GUE_NGL
117083,197573,FOR,DNK,GREEN_EFA
117083,199941,FOR,DNK,SD
117083,204331,FOR,DNK,RENEW
117085,28161,FOR,DNK,GREEN_EFA
117085,37312,FOR,DNK,SD
117085,96709,ABSTENTION,DNK,RENEW
117085,101585,FOR,DNK,SD
117085,124872,FOR,DNK,RENEW
117085,197515,FOR,DNK,EPP
117085,197555,ABSTENTION,DNK,RENEW
117085,197558,ABSTENTION,DNK,RENEW
117085,197567,FOR,DNK,RENEW
117085,197570,FOR,DNK,ID
117085,197571,FOR,DNK,GUE_NGL
117085,197573,FOR,DNK,GREEN_EFA
117085,199941,FOR,DNK,SD
117085,204331,ABSTENTION,DNK,RENEW
117088,28161,FOR,DNK,GREEN_EFA
117088,37312,FOR,DNK,SD
117088,96709,FOR,DNK,RENEW
117088,101585,FOR,DNK,SD
117088,124872,FOR,DNK,RENEW
117088,197515,FOR,DNK,EPP
117088,197555,FOR,DNK,RENEW
117088,197558,FOR,DNK,RENEW
117088,197567,FOR,DNK,RENEW
117088,197570,ABSTENTION,DNK,ID
117088,197571,ABSTENTION,DNK,GUE_NGL
117088,197573,FOR,DNK,GREEN_EFA
117088,199941,FOR,DNK,SD
117088,204331,FOR,DNK,RENEW
117090,28161,FOR,DNK,GREEN_EFA
117090,37312,FOR,DNK,SD
117090,96709,FOR,DNK,RENEW
117090,101585,FOR,DNK,SD
117090,124872,FOR,DNK,RENEW
117090,197515,FOR,DNK,EPP
117090,197555,FOR,DNK,RENEW
117090,197558,FOR,DNK,RENEW
117090,197567,FOR,DNK,RENEW
117090,197570,FOR,DNK,ID
117090,197571,ABSTENTION,DNK,GUE_NGL
117090,197573,FOR,DNK,GREEN_EFA
117090,199941,FOR,DNK,SD
117090,204331,FOR,DNK,RENEW
117092,28161,AGAINST,DNK,GREEN_EFA
117092,37312,AGAINST,DNK,SD
117092,96709,ABSTENTION,DNK,RENEW
117092,101585,AGAINST,DNK,SD
117092,124872,ABSTENTION,DNK,RENEW
117092,197515,FOR,DNK,EPP
117092,197555,ABSTENTION,DNK,RENEW
117092,197558,ABSTENTION,DNK,RENEW
117092,197567,AGAINST,DNK,RENEW
117092,197570,ABSTENTION,DNK,ID
117092,197571,AGAINST,DNK,GUE_NGL
117092,197573,AGAINST,DNK,GREEN_EFA
117092,199941,AGAINST,DNK,SD
117092,204331,ABSTENTION,DNK,RENEW
117094,28161,FOR,DNK,GREEN_EFA
117094,37312,FOR,DNK,SD
117094,96709,FOR,DNK,RENEW
117094,101585,FOR,DNK,SD
117094,124872,FOR,DNK,RENEW
117094,197515,ABSTENTION,DNK,EPP
117094,197555,FOR,DNK,RENEW
117094,197558,FOR,DNK,RENEW
117094,197567,FOR,DNK,RENEW
117094,197570,FOR,DNK,ID
117094,197571,ABSTENTION,DNK,GUE_NGL
117094,197573,FOR,DNK,GREEN_EFA
117094,199941,FOR,DNK,SD
117094,204331,FOR,DNK,RENEW
117267,28161,FOR,DNK,GREEN_EFA
117267,37312,FOR,DNK,SD
117267,96709,FOR,DNK,RENEW
117267,101585,FOR,DNK,SD
117267,124872,FOR,DNK,RENEW
117267,197515,FOR,DNK,EPP
117267,197555,FOR,DNK,RENEW
117267,197558,FOR,DNK,RENEW
117267,197567,FOR,DNK,RENEW
117267,197570,ABSTENTION,DNK,ID
117267,197571,FOR,DNK,GUE_NGL
117267,197573,FOR,DNK,GREEN_EFA
117267,199941,FOR,DNK,SD
117267,204331,FOR,DNK,RENEW
117268,28161,FOR,DNK,GREEN_EFA
117268,37312,FOR,DNK,SD
117268,96709,FOR,DNK,RENEW
117268,101585,FOR,DNK,SD
117268,124872,FOR,DNK,RENEW
117268,197515,FOR,DNK,EPP
117268,197555,FOR,DNK,RENEW
117268,197558,FOR,DNK,RENEW
117268,197567,FOR,DNK,RENEW
117268,197570,FOR,DNK,ID
117268,197571,FOR,DNK,GUE_NGL
117268,197573,FOR,DNK,GREEN_EFA
117268,199941,FOR,DNK,SD
117268,204331,FOR,DNK,RENEW
117269,28161,FOR,DNK,GREEN_EFA
117269,37312,FOR,DNK,SD
117269,96709,FOR,DNK,RENEW
117269,101585,FOR,DNK,SD
117269,124872,FOR,DNK,RENEW
117269,197515,FOR,DNK,EPP
117269,197555,FOR,DNK,RENEW
117269,197558,FOR,DNK,RENEW
117269,197567,FOR,DNK,RENEW
117269,197570,FOR,DNK,ID
117269,197571,FOR,DNK,GUE_NGL
117269,197573,FOR,DNK,GREEN_EFA
117269,199941,FOR,DNK,SD
117269,204331,FOR,DNK,RENEW
117270,28161,FOR,DNK,GREEN_EFA
117270,37312,FOR,DNK,SD
117270,96709,FOR,DNK,RENEW
117270,101585,FOR,DNK,SD
117270,124872,FOR,DNK,RENEW
117270,197515,FOR,DNK,EPP
117270,197555,FOR,DNK,RENEW
117270,197558,FOR,DNK,RENEW
117270,197567,FOR,DNK,RENEW
117270,197570,ABSTENTION,DNK,ID
117270,197571,FOR,DNK,GUE_NGL
117270,197573,FOR,DNK,GREEN_EFA
117270,199941,FOR,DNK,SD
117270,204331,FOR,DNK,RENEW
117271,28161,FOR,DNK,GREEN_EFA
117271,37312,ABSTENTION,DNK,SD
117271,96709,ABSTENTION,DNK,RENEW
117271,101585,ABSTENTION,DNK,SD
117271,124872,FOR,DNK,RENEW
117271,197515,FOR,DNK,EPP
117271,197555,ABSTENTION,DNK,RENEW
117271,197558,ABSTENTION,DNK,RENEW
117271,197567,FOR,DNK,RENEW
117271,197570,AGAINST,DNK,ID
117271,197571,FOR,DNK,GUE_NGL
117271,197573,FOR,DNK,GREEN_EFA
117271,199941,ABSTENTION,DNK,SD
117271,204331,ABSTENTION,DNK,RENEW
117272,28161,FOR,DNK,GREEN_EFA
117272,37312,FOR,DNK,SD
117272,96709,FOR,DNK,RENEW
117272,101585,FOR,DNK,SD
117272,124872,FOR,DNK,RENEW
117272,197515,FOR,DNK,EPP
117272,197555,FOR,DNK,RENEW
117272,197558,FOR,DNK,RENEW
117272,197567,FOR,DNK,RENEW
117272,197570,AGAINST,DNK,ID
117272,197571,FOR,DNK,GUE_NGL
117272,197573,FOR,DNK,GREEN_EFA
117272,199941,FOR,DNK,SD
117272,204331,FOR,DNK,RENEW
117273,28161,FOR,DNK,GREEN_EFA
117273,37312,FOR,DNK,SD
117273,96709,FOR,DNK,RENEW
117273,101585,FOR,DNK,SD
117273,124872,FOR,DNK,RENEW
117273,197515,FOR,DNK,EPP
117273,197555,FOR,DNK,RENEW
117273,197558,FOR,DNK,RENEW
117273,197567,FOR,DNK,RENEW
117273,197570,ABSTENTION,DNK,ID
117273,197571,FOR,DNK,GUE_NGL
117273,197573,FOR,DNK,GREEN_EFA
117273,199941,FOR,DNK,SD
117273,204331,FOR,DNK,RENEW
117274,28161,FOR,DNK,GREEN_EFA
117274,37312,FOR,DNK,SD
117274,96709,FOR,DNK,RENEW
117274,101585,FOR,DNK,SD
117274,124872,FOR,DNK,RENEW
117274,197515,FOR,DNK,EPP
117274,197555,FOR,DNK,RENEW
117274,197558,FOR,DNK,RENEW
117274,197567,FOR,DNK,RENEW
117274,197570,FOR,DNK,ID
117274,197571,FOR,DNK,GUE_NGL
117274,197573,FOR,DNK,GREEN_EFA
117274,199941,FOR,DNK,SD
117274,204331,FOR,DNK,RENEW
117276,28161,FOR,DNK,GREEN_EFA
117276,37312,FOR,DNK,SD
117276,96709,FOR,DNK,RENEW
117276,101585,FOR,DNK,SD
117276,124872,FOR,DNK,RENEW
117276,197515,FOR,DNK,EPP
117276,197555,FOR,DNK,RENEW
117276,197558,FOR,DNK,RENEW
117276,197567,FOR,DNK,RENEW
117276,197570,ABSTENTION,DNK,ID
117276,197571,FOR,DNK,GUE_NGL
117276,197573,FOR,DNK,GREEN_EFA
117276,199941,FOR,DNK,SD
117276,204331,FOR,DNK,RENEW
117277,28161,FOR,DNK,GREEN_EFA
117277,37312,FOR,DNK,SD
117277,96709,FOR,DNK,RENEW
117277,101585,FOR,DNK,SD
117277,124872,FOR,DNK,RENEW
117277,197515,FOR,DNK,EPP
117277,197555,FOR,DNK,RENEW
117277,197558,FOR,DNK,RENEW
117277,197567,FOR,DNK,RENEW
117277,197570,ABSTENTION,DNK,ID
117277,197571,FOR,DNK,GUE_NGL
117277,197573,FOR,DNK,GREEN_EFA
117277,199941,FOR,DNK,SD
117277,204331,FOR,DNK,RENEW
117278,28161,FOR,DNK,GREEN_EFA
117278,37312,FOR,DNK,SD
117278,96709,FOR,DNK,RENEW
117278,101585,FOR,DNK,SD
117278,124872,FOR,DNK,RENEW
117278,197515,FOR,DNK,EPP
117278,197555,FOR,DNK,RENEW
117278,197558,FOR,DNK,RENEW
117278,197567,FOR,DNK,RENEW
117278,197570,ABSTENTION,DNK,ID
117278,197571,FOR,DNK,GUE_NGL
117278,197573,FOR,DNK,GREEN_EFA
117278,199941,FOR,DNK,SD
117278,204331,FOR,DNK,RENEW
117279,28161,FOR,DNK,GREEN_EFA
117279,37312,FOR,DNK,SD
117279,96709,FOR,DNK,RENEW
117279,101585,FOR,DNK,SD
117279,124872,FOR,DNK,RENEW
117279,197515,FOR,DNK,EPP
117279,197555,FOR,DNK,RENEW
117279,197558,FOR,DNK,RENEW
117279,197567,FOR,DNK,RENEW
117279,197570,FOR,DNK,ID
117279,197571,FOR,DNK,GUE_NGL
117279,197573,FOR,DNK,GREEN_EFA
117279,199941,FOR,DNK,SD
117279,204331,FOR,DNK,RENEW
117281,28161,FOR,DNK,GREEN_EFA
117281,37312,FOR,DNK,SD
117281,96709,AGAINST,DNK,RENEW
117281,101585,FOR,DNK,SD
117281,124872,FOR,DNK,RENEW
117281,197515,AGAINST,DNK,EPP
117281,197555,AGAINST,DNK,RENEW
117281,197558,AGAINST,DNK,RENEW
117281,197567,FOR,DNK,RENEW
117281,197570,AGAINST,DNK,ID
117281,197571,FOR,DNK,GUE_NGL
117281,197573,FOR,DNK,GREEN_EFA
117281,199941,FOR,DNK,SD
117281,204331,AGAINST,DNK,RENEW
117282,28161,FOR,DNK,GREEN_EFA
117282,37312,ABSTENTION,DNK,SD
117282,96709,ABSTENTION,DNK,RENEW
117282,101585,ABSTENTION,DNK,SD
117282,124872,FOR,DNK,RENEW
117282,197515,FOR,DNK,EPP
117282,197555,ABSTENTION,DNK,RENEW
117282,197558,ABSTENTION,DNK,RENEW
117282,197567,FOR,DNK,RENEW
117282,197570,AGAINST,DNK,ID
117282,197571,FOR,DNK,GUE_NGL
117282,197573,FOR,DNK,GREEN_EFA
117282,199941,ABSTENTION,DNK,SD
117282,204331,ABSTENTION,DNK,RENEW
117283,28161,FOR,DNK,GREEN_EFA
117283,37312,FOR,DNK,SD
117283,96709,FOR,DNK,RENEW
117283,101585,FOR,DNK,SD
117283,124872,FOR,DNK,RENEW
117283,197515,FOR,DNK,EPP
117283,197555,FOR,DNK,RENEW
117283,197558,FOR,DNK,RENEW
117283,197567,FOR,DNK,RENEW
117283,197570,ABSTENTION,DNK,ID
117283,197571,FOR,DNK,GUE_NGL
117283,197573,FOR,DNK,GREEN_EFA
117283,199941,FOR,DNK,SD
117283,204331,FOR,DNK,RENEW
117284,28161,FOR,DNK,GREEN_EFA
117284,37312,FOR,DNK,SD
117284,96709,FOR,DNK,RENEW
117284,101585,FOR,DNK,SD
117284,124872,FOR,DNK,RENEW
117284,197515,FOR,DNK,EPP
117284,197555,FOR,DNK,RENEW
117284,197558,FOR,DNK,RENEW
117284,197567,FOR,DNK,RENEW
117284,197570,FOR,DNK,ID
117284,197571,FOR,DNK,GUE_NGL
117284,197573,FOR,DNK,GREEN_EFA
117284,199941,FOR,DNK,SD
117284,204331,FOR,DNK,RENEW
118191,28161,FOR,DNK,GREEN_EFA
118191,37312,FOR,DNK,SD
118191,96709,FOR,DNK,RENEW
118191,101585,FOR,DNK,SD
118191,124872,FOR,DNK,RENEW
118191,197515,FOR,DNK,EPP
118191,197555,FOR,DNK,RENEW
118191,197558,FOR,DNK,RENEW
118191,197567,FOR,DNK,RENEW
118191,197570,ABSTENTION,DNK,ID
118191,197571,FOR,DNK,GUE_NGL
118191,197573,FOR,DNK,GREEN_EFA
118191,199941,FOR,DNK,SD
118191,204331,FOR,DNK,RENEW
118192,28161,FOR,DNK,GREEN_EFA
118192,37312,FOR,DNK,SD
118192,96709,ABSTENTION,DNK,RENEW
118192,101585,FOR,DNK,SD
118192,124872,ABSTENTION,DNK,RENEW
118192,197515,FOR,DNK,EPP
118192,197555,ABSTENTION,DNK,RENEW
118192,197558,ABSTENTION,DNK,RENEW
118192,197567,ABSTENTION,DNK,RENEW
118192,197570,FOR,DNK,ID
118192,197571,AGAINST,DNK,GUE_NGL
118192,197573,FOR,DNK,GREEN_EFA
118192,199941,FOR,DNK,SD
118192,204331,ABSTENTION,DNK,RENEW
118521,28161,FOR,DNK,GREEN_EFA
118521,37312,FOR,DNK,SD
118521,96709,FOR,DNK,RENEW
118521,101585,FOR,DNK,SD
118521,124872,FOR,DNK,RENEW
118521,197515,FOR,DNK,EPP
118521,197555,FOR,DNK,RENEW
118521,197558,FOR,DNK,RENEW
118521,197567,FOR,DNK,RENEW
118521,197570,FOR,DNK,ID
118521,197571,FOR,DNK,GUE_NGL
118521,197573,FOR,DNK,GREEN_EFA
118521,199941,FOR,DNK,SD
118521,204331,FOR,DNK,RENEW
118523,28161,FOR,DNK,GREEN_EFA
118523,37312,FOR,DNK,SD
118523,96709,FOR,DNK,RENEW
118523,101585,FOR,DNK,SD
118523,124872,FOR,DNK,RENEW
118523,197515,FOR,DNK,EPP
118523,197555,FOR,DNK,RENEW
118523,197558,FOR,DNK,RENEW
118523,197567,FOR,DNK,RENEW
118523,197570,AGAINST,DNK,ID
118523,197571,AGAINST,DNK,GUE_NGL
118523,197573,FOR,DNK,GREEN_EFA
118523,199941,FOR,DNK,SD
118523,204331,FOR,DNK,RENEW
118524,28161,FOR,DNK,GREEN_EFA
118524,37312,FOR,DNK,SD
118524,96709,AGAINST,DNK,RENEW
118524,101585,FOR,DNK,SD
118524,124872,FOR,DNK,RENEW
118524,197515,ABSTENTION,DNK,EPP
118524,197555,AGAINST,DNK,RENEW
118524,197558,AGAINST,DNK,RENEW
118524,197567,FOR,DNK,RENEW
118524,197570,FOR,DNK,ID
118524,197571,FOR,DNK,GUE_NGL
118524,197573,FOR,DNK,GREEN_EFA
118524,199941,FOR,DNK,SD
118524,204331,AGAINST,DNK,RENEW
118525,28161,FOR,DNK,GREEN_EFA
118525,37312,FOR,DNK,SD
118525,96709,ABSTENTION,DNK,RENEW
118525,101585,FOR,DNK,SD
118525,124872,FOR,DNK,RENEW
118525,197515,FOR,DNK,EPP
118525,197555,ABSTENTION,DNK,RENEW
118525,197558,ABSTENTION,DNK,RENEW
118525,197567,FOR,DNK,RENEW
118525,197570,FOR,DNK,ID
118525,197571,FOR,DNK,GUE_NGL
118525,197573,FOR,DNK,GREEN_EFA
118525,199941,FOR,DNK,SD
118525,204331,FOR,DNK,RENEW
118526,28161,AGAINST,DNK,GREEN_EFA
118526,37312,AGAINST,DNK,SD
118526,96709,FOR,DNK,RENEW
118526,101585,AGAINST,DNK,SD
118526,124872,FOR,DNK,RENEW
118526,197515,FOR,DNK,EPP
118526,197555,FOR,DNK,RENEW
118526,197558,FOR,DNK,RENEW
118526,197567,FOR,DNK,RENEW
118526,197570,FOR,DNK,ID
118526,197571,AGAINST,DNK,GUE_NGL
118526,197573,AGAINST,DNK,GREEN_EFA
118526,199941,AGAINST,DNK,SD
118526,204331,FOR,DNK,RENEW
118582,28161,AGAINST,DNK,GREEN_EFA
118582,37312,AGAINST,DNK,SD
118582,96709,AGAINST,DNK,RENEW
118582,101585,AGAINST,DNK,SD
118582,124872,AGAINST,DNK,RENEW
118582,197515,AGAINST,DNK,EPP
118582,197555,AGAINST,DNK,RENEW
118582,197558,AGAINST,DNK,RENEW
118582,197567,AGAINST,DNK,RENEW
118582,197570,AGAINST,DNK,ID
118582,197571,FOR,DNK,GUE_NGL
118582,197573,AGAINST,DNK,GREEN_EFA
118582,199941,AGAINST,DNK,SD
118582,204331,AGAINST,DNK,RENEW
118624,28161,FOR,DNK,GREEN_EFA
118624,37312,FOR,DNK,SD
118624,96709,FOR,DNK,RENEW
118624,101585,FOR,DNK,SD
118624,124872,FOR,DNK,RENEW
118624,197515,FOR,DNK,EPP
118624,197555,FOR,DNK,RENEW
118624,197558,FOR,DNK,RENEW
118624,197567,FOR,DNK,RENEW
118624,197570,FOR,DNK,ID
118624,197571,FOR,DNK,GUE_NGL
118624,197573,FOR,DNK,GREEN_EFA
118624,199941,FOR,DNK,SD
118624,204331,FOR,DNK,RENEW
118625,28161,FOR,DNK,GREEN_EFA
118625,37312,FOR,DNK,SD
118625,96709,FOR,DNK,RENEW
118625,101585,FOR,DNK,SD
118625,124872,FOR,DNK,RENEW
118625,197515,FOR,DNK,EPP
118625,197555,FOR,DNK,RENEW
118625,197558,FOR,DNK,RENEW
118625,197567,FOR,DNK,RENEW
118625,197570,FOR,DNK,ID
118625,197571,FOR,DNK,GUE_NGL
118625,197573,FOR,DNK,GREEN_EFA
118625,199941,FOR,DNK,SD
118625,204331,FOR,DNK,RENEW
118626,28161,FOR,DNK,GREEN_EFA
118626,37312,FOR,DNK,SD
118626,96709,FOR,DNK,RENEW
118626,101585,FOR,DNK,SD
118626,124872,FOR,DNK,RENEW
118626,197515,FOR,DNK,EPP
118626,197555,FOR,DNK,RENEW
118626,197558,FOR,DNK,RENEW
118626,197567,FOR,DNK,RENEW
118626,197570,FOR,DNK,ID
118626,197571,FOR,DNK,GUE_NGL
118626,197573,FOR,DNK,GREEN_EFA
118626,199941,FOR,DNK,SD
118626,204331,FOR,DNK,RENEW
118627,28161,FOR,DNK,GREEN_EFA
118627,37312,FOR,DNK,SD
118627,96709,FOR,DNK,RENEW
118627,101585,FOR,DNK,SD
118627,124872,FOR,DNK,RENEW
118627,197515,AGAINST,DNK,EPP
118627,197555,FOR,DNK,RENEW
118627,197558,FOR,DNK,RENEW
118627,197567,FOR,DNK,RENEW
118627,197570,AGAINST,DNK,ID
118627,197571,FOR,DNK,GUE_NGL
118627,197573,FOR,DNK,GREEN_EFA
118627,199941,FOR,DNK,SD
118627,204331,FOR,DNK,RENEW
118628,28161,FOR,DNK,GREEN_EFA
118628,37312,FOR,DNK,SD
118628,96709,FOR,DNK,RENEW
118628,101585,FOR,DNK,SD
118628,124872,FOR,DNK,RENEW
118628,197515,FOR,DNK,EPP
118628,197555,FOR,DNK,RENEW
118628,197558,FOR,DNK,RENEW
118628,197567,FOR,DNK,RENEW
118628,197570,ABSTENTION,DNK,ID
118628,197571,FOR,DNK,GUE_NGL
118628,197573,FOR,DNK,GREEN_EFA
118628,199941,FOR,DNK,SD
118628,204331,FOR,DNK,RENEW
118629,28161,AGAINST,DNK,GREEN_EFA
118629,37312,FOR,DNK,SD
118629,96709,FOR,DNK,RENEW
118629,101585,FOR,DNK,SD
118629,124872,FOR,DNK,RENEW
118629,197515,FOR,DNK,EPP
118629,197555,FOR,DNK,RENEW
118629,197558,FOR,DNK,RENEW
118629,197567,FOR,DNK,RENEW
118629,197570,ABSTENTION,DNK,ID
118629,197571,AGAINST,DNK,GUE_NGL
118629,197573,AGAINST,DNK,GREEN_EFA
118629,199941,FOR,DNK,SD
118629,204331,FOR,DNK,RENEW
118630,28161,FOR,DNK,GREEN_EFA
118630,37312,FOR,DNK,SD
118630,96709,AGAINST,DNK,RENEW
118630,101585,FOR,DNK,SD
118630,124872,FOR,DNK,RENEW
118630,197515,AGAINST,DNK,EPP
118630,197555,AGAINST,DNK,RENEW
118630,197558,AGAINST,DNK,RENEW
118630,197567,FOR,DNK,RENEW
118630,197570,AGAINST,DNK,ID
118630,197571,ABSTENTION,DNK,GUE_NGL
118630,197573,FOR,DNK,GREEN_EFA
118630,199941,FOR,DNK,SD
118630,204331,AGAINST,DNK,RENEW
118631,28161,FOR,DNK,GREEN_EFA
118631,37312,FOR,DNK,SD
118631,96709,FOR,DNK,RENEW
118631,101585,FOR,DNK,SD
118631,124872,FOR,DNK,RENEW
118631,197515,FOR,DNK,EPP
118631,197555,FOR,DNK,RENEW
118631,197558,FOR,DNK,RENEW
118631,197567,FOR,DNK,RENEW
118631,197570,ABSTENTION,DNK,ID
118631,197571,FOR,DNK,GUE_NGL
118631,197573,FOR,DNK,GREEN_EFA
118631,199941,FOR,DNK,SD
118631,204331,FOR,DNK,RENEW
118632,28161,FOR,DNK,GREEN_EFA
118632,37312,FOR,DNK,SD
118632,96709,FOR,DNK,RENEW
118632,101585,FOR,DNK,SD
118632,124872,FOR,DNK,RENEW
118632,197515,FOR,DNK,EPP
118632,197555,FOR,DNK,RENEW
118632,197558,FOR,DNK,RENEW
118632,197567,FOR,DNK,RENEW
118632,197570,ABSTENTION,DNK,ID
118632,197571,FOR,DNK,GUE_NGL
118632,197573,FOR,DNK,GREEN_EFA
118632,199941,FOR,DNK,SD
118632,204331,FOR,DNK,RENEW
118633,28161,FOR,DNK,GREEN_EFA
118633,37312,FOR,DNK,SD
118633,96709,FOR,DNK,RENEW
118633,101585,FOR,DNK,SD
118633,124872,FOR,DNK,RENEW
118633,197515,FOR,DNK,EPP
118633,197555,FOR,DNK,RENEW
118633,197558,FOR,DNK,RENEW
118633,197567,FOR,DNK,RENEW
118633,197570,ABSTENTION,DNK,ID
118633,197571,FOR,DNK,GUE_NGL
118633,197573,FOR,DNK,GREEN_EFA
118633,199941,FOR,DNK,SD
118633,204331,FOR,DNK,RENEW
121819,28161,FOR,DNK,GREEN_EFA
121819,37312,FOR,DNK,SD
121819,96709,FOR,DNK,RENEW
121819,101585,FOR,DNK,SD
121819,124872,FOR,DNK,RENEW
121819,197515,FOR,DNK,EPP
121819,197555,FOR,DNK,RENEW
121819,197558,FOR,DNK,RENEW
121819,197567,FOR,DNK,RENEW
121819,197570,FOR,DNK,ID
121819,197571,FOR,DNK,GUE_NGL
121819,197573,FOR,DNK,GREEN_EFA
121819,199941,FOR,DNK,SD
121819,204331,FOR,DNK,RENEW
121820,28161,FOR,DNK,GREEN_EFA
121820,37312,FOR,DNK,SD
121820,96709,FOR,DNK,RENEW
121820,101585,FOR,DNK,SD
121820,124872,FOR,DNK,RENEW
121820,197515,FOR,DNK,EPP
121820,197555,FOR,DNK,RENEW
121820,197558,FOR,DNK,RENEW
121820,197567,FOR,DNK,RENEW
121820,197570,FOR,DNK,ID
121820,197571,FOR,DNK,GUE_NGL
121820,197573,FOR,DNK,GREEN_EFA
121820,199941,FOR,DNK,SD
121820,204331,FOR,DNK,RENEW
121822,28161,FOR,DNK,GREEN_EFA
121822,37312,FOR,DNK,SD
121822,96709,FOR,DNK,RENEW
121822,101585,FOR,DNK,SD
121822,124872,FOR,DNK,RENEW
121822,197515,FOR,DNK,EPP
121822,197555,FOR,DNK,RENEW
121822,197558,FOR,DNK,RENEW
121822,197567,FOR,DNK,RENEW
121822,197570,FOR,DNK,ID
121822,197571,ABSTENTION,DNK,GUE_NGL
121822,197573,FOR,DNK,GREEN_EFA
121822,199941,DID_NOT_VOTE,DNK,SD
121822,204331,FOR,DNK,RENEW
121828,28161,ABSTENTION,DNK,GREEN_EFA
121828,37312,FOR,DNK,SD
121828,96709,FOR,DNK,RENEW
121828,101585,FOR,DNK,SD
121828,124872,FOR,DNK,RENEW
121828,197515,FOR,DNK,EPP
121828,197555,ABSTENTION,DNK,RENEW
121828,197558,FOR,DNK,RENEW
121828,197567,FOR,DNK,RENEW
121828,197570,AGAINST,DNK,ID
121828,197571,AGAINST,DNK,GUE_NGL
121828,197573,ABSTENTION,DNK,GREEN_EFA
121828,199941,DID_NOT_VOTE,DNK,SD
121828,204331,FOR,DNK,RENEW
121829,28161,FOR,DNK,GREEN_EFA
121829,37312,FOR,DNK,SD
121829,96709,FOR,DNK,RENEW
121829,101585,FOR,DNK,SD
121829,124872,FOR,DNK,RENEW
121829,197515,FOR,DNK,EPP
121829,197555,FOR,DNK,RENEW
121829,197558,FOR,DNK,RENEW
121829,197567,FOR,DNK,RENEW
121829,197570,AGAINST,DNK,ID
121829,197571,ABSTENTION,DNK,GUE_NGL
121829,197573,FOR,DNK,GREEN_EFA
121829,199941,DID_NOT_VOTE,DNK,SD
121829,204331,FOR,DNK,RENEW
122255,28161,FOR,DNK,GREEN_EFA
122255,37312,FOR,DNK,SD
122255,96709,FOR,DNK,RENEW
122255,101585,FOR,DNK,SD
122255,124872,FOR,DNK,RENEW
122255,197515,FOR,DNK,EPP
122255,197555,FOR,DNK,RENEW
122255,197558,FOR,DNK,RENEW
122255,197567,FOR,DNK,RENEW
122255,197570,FOR,DNK,ID
122255,197571,FOR,DNK,GUE_NGL
122255,197573,FOR,DNK,GREEN_EFA
122255,199941,DID_NOT_VOTE,DNK,SD
122255,204331,FOR,DNK,RENEW
122256,28161,ABSTENTION,DNK,GREEN_EFA
122256,37312,FOR,DNK,SD
122256,96709,FOR,DNK,RENEW
122256,101585,FOR,DNK,SD
122256,124872,FOR,DNK,RENEW
122256,197515,FOR,DNK,EPP
122256,197555,FOR,DNK,RENEW
122256,197558,FOR,DNK,RENEW
122256,197567,FOR,DNK,RENEW
122256,197570,ABSTENTION,DNK,ID
122256,197571,FOR,DNK,GUE_NGL
122256,197573,ABSTENTION,DNK,GREEN_EFA
122256,199941,DID_NOT_VOTE,DNK,SD
122256,204331,FOR,DNK,RENEW
122257,28161,FOR,DNK,GREEN_EFA
122257,37312,FOR,DNK,SD
122257,96709,FOR,DNK,RENEW
122257,101585,FOR,DNK,SD
122257,124872,FOR,DNK,RENEW
122257,197515,FOR,DNK,EPP
122257,197555,FOR,DNK,RENEW
122257,197558,FOR,DNK,RENEW
122257,197567,FOR,DNK,RENEW
122257,197570,FOR,DNK,ID
122257,197571,ABSTENTION,DNK,GUE_NGL
122257,197573,FOR,DNK,GREEN_EFA
122257,199941,DID_NOT_VOTE,DNK,SD
122257,204331,FOR,DNK,RENEW
122258,28161,FOR,DNK,GREEN_EFA
122258,37312,FOR,DNK,SD
122258,96709,FOR,DNK,RENEW
122258,101585,FOR,DNK,SD
122258,124872,FOR,DNK,RENEW
122258,197515,FOR,DNK,EPP
122258,197555,FOR,DNK,RENEW
122258,197558,FOR,DNK,RENEW
122258,197567,FOR,DNK,RENEW
122258,197570,FOR,DNK,ID
122258,197571,ABSTENTION,DNK,GUE_NGL
122258,197573,FOR,DNK,GREEN_EFA
122258,199941,DID_NOT_VOTE,DNK,SD
122258,204331,FOR,DNK,RENEW
122259,28161,FOR,DNK,GREEN_EFA
122259,37312,FOR,DNK,SD
122259,96709,FOR,DNK,RENEW
122259,101585,FOR,DNK,SD
122259,124872,FOR,DNK,RENEW
122259,197515,FOR,DNK,EPP
122259,197555,FOR,DNK,RENEW
122259,197558,FOR,DNK,RENEW
122259,197567,FOR,DNK,RENEW
122259,197570,FOR,DNK,ID
122259,197571,AGAINST,DNK,GUE_NGL
122259,197573,FOR,DNK,GREEN_EFA
122259,199941,DID_NOT_VOTE,DNK,SD
122259,204331,FOR,DNK,RENEW
123171,28161,FOR,DNK,GREEN_EFA
123171,37312,FOR,DNK,SD
123171,96709,FOR,DNK,RENEW
123171,101585,FOR,DNK,SD
123171,124872,FOR,DNK,RENEW
123171,197515,FOR,DNK,EPP
123171,197555,FOR,DNK,RENEW
123171,197558,FOR,DNK,RENEW
123171,197567,FOR,DNK,RENEW
123171,197570,ABSTENTION,DNK,ID
123171,197571,FOR,DNK,GUE_NGL
123171,197573,FOR,DNK,GREEN_EFA
123171,199941,FOR,DNK,SD
123171,204331,FOR,DNK,RENEW
123172,28161,FOR,DNK,GREEN_EFA
123172,37312,FOR,DNK,SD
123172,96709,FOR,DNK,RENEW
123172,101585,FOR,DNK,SD
123172,124872,FOR,DNK,RENEW
123172,197515,FOR,DNK,EPP
123172,197555,FOR,DNK,RENEW
123172,197558,FOR,DNK,RENEW
123172,197567,FOR,DNK,RENEW
123172,197570,ABSTENTION,DNK,ID
123172,197571,FOR,DNK,GUE_NGL
123172,197573,FOR,DNK,GREEN_EFA
123172,199941,FOR,DNK,SD
123172,204331,FOR,DNK,RENEW
123176,28161,AGAINST,DNK,GREEN_EFA
123176,37312,FOR,DNK,SD
123176,96709,ABSTENTION,DNK,RENEW
123176,101585,FOR,DNK,SD
123176,124872,FOR,DNK,RENEW
123176,197515,AGAINST,DNK,EPP
123176,197555,ABSTENTION,DNK,RENEW
123176,197558,ABSTENTION,DNK,RENEW
123176,197567,FOR,DNK,RENEW
123176,197570,AGAINST,DNK,ID
123176,197571,AGAINST,DNK,GUE_NGL
123176,197573,AGAINST,DNK,GREEN_EFA
123176,199941,FOR,DNK,SD
123176,204331,ABSTENTION,DNK,RENEW
123177,28161,FOR,DNK,GREEN_EFA
123177,37312,ABSTENTION,DNK,SD
123177,96709,ABSTENTION,DNK,RENEW
123177,101585,ABSTENTION,DNK,SD
123177,124872,FOR,DNK,RENEW
123177,197515,AGAINST,DNK,EPP
123177,197555,ABSTENTION,DNK,RENEW
123177,197558,ABSTENTION,DNK,RENEW
123177,197567,FOR,DNK,RENEW
123177,197570,AGAINST,DNK,ID
123177,197571,FOR,DNK,GUE_NGL
123177,197573,FOR,DNK,GREEN_EFA
123177,199941,ABSTENTION,DNK,SD
123177,204331,ABSTENTION,DNK,RENEW
124011,28161,FOR,DNK,GREEN_EFA
124011,37312,FOR,DNK,SD
124011,96709,ABSTENTION,DNK,RENEW
124011,101585,FOR,DNK,SD
124011,124872,FOR,DNK,RENEW
124011,197515,ABSTENTION,DNK,EPP
124011,197555,ABSTENTION,DNK,RENEW
124011,197558,ABSTENTION,DNK,RENEW
124011,197567,FOR,DNK,RENEW
124011,197570,ABSTENTION,DNK,ID
124011,197571,FOR,DNK,GUE_NGL
124011,197573,FOR,DNK,GREEN_EFA
124011,199941,FOR,DNK,SD
124011,204331,FOR,DNK,RENEW
124013,28161,FOR,DNK,GREEN_EFA
124013,37312,FOR,DNK,SD
124013,96709,ABSTENTION,DNK,RENEW
124013,101585,FOR,DNK,SD
124013,124872,FOR,DNK,RENEW
124013,197515,FOR,DNK,EPP
124013,197555,ABSTENTION,DNK,RENEW
124013,197558,ABSTENTION,DNK,RENEW
124013,197567,FOR,DNK,RENEW
124013,197570,ABSTENTION,DNK,ID
124013,197571,FOR,DNK,GUE_NGL
124013,197573,FOR,DNK,GREEN_EFA
124013,199941,FOR,DNK,SD
124013,204331,ABSTENTION,DNK,RENEW
124015,28161,AGAINST,DNK,GREEN_EFA
124015,37312,ABSTENTION,DNK,SD
124015,96709,FOR,DNK,RENEW
124015,101585,ABSTENTION,DNK,SD
124015,124872,AGAINST,DNK,RENEW
124015,197515,FOR,DNK,EPP
124015,197555,FOR,DNK,RENEW
124015,197558,FOR,DNK,RENEW
124015,197567,AGAINST,DNK,RENEW
124015,197570,FOR,DNK,ID
124015,197571,AGAINST,DNK,GUE_NGL
124015,197573,AGAINST,DNK,GREEN_EFA
124015,199941,ABSTENTION,DNK,SD
124015,204331,FOR,DNK,RENEW
124017,28161,AGAINST,DNK,GREEN_EFA
124017,37312,FOR,DNK,SD
124017,96709,AGAINST,DNK,RENEW
124017,101585,FOR,DNK,SD
124017,124872,AGAINST,DNK,RENEW
124017,197515,FOR,DNK,EPP
124017,197555,AGAINST,DNK,RENEW
124017,197558,AGAINST,DNK,RENEW
124017,197567,AGAINST,DNK,RENEW
124017,197570,ABSTENTION,DNK,ID
124017,197571,AGAINST,DNK,GUE_NGL
124017,197573,AGAINST,DNK,GREEN_EFA
124017,199941,FOR,DNK,SD
124017,204331,AGAINST,DNK,RENEW
124019,28161,AGAINST,DNK,GREEN_EFA
124019,37312,AGAINST,DNK,SD
124019,96709,AGAINST,DNK,RENEW
124019,101585,AGAINST,DNK,SD
124019,124872,ABSTENTION,DNK,RENEW
124019,197515,FOR,DNK,EPP
124019,197555,AGAINST,DNK,RENEW
124019,197558,AGAINST,DNK,RENEW
124019,197567,ABSTENTION,DNK,RENEW
124019,197570,FOR,DNK,ID
124019,197571,AGAINST,DNK,GUE_NGL
124019,197573,AGAINST,DNK,GREEN_EFA
124019,199941,AGAINST,DNK,SD
124019,204331,AGAINST,DNK,RENEW
124723,28161,FOR,DNK,GREEN_EFA
124723,37312,FOR,DNK,SD
124723,96709,AGAINST,DNK,RENEW
124723,101585,FOR,DNK,SD
124723,124872,AGAINST,DNK,RENEW
124723,197515,AGAINST,DNK,EPP
124723,197555,AGAINST,DNK,RENEW
124723,197558,AGAINST,DNK,RENEW
124723,197567,FOR,DNK,RENEW
124723,197570,FOR,DNK,ID
124723,197571,FOR,DNK,GUE_NGL
124723,197573,FOR,DNK,GREEN_EFA
124723,199941,FOR,DNK,SD
124723,204331,AGAINST,DNK,RENEW
124724,28161,FOR,DNK,GREEN_EFA
124724,37312,FOR,DNK,SD
124724,96709,AGAINST,DNK,RENEW
124724,101585,FOR,DNK,SD
124724,124872,AGAINST,DNK,RENEW
124724,197515,AGAINST,DNK,EPP
124724,197555,AGAINST,DNK,RENEW
124724,197558,AGAINST,DNK,RENEW
124724,197567,FOR,DNK,RENEW
124724,197570,FOR,DNK,ID
124724,197571,FOR,DNK,GUE_NGL
124724,197573,FOR,DNK,GREEN_EFA
124724,199941,FOR,DNK,SD
124724,204331,AGAINST,DNK,RENEW
124725,28161,FOR,DNK,GREEN_EFA
124725,37312,FOR,DNK,SD
124725,96709,FOR,DNK,RENEW
124725,101585,FOR,DNK,SD
124725,124872,FOR,DNK,RENEW
124725,197515,AGAINST,DNK,EPP
124725,197555,FOR,DNK,RENEW
124725,197558,FOR,DNK,RENEW
124725,197567,FOR,DNK,RENEW
124725,197570,FOR,DNK,ID
124725,197571,FOR,DNK,GUE_NGL
124725,197573,FOR,DNK,GREEN_EFA
124725,199941,FOR,DNK,SD
124725,204331,FOR,DNK,RENEW
124733,28161,FOR,DNK,GREEN_EFA
124733,37312,AGAINST,DNK,SD
124733,96709,AGAINST,DNK,RENEW
124733,101585,AGAINST,DNK,SD
124733,124872,FOR,DNK,RENEW
124733,197515,FOR,DNK,EPP
124733,197555,AGAINST,DNK,RENEW
124733,197558,AGAINST,DNK,RENEW
124733,197567,FOR,DNK,RENEW
124733,197570,AGAINST,DNK,ID
124733,197571,AGAINST,DNK,GUE_NGL
124733,197573,FOR,DNK,GREEN_EFA
124733,199941,AGAINST,DNK,SD
124733,204331,AGAINST,DNK,RENEW
124734,28161,FOR,DNK,GREEN_EFA
124734,37312,FOR,DNK,SD
124734,96709,FOR,DNK,RENEW
124734,101585,FOR,DNK,SD
124734,124872,FOR,DNK,RENEW
124734,197515,FOR,DNK,EPP
124734,197555,FOR,DNK,RENEW
124734,197558,FOR,DNK,RENEW
124734,197567,FOR,DNK,RENEW
124734,197570,FOR,DNK,ID
124734,197571,FOR,DNK,GUE_NGL
124734,197573,FOR,DNK,GREEN_EFA
124734,199941,FOR,DNK,SD
124734,204331,FOR,DNK,RENEW
124864,28161,FOR,DNK,GREEN_EFA
124864,37312,FOR,DNK,SD
124864,96709,FOR,DNK,RENEW
124864,101585,FOR,DNK,SD
124864,124872,FOR,DNK,RENEW
124864,197515,FOR,DNK,EPP
124864,197555,FOR,DNK,RENEW
124864,197558,FOR,DNK,RENEW
124864,197567,FOR,DNK,RENEW
124864,197570,ABSTENTION,DNK,ID
124864,197571,FOR,DNK,GUE_NGL
124864,197573,FOR,DNK,GREEN_EFA
124864,199941,FOR,DNK,SD
124864,204331,FOR,DNK,RENEW
124866,28161,FOR,DNK,GREEN_EFA
124866,37312,FOR,DNK,SD
124866,96709,ABSTENTION,DNK,RENEW
124866,101585,FOR,DNK,SD
124866,124872,FOR,DNK,RENEW
124866,197515,FOR,DNK,EPP
124866,197555,ABSTENTION,DNK,RENEW
124866,197558,ABSTENTION,DNK,RENEW
124866,197567,FOR,DNK,RENEW
124866,197570,FOR,DNK,ID
124866,197571,ABSTENTION,DNK,GUE_NGL
124866,197573,FOR,DNK,GREEN_EFA
124866,199941,FOR,DNK,SD
124866,204331,ABSTENTION,DNK,RENEW
124868,28161,AGAINST,DNK,GREEN_EFA
124868,37312,FOR,DNK,SD
124868,96709,FOR,DNK,RENEW
124868,101585,FOR,DNK,SD
124868,124872,FOR,DNK,RENEW
124868,197515,FOR,DNK,EPP
124868,197555,FOR,DNK,RENEW
124868,197558,FOR,DNK,RENEW
124868,197567,FOR,DNK,RENEW
124868,197570,ABSTENTION,DNK,ID
124868,197571,ABSTENTION,DNK,GUE_NGL
124868,197573,AGAINST,DNK,GREEN_EFA
124868,199941,FOR,DNK,SD
124868,204331,FOR,DNK,RENEW
124870,28161,FOR,DNK,GREEN_EFA
124870,37312,FOR,DNK,SD
124870,96709,FOR,DNK,RENEW
124870,101585,FOR,DNK,SD
124870,124872,FOR,DNK,RENEW
124870,197515,FOR,DNK,EPP
124870,197555,FOR,DNK,RENEW
124870,197558,FOR,DNK,RENEW
124870,197567,FOR,DNK,RENEW
124870,197570,AGAINST,DNK,ID
124870,197571,FOR,DNK,GUE_NGL
124870,197573,FOR,DNK,GREEN_EFA
124870,199941,FOR,DNK,SD
124870,204331,FOR,DNK,RENEW
125185,28161,AGAINST,DNK,GREEN_EFA
125185,37312,AGAINST,DNK,SD
125185,96709,AGAINST,DNK,RENEW
125185,101585,AGAINST,DNK,SD
125185,124872,AGAINST,DNK,RENEW
125185,197515,AGAINST,DNK,EPP
125185,197555,ABSTENTION,DNK,RENEW
125185,197558,AGAINST,DNK,RENEW
125185,197567,AGAINST,DNK,RENEW
125185,197570,ABSTENTION,DNK,ID
125185,197571,AGAINST,DNK,GUE_NGL
125185,197573,AGAINST,DNK,GREEN_EFA
125185,199941,AGAINST,DNK,SD
125185,204331,AGAINST,DNK,RENEW
125362,28161,AGAINST,DNK,GREEN_EFA
125362,37312,ABSTENTION,DNK,SD
125362,96709,FOR,DNK,RENEW
125362,101585,ABSTENTION,DNK,SD
125362,124872,FOR,DNK,RENEW
125362,197515,FOR,DNK,EPP
125362,197555,FOR,DNK,RENEW
125362,197558,FOR,DNK,RENEW
125362,197567,FOR,DNK,RENEW
125362,197570,FOR,DNK,ID
125362,197571,AGAINST,DNK,GUE_NGL
125362,197573,AGAINST,DNK,GREEN_EFA
125362,199941,ABSTENTION,DNK,SD
125362,204331,FOR,DNK,RENEW
125364,28161,FOR,DNK,GREEN_EFA
125364,37312,FOR,DNK,SD
125364,96709,AGAINST,DNK,RENEW
125364,101585,FOR,DNK,SD
125364,124872,FOR,DNK,RENEW
125364,197515,FOR,DNK,EPP
125364,197555,FOR,DNK,RENEW
125364,197558,AGAINST,DNK,RENEW
125364,197567,FOR,DNK,RENEW
125364,197570,FOR,DNK,ID
125364,197571,FOR,DNK,GUE_NGL
125364,197573,FOR,DNK,GREEN_EFA
125364,199941,FOR,DNK,SD
125364,204331,AGAINST,DNK,RENEW
125365,28161,FOR,DNK,GREEN_EFA
125365,37312,FOR,DNK,SD
125365,96709,FOR,DNK,RENEW
125365,101585,FOR,DNK,SD
125365,124872,FOR,DNK,RENEW
125365,197515,FOR,DNK,EPP
125365,197555,FOR,DNK,RENEW
125365,197558,FOR,DNK,RENEW
125365,197567,FOR,DNK,RENEW
125365,197570,FOR,DNK,ID
125365,197571,FOR,DNK,GUE_NGL
125365,197573,FOR,DNK,GREEN_EFA
125365,199941,FOR,DNK,SD
125365,204331,FOR,DNK,RENEW
125366,28161,FOR,DNK,GREEN_EFA
125366,37312,FOR,DNK,SD
125366,96709,FOR,DNK,RENEW
125366,101585,FOR,DNK,SD
125366,124872,FOR,DNK,RENEW
125366,197515,FOR,DNK,EPP
125366,197555,FOR,DNK,RENEW
125366,197558,FOR,DNK,RENEW
125366,197567,FOR,DNK,RENEW
125366,197570,ABSTENTION,DNK,ID
125366,197571,FOR,DNK,GUE_NGL
125366,197573,FOR,DNK,GREEN_EFA
125366,199941,FOR,DNK,SD
125366,204331,FOR,DNK,RENEW
125367,28161,FOR,DNK,GREEN_EFA
125367,37312,FOR,DNK,SD
125367,96709,AGAINST,DNK,RENEW
125367,101585,FOR,DNK,SD
125367,124872,FOR,DNK,RENEW
125367,197515,FOR,DNK,EPP
125367,197555,AGAINST,DNK,RENEW
125367,197558,AGAINST,DNK,RENEW
125367,197567,FOR,DNK,RENEW
125367,197570,ABSTENTION,DNK,ID
125367,197571,AGAINST,DNK,GUE_NGL
125367,197573,FOR,DNK,GREEN_EFA
125367,199941,FOR,DNK,SD
125367,204331,AGAINST,DNK,RENEW
125368,28161,FOR,DNK,GREEN_EFA
125368,37312,ABSTENTION,DNK,SD
125368,96709,ABSTENTION,DNK,RENEW
125368,101585,ABSTENTION,DNK,SD
125368,124872,FOR,DNK,RENEW
125368,197515,FOR,DNK,EPP
125368,197555,AGAINST,DNK,RENEW
125368,197558,ABSTENTION,DNK,RENEW
125368,197567,FOR,DNK,RENEW
125368,197570,AGAINST,DNK,ID
125368,197571,AGAINST,DNK,GUE_NGL
125368,197573,FOR,DNK,GREEN_EFA
125368,199941,ABSTENTION,DNK,SD
125368,204331,ABSTENTION,DNK,RENEW
125369,28161,AGAINST,DNK,GREEN_EFA
125369,37312,FOR,DNK,SD
125369,96709,FOR,DNK,RENEW
125369,101585,FOR,DNK,SD
125369,124872,FOR,DNK,RENEW
125369,197515,FOR,DNK,EPP
125369,197555,FOR,DNK,RENEW
125369,197558,FOR,DNK,RENEW
125369,197567,AGAINST,DNK,RENEW
125369,197570,FOR,DNK,ID
125369,197571,AGAINST,DNK,GUE_NGL
125369,197573,AGAINST,DNK,GREEN_EFA
125369,199941,FOR,DNK,SD
125369,204331,FOR,DNK,RENEW
125371,28161,FOR,DNK,GREEN_EFA
125371,37312,FOR,DNK,SD
125371,96709,FOR,DNK,RENEW
125371,101585,FOR,DNK,SD
125371,124872,FOR,DNK,RENEW
125371,197515,FOR,DNK,EPP
125371,197555,FOR,DNK,RENEW
125371,197558,FOR,DNK,RENEW
125371,197567,FOR,DNK,RENEW
125371,197570,FOR,DNK,ID
125371,197571,FOR,DNK,GUE_NGL
125371,197573,FOR,DNK,GREEN_EFA
125371,199941,FOR,DNK,SD
125371,204331,FOR,DNK,RENEW
125372,28161,AGAINST,DNK,GREEN_EFA
125372,37312,AGAINST,DNK,SD
125372,96709,AGAINST,DNK,RENEW
125372,101585,AGAINST,DNK,SD
125372,124872,AGAINST,DNK,RENEW
125372,197515,AGAINST,DNK,EPP
125372,197555,AGAINST,DNK,RENEW
125372,197558,AGAINST,DNK,RENEW
125372,197567,AGAINST,DNK,RENEW
125372,197570,ABSTENTION,DNK,ID
125372,197571,AGAINST,DNK,GUE_NGL
125372,197573,AGAINST,DNK,GREEN_EFA
125372,199941,AGAINST,DNK,SD
125372,204331,AGAINST,DNK,RENEW
125373,28161,FOR,DNK,GREEN_EFA
125373,37312,FOR,DNK,SD
125373,96709,AGAINST,DNK,RENEW
125373,101585,FOR,DNK,SD
125373,124872,FOR,DNK,RENEW
125373,197515,AGAINST,DNK,EPP
125373,197555,AGAINST,DNK,RENEW
125373,197558,AGAINST,DNK,RENEW
125373,197567,FOR,DNK,RENEW
125373,197570,FOR,DNK,ID
125373,197571,FOR,DNK,GUE_NGL
125373,197573,FOR,DNK,GREEN_EFA
125373,199941,FOR,DNK,SD
125373,204331,AGAINST,DNK,RENEW
125374,28161,FOR,DNK,GREEN_EFA
125374,37312,FOR,DNK,SD
125374,96709,AGAINST,DNK,RENEW
125374,101585,FOR,DNK,SD
125374,124872,FOR,DNK,RENEW
125374,197515,AGAINST,DNK,EPP
125374,197555,AGAINST,DNK,RENEW
125374,197558,AGAINST,DNK,RENEW
125374,197567,FOR,DNK,RENEW
125374,197570,FOR,DNK,ID
125374,197571,FOR,DNK,GUE_NGL
125374,197573,FOR,DNK,GREEN_EFA
125374,199941,FOR,DNK,SD
125374,204331,AGAINST,DNK,RENEW
125375,28161,FOR,DNK,GREEN_EFA
125375,37312,AGAINST,DNK,SD
125375,96709,AGAINST,DNK,RENEW
125375,101585,AGAINST,DNK,SD
125375,124872,FOR,DNK,RENEW
125375,197515,FOR,DNK,EPP
125375,197555,AGAINST,DNK,RENEW
125375,197558,AGAINST,DNK,RENEW
125375,197567,FOR,DNK,RENEW
125375,197570,AGAINST,DNK,ID
125375,197571,AGAINST,DNK,GUE_NGL
125375,197573,FOR,DNK,GREEN_EFA
125375,199941,AGAINST,DNK,SD
125375,204331,AGAINST,DNK,RENEW
125474,28161,FOR,DNK,GREEN_EFA
125474,37312,AGAINST,DNK,SD
125474,96709,AGAINST,DNK,RENEW
125474,101585,AGAINST,DNK,SD
125474,124872,FOR,DNK,RENEW
125474,197515,AGAINST,DNK,EPP
125474,197555,AGAINST,DNK,RENEW
125474,197558,AGAINST,DNK,RENEW
125474,197567,FOR,DNK,RENEW
125474,197570,AGAINST,DNK,ID
125474,197571,FOR,DNK,GUE_NGL
125474,197573,FOR,DNK,GREEN_EFA
125474,199941,AGAINST,DNK,SD
125474,204331,AGAINST,DNK,RENEW
125476,28161,FOR,DNK,GREEN_EFA
125476,37312,FOR,DNK,SD
125476,96709,FOR,DNK,RENEW
125476,101585,DID_NOT_VOTE,DNK,SD
125476,124872,FOR,DNK,RENEW
125476,197515,FOR,DNK,EPP
125476,197555,FOR,DNK,RENEW
125476,197558,FOR,DNK,RENEW
125476,197567,FOR,DNK,RENEW
125476,197570,FOR,DNK,ID
125476,197571,FOR,DNK,GUE_NGL
125476,197573,FOR,DNK,GREEN_EFA
125476,199941,FOR,DNK,SD
125476,204331,FOR,DNK,RENEW
125477,28161,FOR,DNK,GREEN_EFA
125477,37312,FOR,DNK,SD
125477,96709,FOR,DNK,RENEW
125477,101585,DID_NOT_VOTE,DNK,SD
125477,124872,FOR,DNK,RENEW
125477,197515,FOR,DNK,EPP
125477,197555,FOR,DNK,RENEW
125477,197558,FOR,DNK,RENEW
125477,197567,FOR,DNK,RENEW
125477,197570,FOR,DNK,ID
125477,197571,FOR,DNK,GUE_NGL
125477,197573,FOR,DNK,GREEN_EFA
125477,199941,FOR,DNK,SD
125477,204331,FOR,DNK,RENEW
125478,28161,FOR,DNK,GREEN_EFA
125478,37312,FOR,DNK,SD
125478,96709,FOR,DNK,RENEW
125478,101585,DID_NOT_VOTE,DNK,SD
125478,124872,FOR,DNK,RENEW
125478,197515,FOR,DNK,EPP
125478,197555,FOR,DNK,RENEW
125478,197558,FOR,DNK,RENEW
125478,197567,FOR,DNK,RENEW
125478,197570,FOR,DNK,ID
125478,197571,FOR,DNK,GUE_NGL
125478,197573,FOR,DNK,GREEN_EFA
125478,199941,FOR,DNK,SD
125478,204331,FOR,DNK,RENEW
125479,28161,FOR,DNK,GREEN_EFA
125479,37312,FOR,DNK,SD
125479,96709,FOR,DNK,RENEW
125479,101585,DID_NOT_VOTE,DNK,SD
125479,124872,FOR,DNK,RENEW
125479,197515,FOR,DNK,EPP
125479,197555,FOR,DNK,RENEW
125479,197558,FOR,DNK,RENEW
125479,197567,FOR,DNK,RENEW
125479,197570,ABSTENTION,DNK,ID
125479,197571,FOR,DNK,GUE_NGL
125479,197573,FOR,DNK,GREEN_EFA
125479,199941,FOR,DNK,SD
125479,204331,FOR,DNK,RENEW
125480,28161,FOR,DNK,GREEN_EFA
125480,37312,FOR,DNK,SD
125480,96709,FOR,DNK,RENEW
125480,101585,DID_NOT_VOTE,DNK,SD
125480,124872,FOR,DNK,RENEW
125480,197515,FOR,DNK,EPP
125480,197555,FOR,DNK,RENEW
125480,197558,FOR,DNK,RENEW
125480,197567,FOR,DNK,RENEW
125480,197570,FOR,DNK,ID
125480,197571,AGAINST,DNK,GUE_NGL
125480,197573,FOR,DNK,GREEN_EFA
125480,199941,FOR,DNK,SD
125480,204331,FOR,DNK,RENEW
125481,28161,FOR,DNK,GREEN_EFA
125481,37312,FOR,DNK,SD
125481,96709,FOR,DNK,RENEW
125481,101585,DID_NOT_VOTE,DNK,SD
125481,124872,FOR,DNK,RENEW
125481,197515,FOR,DNK,EPP
125481,197555,FOR,DNK,RENEW
125481,197558,FOR,DNK,RENEW
125481,197567,FOR,DNK,RENEW
125481,197570,FOR,DNK,ID
125481,197571,ABSTENTION,DNK,GUE_NGL
125481,197573,FOR,DNK,GREEN_EFA
125481,199941,FOR,DNK,SD
125481,204331,FOR,DNK,RENEW
125482,28161,FOR,DNK,GREEN_EFA
125482,37312,FOR,DNK,SD
125482,96709,FOR,DNK,RENEW
125482,101585,DID_NOT_VOTE,DNK,SD
125482,124872,FOR,DNK,RENEW
125482,197515,FOR,DNK,EPP
125482,197555,FOR,DNK,RENEW
125482,197558,FOR,DNK,RENEW
125482,197567,FOR,DNK,RENEW
125482,197570,FOR,DNK,ID
125482,197571,FOR,DNK,GUE_NGL
125482,197573,FOR,DNK,GREEN_EFA
125482,199941,FOR,DNK,SD
125482,204331,FOR,DNK,RENEW
125483,28161,FOR,DNK,GREEN_EFA
125483,37312,FOR,DNK,SD
125483,96709,FOR,DNK,RENEW
125483,101585,DID_NOT_VOTE,DNK,SD
125483,124872,FOR,DNK,RENEW
125483,197515,FOR,DNK,EPP
125483,197555,FOR,DNK,RENEW
125483,197558,FOR,DNK,RENEW
125483,197567,FOR,DNK,RENEW
125483,197570,ABSTENTION,DNK,ID
125483,197571,FOR,DNK,GUE_NGL
125483,197573,FOR,DNK,GREEN_EFA
125483,199941,FOR,DNK,SD
125483,204331,FOR,DNK,RENEW
125484,28161,FOR,DNK,GREEN_EFA
125484,37312,FOR,DNK,SD
125484,96709,FOR,DNK,RENEW
125484,101585,DID_NOT_VOTE,DNK,SD
125484,124872,FOR,DNK,RENEW
125484,197515,FOR,DNK,EPP
125484,197555,FOR,DNK,RENEW
125484,197558,FOR,DNK,RENEW
125484,197567,FOR,DNK,RENEW
125484,197570,FOR,DNK,ID
125484,197571,ABSTENTION,DNK,GUE_NGL
125484,197573,FOR,DNK,GREEN_EFA
125484,199941,FOR,DNK,SD
125484,204331,FOR,DNK,RENEW
125521,28161,ABSTENTION,DNK,GREEN_EFA
125521,37312,FOR,DNK,SD
125521,96709,FOR,DNK,RENEW
125521,101585,FOR,DNK,SD
125521,124872,FOR,DNK,RENEW
125521,197515,FOR,DNK,EPP
125521,197555,FOR,DNK,RENEW
125521,197558,FOR,DNK,RENEW
125521,197567,FOR,DNK,RENEW
125521,197570,FOR,DNK,ID
125521,197571,ABSTENTION,DNK,GUE_NGL
125521,197573,ABSTENTION,DNK,GREEN_EFA
125521,199941,FOR,DNK,SD
125521,204331,FOR,DNK,RENEW
126135,28161,FOR,DNK,GREEN_EFA
126135,37312,ABSTENTION,DNK,SD
126135,96709,FOR,DNK,RENEW
126135,101585,ABSTENTION,DNK,SD
126135,124872,FOR,DNK,RENEW
126135,197515,FOR,DNK,EPP
126135,197555,FOR,DNK,RENEW
126135,197558,FOR,DNK,RENEW
126135,197567,FOR,DNK,RENEW
126135,197570,AGAINST,DNK,ID
126135,197571,AGAINST,DNK,GUE_NGL
126135,197573,FOR,DNK,GREEN_EFA
126135,199941,ABSTENTION,DNK,SD
126135,204331,FOR,DNK,RENEW
126136,28161,FOR,DNK,GREEN_EFA
126136,37312,AGAINST,DNK,SD
126136,96709,FOR,DNK,RENEW
126136,101585,AGAINST,DNK,SD
126136,124872,FOR,DNK,RENEW
126136,197515,FOR,DNK,EPP
126136,197555,FOR,DNK,RENEW
126136,197558,FOR,DNK,RENEW
126136,197567,FOR,DNK,RENEW
126136,197570,AGAINST,DNK,ID
126136,197571,ABSTENTION,DNK,GUE_NGL
126136,197573,FOR,DNK,GREEN_EFA
126136,199941,AGAINST,DNK,SD
126136,204331,FOR,DNK,RENEW
126137,28161,FOR,DNK,GREEN_EFA
126137,37312,AGAINST,DNK,SD
126137,96709,FOR,DNK,RENEW
126137,101585,AGAINST,DNK,SD
126137,124872,FOR,DNK,RENEW
126137,197515,FOR,DNK,EPP
126137,197555,FOR,DNK,RENEW
126137,197558,FOR,DNK,RENEW
126137,197567,FOR,DNK,RENEW
126137,197570,AGAINST,DNK,ID
126137,197571,ABSTENTION,DNK,GUE_NGL
126137,197573,FOR,DNK,GREEN_EFA
126137,199941,AGAINST,DNK,SD
126137,204331,FOR,DNK,RENEW
126202,28161,AGAINST,DNK,GREEN_EFA
126202,37312,AGAINST,DNK,SD
126202,96709,AGAINST,DNK,RENEW
126202,101585,AGAINST,DNK,SD
126202,124872,AGAINST,DNK,RENEW
126202,197515,AGAINST,DNK,EPP
126202,197555,AGAINST,DNK,RENEW
126202,197558,AGAINST,DNK,RENEW
126202,197567,AGAINST,DNK,RENEW
126202,197570,AGAINST,DNK,ID
126202,197571,FOR,DNK,GUE_NGL
126202,197573,AGAINST,DNK,GREEN_EFA
126202,199941,AGAINST,DNK,SD
126202,204331,AGAINST,DNK,RENEW
126203,28161,AGAINST,DNK,GREEN_EFA
126203,37312,AGAINST,DNK,SD
126203,96709,AGAINST,DNK,RENEW
126203,101585,AGAINST,DNK,SD
126203,124872,AGAINST,DNK,RENEW
126203,197515,AGAINST,DNK,EPP
126203,197555,AGAINST,DNK,RENEW
126203,197558,AGAINST,DNK,RENEW
126203,197567,AGAINST,DNK,RENEW
126203,197570,FOR,DNK,ID
126203,197571,AGAINST,DNK,GUE_NGL
126203,197573,AGAINST,DNK,GREEN_EFA
126203,199941,AGAINST,DNK,SD
126203,204331,AGAINST,DNK,RENEW
126241,28161,FOR,DNK,GREEN_EFA
126241,37312,FOR,DNK,SD
126241,96709,FOR,DNK,RENEW
126241,101585,FOR,DNK,SD
126241,124872,FOR,DNK,RENEW
126241,197515,ABSTENTION,DNK,EPP
126241,197555,FOR,DNK,RENEW
126241,197558,FOR,DNK,RENEW
126241,197567,FOR,DNK,RENEW
126241,197570,AGAINST,DNK,ID
126241,197571,FOR,DNK,GUE_NGL
126241,197573,FOR,DNK,GREEN_EFA
126241,199941,FOR,DNK,SD
126241,204331,FOR,DNK,RENEW
126248,28161,FOR,DNK,GREEN_EFA
126248,37312,FOR,DNK,SD
126248,96709,FOR,DNK,RENEW
126248,101585,FOR,DNK,SD
126248,124872,FOR,DNK,RENEW
126248,197515,FOR,DNK,EPP
126248,197555,FOR,DNK,RENEW
126248,197558,FOR,DNK,RENEW
126248,197567,FOR,DNK,RENEW
126248,197570,AGAINST,DNK,ID
126248,197571,FOR,DNK,GUE_NGL
126248,197573,FOR,DNK,GREEN_EFA
126248,199941,FOR,DNK,SD
126248,204331,FOR,DNK,RENEW
126249,28161,FOR,DNK,GREEN_EFA
126249,37312,ABSTENTION,DNK,SD
126249,96709,AGAINST,DNK,RENEW
126249,101585,ABSTENTION,DNK,SD
126249,124872,AGAINST,DNK,RENEW
126249,197515,AGAINST,DNK,EPP
126249,197555,AGAINST,DNK,RENEW
126249,197558,AGAINST,DNK,RENEW
126249,197567,FOR,DNK,RENEW
126249,197570,AGAINST,DNK,ID
126249,197571,FOR,DNK,GUE_NGL
126249,197573,FOR,DNK,GREEN_EFA
126249,199941,ABSTENTION,DNK,SD
126249,204331,AGAINST,DNK,RENEW
126250,28161,FOR,DNK,GREEN_EFA
126250,37312,FOR,DNK,SD
126250,96709,AGAINST,DNK,RENEW
126250,101585,FOR,DNK,SD
126250,124872,AGAINST,DNK,RENEW
126250,197515,AGAINST,DNK,EPP
126250,197555,AGAINST,DNK,RENEW
126250,197558,AGAINST,DNK,RENEW
126250,197567,FOR,DNK,RENEW
126250,197570,FOR,DNK,ID
126250,197571,FOR,DNK,GUE_NGL
126250,197573,FOR,DNK,GREEN_EFA
126250,199941,FOR,DNK,SD
126250,204331,AGAINST,DNK,RENEW
126251,28161,FOR,DNK,GREEN_EFA
126251,37312,FOR,DNK,SD
126251,96709,AGAINST,DNK,RENEW
126251,101585,FOR,DNK,SD
126251,124872,FOR,DNK,RENEW
126251,197515,FOR,DNK,EPP
126251,197555,AGAINST,DNK,RENEW
126251,197558,AGAINST,DNK,RENEW
126251,197567,FOR,DNK,RENEW
126251,197570,AGAINST,DNK,ID
126251,197571,FOR,DNK,GUE_NGL
126251,197573,FOR,DNK,GREEN_EFA
126251,199941,FOR,DNK,SD
126251,204331,AGAINST,DNK,RENEW
126254,28161,FOR,DNK,GREEN_EFA
126254,37312,FOR,DNK,SD
126254,96709,FOR,DNK,RENEW
126254,101585,FOR,DNK,SD
126254,124872,FOR,DNK,RENEW
126254,197515,FOR,DNK,EPP
126254,197555,FOR,DNK,RENEW
126254,197558,FOR,DNK,RENEW
126254,197567,FOR,DNK,RENEW
126254,197570,ABSTENTION,DNK,ID
126254,197571,FOR,DNK,GUE_NGL
126254,197573,FOR,DNK,GREEN_EFA
126254,199941,FOR,DNK,SD
126254,204331,FOR,DNK,RENEW
126255,28161,FOR,DNK,GREEN_EFA
126255,37312,FOR,DNK,SD
126255,96709,FOR,DNK,RENEW
126255,101585,FOR,DNK,SD
126255,124872,FOR,DNK,RENEW
126255,197515,FOR,DNK,EPP
126255,197555,FOR,DNK,RENEW
126255,197558,FOR,DNK,RENEW
126255,197567,FOR,DNK,RENEW
126255,197570,ABSTENTION,DNK,ID
126255,197571,FOR,DNK,GUE_NGL
126255,197573,FOR,DNK,GREEN_EFA
126255,199941,FOR,DNK,SD
126255,204331,FOR,DNK,RENEW
126256,28161,FOR,DNK,GREEN_EFA
126256,37312,FOR,DNK,SD
126256,96709,FOR,DNK,RENEW
126256,101585,FOR,DNK,SD
126256,124872,FOR,DNK,RENEW
126256,197515,FOR,DNK,EPP
126256,197555,FOR,DNK,RENEW
126256,197558,FOR,DNK,RENEW
126256,197567,FOR,DNK,RENEW
126256,197570,FOR,DNK,ID
126256,197571,FOR,DNK,GUE_NGL
126256,197573,FOR,DNK,GREEN_EFA
126256,199941,FOR,DNK,SD
126256,204331,FOR,DNK,RENEW
126257,28161,FOR,DNK,GREEN_EFA
126257,37312,FOR,DNK,SD
126257,96709,FOR,DNK,RENEW
126257,101585,FOR,DNK,SD
126257,124872,FOR,DNK,RENEW
126257,197515,FOR,DNK,EPP
126257,197555,FOR,DNK,RENEW
126257,197558,FOR,DNK,RENEW
126257,197567,FOR,DNK,RENEW
126257,197570,FOR,DNK,ID
126257,197571,ABSTENTION,DNK,GUE_NGL
126257,197573,FOR,DNK,GREEN_EFA
126257,199941,FOR,DNK,SD
126257,204331,FOR,DNK,RENEW
126258,28161,FOR,DNK,GREEN_EFA
126258,37312,FOR,DNK,SD
126258,96709,FOR,DNK,RENEW
126258,101585,FOR,DNK,SD
126258,124872,FOR,DNK,RENEW
126258,197515,FOR,DNK,EPP
126258,197555,FOR,DNK,RENEW
126258,197558,FOR,DNK,RENEW
126258,197567,FOR,DNK,RENEW
126258,197570,AGAINST,DNK,ID
126258,197571,FOR,DNK,GUE_NGL
126258,197573,FOR,DNK,GREEN_EFA
126258,199941,FOR,DNK,SD
126258,204331,FOR,DNK,RENEW
126259,28161,FOR,DNK,GREEN_EFA
126259,37312,FOR,DNK,SD
126259,96709,FOR,DNK,RENEW
126259,101585,FOR,DNK,SD
126259,124872,FOR,DNK,RENEW
126259,197515,FOR,DNK,EPP
126259,197555,FOR,DNK,RENEW
126259,197558,FOR,DNK,RENEW
126259,197567,FOR,DNK,RENEW
126259,197570,FOR,DNK,ID
126259,197571,FOR,DNK,GUE_NGL
126259,197573,FOR,DNK,GREEN_EFA
126259,199941,FOR,DNK,SD
126259,204331,FOR,DNK,RENEW
126260,28161,FOR,DNK,GREEN_EFA
126260,37312,FOR,DNK,SD
126260,96709,FOR,DNK,RENEW
126260,101585,FOR,DNK,SD
126260,124872,FOR,DNK,RENEW
126260,197515,FOR,DNK,EPP
126260,197555,FOR,DNK,RENEW
126260,197558,FOR,DNK,RENEW
126260,197567,FOR,DNK,RENEW
126260,197570,FOR,DNK,ID
126260,197571,FOR,DNK,GUE_NGL
126260,197573,FOR,DNK,GREEN_EFA
126260,199941,FOR,DNK,SD
126260,204331,FOR,DNK,RENEW
126261,28161,FOR,DNK,GREEN_EFA
126261,37312,FOR,DNK,SD
126261,96709,FOR,DNK,RENEW
126261,101585,FOR,DNK,SD
126261,124872,FOR,DNK,RENEW
126261,197515,FOR,DNK,EPP
126261,197555,FOR,DNK,RENEW
126261,197558,FOR,DNK,RENEW
126261,197567,FOR,DNK,RENEW
126261,197570,FOR,DNK,ID
126261,197571,FOR,DNK,GUE_NGL
126261,197573,FOR,DNK,GREEN_EFA
126261,199941,FOR,DNK,SD
126261,204331,FOR,DNK,RENEW
126262,28161,FOR,DNK,GREEN_EFA
126262,37312,FOR,DNK,SD
126262,96709,FOR,DNK,RENEW
126262,101585,FOR,DNK,SD
126262,124872,FOR,DNK,RENEW
126262,197515,FOR,DNK,EPP
126262,197555,FOR,DNK,RENEW
126262,197558,FOR,DNK,RENEW
126262,197567,FOR,DNK,RENEW
126262,197570,ABSTENTION,DNK,ID
126262,197571,FOR,DNK,GUE_NGL
126262,197573,FOR,DNK,GREEN_EFA
126262,199941,FOR,DNK,SD
126262,204331,FOR,DNK,RENEW
126263,28161,FOR,DNK,GREEN_EFA
126263,37312,FOR,DNK,SD
126263,96709,AGAINST,DNK,RENEW
126263,101585,FOR,DNK,SD
126263,124872,FOR,DNK,RENEW
126263,197515,AGAINST,DNK,EPP
126263,197555,AGAINST,DNK,RENEW
126263,197558,AGAINST,DNK,RENEW
126263,197567,FOR,DNK,RENEW
126263,197570,FOR,DNK,ID
126263,197571,FOR,DNK,GUE_NGL
126263,197573,FOR,DNK,GREEN_EFA
126263,199941,FOR,DNK,SD
126263,204331,AGAINST,DNK,RENEW
126264,28161,FOR,DNK,GREEN_EFA
126264,37312,FOR,DNK,SD
126264,96709,AGAINST,DNK,RENEW
126264,101585,FOR,DNK,SD
126264,124872,FOR,DNK,RENEW
126264,197515,AGAINST,DNK,EPP
126264,197555,AGAINST,DNK,RENEW
126264,197558,AGAINST,DNK,RENEW
126264,197567,FOR,DNK,RENEW
126264,197570,FOR,DNK,ID
126264,197571,FOR,DNK,GUE_NGL
126264,197573,FOR,DNK,GREEN_EFA
126264,199941,FOR,DNK,SD
126264,204331,AGAINST,DNK,RENEW
126265,28161,FOR,DNK,GREEN_EFA
126265,37312,FOR,DNK,SD
126265,96709,AGAINST,DNK,RENEW
126265,101585,FOR,DNK,SD
126265,124872,FOR,DNK,RENEW
126265,197515,AGAINST,DNK,EPP
126265,197555,AGAINST,DNK,RENEW
126265,197558,AGAINST,DNK,RENEW
126265,197567,FOR,DNK,RENEW
126265,197570,FOR,DNK,ID
126265,197571,FOR,DNK,GUE_NGL
126265,197573,FOR,DNK,GREEN_EFA
126265,199941,FOR,DNK,SD
126265,204331,AGAINST,DNK,RENEW
126266,28161,FOR,DNK,GREEN_EFA
126266,37312,FOR,DNK,SD
126266,96709,AGAINST,DNK,RENEW
126266,101585,FOR,DNK,SD
126266,124872,FOR,DNK,RENEW
126266,197515,AGAINST,DNK,EPP
126266,197555,AGAINST,DNK,RENEW
126266,197558,AGAINST,DNK,RENEW
126266,197567,FOR,DNK,RENEW
126266,197570,FOR,DNK,ID
126266,197571,FOR,DNK,GUE_NGL
126266,197573,FOR,DNK,GREEN_EFA
126266,199941,FOR,DNK,SD
126266,204331,AGAINST,DNK,RENEW
126267,28161,FOR,DNK,GREEN_EFA
126267,37312,FOR,DNK,SD
126267,96709,AGAINST,DNK,RENEW
126267,101585,FOR,DNK,SD
126267,124872,FOR,DNK,RENEW
126267,197515,AGAINST,DNK,EPP
126267,197555,AGAINST,DNK,RENEW
126267,197558,AGAINST,DNK,RENEW
126267,197567,FOR,DNK,RENEW
126267,197570,FOR,DNK,ID
126267,197571,FOR,DNK,GUE_NGL
126267,197573,FOR,DNK,GREEN_EFA
126267,199941,FOR,DNK,SD
126267,204331,AGAINST,DNK,RENEW
126342,28161,FOR,DNK,GREEN_EFA
126342,37312,FOR,DNK,SD
126342,96709,FOR,DNK,RENEW
126342,101585,FOR,DNK,SD
126342,124872,FOR,DNK,RENEW
126342,197515,FOR,DNK,EPP
126342,197555,FOR,DNK,RENEW
126342,197558,FOR,DNK,RENEW
126342,197567,FOR,DNK,RENEW
126342,197570,AGAINST,DNK,ID
126342,197571,AGAINST,DNK,GUE_NGL
126342,197573,FOR,DNK,GREEN_EFA
126342,199941,FOR,DNK,SD
126342,204331,FOR,DNK,RENEW
126352,28161,FOR,DNK,GREEN_EFA
126352,37312,FOR,DNK,SD
126352,96709,FOR,DNK,RENEW
126352,101585,FOR,DNK,SD
126352,124872,FOR,DNK,RENEW
126352,197515,ABSTENTION,DNK,EPP
126352,197555,FOR,DNK,RENEW
126352,197558,FOR,DNK,RENEW
126352,197567,FOR,DNK,RENEW
126352,197570,ABSTENTION,DNK,ID
126352,197571,FOR,DNK,GUE_NGL
126352,197573,FOR,DNK,GREEN_EFA
126352,199941,FOR,DNK,SD
126352,204331,FOR,DNK,RENEW
126353,28161,FOR,DNK,GREEN_EFA
126353,37312,FOR,DNK,SD
126353,96709,FOR,DNK,RENEW
126353,101585,FOR,DNK,SD
126353,124872,FOR,DNK,RENEW
126353,197515,FOR,DNK,EPP
126353,197555,FOR,DNK,RENEW
126353,197558,FOR,DNK,RENEW
126353,197567,FOR,DNK,RENEW
126353,197570,FOR,DNK,ID
126353,197571,FOR,DNK,GUE_NGL
126353,197573,FOR,DNK,GREEN_EFA
126353,199941,FOR,DNK,SD
126353,204331,FOR,DNK,RENEW
126355,28161,FOR,DNK,GREEN_EFA
126355,37312,FOR,DNK,SD
126355,96709,FOR,DNK,RENEW
126355,101585,FOR,DNK,SD
126355,124872,FOR,DNK,RENEW
126355,197515,FOR,DNK,EPP
126355,197555,FOR,DNK,RENEW
126355,197558,FOR,DNK,RENEW
126355,197567,FOR,DNK,RENEW
126355,197570,FOR,DNK,ID
126355,197571,FOR,DNK,GUE_NGL
126355,197573,FOR,DNK,GREEN_EFA
126355,199941,FOR,DNK,SD
126355,204331,FOR,DNK,RENEW
126356,28161,FOR,DNK,GREEN_EFA
126356,37312,FOR,DNK,SD
126356,96709,FOR,DNK,RENEW
126356,101585,FOR,DNK,SD
126356,124872,FOR,DNK,RENEW
126356,197515,FOR,DNK,EPP
126356,197555,FOR,DNK,RENEW
126356,197558,FOR,DNK,RENEW
126356,197567,FOR,DNK,RENEW
126356,197570,FOR,DNK,ID
126356,197571,FOR,DNK,GUE_NGL
126356,197573,FOR,DNK,GREEN_EFA
126356,199941,FOR,DNK,SD
126356,204331,FOR,DNK,RENEW
127022,28161,AGAINST,DNK,GREEN_EFA
127022,37312,FOR,DNK,SD
127022,96709,FOR,DNK,RENEW
127022,101585,FOR,DNK,SD
127022,124872,FOR,DNK,RENEW
127022,197515,FOR,DNK,EPP
127022,197555,FOR,DNK,RENEW
127022,197558,FOR,DNK,RENEW
127022,197567,FOR,DNK,RENEW
127022,197570,ABSTENTION,DNK,ID
127022,197571,AGAINST,DNK,GUE_NGL
127022,197573,AGAINST,DNK,GREEN_EFA
127022,199941,FOR,DNK,SD
127022,204331,FOR,DNK,RENEW
127023,28161,ABSTENTION,DNK,GREEN_EFA
127023,37312,FOR,DNK,SD
127023,96709,FOR,DNK,RENEW
127023,101585,FOR,DNK,SD
127023,124872,FOR,DNK,RENEW
127023,197515,FOR,DNK,EPP
127023,197555,FOR,DNK,RENEW
127023,197558,FOR,DNK,RENEW
127023,197567,FOR,DNK,RENEW
127023,197570,FOR,DNK,ID
127023,197571,AGAINST,DNK,GUE_NGL
127023,197573,ABSTENTION,DNK,GREEN_EFA
127023,199941,FOR,DNK,SD
127023,204331,FOR,DNK,RENEW
127024,28161,FOR,DNK,GREEN_EFA
127024,37312,FOR,DNK,SD
127024,96709,ABSTENTION,DNK,RENEW
127024,101585,FOR,DNK,SD
127024,124872,FOR,DNK,RENEW
127024,197515,FOR,DNK,EPP
127024,197555,ABSTENTION,DNK,RENEW
127024,197558,ABSTENTION,DNK,RENEW
127024,197567,FOR,DNK,RENEW
127024,197570,ABSTENTION,DNK,ID
127024,197571,FOR,DNK,GUE_NGL
127024,197573,FOR,DNK,GREEN_EFA
127024,199941,FOR,DNK,SD
127024,204331,ABSTENTION,DNK,RENEW
127025,28161,AGAINST,DNK,GREEN_EFA
127025,37312,AGAINST,DNK,SD
127025,96709,FOR,DNK,RENEW
127025,101585,AGAINST,DNK,SD
127025,124872,FOR,DNK,RENEW
127025,197515,FOR,DNK,EPP
127025,197555,FOR,DNK,RENEW
127025,197558,FOR,DNK,RENEW
127025,197567,FOR,DNK,RENEW
127025,197570,FOR,DNK,ID
127025,197571,AGAINST,DNK,GUE_NGL
127025,197573,AGAINST,DNK,GREEN_EFA
127025,199941,AGAINST,DNK,SD
127025,204331,FOR,DNK,RENEW
127026,28161,FOR,DNK,GREEN_EFA
127026,37312,FOR,DNK,SD
127026,96709,FOR,DNK,RENEW
127026,101585,FOR,DNK,SD
127026,124872,FOR,DNK,RENEW
127026,197515,FOR,DNK,EPP
127026,197555,FOR,DNK,RENEW
127026,197558,FOR,DNK,RENEW
127026,197567,FOR,DNK,RENEW
127026,197570,FOR,DNK,ID
127026,197571,FOR,DNK,GUE_NGL
127026,197573,FOR,DNK,GREEN_EFA
127026,199941,FOR,DNK,SD
127026,204331,FOR,DNK,RENEW
127027,28161,FOR,DNK,GREEN_EFA
127027,37312,FOR,DNK,SD
127027,96709,FOR,DNK,RENEW
127027,101585,FOR,DNK,SD
127027,124872,FOR,DNK,RENEW
127027,197515,FOR,DNK,EPP
127027,197555,FOR,DNK,RENEW
127027,197558,FOR,DNK,RENEW
127027,197567,FOR,DNK,RENEW
127027,197570,AGAINST,DNK,ID
127027,197571,FOR,DNK,GUE_NGL
127027,197573,FOR,DNK,GREEN_EFA
127027,199941,FOR,DNK,SD
127027,204331,FOR,DNK,RENEW
127028,28161,ABSTENTION,DNK,GREEN_EFA
127028,37312,FOR,DNK,SD
127028,96709,FOR,DNK,RENEW
127028,101585,FOR,DNK,SD
127028,124872,FOR,DNK,RENEW
127028,197515,FOR,DNK,EPP
127028,197555,FOR,DNK,RENEW
127028,197558,FOR,DNK,RENEW
127028,197567,FOR,DNK,RENEW
127028,197570,AGAINST,DNK,ID
127028,197571,AGAINST,DNK,GUE_NGL
127028,197573,ABSTENTION,DNK,GREEN_EFA
127028,199941,FOR,DNK,SD
127028,204331,FOR,DNK,RENEW
127029,28161,AGAINST,DNK,GREEN_EFA
127029,37312,ABSTENTION,DNK,SD
127029,96709,ABSTENTION,DNK,RENEW
127029,101585,ABSTENTION,DNK,SD
127029,124872,FOR,DNK,RENEW
127029,197515,FOR,DNK,EPP
127029,197555,ABSTENTION,DNK,RENEW
127029,197558,ABSTENTION,DNK,RENEW
127029,197567,FOR,DNK,RENEW
127029,197570,AGAINST,DNK,ID
127029,197571,AGAINST,DNK,GUE_NGL
127029,197573,AGAINST,DNK,GREEN_EFA
127029,199941,ABSTENTION,DNK,SD
127029,204331,ABSTENTION,DNK,RENEW
127030,28161,FOR,DNK,GREEN_EFA
127030,37312,FOR,DNK,SD
127030,96709,ABSTENTION,DNK,RENEW
127030,101585,FOR,DNK,SD
127030,124872,FOR,DNK,RENEW
127030,197515,FOR,DNK,EPP
127030,197555,ABSTENTION,DNK,RENEW
127030,197558,ABSTENTION,DNK,RENEW
127030,197567,FOR,DNK,RENEW
127030,197570,AGAINST,DNK,ID
127030,197571,FOR,DNK,GUE_NGL
127030,197573,FOR,DNK,GREEN_EFA
127030,199941,FOR,DNK,SD
127030,204331,ABSTENTION,DNK,RENEW
127163,28161,FOR,DNK,GREEN_EFA
127163,37312,FOR,DNK,SD
127163,96709,FOR,DNK,RENEW
127163,101585,FOR,DNK,SD
127163,124872,FOR,DNK,RENEW
127163,197515,FOR,DNK,EPP
127163,197555,FOR,DNK,RENEW
127163,197558,FOR,DNK,RENEW
127163,197567,FOR,DNK,RENEW
127163,197570,FOR,DNK,ID
127163,197571,AGAINST,DNK,GUE_NGL
127163,197573,FOR,DNK,GREEN_EFA
127163,199941,FOR,DNK,SD
127163,204331,FOR,DNK,RENEW
127165,28161,FOR,DNK,GREEN_EFA
127165,37312,FOR,DNK,SD
127165,96709,ABSTENTION,DNK,RENEW
127165,101585,FOR,DNK,SD
127165,124872,FOR,DNK,RENEW
127165,197515,AGAINST,DNK,EPP
127165,197555,ABSTENTION,DNK,RENEW
127165,197558,ABSTENTION,DNK,RENEW
127165,197567,FOR,DNK,RENEW
127165,197570,FOR,DNK,ID
127165,197571,FOR,DNK,GUE_NGL
127165,197573,FOR,DNK,GREEN_EFA
127165,199941,FOR,DNK,SD
127165,204331,ABSTENTION,DNK,RENEW
127168,28161,FOR,DNK,GREEN_EFA
127168,37312,ABSTENTION,DNK,SD
127168,96709,AGAINST,DNK,RENEW
127168,101585,ABSTENTION,DNK,SD
127168,124872,ABSTENTION,DNK,RENEW
127168,197515,AGAINST,DNK,EPP
127168,197555,AGAINST,DNK,RENEW
127168,197558,AGAINST,DNK,RENEW
127168,197567,ABSTENTION,DNK,RENEW
127168,197570,AGAINST,DNK,ID
127168,197571,FOR,DNK,GUE_NGL
127168,197573,FOR,DNK,GREEN_EFA
127168,199941,ABSTENTION,DNK,SD
127168,204331,AGAINST,DNK,RENEW
127169,28161,FOR,DNK,GREEN_EFA
127169,37312,AGAINST,DNK,SD
127169,96709,AGAINST,DNK,RENEW
127169,101585,AGAINST,DNK,SD
127169,124872,AGAINST,DNK,RENEW
127169,197515,AGAINST,DNK,EPP
127169,197555,AGAINST,DNK,RENEW
127169,197558,AGAINST,DNK,RENEW
127169,197567,AGAINST,DNK,RENEW
127169,197570,AGAINST,DNK,ID
127169,197571,FOR,DNK,GUE_NGL
127169,197573,FOR,DNK,GREEN_EFA
127169,199941,AGAINST,DNK,SD
127169,204331,AGAINST,DNK,RENEW
127172,28161,FOR,DNK,GREEN_EFA
127172,37312,FOR,DNK,SD
127172,96709,ABSTENTION,DNK,RENEW
127172,101585,FOR,DNK,SD
127172,124872,FOR,DNK,RENEW
127172,197515,FOR,DNK,EPP
127172,197555,ABSTENTION,DNK,RENEW
127172,197558,ABSTENTION,DNK,RENEW
127172,197567,FOR,DNK,RENEW
127172,197570,AGAINST,DNK,ID
127172,197571,FOR,DNK,GUE_NGL
127172,197573,FOR,DNK,GREEN_EFA
127172,199941,FOR,DNK,SD
127172,204331,ABSTENTION,DNK,RENEW
127173,28161,FOR,DNK,GREEN_EFA
127173,37312,FOR,DNK,SD
127173,96709,ABSTENTION,DNK,RENEW
127173,101585,FOR,DNK,SD
127173,124872,FOR,DNK,RENEW
127173,197515,ABSTENTION,DNK,EPP
127173,197555,ABSTENTION,DNK,RENEW
127173,197558,ABSTENTION,DNK,RENEW
127173,197567,FOR,DNK,RENEW
127173,197570,AGAINST,DNK,ID
127173,197571,FOR,DNK,GUE_NGL
127173,197573,FOR,DNK,GREEN_EFA
127173,199941,FOR,DNK,SD
127173,204331,FOR,DNK,RENEW
127174,28161,FOR,DNK,GREEN_EFA
127174,37312,FOR,DNK,SD
127174,96709,FOR,DNK,RENEW
127174,101585,FOR,DNK,SD
127174,124872,FOR,DNK,RENEW
127174,197515,FOR,DNK,EPP
127174,197555,FOR,DNK,RENEW
127174,197558,FOR,DNK,RENEW
127174,197567,FOR,DNK,RENEW
127174,197570,AGAINST,DNK,ID
127174,197571,FOR,DNK,GUE_NGL
127174,197573,FOR,DNK,GREEN_EFA
127174,199941,FOR,DNK,SD
127174,204331,FOR,DNK,RENEW
127178,28161,FOR,DNK,GREEN_EFA
127178,37312,FOR,DNK,SD
127178,96709,FOR,DNK,RENEW
127178,101585,FOR,DNK,SD
127178,124872,FOR,DNK,RENEW
127178,197515,FOR,DNK,EPP
127178,197555,FOR,DNK,RENEW
127178,197558,FOR,DNK,RENEW
127178,197567,FOR,DNK,RENEW
127178,197570,FOR,DNK,ID
127178,197571,FOR,DNK,GUE_NGL
127178,197573,FOR,DNK,GREEN_EFA
127178,199941,FOR,DNK,SD
127178,204331,FOR,DNK,RENEW
127179,28161,AGAINST,DNK,GREEN_EFA
127179,37312,ABSTENTION,DNK,SD
127179,96709,FOR,DNK,RENEW
127179,101585,ABSTENTION,DNK,SD
127179,124872,FOR,DNK,RENEW
127179,197515,FOR,DNK,EPP
127179,197555,FOR,DNK,RENEW
127179,197558,FOR,DNK,RENEW
127179,197567,FOR,DNK,RENEW
127179,197570,ABSTENTION,DNK,ID
127179,197571,AGAINST,DNK,GUE_NGL
127179,197573,AGAINST,DNK,GREEN_EFA
127179,199941,ABSTENTION,DNK,SD
127179,204331,FOR,DNK,RENEW
127180,28161,FOR,DNK,GREEN_EFA
127180,37312,FOR,DNK,SD
127180,96709,ABSTENTION,DNK,RENEW
127180,101585,FOR,DNK,SD
127180,124872,FOR,DNK,RENEW
127180,197515,ABSTENTION,DNK,EPP
127180,197555,ABSTENTION,DNK,RENEW
127180,197558,ABSTENTION,DNK,RENEW
127180,197567,FOR,DNK,RENEW
127180,197570,ABSTENTION,DNK,ID
127180,197571,FOR,DNK,GUE_NGL
127180,197573,FOR,DNK,GREEN_EFA
127180,199941,FOR,DNK,SD
127180,204331,ABSTENTION,DNK,RENEW
127181,28161,FOR,DNK,GREEN_EFA
127181,37312,FOR,DNK,SD
127181,96709,FOR,DNK,RENEW
127181,101585,FOR,DNK,SD
127181,124872,FOR,DNK,RENEW
127181,197515,FOR,DNK,EPP
127181,197555,FOR,DNK,RENEW
127181,197558,FOR,DNK,RENEW
127181,197567,FOR,DNK,RENEW
127181,197570,FOR,DNK,ID
127181,197571,FOR,DNK,GUE_NGL
127181,197573,FOR,DNK,GREEN_EFA
127181,199941,FOR,DNK,SD
127181,204331,FOR,DNK,RENEW
127182,28161,FOR,DNK,GREEN_EFA
127182,37312,FOR,DNK,SD
127182,96709,FOR,DNK,RENEW
127182,101585,FOR,DNK,SD
127182,124872,FOR,DNK,RENEW
127182,197515,FOR,DNK,EPP
127182,197555,FOR,DNK,RENEW
127182,197558,FOR,DNK,RENEW
127182,197567,FOR,DNK,RENEW
127182,197570,FOR,DNK,ID
127182,197571,FOR,DNK,GUE_NGL
127182,197573,FOR,DNK,GREEN_EFA
127182,199941,FOR,DNK,SD
127182,204331,FOR,DNK,RENEW
127183,28161,FOR,DNK,GREEN_EFA
127183,37312,FOR,DNK,SD
127183,96709,FOR,DNK,RENEW
127183,101585,FOR,DNK,SD
127183,124872,FOR,DNK,RENEW
127183,197515,FOR,DNK,EPP
127183,197555,FOR,DNK,RENEW
127183,197558,FOR,DNK,RENEW
127183,197567,FOR,DNK,RENEW
127183,197570,AGAINST,DNK,ID
127183,197571,FOR,DNK,GUE_NGL
127183,197573,FOR,DNK,GREEN_EFA
127183,199941,FOR,DNK,SD
127183,204331,FOR,DNK,RENEW
127184,28161,FOR,DNK,GREEN_EFA
127184,37312,FOR,DNK,SD
127184,96709,FOR,DNK,RENEW
127184,101585,FOR,DNK,SD
127184,124872,DID_NOT_VOTE,DNK,RENEW
127184,197515,FOR,DNK,EPP
127184,197555,FOR,DNK,RENEW
127184,197558,FOR,DNK,RENEW
127184,197567,FOR,DNK,RENEW
127184,197570,FOR,DNK,ID
127184,197571,FOR,DNK,GUE_NGL
127184,197573,FOR,DNK,GREEN_EFA
127184,199941,FOR,DNK,SD
127184,204331,FOR,DNK,RENEW
127224,28161,FOR,DNK,GREEN_EFA
127224,37312,FOR,DNK,SD
127224,96709,FOR,DNK,RENEW
127224,101585,FOR,DNK,SD
127224,124872,FOR,DNK,RENEW
127224,197515,FOR,DNK,EPP
127224,197555,FOR,DNK,RENEW
127224,197558,FOR,DNK,RENEW
127224,197567,FOR,DNK,RENEW
127224,197570,FOR,DNK,ID
127224,197571,AGAINST,DNK,GUE_NGL
127224,197573,FOR,DNK,GREEN_EFA
127224,199941,FOR,DNK,SD
127224,204331,FOR,DNK,RENEW
127230,28161,AGAINST,DNK,GREEN_EFA
127230,37312,AGAINST,DNK,SD
127230,96709,FOR,DNK,RENEW
127230,101585,AGAINST,DNK,SD
127230,124872,FOR,DNK,RENEW
127230,197515,FOR,DNK,EPP
127230,197555,FOR,DNK,RENEW
127230,197558,FOR,DNK,RENEW
127230,197567,FOR,DNK,RENEW
127230,197570,FOR,DNK,ID
127230,197571,AGAINST,DNK,GUE_NGL
127230,197573,AGAINST,DNK,GREEN_EFA
127230,199941,AGAINST,DNK,SD
127230,204331,FOR,DNK,RENEW
127623,28161,FOR,DNK,GREEN_EFA
127623,37312,FOR,DNK,SD
127623,96709,FOR,DNK,RENEW
127623,101585,FOR,DNK,SD
127623,124872,FOR,DNK,RENEW
127623,197515,FOR,DNK,EPP
127623,197555,FOR,DNK,RENEW
127623,197558,FOR,DNK,RENEW
127623,197567,FOR,DNK,RENEW
127623,197570,ABSTENTION,DNK,ID
127623,197571,AGAINST,DNK,GUE_NGL
127623,197573,FOR,DNK,GREEN_EFA
127623,199941,FOR,DNK,SD
127623,204331,FOR,DNK,RENEW
127624,28161,FOR,DNK,GREEN_EFA
127624,37312,FOR,DNK,SD
127624,96709,FOR,DNK,RENEW
127624,101585,FOR,DNK,SD
127624,124872,FOR,DNK,RENEW
127624,197515,FOR,DNK,EPP
127624,197555,FOR,DNK,RENEW
127624,197558,FOR,DNK,RENEW
127624,197567,FOR,DNK,RENEW
127624,197570,FOR,DNK,ID
127624,197571,FOR,DNK,GUE_NGL
127624,197573,FOR,DNK,GREEN_EFA
127624,199941,FOR,DNK,SD
127624,204331,FOR,DNK,RENEW
127625,28161,FOR,DNK,GREEN_EFA
127625,37312,FOR,DNK,SD
127625,96709,ABSTENTION,DNK,RENEW
127625,101585,FOR,DNK,SD
127625,124872,FOR,DNK,RENEW
127625,197515,FOR,DNK,EPP
127625,197555,ABSTENTION,DNK,RENEW
127625,197558,ABSTENTION,DNK,RENEW
127625,197567,FOR,DNK,RENEW
127625,197570,AGAINST,DNK,ID
127625,197571,FOR,DNK,GUE_NGL
127625,197573,FOR,DNK,GREEN_EFA
127625,199941,FOR,DNK,SD
127625,204331,ABSTENTION,DNK,RENEW
127626,28161,FOR,DNK,GREEN_EFA
127626,37312,ABSTENTION,DNK,SD
127626,96709,ABSTENTION,DNK,RENEW
127626,101585,ABSTENTION,DNK,SD
127626,124872,FOR,DNK,RENEW
127626,197515,FOR,DNK,EPP
127626,197555,ABSTENTION,DNK,RENEW
127626,197558,ABSTENTION,DNK,RENEW
127626,197567,FOR,DNK,RENEW
127626,197570,AGAINST,DNK,ID
127626,197571,FOR,DNK,GUE_NGL
127626,197573,FOR,DNK,GREEN_EFA
127626,199941,ABSTENTION,DNK,SD
127626,204331,ABSTENTION,DNK,RENEW
127627,28161,FOR,DNK,GREEN_EFA
127627,37312,FOR,DNK,SD
127627,96709,FOR,DNK,RENEW
127627,101585,FOR,DNK,SD
127627,124872,FOR,DNK,RENEW
127627,197515,FOR,DNK,EPP
127627,197555,FOR,DNK,RENEW
127627,197558,FOR,DNK,RENEW
127627,197567,FOR,DNK,RENEW
127627,197570,FOR,DNK,ID
127627,197571,FOR,DNK,GUE_NGL
127627,197573,FOR,DNK,GREEN_EFA
127627,199941,FOR,DNK,SD
127627,204331,FOR,DNK,RENEW
127628,28161,FOR,DNK,GREEN_EFA
127628,37312,FOR,DNK,SD
127628,96709,AGAINST,DNK,RENEW
127628,101585,FOR,DNK,SD
127628,124872,ABSTENTION,DNK,RENEW
127628,197515,AGAINST,DNK,EPP
127628,197555,AGAINST,DNK,RENEW
127628,197558,AGAINST,DNK,RENEW
127628,197567,ABSTENTION,DNK,RENEW
127628,197570,AGAINST,DNK,ID
127628,197571,ABSTENTION,DNK,GUE_NGL
127628,197573,FOR,DNK,GREEN_EFA
127628,199941,FOR,DNK,SD
127628,204331,AGAINST,DNK,RENEW
127629,28161,FOR,DNK,GREEN_EFA
127629,37312,FOR,DNK,SD
127629,96709,AGAINST,DNK,RENEW
127629,101585,FOR,DNK,SD
127629,124872,FOR,DNK,RENEW
127629,197515,FOR,DNK,EPP
127629,197555,AGAINST,DNK,RENEW
127629,197558,AGAINST,DNK,RENEW
127629,197567,FOR,DNK,RENEW
127629,197570,AGAINST,DNK,ID
127629,197571,FOR,DNK,GUE_NGL
127629,197573,FOR,DNK,GREEN_EFA
127629,199941,FOR,DNK,SD
127629,204331,AGAINST,DNK,RENEW
127632,28161,FOR,DNK,GREEN_EFA
127632,37312,FOR,DNK,SD
127632,96709,FOR,DNK,RENEW
127632,101585,FOR,DNK,SD
127632,124872,FOR,DNK,RENEW
127632,197515,FOR,DNK,EPP
127632,197555,ABSTENTION,DNK,RENEW
127632,197558,FOR,DNK,RENEW
127632,197567,FOR,DNK,RENEW
127632,197570,AGAINST,DNK,ID
127632,197571,ABSTENTION,DNK,GUE_NGL
127632,197573,FOR,DNK,GREEN_EFA
127632,199941,FOR,DNK,SD
127632,204331,FOR,DNK,RENEW
127828,28161,FOR,DNK,GREEN_EFA
127828,37312,FOR,DNK,SD
127828,96709,FOR,DNK,RENEW
127828,101585,FOR,DNK,SD
127828,124872,FOR,DNK,RENEW
127828,197515,FOR,DNK,EPP
127828,197555,FOR,DNK,RENEW
127828,197558,FOR,DNK,RENEW
127828,197567,FOR,DNK,RENEW
127828,197570,FOR,DNK,ID
127828,197571,FOR,DNK,GUE_NGL
127828,197573,FOR,DNK,GREEN_EFA
127828,199941,FOR,DNK,SD
127828,204331,FOR,DNK,RENEW
127829,28161,FOR,DNK,GREEN_EFA
127829,37312,FOR,DNK,SD
127829,96709,FOR,DNK,RENEW
127829,101585,FOR,DNK,SD
127829,124872,FOR,DNK,RENEW
127829,197515,FOR,DNK,EPP
127829,197555,FOR,DNK,RENEW
127829,197558,FOR,DNK,RENEW
127829,197567,FOR,DNK,RENEW
127829,197570,FOR,DNK,ID
127829,197571,AGAINST,DNK,GUE_NGL
127829,197573,FOR,DNK,GREEN_EFA
127829,199941,FOR,DNK,SD
127829,204331,FOR,DNK,RENEW
127830,28161,FOR,DNK,GREEN_EFA
127830,37312,FOR,DNK,SD
127830,96709,FOR,DNK,RENEW
127830,101585,FOR,DNK,SD
127830,124872,FOR,DNK,RENEW
127830,197515,FOR,DNK,EPP
127830,197555,FOR,DNK,RENEW
127830,197558,FOR,DNK,RENEW
127830,197567,FOR,DNK,RENEW
127830,197570,ABSTENTION,DNK,ID
127830,197571,ABSTENTION,DNK,GUE_NGL
127830,197573,FOR,DNK,GREEN_EFA
127830,199941,FOR,DNK,SD
127830,204331,FOR,DNK,RENEW
127831,28161,FOR,DNK,GREEN_EFA
127831,37312,FOR,DNK,SD
127831,96709,ABSTENTION,DNK,RENEW
127831,101585,FOR,DNK,SD
127831,124872,FOR,DNK,RENEW
127831,197515,FOR,DNK,EPP
127831,197555,ABSTENTION,DNK,RENEW
127831,197558,ABSTENTION,DNK,RENEW
127831,197567,FOR,DNK,RENEW
127831,197570,ABSTENTION,DNK,ID
127831,197571,FOR,DNK,GUE_NGL
127831,197573,FOR,DNK,GREEN_EFA
127831,199941,FOR,DNK,SD
127831,204331,ABSTENTION,DNK,RENEW
127972,28161,FOR,DNK,GREEN_EFA
127972,37312,FOR,DNK,SD
127972,96709,FOR,DNK,RENEW
127972,101585,FOR,DNK,SD
127972,124872,FOR,DNK,RENEW
127972,197515,FOR,DNK,EPP
127972,197555,FOR,DNK,RENEW
127972,197558,FOR,DNK,RENEW
127972,197567,FOR,DNK,RENEW
127972,197570,FOR,DNK,ID
127972,197571,FOR,DNK,GUE_NGL
127972,197573,FOR,DNK,GREEN_EFA
127972,199941,FOR,DNK,SD
127972,204331,FOR,DNK,RENEW
127973,28161,FOR,DNK,GREEN_EFA
127973,37312,FOR,DNK,SD
127973,96709,FOR,DNK,RENEW
127973,101585,FOR,DNK,SD
127973,124872,FOR,DNK,RENEW
127973,197515,FOR,DNK,EPP
127973,197555,ABSTENTION,DNK,RENEW
127973,197558,FOR,DNK,RENEW
127973,197567,FOR,DNK,RENEW
127973,197570,FOR,DNK,ID
127973,197571,FOR,DNK,GUE_NGL
127973,197573,FOR,DNK,GREEN_EFA
127973,199941,FOR,DNK,SD
127973,204331,FOR,DNK,RENEW
127974,28161,FOR,DNK,GREEN_EFA
127974,37312,FOR,DNK,SD
127974,96709,FOR,DNK,RENEW
127974,101585,FOR,DNK,SD
127974,124872,FOR,DNK,RENEW
127974,197515,FOR,DNK,EPP
127974,197555,FOR,DNK,RENEW
127974,197558,FOR,DNK,RENEW
127974,197567,FOR,DNK,RENEW
127974,197570,FOR,DNK,ID
127974,197571,FOR,DNK,GUE_NGL
127974,197573,FOR,DNK,GREEN_EFA
127974,199941,FOR,DNK,SD
127974,204331,FOR,DNK,RENEW
127975,28161,FOR,DNK,GREEN_EFA
127975,37312,FOR,DNK,SD
127975,96709,FOR,DNK,RENEW
127975,101585,FOR,DNK,SD
127975,124872,FOR,DNK,RENEW
127975,197515,FOR,DNK,EPP
127975,197555,FOR,DNK,RENEW
127975,197558,FOR,DNK,RENEW
127975,197567,FOR,DNK,RENEW
127975,197570,FOR,DNK,ID
127975,197571,FOR,DNK,GUE_NGL
127975,197573,FOR,DNK,GREEN_EFA
127975,199941,FOR,DNK,SD
127975,204331,FOR,DNK,RENEW
127976,28161,FOR,DNK,GREEN_EFA
127976,37312,FOR,DNK,SD
127976,96709,FOR,DNK,RENEW
127976,101585,FOR,DNK,SD
127976,124872,FOR,DNK,RENEW
127976,197515,FOR,DNK,EPP
127976,197555,FOR,DNK,RENEW
127976,197558,FOR,DNK,RENEW
127976,197567,FOR,DNK,RENEW
127976,197570,ABSTENTION,DNK,ID
127976,197571,FOR,DNK,GUE_NGL
127976,197573,FOR,DNK,GREEN_EFA
127976,199941,FOR,DNK,SD
127976,204331,FOR,DNK,RENEW
127977,28161,FOR,DNK,GREEN_EFA
127977,37312,FOR,DNK,SD
127977,96709,FOR,DNK,RENEW
127977,101585,FOR,DNK,SD
127977,124872,FOR,DNK,RENEW
127977,197515,FOR,DNK,EPP
127977,197555,FOR,DNK,RENEW
127977,197558,FOR,DNK,RENEW
127977,197567,FOR,DNK,RENEW
127977,197570,ABSTENTION,DNK,ID
127977,197571,FOR,DNK,GUE_NGL
127977,197573,FOR,DNK,GREEN_EFA
127977,199941,FOR,DNK,SD
127977,204331,FOR,DNK,RENEW
127978,28161,FOR,DNK,GREEN_EFA
127978,37312,FOR,DNK,SD
127978,96709,ABSTENTION,DNK,RENEW
127978,101585,FOR,DNK,SD
127978,124872,FOR,DNK,RENEW
127978,197515,FOR,DNK,EPP
127978,197555,ABSTENTION,DNK,RENEW
127978,197558,ABSTENTION,DNK,RENEW
127978,197567,FOR,DNK,RENEW
127978,197570,ABSTENTION,DNK,ID
127978,197571,FOR,DNK,GUE_NGL
127978,197573,FOR,DNK,GREEN_EFA
127978,199941,FOR,DNK,SD
127978,204331,ABSTENTION,DNK,RENEW
128842,28161,ABSTENTION,DNK,GREEN_EFA
128842,37312,FOR,DNK,SD
128842,96709,FOR,DNK,RENEW
128842,101585,FOR,DNK,SD
128842,124872,FOR,DNK,RENEW
128842,197515,FOR,DNK,EPP
128842,197555,FOR,DNK,RENEW
128842,197558,FOR,DNK,RENEW
128842,197567,FOR,DNK,RENEW
128842,197570,AGAINST,DNK,ID
128842,197571,ABSTENTION,DNK,GUE_NGL
128842,197573,ABSTENTION,DNK,GREEN_EFA
128842,199941,FOR,DNK,SD
128842,204331,FOR,DNK,RENEW
128844,28161,FOR,DNK,GREEN_EFA
128844,37312,FOR,DNK,SD
128844,96709,ABSTENTION,DNK,RENEW
128844,101585,FOR,DNK,SD
128844,124872,FOR,DNK,RENEW
128844,197515,ABSTENTION,DNK,EPP
128844,197555,ABSTENTION,DNK,RENEW
128844,197558,ABSTENTION,DNK,RENEW
128844,197567,FOR,DNK,RENEW
128844,197570,ABSTENTION,DNK,ID
128844,197571,FOR,DNK,GUE_NGL
128844,197573,FOR,DNK,GREEN_EFA
128844,199941,FOR,DNK,SD
128844,204331,ABSTENTION,DNK,RENEW
128845,28161,FOR,DNK,GREEN_EFA
128845,37312,FOR,DNK,SD
128845,96709,FOR,DNK,RENEW
128845,101585,FOR,DNK,SD
128845,124872,FOR,DNK,RENEW
128845,197515,FOR,DNK,EPP
128845,197555,FOR,DNK,RENEW
128845,197558,FOR,DNK,RENEW
128845,197567,FOR,DNK,RENEW
128845,197570,FOR,DNK,ID
128845,197571,FOR,DNK,GUE_NGL
128845,197573,FOR,DNK,GREEN_EFA
128845,199941,FOR,DNK,SD
128845,204331,FOR,DNK,RENEW
128846,28161,FOR,DNK,GREEN_EFA
128846,37312,FOR,DNK,SD
128846,96709,FOR,DNK,RENEW
128846,101585,FOR,DNK,SD
128846,124872,FOR,DNK,RENEW
128846,197515,FOR,DNK,EPP
128846,197555,FOR,DNK,RENEW
128846,197558,FOR,DNK,RENEW
128846,197567,FOR,DNK,RENEW
128846,197570,ABSTENTION,DNK,ID
128846,197571,FOR,DNK,GUE_NGL
128846,197573,FOR,DNK,GREEN_EFA
128846,199941,FOR,DNK,SD
128846,204331,FOR,DNK,RENEW
128848,28161,AGAINST,DNK,GREEN_EFA
128848,37312,FOR,DNK,SD
128848,96709,FOR,DNK,RENEW
128848,101585,FOR,DNK,SD
128848,124872,FOR,DNK,RENEW
128848,197515,FOR,DNK,EPP
128848,197555,FOR,DNK,RENEW
128848,197558,FOR,DNK,RENEW
128848,197567,FOR,DNK,RENEW
128848,197570,FOR,DNK,ID
128848,197571,AGAINST,DNK,GUE_NGL
128848,197573,AGAINST,DNK,GREEN_EFA
128848,199941,FOR,DNK,SD
128848,204331,FOR,DNK,RENEW
128851,28161,ABSTENTION,DNK,GREEN_EFA
128851,37312,FOR,DNK,SD
128851,96709,FOR,DNK,RENEW
128851,101585,FOR,DNK,SD
128851,124872,FOR,DNK,RENEW
128851,197515,FOR,DNK,EPP
128851,197555,FOR,DNK,RENEW
128851,197558,FOR,DNK,RENEW
128851,197567,FOR,DNK,RENEW
128851,197570,FOR,DNK,ID
128851,197571,FOR,DNK,GUE_NGL
128851,197573,ABSTENTION,DNK,GREEN_EFA
128851,199941,FOR,DNK,SD
128851,204331,FOR,DNK,RENEW
128852,28161,FOR,DNK,GREEN_EFA
128852,37312,FOR,DNK,SD
128852,96709,AGAINST,DNK,RENEW
128852,101585,FOR,DNK,SD
128852,124872,FOR,DNK,RENEW
128852,197515,AGAINST,DNK,EPP
128852,197555,AGAINST,DNK,RENEW
128852,197558,AGAINST,DNK,RENEW
128852,197567,FOR,DNK,RENEW
128852,197570,AGAINST,DNK,ID
128852,197571,FOR,DNK,GUE_NGL
128852,197573,FOR,DNK,GREEN_EFA
128852,199941,FOR,DNK,SD
128852,204331,AGAINST,DNK,RENEW
128853,28161,FOR,DNK,GREEN_EFA
128853,37312,FOR,DNK,SD
128853,96709,AGAINST,DNK,RENEW
128853,101585,FOR,DNK,SD
128853,124872,FOR,DNK,RENEW
128853,197515,AGAINST,DNK,EPP
128853,197555,AGAINST,DNK,RENEW
128853,197558,AGAINST,DNK,RENEW
128853,197567,FOR,DNK,RENEW
128853,197570,FOR,DNK,ID
128853,197571,FOR,DNK,GUE_NGL
128853,197573,FOR,DNK,GREEN_EFA
128853,199941,FOR,DNK,SD
128853,204331,AGAINST,DNK,RENEW
128854,28161,FOR,DNK,GREEN_EFA
128854,37312,FOR,DNK,SD
128854,96709,AGAINST,DNK,RENEW
128854,101585,FOR,DNK,SD
128854,124872,FOR,DNK,RENEW
128854,197515,AGAINST,DNK,EPP
128854,197555,AGAINST,DNK,RENEW
128854,197558,AGAINST,DNK,RENEW
128854,197567,FOR,DNK,RENEW
128854,197570,FOR,DNK,ID
128854,197571,FOR,DNK,GUE_NGL
128854,197573,FOR,DNK,GREEN_EFA
128854,199941,FOR,DNK,SD
128854,204331,AGAINST,DNK,RENEW
128855,28161,FOR,DNK,GREEN_EFA
128855,37312,FOR,DNK,SD
128855,96709,FOR,DNK,RENEW
128855,101585,FOR,DNK,SD
128855,124872,FOR,DNK,RENEW
128855,197515,FOR,DNK,EPP
128855,197555,FOR,DNK,RENEW
128855,197558,FOR,DNK,RENEW
128855,197567,FOR,DNK,RENEW
128855,197570,FOR,DNK,ID
128855,197571,FOR,DNK,GUE_NGL
128855,197573,FOR,DNK,GREEN_EFA
128855,199941,FOR,DNK,SD
128855,204331,FOR,DNK,RENEW
128861,28161,FOR,DNK,GREEN_EFA
128861,37312,FOR,DNK,SD
128861,96709,FOR,DNK,RENEW
128861,101585,FOR,DNK,SD
128861,124872,FOR,DNK,RENEW
128861,197515,FOR,DNK,EPP
128861,197555,FOR,DNK,RENEW
128861,197558,FOR,DNK,RENEW
128861,197567,FOR,DNK,RENEW
128861,197570,ABSTENTION,DNK,ID
128861,197571,FOR,DNK,GUE_NGL
128861,197573,FOR,DNK,GREEN_EFA
128861,199941,FOR,DNK,SD
128861,204331,FOR,DNK,RENEW
128967,28161,ABSTENTION,DNK,GREEN_EFA
128967,37312,FOR,DNK,SD
128967,96709,FOR,DNK,RENEW
128967,101585,FOR,DNK,SD
128967,124872,FOR,DNK,RENEW
128967,197515,FOR,DNK,EPP
128967,197555,FOR,DNK,RENEW
128967,197558,FOR,DNK,RENEW
128967,197567,FOR,DNK,RENEW
128967,197570,AGAINST,DNK,ID
128967,197571,AGAINST,DNK,GUE_NGL
128967,197573,ABSTENTION,DNK,GREEN_EFA
128967,199941,FOR,DNK,SD
128967,204331,FOR,DNK,RENEW
128970,28161,FOR,DNK,GREEN_EFA
128970,37312,FOR,DNK,SD
128970,96709,FOR,DNK,RENEW
128970,101585,FOR,DNK,SD
128970,124872,FOR,DNK,RENEW
128970,197515,FOR,DNK,EPP
128970,197555,FOR,DNK,RENEW
128970,197558,FOR,DNK,RENEW
128970,197567,FOR,DNK,RENEW
128970,197570,FOR,DNK,ID
128970,197571,FOR,DNK,GUE_NGL
128970,197573,FOR,DNK,GREEN_EFA
128970,199941,FOR,DNK,SD
128970,204331,FOR,DNK,RENEW
128971,28161,FOR,DNK,GREEN_EFA
128971,37312,FOR,DNK,SD
128971,96709,FOR,DNK,RENEW
128971,101585,FOR,DNK,SD
128971,124872,FOR,DNK,RENEW
128971,197515,FOR,DNK,EPP
128971,197555,FOR,DNK,RENEW
128971,197558,FOR,DNK,RENEW
128971,197567,FOR,DNK,RENEW
128971,197570,FOR,DNK,ID
128971,197571,FOR,DNK,GUE_NGL
128971,197573,FOR,DNK,GREEN_EFA
128971,199941,FOR,DNK,SD
128971,204331,FOR,DNK,RENEW
128972,28161,FOR,DNK,GREEN_EFA
128972,37312,FOR,DNK,SD
128972,96709,FOR,DNK,RENEW
128972,101585,FOR,DNK,SD
128972,124872,FOR,DNK,RENEW
128972,197515,FOR,DNK,EPP
128972,197555,FOR,DNK,RENEW
128972,197558,FOR,DNK,RENEW
128972,197567,FOR,DNK,RENEW
128972,197570,FOR,DNK,ID
128972,197571,FOR,DNK,GUE_NGL
128972,197573,FOR,DNK,GREEN_EFA
128972,199941,FOR,DNK,SD
128972,204331,FOR,DNK,RENEW
128973,28161,FOR,DNK,GREEN_EFA
128973,37312,AGAINST,DNK,SD
128973,96709,ABSTENTION,DNK,RENEW
128973,101585,AGAINST,DNK,SD
128973,124872,FOR,DNK,RENEW
128973,197515,FOR,DNK,EPP
128973,197555,ABSTENTION,DNK,RENEW
128973,197558,ABSTENTION,DNK,RENEW
128973,197567,FOR,DNK,RENEW
128973,197570,AGAINST,DNK,ID
128973,197571,FOR,DNK,GUE_NGL
128973,197573,FOR,DNK,GREEN_EFA
128973,199941,AGAINST,DNK,SD
128973,204331,ABSTENTION,DNK,RENEW
128974,28161,FOR,DNK,GREEN_EFA
128974,37312,FOR,DNK,SD
128974,96709,FOR,DNK,RENEW
128974,101585,FOR,DNK,SD
128974,124872,FOR,DNK,RENEW
128974,197515,FOR,DNK,EPP
128974,197555,FOR,DNK,RENEW
128974,197558,FOR,DNK,RENEW
128974,197567,FOR,DNK,RENEW
128974,197570,FOR,DNK,ID
128974,197571,FOR,DNK,GUE_NGL
128974,197573,FOR,DNK,GREEN_EFA
128974,199941,FOR,DNK,SD
128974,204331,FOR,DNK,RENEW
128975,28161,FOR,DNK,GREEN_EFA
128975,37312,FOR,DNK,SD
128975,96709,FOR,DNK,RENEW
128975,101585,FOR,DNK,SD
128975,124872,FOR,DNK,RENEW
128975,197515,FOR,DNK,EPP
128975,197555,FOR,DNK,RENEW
128975,197558,FOR,DNK,RENEW
128975,197567,FOR,DNK,RENEW
128975,197570,ABSTENTION,DNK,ID
128975,197571,FOR,DNK,GUE_NGL
128975,197573,FOR,DNK,GREEN_EFA
128975,199941,FOR,DNK,SD
128975,204331,FOR,DNK,RENEW
129463,28161,ABSTENTION,DNK,GREEN_EFA
129463,37312,FOR,DNK,SD
129463,96709,FOR,DNK,RENEW
129463,101585,FOR,DNK,SD
129463,124872,FOR,DNK,RENEW
129463,197515,FOR,DNK,EPP
129463,197555,FOR,DNK,RENEW
129463,197558,FOR,DNK,RENEW
129463,197567,FOR,DNK,RENEW
129463,197570,ABSTENTION,DNK,ID
129463,197571,AGAINST,DNK,GUE_NGL
129463,197573,ABSTENTION,DNK,GREEN_EFA
129463,199941,FOR,DNK,SD
129463,204331,FOR,DNK,RENEW
129464,28161,FOR,DNK,GREEN_EFA
129464,37312,FOR,DNK,SD
129464,96709,FOR,DNK,RENEW
129464,101585,FOR,DNK,SD
129464,124872,FOR,DNK,RENEW
129464,197515,FOR,DNK,EPP
129464,197555,FOR,DNK,RENEW
129464,197558,FOR,DNK,RENEW
129464,197567,FOR,DNK,RENEW
129464,197570,FOR,DNK,ID
129464,197571,FOR,DNK,GUE_NGL
129464,197573,FOR,DNK,GREEN_EFA
129464,199941,FOR,DNK,SD
129464,204331,FOR,DNK,RENEW
129466,28161,FOR,DNK,GREEN_EFA
129466,37312,FOR,DNK,SD
129466,96709,FOR,DNK,RENEW
129466,101585,FOR,DNK,SD
129466,124872,FOR,DNK,RENEW
129466,197515,FOR,DNK,EPP
129466,197555,FOR,DNK,RENEW
129466,197558,FOR,DNK,RENEW
129466,197567,FOR,DNK,RENEW
129466,197570,AGAINST,DNK,ID
129466,197571,AGAINST,DNK,GUE_NGL
129466,197573,FOR,DNK,GREEN_EFA
129466,199941,FOR,DNK,SD
129466,204331,FOR,DNK,RENEW
129467,28161,FOR,DNK,GREEN_EFA
129467,37312,AGAINST,DNK,SD
129467,96709,ABSTENTION,DNK,RENEW
129467,101585,AGAINST,DNK,SD
129467,124872,FOR,DNK,RENEW
129467,197515,FOR,DNK,EPP
129467,197555,ABSTENTION,DNK,RENEW
129467,197558,ABSTENTION,DNK,RENEW
129467,197567,FOR,DNK,RENEW
129467,197570,AGAINST,DNK,ID
129467,197571,ABSTENTION,DNK,GUE_NGL
129467,197573,FOR,DNK,GREEN_EFA
129467,199941,AGAINST,DNK,SD
129467,204331,ABSTENTION,DNK,RENEW
129468,28161,FOR,DNK,GREEN_EFA
129468,37312,FOR,DNK,SD
129468,96709,FOR,DNK,RENEW
129468,101585,FOR,DNK,SD
129468,124872,FOR,DNK,RENEW
129468,197515,ABSTENTION,DNK,EPP
129468,197555,FOR,DNK,RENEW
129468,197558,FOR,DNK,RENEW
129468,197567,FOR,DNK,RENEW
129468,197570,ABSTENTION,DNK,ID
129468,197571,FOR,DNK,GUE_NGL
129468,197573,FOR,DNK,GREEN_EFA
129468,199941,FOR,DNK,SD
129468,204331,FOR,DNK,RENEW
129469,28161,FOR,DNK,GREEN_EFA
129469,37312,ABSTENTION,DNK,SD
129469,96709,ABSTENTION,DNK,RENEW
129469,101585,ABSTENTION,DNK,SD
129469,124872,FOR,DNK,RENEW
129469,197515,FOR,DNK,EPP
129469,197555,ABSTENTION,DNK,RENEW
129469,197558,ABSTENTION,DNK,RENEW
129469,197567,FOR,DNK,RENEW
129469,197570,AGAINST,DNK,ID
129469,197571,ABSTENTION,DNK,GUE_NGL
129469,197573,FOR,DNK,GREEN_EFA
129469,199941,ABSTENTION,DNK,SD
129469,204331,ABSTENTION,DNK,RENEW
129470,28161,FOR,DNK,GREEN_EFA
129470,37312,FOR,DNK,SD
129470,96709,ABSTENTION,DNK,RENEW
129470,101585,FOR,DNK,SD
129470,124872,FOR,DNK,RENEW
129470,197515,FOR,DNK,EPP
129470,197555,ABSTENTION,DNK,RENEW
129470,197558,ABSTENTION,DNK,RENEW
129470,197567,FOR,DNK,RENEW
129470,197570,ABSTENTION,DNK,ID
129470,197571,AGAINST,DNK,GUE_NGL
129470,197573,FOR,DNK,GREEN_EFA
129470,199941,FOR,DNK,SD
129470,204331,ABSTENTION,DNK,RENEW
129471,28161,FOR,DNK,GREEN_EFA
129471,37312,FOR,DNK,SD
129471,96709,ABSTENTION,DNK,RENEW
129471,101585,FOR,DNK,SD
129471,124872,FOR,DNK,RENEW
129471,197515,FOR,DNK,EPP
129471,197555,ABSTENTION,DNK,RENEW
129471,197558,ABSTENTION,DNK,RENEW
129471,197567,FOR,DNK,RENEW
129471,197570,ABSTENTION,DNK,ID
129471,197571,AGAINST,DNK,GUE_NGL
129471,197573,FOR,DNK,GREEN_EFA
129471,199941,FOR,DNK,SD
129471,204331,ABSTENTION,DNK,RENEW
129472,28161,FOR,DNK,GREEN_EFA
129472,37312,FOR,DNK,SD
129472,96709,ABSTENTION,DNK,RENEW
129472,101585,FOR,DNK,SD
129472,124872,FOR,DNK,RENEW
129472,197515,AGAINST,DNK,EPP
129472,197555,ABSTENTION,DNK,RENEW
129472,197558,ABSTENTION,DNK,RENEW
129472,197567,FOR,DNK,RENEW
129472,197570,ABSTENTION,DNK,ID
129472,197571,FOR,DNK,GUE_NGL
129472,197573,FOR,DNK,GREEN_EFA
129472,199941,FOR,DNK,SD
129472,204331,ABSTENTION,DNK,RENEW
129473,28161,ABSTENTION,DNK,GREEN_EFA
129473,37312,FOR,DNK,SD
129473,96709,FOR,DNK,RENEW
129473,101585,FOR,DNK,SD
129473,124872,FOR,DNK,RENEW
129473,197515,FOR,DNK,EPP
129473,197555,FOR,DNK,RENEW
129473,197558,FOR,DNK,RENEW
129473,197567,FOR,DNK,RENEW
129473,197570,AGAINST,DNK,ID
129473,197571,ABSTENTION,DNK,GUE_NGL
129473,197573,ABSTENTION,DNK,GREEN_EFA
129473,199941,FOR,DNK,SD
129473,204331,FOR,DNK,RENEW
129474,28161,FOR,DNK,GREEN_EFA
129474,37312,FOR,DNK,SD
129474,96709,FOR,DNK,RENEW
129474,101585,FOR,DNK,SD
129474,124872,FOR,DNK,RENEW
129474,197515,FOR,DNK,EPP
129474,197555,FOR,DNK,RENEW
129474,197558,FOR,DNK,RENEW
129474,197567,FOR,DNK,RENEW
129474,197570,AGAINST,DNK,ID
129474,197571,ABSTENTION,DNK,GUE_NGL
129474,197573,FOR,DNK,GREEN_EFA
129474,199941,FOR,DNK,SD
129474,204331,FOR,DNK,RENEW
129475,28161,FOR,DNK,GREEN_EFA
129475,37312,FOR,DNK,SD
129475,96709,FOR,DNK,RENEW
129475,101585,FOR,DNK,SD
129475,124872,FOR,DNK,RENEW
129475,197515,FOR,DNK,EPP
129475,197555,FOR,DNK,RENEW
129475,197558,FOR,DNK,RENEW
129475,197567,FOR,DNK,RENEW
129475,197570,AGAINST,DNK,ID
129475,197571,ABSTENTION,DNK,GUE_NGL
129475,197573,FOR,DNK,GREEN_EFA
129475,199941,FOR,DNK,SD
129475,204331,FOR,DNK,RENEW
129476,28161,FOR,DNK,GREEN_EFA
129476,37312,FOR,DNK,SD
129476,96709,FOR,DNK,RENEW
129476,101585,FOR,DNK,SD
129476,124872,FOR,DNK,RENEW
129476,197515,FOR,DNK,EPP
129476,197555,FOR,DNK,RENEW
129476,197558,FOR,DNK,RENEW
129476,197567,FOR,DNK,RENEW
129476,197570,AGAINST,DNK,ID
129476,197571,ABSTENTION,DNK,GUE_NGL
129476,197573,FOR,DNK,GREEN_EFA
129476,199941,FOR,DNK,SD
129476,204331,FOR,DNK,RENEW
130594,28161,FOR,DNK,GREEN_EFA
130594,37312,FOR,DNK,SD
130594,96709,FOR,DNK,RENEW
130594,101585,FOR,DNK,SD
130594,124872,FOR,DNK,RENEW
130594,197515,FOR,DNK,EPP
130594,197555,FOR,DNK,RENEW
130594,197558,FOR,DNK,RENEW
130594,197567,FOR,DNK,RENEW
130594,197570,AGAINST,DNK,ID
130594,197571,ABSTENTION,DNK,GUE_NGL
130594,197573,FOR,DNK,GREEN_EFA
130594,199941,FOR,DNK,SD
130594,204331,FOR,DNK,RENEW
130596,28161,FOR,DNK,GREEN_EFA
130596,37312,FOR,DNK,SD
130596,96709,FOR,DNK,RENEW
130596,101585,FOR,DNK,SD
130596,124872,FOR,DNK,RENEW
130596,197515,FOR,DNK,EPP
130596,197555,FOR,DNK,RENEW
130596,197558,FOR,DNK,RENEW
130596,197567,FOR,DNK,RENEW
130596,197570,FOR,DNK,ID
130596,197571,ABSTENTION,DNK,GUE_NGL
130596,197573,FOR,DNK,GREEN_EFA
130596,199941,FOR,DNK,SD
130596,204331,FOR,DNK,RENEW
130597,28161,FOR,DNK,GREEN_EFA
130597,37312,FOR,DNK,SD
130597,96709,FOR,DNK,RENEW
130597,101585,FOR,DNK,SD
130597,124872,FOR,DNK,RENEW
130597,197515,FOR,DNK,EPP
130597,197555,FOR,DNK,RENEW
130597,197558,FOR,DNK,RENEW
130597,197567,FOR,DNK,RENEW
130597,197570,FOR,DNK,ID
130597,197571,FOR,DNK,GUE_NGL
130597,197573,FOR,DNK,GREEN_EFA
130597,199941,FOR,DNK,SD
130597,204331,FOR,DNK,RENEW
130598,28161,AGAINST,DNK,GREEN_EFA
130598,37312,FOR,DNK,SD
130598,96709,FOR,DNK,RENEW
130598,101585,FOR,DNK,SD
130598,124872,FOR,DNK,RENEW
130598,197515,FOR,DNK,EPP
130598,197555,FOR,DNK,RENEW
130598,197558,FOR,DNK,RENEW
130598,197567,FOR,DNK,RENEW
130598,197570,FOR,DNK,ID
130598,197571,AGAINST,DNK,GUE_NGL
130598,197573,AGAINST,DNK,GREEN_EFA
130598,199941,FOR,DNK,SD
130598,204331,FOR,DNK,RENEW
130599,28161,FOR,DNK,GREEN_EFA
130599,37312,FOR,DNK,SD
130599,96709,AGAINST,DNK,RENEW
130599,101585,FOR,DNK,SD
130599,124872,FOR,DNK,RENEW
130599,197515,AGAINST,DNK,EPP
130599,197555,AGAINST,DNK,RENEW
130599,197558,AGAINST,DNK,RENEW
130599,197567,FOR,DNK,RENEW
130599,197570,FOR,DNK,ID
130599,197571,FOR,DNK,GUE_NGL
130599,197573,FOR,DNK,GREEN_EFA
130599,199941,FOR,DNK,SD
130599,204331,AGAINST,DNK,RENEW
130600,28161,FOR,DNK,GREEN_EFA
130600,37312,FOR,DNK,SD
130600,96709,AGAINST,DNK,RENEW
130600,101585,FOR,DNK,SD
130600,124872,AGAINST,DNK,RENEW
130600,197515,AGAINST,DNK,EPP
130600,197555,AGAINST,DNK,RENEW
130600,197558,AGAINST,DNK,RENEW
130600,197567,FOR,DNK,RENEW
130600,197570,FOR,DNK,ID
130600,197571,FOR,DNK,GUE_NGL
130600,197573,FOR,DNK,GREEN_EFA
130600,199941,FOR,DNK,SD
130600,204331,AGAINST,DNK,RENEW
130618,28161,FOR,DNK,GREEN_EFA
130618,37312,FOR,DNK,SD
130618,96709,FOR,DNK,RENEW
130618,101585,FOR,DNK,SD
130618,124872,FOR,DNK,RENEW
130618,197515,FOR,DNK,EPP
130618,197555,FOR,DNK,RENEW
130618,197558,FOR,DNK,RENEW
130618,197567,FOR,DNK,RENEW
130618,197570,AGAINST,DNK,ID
130618,197571,FOR,DNK,GUE_NGL
130618,197573,FOR,DNK,GREEN_EFA
130618,199941,FOR,DNK,SD
130618,204331,FOR,DNK,RENEW
130619,28161,FOR,DNK,GREEN_EFA
130619,37312,FOR,DNK,SD
130619,96709,FOR,DNK,RENEW
130619,101585,FOR,DNK,SD
130619,124872,FOR,DNK,RENEW
130619,197515,FOR,DNK,EPP
130619,197555,FOR,DNK,RENEW
130619,197558,FOR,DNK,RENEW
130619,197567,FOR,DNK,RENEW
130619,197570,AGAINST,DNK,ID
130619,197571,FOR,DNK,GUE_NGL
130619,197573,FOR,DNK,GREEN_EFA
130619,199941,FOR,DNK,SD
130619,204331,FOR,DNK,RENEW
130620,28161,FOR,DNK,GREEN_EFA
130620,37312,FOR,DNK,SD
130620,96709,FOR,DNK,RENEW
130620,101585,FOR,DNK,SD
130620,124872,FOR,DNK,RENEW
130620,197515,FOR,DNK,EPP
130620,197555,FOR,DNK,RENEW
130620,197558,FOR,DNK,RENEW
130620,197567,FOR,DNK,RENEW
130620,197570,FOR,DNK,ID
130620,197571,FOR,DNK,GUE_NGL
130620,197573,FOR,DNK,GREEN_EFA
130620,199941,FOR,DNK,SD
130620,204331,FOR,DNK,RENEW
130621,28161,FOR,DNK,GREEN_EFA
130621,37312,FOR,DNK,SD
130621,96709,FOR,DNK,RENEW
130621,101585,FOR,DNK,SD
130621,124872,FOR,DNK,RENEW
130621,197515,FOR,DNK,EPP
130621,197555,FOR,DNK,RENEW
130621,197558,FOR,DNK,RENEW
130621,197567,FOR,DNK,RENEW
130621,197570,FOR,DNK,ID
130621,197571,FOR,DNK,GUE_NGL
130621,197573,FOR,DNK,GREEN_EFA
130621,199941,FOR,DNK,SD
130621,204331,FOR,DNK,RENEW
130622,28161,AGAINST,DNK,GREEN_EFA
130622,37312,FOR,DNK,SD
130622,96709,FOR,DNK,RENEW
130622,101585,FOR,DNK,SD
130622,124872,FOR,DNK,RENEW
130622,197515,FOR,DNK,EPP
130622,197555,FOR,DNK,RENEW
130622,197558,FOR,DNK,RENEW
130622,197567,FOR,DNK,RENEW
130622,197570,AGAINST,DNK,ID
130622,197571,AGAINST,DNK,GUE_NGL
130622,197573,AGAINST,DNK,GREEN_EFA
130622,199941,FOR,DNK,SD
130622,204331,FOR,DNK,RENEW
130623,28161,FOR,DNK,GREEN_EFA
130623,37312,FOR,DNK,SD
130623,96709,FOR,DNK,RENEW
130623,101585,FOR,DNK,SD
130623,124872,FOR,DNK,RENEW
130623,197515,FOR,DNK,EPP
130623,197555,FOR,DNK,RENEW
130623,197558,FOR,DNK,RENEW
130623,197567,FOR,DNK,RENEW
130623,197570,AGAINST,DNK,ID
130623,197571,FOR,DNK,GUE_NGL
130623,197573,FOR,DNK,GREEN_EFA
130623,199941,FOR,DNK,SD
130623,204331,FOR,DNK,RENEW
130624,28161,FOR,DNK,GREEN_EFA
130624,37312,FOR,DNK,SD
130624,96709,FOR,DNK,RENEW
130624,101585,FOR,DNK,SD
130624,124872,FOR,DNK,RENEW
130624,197515,FOR,DNK,EPP
130624,197555,FOR,DNK,RENEW
130624,197558,FOR,DNK,RENEW
130624,197567,FOR,DNK,RENEW
130624,197570,FOR,DNK,ID
130624,197571,FOR,DNK,GUE_NGL
130624,197573,FOR,DNK,GREEN_EFA
130624,199941,FOR,DNK,SD
130624,204331,FOR,DNK,RENEW
130625,28161,FOR,DNK,GREEN_EFA
130625,37312,FOR,DNK,SD
130625,96709,FOR,DNK,RENEW
130625,101585,FOR,DNK,SD
130625,124872,FOR,DNK,RENEW
130625,197515,FOR,DNK,EPP
130625,197555,FOR,DNK,RENEW
130625,197558,FOR,DNK,RENEW
130625,197567,FOR,DNK,RENEW
130625,197570,AGAINST,DNK,ID
130625,197571,FOR,DNK,GUE_NGL
130625,197573,FOR,DNK,GREEN_EFA
130625,199941,FOR,DNK,SD
130625,204331,FOR,DNK,RENEW
130626,28161,FOR,DNK,GREEN_EFA
130626,37312,FOR,DNK,SD
130626,96709,FOR,DNK,RENEW
130626,101585,FOR,DNK,SD
130626,124872,FOR,DNK,RENEW
130626,197515,FOR,DNK,EPP
130626,197555,FOR,DNK,RENEW
130626,197558,FOR,DNK,RENEW
130626,197567,FOR,DNK,RENEW
130626,197570,FOR,DNK,ID
130626,197571,FOR,DNK,GUE_NGL
130626,197573,FOR,DNK,GREEN_EFA
130626,199941,FOR,DNK,SD
130626,204331,FOR,DNK,RENEW
130645,28161,FOR,DNK,GREEN_EFA
130645,37312,FOR,DNK,SD
130645,96709,FOR,DNK,RENEW
130645,101585,FOR,DNK,SD
130645,124872,FOR,DNK,RENEW
130645,197515,FOR,DNK,EPP
130645,197555,FOR,DNK,RENEW
130645,197558,FOR,DNK,RENEW
130645,197567,FOR,DNK,RENEW
130645,197570,FOR,DNK,ID
130645,197571,FOR,DNK,GUE_NGL
130645,197573,FOR,DNK,GREEN_EFA
130645,199941,FOR,DNK,SD
130645,204331,FOR,DNK,RENEW
130712,28161,DID_NOT_VOTE,DNK,GREEN_EFA
130712,37312,FOR,DNK,SD
130712,96709,FOR,DNK,RENEW
130712,101585,FOR,DNK,SD
130712,124872,FOR,DNK,RENEW
130712,197515,FOR,DNK,EPP
130712,197555,FOR,DNK,RENEW
130712,197558,FOR,DNK,RENEW
130712,197567,FOR,DNK,RENEW
130712,197570,FOR,DNK,ID
130712,197571,ABSTENTION,DNK,GUE_NGL
130712,197573,FOR,DNK,GREEN_EFA
130712,199941,FOR,DNK,SD
130712,204331,FOR,DNK,RENEW
130714,28161,DID_NOT_VOTE,DNK,GREEN_EFA
130714,37312,FOR,DNK,SD
130714,96709,FOR,DNK,RENEW
130714,101585,FOR,DNK,SD
130714,124872,FOR,DNK,RENEW
130714,197515,FOR,DNK,EPP
130714,197555,FOR,DNK,RENEW
130714,197558,FOR,DNK,RENEW
130714,197567,FOR,DNK,RENEW
130714,197570,FOR,DNK,ID
130714,197571,ABSTENTION,DNK,GUE_NGL
130714,197573,FOR,DNK,GREEN_EFA
130714,199941,FOR,DNK,SD
130714,204331,FOR,DNK,RENEW
130716,28161,DID_NOT_VOTE,DNK,GREEN_EFA
130716,37312,FOR,DNK,SD
130716,96709,AGAINST,DNK,RENEW
130716,101585,FOR,DNK,SD
130716,124872,FOR,DNK,RENEW
130716,197515,AGAINST,DNK,EPP
130716,197555,AGAINST,DNK,RENEW
130716,197558,AGAINST,DNK,RENEW
130716,197567,FOR,DNK,RENEW
130716,197570,AGAINST,DNK,ID
130716,197571,FOR,DNK,GUE_NGL
130716,197573,FOR,DNK,GREEN_EFA
130716,199941,FOR,DNK,SD
130716,204331,AGAINST,DNK,RENEW
130717,28161,DID_NOT_VOTE,DNK,GREEN_EFA
130717,37312,FOR,DNK,SD
130717,96709,FOR,DNK,RENEW
130717,101585,FOR,DNK,SD
130717,124872,FOR,DNK,RENEW
130717,197515,FOR,DNK,EPP
130717,197555,FOR,DNK,RENEW
130717,197558,FOR,DNK,RENEW
130717,197567,FOR,DNK,RENEW
130717,197570,FOR,DNK,ID
130717,197571,FOR,DNK,GUE_NGL
130717,197573,FOR,DNK,GREEN_EFA
130717,199941,FOR,DNK,SD
130717,204331,FOR,DNK,RENEW
130719,28161,FOR,DNK,GREEN_EFA
130719,37312,FOR,DNK,SD
130719,96709,FOR,DNK,RENEW
130719,101585,FOR,DNK,SD
130719,124872,FOR,DNK,RENEW
130719,197515,FOR,DNK,EPP
130719,197555,FOR,DNK,RENEW
130719,197558,FOR,DNK,RENEW
130719,197567,FOR,DNK,RENEW
130719,197570,FOR,DNK,ID
130719,197571,ABSTENTION,DNK,GUE_NGL
130719,197573,FOR,DNK,GREEN_EFA
130719,199941,FOR,DNK,SD
130719,204331,FOR,DNK,RENEW
130720,28161,FOR,DNK,GREEN_EFA
130720,37312,FOR,DNK,SD
130720,96709,FOR,DNK,RENEW
130720,101585,FOR,DNK,SD
130720,124872,FOR,DNK,RENEW
130720,197515,FOR,DNK,EPP
130720,197555,FOR,DNK,RENEW
130720,197558,FOR,DNK,RENEW
130720,197567,FOR,DNK,RENEW
130720,197570,FOR,DNK,ID
130720,197571,FOR,DNK,GUE_NGL
130720,197573,FOR,DNK,GREEN_EFA
130720,199941,FOR,DNK,SD
130720,204331,FOR,DNK,RENEW
130841,28161,FOR,DNK,GREEN_EFA
130841,37312,FOR,DNK,SD
130841,96709,FOR,DNK,RENEW
130841,101585,FOR,DNK,SD
130841,124872,FOR,DNK,RENEW
130841,197515,FOR,DNK,EPP
130841,197555,FOR,DNK,RENEW
130841,197558,FOR,DNK,RENEW
130841,197567,FOR,DNK,RENEW
130841,197570,ABSTENTION,DNK,ID
130841,197571,FOR,DNK,GUE_NGL
130841,197573,FOR,DNK,GREEN_EFA
130841,199941,FOR,DNK,SD
130841,204331,FOR,DNK,RENEW
130842,28161,AGAINST,DNK,GREEN_EFA
130842,37312,AGAINST,DNK,SD
130842,96709,FOR,DNK,RENEW
130842,101585,AGAINST,DNK,SD
130842,124872,FOR,DNK,RENEW
130842,197515,FOR,DNK,EPP
130842,197555,FOR,DNK,RENEW
130842,197558,FOR,DNK,RENEW
130842,197567,FOR,DNK,RENEW
130842,197570,ABSTENTION,DNK,ID
130842,197571,AGAINST,DNK,GUE_NGL
130842,197573,AGAINST,DNK,GREEN_EFA
130842,199941,AGAINST,DNK,SD
130842,204331,FOR,DNK,RENEW
130843,28161,FOR,DNK,GREEN_EFA
130843,37312,FOR,DNK,SD
130843,96709,FOR,DNK,RENEW
130843,101585,FOR,DNK,SD
130843,124872,FOR,DNK,RENEW
130843,197515,FOR,DNK,EPP
130843,197555,FOR,DNK,RENEW
130843,197558,FOR,DNK,RENEW
130843,197567,FOR,DNK,RENEW
130843,197570,FOR,DNK,ID
130843,197571,FOR,DNK,GUE_NGL
130843,197573,FOR,DNK,GREEN_EFA
130843,199941,FOR,DNK,SD
130843,204331,FOR,DNK,RENEW
130844,28161,FOR,DNK,GREEN_EFA
130844,37312,FOR,DNK,SD
130844,96709,FOR,DNK,RENEW
130844,101585,FOR,DNK,SD
130844,124872,FOR,DNK,RENEW
130844,197515,FOR,DNK,EPP
130844,197555,FOR,DNK,RENEW
130844,197558,FOR,DNK,RENEW
130844,197567,FOR,DNK,RENEW
130844,197570,AGAINST,DNK,ID
130844,197571,ABSTENTION,DNK,GUE_NGL
130844,197573,FOR,DNK,GREEN_EFA
130844,199941,FOR,DNK,SD
130844,204331,FOR,DNK,RENEW
130845,28161,FOR,DNK,GREEN_EFA
130845,37312,FOR,DNK,SD
130845,96709,FOR,DNK,RENEW
130845,101585,FOR,DNK,SD
130845,124872,FOR,DNK,RENEW
130845,197515,FOR,DNK,EPP
130845,197555,FOR,DNK,RENEW
130845,197558,FOR,DNK,RENEW
130845,197567,FOR,DNK,RENEW
130845,197570,FOR,DNK,ID
130845,197571,FOR,DNK,GUE_NGL
130845,197573,FOR,DNK,GREEN_EFA
130845,199941,FOR,DNK,SD
130845,204331,FOR,DNK,RENEW
130846,28161,FOR,DNK,GREEN_EFA
130846,37312,FOR,DNK,SD
130846,96709,FOR,DNK,RENEW
130846,101585,FOR,DNK,SD
130846,124872,FOR,DNK,RENEW
130846,197515,FOR,DNK,EPP
130846,197555,FOR,DNK,RENEW
130846,197558,FOR,DNK,RENEW
130846,197567,FOR,DNK,RENEW
130846,197570,ABSTENTION,DNK,ID
130846,197571,FOR,DNK,GUE_NGL
130846,197573,FOR,DNK,GREEN_EFA
130846,199941,FOR,DNK,SD
130846,204331,FOR,DNK,RENEW
130847,28161,FOR,DNK,GREEN_EFA
130847,37312,FOR,DNK,SD
130847,96709,AGAINST,DNK,RENEW
130847,101585,FOR,DNK,SD
130847,124872,FOR,DNK,RENEW
130847,197515,ABSTENTION,DNK,EPP
130847,197555,AGAINST,DNK,RENEW
130847,197558,AGAINST,DNK,RENEW
130847,197567,FOR,DNK,RENEW
130847,197570,AGAINST,DNK,ID
130847,197571,FOR,DNK,GUE_NGL
130847,197573,FOR,DNK,GREEN_EFA
130847,199941,FOR,DNK,SD
130847,204331,AGAINST,DNK,RENEW
130848,28161,FOR,DNK,GREEN_EFA
130848,37312,FOR,DNK,SD
130848,96709,FOR,DNK,RENEW
130848,101585,FOR,DNK,SD
130848,124872,FOR,DNK,RENEW
130848,197515,FOR,DNK,EPP
130848,197555,FOR,DNK,RENEW
130848,197558,FOR,DNK,RENEW
130848,197567,FOR,DNK,RENEW
130848,197570,FOR,DNK,ID
130848,197571,FOR,DNK,GUE_NGL
130848,197573,FOR,DNK,GREEN_EFA
130848,199941,FOR,DNK,SD
130848,204331,FOR,DNK,RENEW
130851,28161,FOR,DNK,GREEN_EFA
130851,37312,FOR,DNK,SD
130851,96709,FOR,DNK,RENEW
130851,101585,FOR,DNK,SD
130851,124872,FOR,DNK,RENEW
130851,197515,FOR,DNK,EPP
130851,197555,ABSTENTION,DNK,RENEW
130851,197558,FOR,DNK,RENEW
130851,197567,FOR,DNK,RENEW
130851,197570,ABSTENTION,DNK,ID
130851,197571,AGAINST,DNK,GUE_NGL
130851,197573,FOR,DNK,GREEN_EFA
130851,199941,FOR,DNK,SD
130851,204331,FOR,DNK,RENEW
130852,28161,FOR,DNK,GREEN_EFA
130852,37312,FOR,DNK,SD
130852,96709,FOR,DNK,RENEW
130852,101585,FOR,DNK,SD
130852,124872,FOR,DNK,RENEW
130852,197515,FOR,DNK,EPP
130852,197555,ABSTENTION,DNK,RENEW
130852,197558,FOR,DNK,RENEW
130852,197567,FOR,DNK,RENEW
130852,197570,AGAINST,DNK,ID
130852,197571,FOR,DNK,GUE_NGL
130852,197573,FOR,DNK,GREEN_EFA
130852,199941,FOR,DNK,SD
130852,204331,FOR,DNK,RENEW
130853,28161,FOR,DNK,GREEN_EFA
130853,37312,FOR,DNK,SD
130853,96709,FOR,DNK,RENEW
130853,101585,FOR,DNK,SD
130853,124872,FOR,DNK,RENEW
130853,197515,FOR,DNK,EPP
130853,197555,FOR,DNK,RENEW
130853,197558,FOR,DNK,RENEW
130853,197567,FOR,DNK,RENEW
130853,197570,FOR,DNK,ID
130853,197571,FOR,DNK,GUE_NGL
130853,197573,FOR,DNK,GREEN_EFA
130853,199941,FOR,DNK,SD
130853,204331,FOR,DNK,RENEW
130854,28161,FOR,DNK,GREEN_EFA
130854,37312,FOR,DNK,SD
130854,96709,FOR,DNK,RENEW
130854,101585,FOR,DNK,SD
130854,124872,FOR,DNK,RENEW
130854,197515,FOR,DNK,EPP
130854,197555,FOR,DNK,RENEW
130854,197558,FOR,DNK,RENEW
130854,197567,FOR,DNK,RENEW
130854,197570,FOR,DNK,ID
130854,197571,FOR,DNK,GUE_NGL
130854,197573,FOR,DNK,GREEN_EFA
130854,199941,FOR,DNK,SD
130854,204331,FOR,DNK,RENEW
130855,28161,FOR,DNK,GREEN_EFA
130855,37312,FOR,DNK,SD
130855,96709,FOR,DNK,RENEW
130855,101585,FOR,DNK,SD
130855,124872,FOR,DNK,RENEW
130855,197515,FOR,DNK,EPP
130855,197555,FOR,DNK,RENEW
130855,197558,FOR,DNK,RENEW
130855,197567,FOR,DNK,RENEW
130855,197570,FOR,DNK,ID
130855,197571,FOR,DNK,GUE_NGL
130855,197573,FOR,DNK,GREEN_EFA
130855,199941,FOR,DNK,SD
130855,204331,FOR,DNK,RENEW
130856,28161,FOR,DNK,GREEN_EFA
130856,37312,FOR,DNK,SD
130856,96709,FOR,DNK,RENEW
130856,101585,FOR,DNK,SD
130856,124872,FOR,DNK,RENEW
130856,197515,FOR,DNK,EPP
130856,197555,FOR,DNK,RENEW
130856,197558,FOR,DNK,RENEW
130856,197567,FOR,DNK,RENEW
130856,197570,ABSTENTION,DNK,ID
130856,197571,FOR,DNK,GUE_NGL
130856,197573,FOR,DNK,GREEN_EFA
130856,199941,FOR,DNK,SD
130856,204331,FOR,DNK,RENEW
130857,28161,FOR,DNK,GREEN_EFA
130857,37312,FOR,DNK,SD
130857,96709,FOR,DNK,RENEW
130857,101585,FOR,DNK,SD
130857,124872,FOR,DNK,RENEW
130857,197515,FOR,DNK,EPP
130857,197555,FOR,DNK,RENEW
130857,197558,FOR,DNK,RENEW
130857,197567,FOR,DNK,RENEW
130857,197570,FOR,DNK,ID
130857,197571,FOR,DNK,GUE_NGL
130857,197573,FOR,DNK,GREEN_EFA
130857,199941,FOR,DNK,SD
130857,204331,FOR,DNK,RENEW
130858,28161,FOR,DNK,GREEN_EFA
130858,37312,FOR,DNK,SD
130858,96709,FOR,DNK,RENEW
130858,101585,FOR,DNK,SD
130858,124872,FOR,DNK,RENEW
130858,197515,FOR,DNK,EPP
130858,197555,FOR,DNK,RENEW
130858,197558,FOR,DNK,RENEW
130858,197567,FOR,DNK,RENEW
130858,197570,FOR,DNK,ID
130858,197571,FOR,DNK,GUE_NGL
130858,197573,FOR,DNK,GREEN_EFA
130858,199941,FOR,DNK,SD
130858,204331,FOR,DNK,RENEW
130859,28161,FOR,DNK,GREEN_EFA
130859,37312,FOR,DNK,SD
130859,96709,FOR,DNK,RENEW
130859,101585,FOR,DNK,SD
130859,124872,FOR,DNK,RENEW
130859,197515,FOR,DNK,EPP
130859,197555,FOR,DNK,RENEW
130859,197558,FOR,DNK,RENEW
130859,197567,FOR,DNK,RENEW
130859,197570,AGAINST,DNK,ID
130859,197571,FOR,DNK,GUE_NGL
130859,197573,FOR,DNK,GREEN_EFA
130859,199941,FOR,DNK,SD
130859,204331,FOR,DNK,RENEW
130860,28161,FOR,DNK,GREEN_EFA
130860,37312,FOR,DNK,SD
130860,96709,FOR,DNK,RENEW
130860,101585,FOR,DNK,SD
130860,124872,FOR,DNK,RENEW
130860,197515,FOR,DNK,EPP
130860,197555,FOR,DNK,RENEW
130860,197558,FOR,DNK,RENEW
130860,197567,FOR,DNK,RENEW
130860,197570,AGAINST,DNK,ID
130860,197571,FOR,DNK,GUE_NGL
130860,197573,FOR,DNK,GREEN_EFA
130860,199941,FOR,DNK,SD
130860,204331,FOR,DNK,RENEW
130861,28161,FOR,DNK,GREEN_EFA
130861,37312,FOR,DNK,SD
130861,96709,FOR,DNK,RENEW
130861,101585,FOR,DNK,SD
130861,124872,FOR,DNK,RENEW
130861,197515,FOR,DNK,EPP
130861,197555,FOR,DNK,RENEW
130861,197558,FOR,DNK,RENEW
130861,197567,FOR,DNK,RENEW
130861,197570,FOR,DNK,ID
130861,197571,FOR,DNK,GUE_NGL
130861,197573,FOR,DNK,GREEN_EFA
130861,199941,FOR,DNK,SD
130861,204331,FOR,DNK,RENEW
130862,28161,FOR,DNK,GREEN_EFA
130862,37312,FOR,DNK,SD
130862,96709,ABSTENTION,DNK,RENEW
130862,101585,FOR,DNK,SD
130862,124872,FOR,DNK,RENEW
130862,197515,FOR,DNK,EPP
130862,197555,ABSTENTION,DNK,RENEW
130862,197558,ABSTENTION,DNK,RENEW
130862,197567,FOR,DNK,RENEW
130862,197570,AGAINST,DNK,ID
130862,197571,FOR,DNK,GUE_NGL
130862,197573,FOR,DNK,GREEN_EFA
130862,199941,FOR,DNK,SD
130862,204331,ABSTENTION,DNK,RENEW
130863,28161,FOR,DNK,GREEN_EFA
130863,37312,FOR,DNK,SD
130863,96709,FOR,DNK,RENEW
130863,101585,FOR,DNK,SD
130863,124872,FOR,DNK,RENEW
130863,197515,FOR,DNK,EPP
130863,197555,FOR,DNK,RENEW
130863,197558,FOR,DNK,RENEW
130863,197567,FOR,DNK,RENEW
130863,197570,AGAINST,DNK,ID
130863,197571,FOR,DNK,GUE_NGL
130863,197573,FOR,DNK,GREEN_EFA
130863,199941,FOR,DNK,SD
130863,204331,FOR,DNK,RENEW
130864,28161,FOR,DNK,GREEN_EFA
130864,37312,FOR,DNK,SD
130864,96709,FOR,DNK,RENEW
130864,101585,FOR,DNK,SD
130864,124872,FOR,DNK,RENEW
130864,197515,FOR,DNK,EPP
130864,197555,FOR,DNK,RENEW
130864,197558,FOR,DNK,RENEW
130864,197567,FOR,DNK,RENEW
130864,197570,FOR,DNK,ID
130864,197571,FOR,DNK,GUE_NGL
130864,197573,FOR,DNK,GREEN_EFA
130864,199941,FOR,DNK,SD
130864,204331,FOR,DNK,RENEW
130865,28161,FOR,DNK,GREEN_EFA
130865,37312,FOR,DNK,SD
130865,96709,FOR,DNK,RENEW
130865,101585,FOR,DNK,SD
130865,124872,FOR,DNK,RENEW
130865,197515,FOR,DNK,EPP
130865,197555,FOR,DNK,RENEW
130865,197558,FOR,DNK,RENEW
130865,197567,FOR,DNK,RENEW
130865,197570,AGAINST,DNK,ID
130865,197571,FOR,DNK,GUE_NGL
130865,197573,FOR,DNK,GREEN_EFA
130865,199941,FOR,DNK,SD
130865,204331,FOR,DNK,RENEW
130866,28161,FOR,DNK,GREEN_EFA
130866,37312,FOR,DNK,SD
130866,96709,FOR,DNK,RENEW
130866,101585,FOR,DNK,SD
130866,124872,FOR,DNK,RENEW
130866,197515,FOR,DNK,EPP
130866,197555,FOR,DNK,RENEW
130866,197558,FOR,DNK,RENEW
130866,197567,FOR,DNK,RENEW
130866,197570,ABSTENTION,DNK,ID
130866,197571,FOR,DNK,GUE_NGL
130866,197573,FOR,DNK,GREEN_EFA
130866,199941,FOR,DNK,SD
130866,204331,FOR,DNK,RENEW
130867,28161,FOR,DNK,GREEN_EFA
130867,37312,FOR,DNK,SD
130867,96709,FOR,DNK,RENEW
130867,101585,FOR,DNK,SD
130867,124872,FOR,DNK,RENEW
130867,197515,FOR,DNK,EPP
130867,197555,FOR,DNK,RENEW
130867,197558,FOR,DNK,RENEW
130867,197567,FOR,DNK,RENEW
130867,197570,AGAINST,DNK,ID
130867,197571,FOR,DNK,GUE_NGL
130867,197573,FOR,DNK,GREEN_EFA
130867,199941,FOR,DNK,SD
130867,204331,FOR,DNK,RENEW
130868,28161,FOR,DNK,GREEN_EFA
130868,37312,FOR,DNK,SD
130868,96709,FOR,DNK,RENEW
130868,101585,FOR,DNK,SD
130868,124872,FOR,DNK,RENEW
130868,197515,FOR,DNK,EPP
130868,197555,FOR,DNK,RENEW
130868,197558,FOR,DNK,RENEW
130868,197567,FOR,DNK,RENEW
130868,197570,ABSTENTION,DNK,ID
130868,197571,FOR,DNK,GUE_NGL
130868,197573,FOR,DNK,GREEN_EFA
130868,199941,FOR,DNK,SD
130868,204331,FOR,DNK,RENEW
130869,28161,FOR,DNK,GREEN_EFA
130869,37312,FOR,DNK,SD
130869,96709,FOR,DNK,RENEW
130869,101585,FOR,DNK,SD
130869,124872,FOR,DNK,RENEW
130869,197515,FOR,DNK,EPP
130869,197555,FOR,DNK,RENEW
130869,197558,FOR,DNK,RENEW
130869,197567,FOR,DNK,RENEW
130869,197570,FOR,DNK,ID
130869,197571,FOR,DNK,GUE_NGL
130869,197573,FOR,DNK,GREEN_EFA
130869,199941,FOR,DNK,SD
130869,204331,FOR,DNK,RENEW
130870,28161,FOR,DNK,GREEN_EFA
130870,37312,FOR,DNK,SD
130870,96709,FOR,DNK,RENEW
130870,101585,FOR,DNK,SD
130870,124872,FOR,DNK,RENEW
130870,197515,FOR,DNK,EPP
130870,197555,FOR,DNK,RENEW
130870,197558,FOR,DNK,RENEW
130870,197567,FOR,DNK,RENEW
130870,197570,AGAINST,DNK,ID
130870,197571,FOR,DNK,GUE_NGL
130870,197573,FOR,DNK,GREEN_EFA
130870,199941,FOR,DNK,SD
130870,204331,FOR,DNK,RENEW
130871,28161,FOR,DNK,GREEN_EFA
130871,37312,FOR,DNK,SD
130871,96709,FOR,DNK,RENEW
130871,101585,FOR,DNK,SD
130871,124872,FOR,DNK,RENEW
130871,197515,FOR,DNK,EPP
130871,197555,FOR,DNK,RENEW
130871,197558,FOR,DNK,RENEW
130871,197567,FOR,DNK,RENEW
130871,197570,AGAINST,DNK,ID
130871,197571,FOR,DNK,GUE_NGL
130871,197573,FOR,DNK,GREEN_EFA
130871,199941,FOR,DNK,SD
130871,204331,FOR,DNK,RENEW
130872,28161,FOR,DNK,GREEN_EFA
130872,37312,FOR,DNK,SD
130872,96709,FOR,DNK,RENEW
130872,101585,FOR,DNK,SD
130872,124872,FOR,DNK,RENEW
130872,197515,FOR,DNK,EPP
130872,197555,FOR,DNK,RENEW
130872,197558,FOR,DNK,RENEW
130872,197567,FOR,DNK,RENEW
130872,197570,ABSTENTION,DNK,ID
130872,197571,FOR,DNK,GUE_NGL
130872,197573,FOR,DNK,GREEN_EFA
130872,199941,FOR,DNK,SD
130872,204331,FOR,DNK,RENEW
130873,28161,FOR,DNK,GREEN_EFA
130873,37312,FOR,DNK,SD
130873,96709,FOR,DNK,RENEW
130873,101585,FOR,DNK,SD
130873,124872,FOR,DNK,RENEW
130873,197515,FOR,DNK,EPP
130873,197555,FOR,DNK,RENEW
130873,197558,FOR,DNK,RENEW
130873,197567,FOR,DNK,RENEW
130873,197570,AGAINST,DNK,ID
130873,197571,FOR,DNK,GUE_NGL
130873,197573,FOR,DNK,GREEN_EFA
130873,199941,FOR,DNK,SD
130873,204331,FOR,DNK,RENEW
130875,28161,FOR,DNK,GREEN_EFA
130875,37312,FOR,DNK,SD
130875,96709,FOR,DNK,RENEW
130875,101585,FOR,DNK,SD
130875,124872,FOR,DNK,RENEW
130875,197515,FOR,DNK,EPP
130875,197555,FOR,DNK,RENEW
130875,197558,FOR,DNK,RENEW
130875,197567,FOR,DNK,RENEW
130875,197570,FOR,DNK,ID
130875,197571,FOR,DNK,GUE_NGL
130875,197573,FOR,DNK,GREEN_EFA
130875,199941,FOR,DNK,SD
130875,204331,FOR,DNK,RENEW
130876,28161,FOR,DNK,GREEN_EFA
130876,37312,FOR,DNK,SD
130876,96709,FOR,DNK,RENEW
130876,101585,FOR,DNK,SD
130876,124872,FOR,DNK,RENEW
130876,197515,FOR,DNK,EPP
130876,197555,FOR,DNK,RENEW
130876,197558,FOR,DNK,RENEW
130876,197567,FOR,DNK,RENEW
130876,197570,ABSTENTION,DNK,ID
130876,197571,FOR,DNK,GUE_NGL
130876,197573,FOR,DNK,GREEN_EFA
130876,199941,FOR,DNK,SD
130876,204331,FOR,DNK,RENEW
130877,28161,FOR,DNK,GREEN_EFA
130877,37312,FOR,DNK,SD
130877,96709,FOR,DNK,RENEW
130877,101585,FOR,DNK,SD
130877,124872,FOR,DNK,RENEW
130877,197515,FOR,DNK,EPP
130877,197555,FOR,DNK,RENEW
130877,197558,FOR,DNK,RENEW
130877,197567,FOR,DNK,RENEW
130877,197570,FOR,DNK,ID
130877,197571,FOR,DNK,GUE_NGL
130877,197573,FOR,DNK,GREEN_EFA
130877,199941,FOR,DNK,SD
130877,204331,FOR,DNK,RENEW
130878,28161,FOR,DNK,GREEN_EFA
130878,37312,FOR,DNK,SD
130878,96709,FOR,DNK,RENEW
130878,101585,FOR,DNK,SD
130878,124872,FOR,DNK,RENEW
130878,197515,FOR,DNK,EPP
130878,197555,FOR,DNK,RENEW
130878,197558,FOR,DNK,RENEW
130878,197567,FOR,DNK,RENEW
130878,197570,ABSTENTION,DNK,ID
130878,197571,FOR,DNK,GUE_NGL
130878,197573,FOR,DNK,GREEN_EFA
130878,199941,FOR,DNK,SD
130878,204331,FOR,DNK,RENEW
130879,28161,FOR,DNK,GREEN_EFA
130879,37312,FOR,DNK,SD
130879,96709,FOR,DNK,RENEW
130879,101585,FOR,DNK,SD
130879,124872,FOR,DNK,RENEW
130879,197515,FOR,DNK,EPP
130879,197555,FOR,DNK,RENEW
130879,197558,FOR,DNK,RENEW
130879,197567,FOR,DNK,RENEW
130879,197570,FOR,DNK,ID
130879,197571,FOR,DNK,GUE_NGL
130879,197573,FOR,DNK,GREEN_EFA
130879,199941,FOR,DNK,SD
130879,204331,FOR,DNK,RENEW
130880,28161,FOR,DNK,GREEN_EFA
130880,37312,FOR,DNK,SD
130880,96709,FOR,DNK,RENEW
130880,101585,FOR,DNK,SD
130880,124872,FOR,DNK,RENEW
130880,197515,FOR,DNK,EPP
130880,197555,FOR,DNK,RENEW
130880,197558,FOR,DNK,RENEW
130880,197567,FOR,DNK,RENEW
130880,197570,AGAINST,DNK,ID
130880,197571,FOR,DNK,GUE_NGL
130880,197573,FOR,DNK,GREEN_EFA
130880,199941,FOR,DNK,SD
130880,204331,FOR,DNK,RENEW
130881,28161,FOR,DNK,GREEN_EFA
130881,37312,FOR,DNK,SD
130881,96709,FOR,DNK,RENEW
130881,101585,FOR,DNK,SD
130881,124872,FOR,DNK,RENEW
130881,197515,FOR,DNK,EPP
130881,197555,FOR,DNK,RENEW
130881,197558,FOR,DNK,RENEW
130881,197567,FOR,DNK,RENEW
130881,197570,FOR,DNK,ID
130881,197571,FOR,DNK,GUE_NGL
130881,197573,FOR,DNK,GREEN_EFA
130881,199941,FOR,DNK,SD
130881,204331,FOR,DNK,RENEW
130882,28161,FOR,DNK,GREEN_EFA
130882,37312,FOR,DNK,SD
130882,96709,FOR,DNK,RENEW
130882,101585,FOR,DNK,SD
130882,124872,FOR,DNK,RENEW
130882,197515,FOR,DNK,EPP
130882,197555,FOR,DNK,RENEW
130882,197558,FOR,DNK,RENEW
130882,197567,FOR,DNK,RENEW
130882,197570,FOR,DNK,ID
130882,197571,FOR,DNK,GUE_NGL
130882,197573,FOR,DNK,GREEN_EFA
130882,199941,FOR,DNK,SD
130882,204331,FOR,DNK,RENEW
130883,28161,FOR,DNK,GREEN_EFA
130883,37312,FOR,DNK,SD
130883,96709,FOR,DNK,RENEW
130883,101585,FOR,DNK,SD
130883,124872,FOR,DNK,RENEW
130883,197515,FOR,DNK,EPP
130883,197555,FOR,DNK,RENEW
130883,197558,FOR,DNK,RENEW
130883,197567,FOR,DNK,RENEW
130883,197570,FOR,DNK,ID
130883,197571,FOR,DNK,GUE_NGL
130883,197573,FOR,DNK,GREEN_EFA
130883,199941,FOR,DNK,SD
130883,204331,FOR,DNK,RENEW
130884,28161,FOR,DNK,GREEN_EFA
130884,37312,FOR,DNK,SD
130884,96709,FOR,DNK,RENEW
130884,101585,FOR,DNK,SD
130884,124872,FOR,DNK,RENEW
130884,197515,FOR,DNK,EPP
130884,197555,FOR,DNK,RENEW
130884,197558,FOR,DNK,RENEW
130884,197567,FOR,DNK,RENEW
130884,197570,AGAINST,DNK,ID
130884,197571,FOR,DNK,GUE_NGL
130884,197573,FOR,DNK,GREEN_EFA
130884,199941,FOR,DNK,SD
130884,204331,FOR,DNK,RENEW
130885,28161,FOR,DNK,GREEN_EFA
130885,37312,FOR,DNK,SD
130885,96709,FOR,DNK,RENEW
130885,101585,FOR,DNK,SD
130885,124872,FOR,DNK,RENEW
130885,197515,FOR,DNK,EPP
130885,197555,FOR,DNK,RENEW
130885,197558,FOR,DNK,RENEW
130885,197567,FOR,DNK,RENEW
130885,197570,AGAINST,DNK,ID
130885,197571,FOR,DNK,GUE_NGL
130885,197573,FOR,DNK,GREEN_EFA
130885,199941,FOR,DNK,SD
130885,204331,FOR,DNK,RENEW
130886,28161,FOR,DNK,GREEN_EFA
130886,37312,FOR,DNK,SD
130886,96709,FOR,DNK,RENEW
130886,101585,FOR,DNK,SD
130886,124872,FOR,DNK,RENEW
130886,197515,FOR,DNK,EPP
130886,197555,FOR,DNK,RENEW
130886,197558,FOR,DNK,RENEW
130886,197567,FOR,DNK,RENEW
130886,197570,FOR,DNK,ID
130886,197571,FOR,DNK,GUE_NGL
130886,197573,FOR,DNK,GREEN_EFA
130886,199941,FOR,DNK,SD
130886,204331,FOR,DNK,RENEW
130887,28161,FOR,DNK,GREEN_EFA
130887,37312,FOR,DNK,SD
130887,96709,FOR,DNK,RENEW
130887,101585,FOR,DNK,SD
130887,124872,FOR,DNK,RENEW
130887,197515,FOR,DNK,EPP
130887,197555,FOR,DNK,RENEW
130887,197558,FOR,DNK,RENEW
130887,197567,FOR,DNK,RENEW
130887,197570,FOR,DNK,ID
130887,197571,FOR,DNK,GUE_NGL
130887,197573,FOR,DNK,GREEN_EFA
130887,199941,FOR,DNK,SD
130887,204331,FOR,DNK,RENEW
130888,28161,FOR,DNK,GREEN_EFA
130888,37312,FOR,DNK,SD
130888,96709,FOR,DNK,RENEW
130888,101585,FOR,DNK,SD
130888,124872,FOR,DNK,RENEW
130888,197515,FOR,DNK,EPP
130888,197555,FOR,DNK,RENEW
130888,197558,FOR,DNK,RENEW
130888,197567,FOR,DNK,RENEW
130888,197570,FOR,DNK,ID
130888,197571,FOR,DNK,GUE_NGL
130888,197573,FOR,DNK,GREEN_EFA
130888,199941,FOR,DNK,SD
130888,204331,FOR,DNK,RENEW
130889,28161,FOR,DNK,GREEN_EFA
130889,37312,FOR,DNK,SD
130889,96709,FOR,DNK,RENEW
130889,101585,FOR,DNK,SD
130889,124872,FOR,DNK,RENEW
130889,197515,FOR,DNK,EPP
130889,197555,FOR,DNK,RENEW
130889,197558,FOR,DNK,RENEW
130889,197567,FOR,DNK,RENEW
130889,197570,FOR,DNK,ID
130889,197571,FOR,DNK,GUE_NGL
130889,197573,FOR,DNK,GREEN_EFA
130889,199941,FOR,DNK,SD
130889,204331,FOR,DNK,RENEW
130890,28161,FOR,DNK,GREEN_EFA
130890,37312,FOR,DNK,SD
130890,96709,FOR,DNK,RENEW
130890,101585,FOR,DNK,SD
130890,124872,FOR,DNK,RENEW
130890,197515,FOR,DNK,EPP
130890,197555,FOR,DNK,RENEW
130890,197558,FOR,DNK,RENEW
130890,197567,FOR,DNK,RENEW
130890,197570,FOR,DNK,ID
130890,197571,FOR,DNK,GUE_NGL
130890,197573,FOR,DNK,GREEN_EFA
130890,199941,FOR,DNK,SD
130890,204331,FOR,DNK,RENEW
130891,28161,FOR,DNK,GREEN_EFA
130891,37312,FOR,DNK,SD
130891,96709,FOR,DNK,RENEW
130891,101585,FOR,DNK,SD
130891,124872,FOR,DNK,RENEW
130891,197515,FOR,DNK,EPP
130891,197555,FOR,DNK,RENEW
130891,197558,FOR,DNK,RENEW
130891,197567,FOR,DNK,RENEW
130891,197570,AGAINST,DNK,ID
130891,197571,FOR,DNK,GUE_NGL
130891,197573,FOR,DNK,GREEN_EFA
130891,199941,FOR,DNK,SD
130891,204331,FOR,DNK,RENEW
130892,28161,FOR,DNK,GREEN_EFA
130892,37312,FOR,DNK,SD
130892,96709,FOR,DNK,RENEW
130892,101585,FOR,DNK,SD
130892,124872,FOR,DNK,RENEW
130892,197515,FOR,DNK,EPP
130892,197555,FOR,DNK,RENEW
130892,197558,FOR,DNK,RENEW
130892,197567,FOR,DNK,RENEW
130892,197570,AGAINST,DNK,ID
130892,197571,ABSTENTION,DNK,GUE_NGL
130892,197573,FOR,DNK,GREEN_EFA
130892,199941,FOR,DNK,SD
130892,204331,FOR,DNK,RENEW
130893,28161,FOR,DNK,GREEN_EFA
130893,37312,FOR,DNK,SD
130893,96709,FOR,DNK,RENEW
130893,101585,FOR,DNK,SD
130893,124872,FOR,DNK,RENEW
130893,197515,FOR,DNK,EPP
130893,197555,FOR,DNK,RENEW
130893,197558,FOR,DNK,RENEW
130893,197567,FOR,DNK,RENEW
130893,197570,AGAINST,DNK,ID
130893,197571,FOR,DNK,GUE_NGL
130893,197573,FOR,DNK,GREEN_EFA
130893,199941,FOR,DNK,SD
130893,204331,FOR,DNK,RENEW
130894,28161,FOR,DNK,GREEN_EFA
130894,37312,FOR,DNK,SD
130894,96709,FOR,DNK,RENEW
130894,101585,FOR,DNK,SD
130894,124872,FOR,DNK,RENEW
130894,197515,FOR,DNK,EPP
130894,197555,FOR,DNK,RENEW
130894,197558,FOR,DNK,RENEW
130894,197567,FOR,DNK,RENEW
130894,197570,FOR,DNK,ID
130894,197571,ABSTENTION,DNK,GUE_NGL
130894,197573,FOR,DNK,GREEN_EFA
130894,199941,FOR,DNK,SD
130894,204331,FOR,DNK,RENEW
130895,28161,FOR,DNK,GREEN_EFA
130895,37312,FOR,DNK,SD
130895,96709,FOR,DNK,RENEW
130895,101585,FOR,DNK,SD
130895,124872,FOR,DNK,RENEW
130895,197515,FOR,DNK,EPP
130895,197555,FOR,DNK,RENEW
130895,197558,FOR,DNK,RENEW
130895,197567,FOR,DNK,RENEW
130895,197570,FOR,DNK,ID
130895,197571,ABSTENTION,DNK,GUE_NGL
130895,197573,FOR,DNK,GREEN_EFA
130895,199941,FOR,DNK,SD
130895,204331,FOR,DNK,RENEW
130896,28161,FOR,DNK,GREEN_EFA
130896,37312,FOR,DNK,SD
130896,96709,FOR,DNK,RENEW
130896,101585,FOR,DNK,SD
130896,124872,FOR,DNK,RENEW
130896,197515,FOR,DNK,EPP
130896,197555,FOR,DNK,RENEW
130896,197558,FOR,DNK,RENEW
130896,197567,FOR,DNK,RENEW
130896,197570,AGAINST,DNK,ID
130896,197571,AGAINST,DNK,GUE_NGL
130896,197573,FOR,DNK,GREEN_EFA
130896,199941,FOR,DNK,SD
130896,204331,FOR,DNK,RENEW
130897,28161,FOR,DNK,GREEN_EFA
130897,37312,FOR,DNK,SD
130897,96709,FOR,DNK,RENEW
130897,101585,FOR,DNK,SD
130897,124872,FOR,DNK,RENEW
130897,197515,FOR,DNK,EPP
130897,197555,FOR,DNK,RENEW
130897,197558,FOR,DNK,RENEW
130897,197567,FOR,DNK,RENEW
130897,197570,AGAINST,DNK,ID
130897,197571,ABSTENTION,DNK,GUE_NGL
130897,197573,FOR,DNK,GREEN_EFA
130897,199941,FOR,DNK,SD
130897,204331,FOR,DNK,RENEW
130898,28161,FOR,DNK,GREEN_EFA
130898,37312,FOR,DNK,SD
130898,96709,FOR,DNK,RENEW
130898,101585,FOR,DNK,SD
130898,124872,FOR,DNK,RENEW
130898,197515,FOR,DNK,EPP
130898,197555,FOR,DNK,RENEW
130898,197558,FOR,DNK,RENEW
130898,197567,FOR,DNK,RENEW
130898,197570,ABSTENTION,DNK,ID
130898,197571,AGAINST,DNK,GUE_NGL
130898,197573,FOR,DNK,GREEN_EFA
130898,199941,FOR,DNK,SD
130898,204331,FOR,DNK,RENEW
130899,28161,FOR,DNK,GREEN_EFA
130899,37312,FOR,DNK,SD
130899,96709,FOR,DNK,RENEW
130899,101585,FOR,DNK,SD
130899,124872,FOR,DNK,RENEW
130899,197515,FOR,DNK,EPP
130899,197555,FOR,DNK,RENEW
130899,197558,FOR,DNK,RENEW
130899,197567,FOR,DNK,RENEW
130899,197570,ABSTENTION,DNK,ID
130899,197571,FOR,DNK,GUE_NGL
130899,197573,FOR,DNK,GREEN_EFA
130899,199941,FOR,DNK,SD
130899,204331,FOR,DNK,RENEW
130900,28161,FOR,DNK,GREEN_EFA
130900,37312,FOR,DNK,SD
130900,96709,FOR,DNK,RENEW
130900,101585,FOR,DNK,SD
130900,124872,FOR,DNK,RENEW
130900,197515,FOR,DNK,EPP
130900,197555,FOR,DNK,RENEW
130900,197558,FOR,DNK,RENEW
130900,197567,FOR,DNK,RENEW
130900,197570,AGAINST,DNK,ID
130900,197571,ABSTENTION,DNK,GUE_NGL
130900,197573,FOR,DNK,GREEN_EFA
130900,199941,FOR,DNK,SD
130900,204331,FOR,DNK,RENEW
130901,28161,FOR,DNK,GREEN_EFA
130901,37312,FOR,DNK,SD
130901,96709,FOR,DNK,RENEW
130901,101585,FOR,DNK,SD
130901,124872,FOR,DNK,RENEW
130901,197515,FOR,DNK,EPP
130901,197555,FOR,DNK,RENEW
130901,197558,FOR,DNK,RENEW
130901,197567,FOR,DNK,RENEW
130901,197570,AGAINST,DNK,ID
130901,197571,FOR,DNK,GUE_NGL
130901,197573,FOR,DNK,GREEN_EFA
130901,199941,FOR,DNK,SD
130901,204331,FOR,DNK,RENEW
130902,28161,FOR,DNK,GREEN_EFA
130902,37312,FOR,DNK,SD
130902,96709,FOR,DNK,RENEW
130902,101585,FOR,DNK,SD
130902,124872,FOR,DNK,RENEW
130902,197515,FOR,DNK,EPP
130902,197555,FOR,DNK,RENEW
130902,197558,FOR,DNK,RENEW
130902,197567,FOR,DNK,RENEW
130902,197570,AGAINST,DNK,ID
130902,197571,FOR,DNK,GUE_NGL
130902,197573,FOR,DNK,GREEN_EFA
130902,199941,FOR,DNK,SD
130902,204331,FOR,DNK,RENEW
131501,28161,AGAINST,DNK,GREEN_EFA
131501,37312,FOR,DNK,SD
131501,96709,FOR,DNK,RENEW
131501,101585,FOR,DNK,SD
131501,124872,FOR,DNK,RENEW
131501,197515,FOR,DNK,EPP
131501,197555,FOR,DNK,RENEW
131501,197558,FOR,DNK,RENEW
131501,197567,AGAINST,DNK,RENEW
131501,197570,FOR,DNK,ID
131501,197571,DID_NOT_VOTE,DNK,GUE_NGL
131501,197573,AGAINST,DNK,GREEN_EFA
131501,199941,FOR,DNK,SD
131501,204331,FOR,DNK,RENEW
131502,28161,AGAINST,DNK,GREEN_EFA
131502,37312,FOR,DNK,SD
131502,96709,FOR,DNK,RENEW
131502,101585,FOR,DNK,SD
131502,124872,FOR,DNK,RENEW
131502,197515,FOR,DNK,EPP
131502,197555,FOR,DNK,RENEW
131502,197558,FOR,DNK,RENEW
131502,197567,FOR,DNK,RENEW
131502,197570,FOR,DNK,ID
131502,197571,DID_NOT_VOTE,DNK,GUE_NGL
131502,197573,AGAINST,DNK,GREEN_EFA
131502,199941,FOR,DNK,SD
131502,204331,FOR,DNK,RENEW
131503,28161,ABSTENTION,DNK,GREEN_EFA
131503,37312,ABSTENTION,DNK,SD
131503,96709,ABSTENTION,DNK,RENEW
131503,101585,ABSTENTION,DNK,SD
131503,124872,FOR,DNK,RENEW
131503,197515,AGAINST,DNK,EPP
131503,197555,ABSTENTION,DNK,RENEW
131503,197558,ABSTENTION,DNK,RENEW
131503,197567,FOR,DNK,RENEW
131503,197570,AGAINST,DNK,ID
131503,197571,DID_NOT_VOTE,DNK,GUE_NGL
131503,197573,ABSTENTION,DNK,GREEN_EFA
131503,199941,ABSTENTION,DNK,SD
131503,204331,ABSTENTION,DNK,RENEW
131518,28161,FOR,DNK,GREEN_EFA
131518,37312,FOR,DNK,SD
131518,96709,FOR,DNK,RENEW
131518,101585,FOR,DNK,SD
131518,124872,FOR,DNK,RENEW
131518,197515,FOR,DNK,EPP
131518,197555,FOR,DNK,RENEW
131518,197558,FOR,DNK,RENEW
131518,197567,FOR,DNK,RENEW
131518,197570,ABSTENTION,DNK,ID
131518,197571,DID_NOT_VOTE,DNK,GUE_NGL
131518,197573,FOR,DNK,GREEN_EFA
131518,199941,FOR,DNK,SD
131518,204331,FOR,DNK,RENEW
131557,28161,AGAINST,DNK,GREEN_EFA
131557,37312,ABSTENTION,DNK,SD
131557,96709,AGAINST,DNK,RENEW
131557,101585,ABSTENTION,DNK,SD
131557,124872,AGAINST,DNK,RENEW
131557,197515,FOR,DNK,EPP
131557,197555,AGAINST,DNK,RENEW
131557,197558,AGAINST,DNK,RENEW
131557,197567,AGAINST,DNK,RENEW
131557,197570,FOR,DNK,ID
131557,197571,DID_NOT_VOTE,DNK,GUE_NGL
131557,197573,AGAINST,DNK,GREEN_EFA
131557,199941,ABSTENTION,DNK,SD
131557,204331,AGAINST,DNK,RENEW
131706,28161,FOR,DNK,GREEN_EFA
131706,37312,FOR,DNK,SD
131706,96709,FOR,DNK,RENEW
131706,101585,FOR,DNK,SD
131706,124872,FOR,DNK,RENEW
131706,197515,FOR,DNK,EPP
131706,197555,FOR,DNK,RENEW
131706,197558,FOR,DNK,RENEW
131706,197567,FOR,DNK,RENEW
131706,197570,ABSTENTION,DNK,ID
131706,197571,DID_NOT_VOTE,DNK,GUE_NGL
131706,197573,FOR,DNK,GREEN_EFA
131706,199941,FOR,DNK,SD
131706,204331,FOR,DNK,RENEW
131707,28161,FOR,DNK,GREEN_EFA
131707,37312,FOR,DNK,SD
131707,96709,AGAINST,DNK,RENEW
131707,101585,FOR,DNK,SD
131707,124872,ABSTENTION,DNK,RENEW
131707,197515,FOR,DNK,EPP
131707,197555,AGAINST,DNK,RENEW
131707,197558,AGAINST,DNK,RENEW
131707,197567,FOR,DNK,RENEW
131707,197570,AGAINST,DNK,ID
131707,197571,DID_NOT_VOTE,DNK,GUE_NGL
131707,197573,FOR,DNK,GREEN_EFA
131707,199941,FOR,DNK,SD
131707,204331,AGAINST,DNK,RENEW
131708,28161,FOR,DNK,GREEN_EFA
131708,37312,FOR,DNK,SD
131708,96709,ABSTENTION,DNK,RENEW
131708,101585,FOR,DNK,SD
131708,124872,FOR,DNK,RENEW
131708,197515,AGAINST,DNK,EPP
131708,197555,ABSTENTION,DNK,RENEW
131708,197558,FOR,DNK,RENEW
131708,197567,FOR,DNK,RENEW
131708,197570,AGAINST,DNK,ID
131708,197571,DID_NOT_VOTE,DNK,GUE_NGL
131708,197573,FOR,DNK,GREEN_EFA
131708,199941,FOR,DNK,SD
131708,204331,ABSTENTION,DNK,RENEW
131710,28161,FOR,DNK,GREEN_EFA
131710,37312,FOR,DNK,SD
131710,96709,FOR,DNK,RENEW
131710,101585,FOR,DNK,SD
131710,124872,FOR,DNK,RENEW
131710,197515,FOR,DNK,EPP
131710,197555,FOR,DNK,RENEW
131710,197558,FOR,DNK,RENEW
131710,197567,FOR,DNK,RENEW
131710,197570,FOR,DNK,ID
131710,197571,DID_NOT_VOTE,DNK,GUE_NGL
131710,197573,FOR,DNK,GREEN_EFA
131710,199941,FOR,DNK,SD
131710,204331,FOR,DNK,RENEW
131711,28161,AGAINST,DNK,GREEN_EFA
131711,37312,FOR,DNK,SD
131711,96709,FOR,DNK,RENEW
131711,101585,FOR,DNK,SD
131711,124872,FOR,DNK,RENEW
131711,197515,FOR,DNK,EPP
131711,197555,FOR,DNK,RENEW
131711,197558,FOR,DNK,RENEW
131711,197567,FOR,DNK,RENEW
131711,197570,FOR,DNK,ID
131711,197571,DID_NOT_VOTE,DNK,GUE_NGL
131711,197573,AGAINST,DNK,GREEN_EFA
131711,199941,FOR,DNK,SD
131711,204331,FOR,DNK,RENEW
131712,28161,FOR,DNK,GREEN_EFA
131712,37312,FOR,DNK,SD
131712,96709,AGAINST,DNK,RENEW
131712,101585,FOR,DNK,SD
131712,124872,FOR,DNK,RENEW
131712,197515,AGAINST,DNK,EPP
131712,197555,AGAINST,DNK,RENEW
131712,197558,AGAINST,DNK,RENEW
131712,197567,FOR,DNK,RENEW
131712,197570,AGAINST,DNK,ID
131712,197571,DID_NOT_VOTE,DNK,GUE_NGL
131712,197573,FOR,DNK,GREEN_EFA
131712,199941,FOR,DNK,SD
131712,204331,AGAINST,DNK,RENEW
131713,28161,FOR,DNK,GREEN_EFA
131713,37312,FOR,DNK,SD
131713,96709,FOR,DNK,RENEW
131713,101585,FOR,DNK,SD
131713,124872,FOR,DNK,RENEW
131713,197515,FOR,DNK,EPP
131713,197555,FOR,DNK,RENEW
131713,197558,FOR,DNK,RENEW
131713,197567,FOR,DNK,RENEW
131713,197570,AGAINST,DNK,ID
131713,197571,DID_NOT_VOTE,DNK,GUE_NGL
131713,197573,FOR,DNK,GREEN_EFA
131713,199941,FOR,DNK,SD
131713,204331,FOR,DNK,RENEW
131714,28161,FOR,DNK,GREEN_EFA
131714,37312,FOR,DNK,SD
131714,96709,FOR,DNK,RENEW
131714,101585,FOR,DNK,SD
131714,124872,FOR,DNK,RENEW
131714,197515,FOR,DNK,EPP
131714,197555,FOR,DNK,RENEW
131714,197558,FOR,DNK,RENEW
131714,197567,FOR,DNK,RENEW
131714,197570,AGAINST,DNK,ID
131714,197571,DID_NOT_VOTE,DNK,GUE_NGL
131714,197573,FOR,DNK,GREEN_EFA
131714,199941,FOR,DNK,SD
131714,204331,FOR,DNK,RENEW
131715,28161,FOR,DNK,GREEN_EFA
131715,37312,FOR,DNK,SD
131715,96709,ABSTENTION,DNK,RENEW
131715,101585,FOR,DNK,SD
131715,124872,FOR,DNK,RENEW
131715,197515,FOR,DNK,EPP
131715,197555,AGAINST,DNK,RENEW
131715,197558,ABSTENTION,DNK,RENEW
131715,197567,FOR,DNK,RENEW
131715,197570,AGAINST,DNK,ID
131715,197571,DID_NOT_VOTE,DNK,GUE_NGL
131715,197573,FOR,DNK,GREEN_EFA
131715,199941,FOR,DNK,SD
131715,204331,ABSTENTION,DNK,RENEW
131764,28161,FOR,DNK,GREEN_EFA
131764,37312,FOR,DNK,SD
131764,96709,FOR,DNK,RENEW
131764,101585,FOR,DNK,SD
131764,124872,FOR,DNK,RENEW
131764,197515,FOR,DNK,EPP
131764,197555,FOR,DNK,RENEW
131764,197558,FOR,DNK,RENEW
131764,197567,FOR,DNK,RENEW
131764,197570,ABSTENTION,DNK,ID
131764,197571,DID_NOT_VOTE,DNK,GUE_NGL
131764,197573,FOR,DNK,GREEN_EFA
131764,199941,FOR,DNK,SD
131764,204331,FOR,DNK,RENEW
131765,28161,FOR,DNK,GREEN_EFA
131765,37312,FOR,DNK,SD
131765,96709,FOR,DNK,RENEW
131765,101585,FOR,DNK,SD
131765,124872,FOR,DNK,RENEW
131765,197515,FOR,DNK,EPP
131765,197555,FOR,DNK,RENEW
131765,197558,FOR,DNK,RENEW
131765,197567,FOR,DNK,RENEW
131765,197570,ABSTENTION,DNK,ID
131765,197571,DID_NOT_VOTE,DNK,GUE_NGL
131765,197573,FOR,DNK,GREEN_EFA
131765,199941,FOR,DNK,SD
131765,204331,FOR,DNK,RENEW
131766,28161,FOR,DNK,GREEN_EFA
131766,37312,FOR,DNK,SD
131766,96709,FOR,DNK,RENEW
131766,101585,FOR,DNK,SD
131766,124872,FOR,DNK,RENEW
131766,197515,FOR,DNK,EPP
131766,197555,FOR,DNK,RENEW
131766,197558,FOR,DNK,RENEW
131766,197567,FOR,DNK,RENEW
131766,197570,ABSTENTION,DNK,ID
131766,197571,DID_NOT_VOTE,DNK,GUE_NGL
131766,197573,FOR,DNK,GREEN_EFA
131766,199941,FOR,DNK,SD
131766,204331,FOR,DNK,RENEW
131767,28161,FOR,DNK,GREEN_EFA
131767,37312,FOR,DNK,SD
131767,96709,FOR,DNK,RENEW
131767,101585,FOR,DNK,SD
131767,124872,FOR,DNK,RENEW
131767,197515,FOR,DNK,EPP
131767,197555,FOR,DNK,RENEW
131767,197558,FOR,DNK,RENEW
131767,197567,FOR,DNK,RENEW
131767,197570,AGAINST,DNK,ID
131767,197571,DID_NOT_VOTE,DNK,GUE_NGL
131767,197573,FOR,DNK,GREEN_EFA
131767,199941,FOR,DNK,SD
131767,204331,FOR,DNK,RENEW
131769,28161,FOR,DNK,GREEN_EFA
131769,37312,FOR,DNK,SD
131769,96709,FOR,DNK,RENEW
131769,101585,FOR,DNK,SD
131769,124872,FOR,DNK,RENEW
131769,197515,FOR,DNK,EPP
131769,197555,FOR,DNK,RENEW
131769,197558,FOR,DNK,RENEW
131769,197567,FOR,DNK,RENEW
131769,197570,FOR,DNK,ID
131769,197571,DID_NOT_VOTE,DNK,GUE_NGL
131769,197573,FOR,DNK,GREEN_EFA
131769,199941,FOR,DNK,SD
131769,204331,FOR,DNK,RENEW
131770,28161,FOR,DNK,GREEN_EFA
131770,37312,FOR,DNK,SD
131770,96709,FOR,DNK,RENEW
131770,101585,FOR,DNK,SD
131770,124872,FOR,DNK,RENEW
131770,197515,FOR,DNK,EPP
131770,197555,FOR,DNK,RENEW
131770,197558,FOR,DNK,RENEW
131770,197567,FOR,DNK,RENEW
131770,197570,FOR,DNK,ID
131770,197571,DID_NOT_VOTE,DNK,GUE_NGL
131770,197573,FOR,DNK,GREEN_EFA
131770,199941,FOR,DNK,SD
131770,204331,FOR,DNK,RENEW
131771,28161,FOR,DNK,GREEN_EFA
131771,37312,FOR,DNK,SD
131771,96709,FOR,DNK,RENEW
131771,101585,FOR,DNK,SD
131771,124872,FOR,DNK,RENEW
131771,197515,FOR,DNK,EPP
131771,197555,FOR,DNK,RENEW
131771,197558,FOR,DNK,RENEW
131771,197567,FOR,DNK,RENEW
131771,197570,FOR,DNK,ID
131771,197571,DID_NOT_VOTE,DNK,GUE_NGL
131771,197573,FOR,DNK,GREEN_EFA
131771,199941,FOR,DNK,SD
131771,204331,FOR,DNK,RENEW
131772,28161,FOR,DNK,GREEN_EFA
131772,37312,FOR,DNK,SD
131772,96709,FOR,DNK,RENEW
131772,101585,FOR,DNK,SD
131772,124872,FOR,DNK,RENEW
131772,197515,FOR,DNK,EPP
131772,197555,FOR,DNK,RENEW
131772,197558,FOR,DNK,RENEW
131772,197567,FOR,DNK,RENEW
131772,197570,AGAINST,DNK,ID
131772,197571,DID_NOT_VOTE,DNK,GUE_NGL
131772,197573,FOR,DNK,GREEN_EFA
131772,199941,FOR,DNK,SD
131772,204331,FOR,DNK,RENEW
131773,28161,FOR,DNK,GREEN_EFA
131773,37312,FOR,DNK,SD
131773,96709,FOR,DNK,RENEW
131773,101585,FOR,DNK,SD
131773,124872,FOR,DNK,RENEW
131773,197515,FOR,DNK,EPP
131773,197555,FOR,DNK,RENEW
131773,197558,FOR,DNK,RENEW
131773,197567,FOR,DNK,RENEW
131773,197570,FOR,DNK,ID
131773,197571,DID_NOT_VOTE,DNK,GUE_NGL
131773,197573,FOR,DNK,GREEN_EFA
131773,199941,FOR,DNK,SD
131773,204331,FOR,DNK,RENEW
131774,28161,FOR,DNK,GREEN_EFA
131774,37312,AGAINST,DNK,SD
131774,96709,AGAINST,DNK,RENEW
131774,101585,AGAINST,DNK,SD
131774,124872,FOR,DNK,RENEW
131774,197515,FOR,DNK,EPP
131774,197555,AGAINST,DNK,RENEW
131774,197558,AGAINST,DNK,RENEW
131774,197567,FOR,DNK,RENEW
131774,197570,AGAINST,DNK,ID
131774,197571,DID_NOT_VOTE,DNK,GUE_NGL
131774,197573,FOR,DNK,GREEN_EFA
131774,199941,AGAINST,DNK,SD
131774,204331,AGAINST,DNK,RENEW
131775,28161,ABSTENTION,DNK,GREEN_EFA
131775,37312,FOR,DNK,SD
131775,96709,FOR,DNK,RENEW
131775,101585,FOR,DNK,SD
131775,124872,FOR,DNK,RENEW
131775,197515,FOR,DNK,EPP
131775,197555,FOR,DNK,RENEW
131775,197558,FOR,DNK,RENEW
131775,197567,FOR,DNK,RENEW
131775,197570,FOR,DNK,ID
131775,197571,DID_NOT_VOTE,DNK,GUE_NGL
131775,197573,ABSTENTION,DNK,GREEN_EFA
131775,199941,FOR,DNK,SD
131775,204331,FOR,DNK,RENEW
131782,28161,FOR,DNK,GREEN_EFA
131782,37312,ABSTENTION,DNK,SD
131782,96709,ABSTENTION,DNK,RENEW
131782,101585,ABSTENTION,DNK,SD
131782,124872,FOR,DNK,RENEW
131782,197515,AGAINST,DNK,EPP
131782,197555,ABSTENTION,DNK,RENEW
131782,197558,ABSTENTION,DNK,RENEW
131782,197567,FOR,DNK,RENEW
131782,197570,AGAINST,DNK,ID
131782,197571,DID_NOT_VOTE,DNK,GUE_NGL
131782,197573,FOR,DNK,GREEN_EFA
131782,199941,ABSTENTION,DNK,SD
131782,204331,ABSTENTION,DNK,RENEW
132415,28161,AGAINST,DNK,GREEN_EFA
132415,37312,FOR,DNK,SD
132415,96709,FOR,DNK,RENEW
132415,101585,FOR,DNK,SD
132415,124872,FOR,DNK,RENEW
132415,197515,FOR,DNK,EPP
132415,197555,FOR,DNK,RENEW
132415,197558,FOR,DNK,RENEW
132415,197567,FOR,DNK,RENEW
132415,197570,FOR,DNK,ID
132415,197571,AGAINST,DNK,GUE_NGL
132415,197573,AGAINST,DNK,GREEN_EFA
132415,199941,FOR,DNK,SD
132415,204331,FOR,DNK,RENEW
132417,28161,FOR,DNK,GREEN_EFA
132417,37312,FOR,DNK,SD
132417,96709,FOR,DNK,RENEW
132417,101585,FOR,DNK,SD
132417,124872,FOR,DNK,RENEW
132417,197515,FOR,DNK,EPP
132417,197555,FOR,DNK,RENEW
132417,197558,FOR,DNK,RENEW
132417,197567,FOR,DNK,RENEW
132417,197570,ABSTENTION,DNK,ID
132417,197571,AGAINST,DNK,GUE_NGL
132417,197573,FOR,DNK,GREEN_EFA
132417,199941,FOR,DNK,SD
132417,204331,FOR,DNK,RENEW
132419,28161,FOR,DNK,GREEN_EFA
132419,37312,FOR,DNK,SD
132419,96709,AGAINST,DNK,RENEW
132419,101585,FOR,DNK,SD
132419,124872,FOR,DNK,RENEW
132419,197515,FOR,DNK,EPP
132419,197555,AGAINST,DNK,RENEW
132419,197558,AGAINST,DNK,RENEW
132419,197567,FOR,DNK,RENEW
132419,197570,AGAINST,DNK,ID
132419,197571,FOR,DNK,GUE_NGL
132419,197573,FOR,DNK,GREEN_EFA
132419,199941,FOR,DNK,SD
132419,204331,ABSTENTION,DNK,RENEW
133545,28161,FOR,DNK,GREEN_EFA
133545,37312,FOR,DNK,SD
133545,96709,ABSTENTION,DNK,RENEW
133545,101585,FOR,DNK,SD
133545,124872,FOR,DNK,RENEW
133545,197515,ABSTENTION,DNK,EPP
133545,197555,ABSTENTION,DNK,RENEW
133545,197558,ABSTENTION,DNK,RENEW
133545,197567,FOR,DNK,RENEW
133545,197570,AGAINST,DNK,ID
133545,197571,FOR,DNK,GUE_NGL
133545,197573,FOR,DNK,GREEN_EFA
133545,199941,FOR,DNK,SD
133545,204331,ABSTENTION,DNK,RENEW
133726,28161,FOR,DNK,GREEN_EFA
133726,37312,FOR,DNK,SD
133726,96709,FOR,DNK,RENEW
133726,101585,FOR,DNK,SD
133726,124872,FOR,DNK,RENEW
133726,197515,FOR,DNK,EPP
133726,197555,FOR,DNK,RENEW
133726,197558,FOR,DNK,RENEW
133726,197567,FOR,DNK,RENEW
133726,197570,FOR,DNK,ID
133726,197571,AGAINST,DNK,GUE_NGL
133726,197573,FOR,DNK,GREEN_EFA
133726,199941,FOR,DNK,SD
133726,204331,FOR,DNK,RENEW
133727,28161,FOR,DNK,GREEN_EFA
133727,37312,FOR,DNK,SD
133727,96709,ABSTENTION,DNK,RENEW
133727,101585,FOR,DNK,SD
133727,124872,ABSTENTION,DNK,RENEW
133727,197515,FOR,DNK,EPP
133727,197555,ABSTENTION,DNK,RENEW
133727,197558,ABSTENTION,DNK,RENEW
133727,197567,FOR,DNK,RENEW
133727,197570,ABSTENTION,DNK,ID
133727,197571,FOR,DNK,GUE_NGL
133727,197573,FOR,DNK,GREEN_EFA
133727,199941,FOR,DNK,SD
133727,204331,ABSTENTION,DNK,RENEW
133728,28161,FOR,DNK,GREEN_EFA
133728,37312,ABSTENTION,DNK,SD
133728,96709,AGAINST,DNK,RENEW
133728,101585,ABSTENTION,DNK,SD
133728,124872,AGAINST,DNK,RENEW
133728,197515,AGAINST,DNK,EPP
133728,197555,AGAINST,DNK,RENEW
133728,197558,AGAINST,DNK,RENEW
133728,197567,FOR,DNK,RENEW
133728,197570,AGAINST,DNK,ID
133728,197571,FOR,DNK,GUE_NGL
133728,197573,FOR,DNK,GREEN_EFA
133728,199941,ABSTENTION,DNK,SD
133728,204331,AGAINST,DNK,RENEW
133729,28161,FOR,DNK,GREEN_EFA
133729,37312,FOR,DNK,SD
133729,96709,AGAINST,DNK,RENEW
133729,101585,FOR,DNK,SD
133729,124872,FOR,DNK,RENEW
133729,197515,AGAINST,DNK,EPP
133729,197555,AGAINST,DNK,RENEW
133729,197558,AGAINST,DNK,RENEW
133729,197567,FOR,DNK,RENEW
133729,197570,FOR,DNK,ID
133729,197571,FOR,DNK,GUE_NGL
133729,197573,FOR,DNK,GREEN_EFA
133729,199941,FOR,DNK,SD
133729,204331,AGAINST,DNK,RENEW
133730,28161,FOR,DNK,GREEN_EFA
133730,37312,FOR,DNK,SD
133730,96709,AGAINST,DNK,RENEW
133730,101585,FOR,DNK,SD
133730,124872,FOR,DNK,RENEW
133730,197515,AGAINST,DNK,EPP
133730,197555,AGAINST,DNK,RENEW
133730,197558,AGAINST,DNK,RENEW
133730,197567,FOR,DNK,RENEW
133730,197570,FOR,DNK,ID
133730,197571,FOR,DNK,GUE_NGL
133730,197573,FOR,DNK,GREEN_EFA
133730,199941,FOR,DNK,SD
133730,204331,AGAINST,DNK,RENEW
133930,28161,FOR,DNK,GREEN_EFA
133930,37312,FOR,DNK,SD
133930,96709,ABSTENTION,DNK,RENEW
133930,101585,FOR,DNK,SD
133930,124872,FOR,DNK,RENEW
133930,197515,FOR,DNK,EPP
133930,197555,ABSTENTION,DNK,RENEW
133930,197558,ABSTENTION,DNK,RENEW
133930,197567,FOR,DNK,RENEW
133930,197570,ABSTENTION,DNK,ID
133930,197571,FOR,DNK,GUE_NGL
133930,197573,FOR,DNK,GREEN_EFA
133930,199941,FOR,DNK,SD
133930,204331,ABSTENTION,DNK,RENEW
133931,28161,FOR,DNK,GREEN_EFA
133931,37312,FOR,DNK,SD
133931,96709,FOR,DNK,RENEW
133931,101585,FOR,DNK,SD
133931,124872,FOR,DNK,RENEW
133931,197515,FOR,DNK,EPP
133931,197555,FOR,DNK,RENEW
133931,197558,FOR,DNK,RENEW
133931,197567,FOR,DNK,RENEW
133931,197570,ABSTENTION,DNK,ID
133931,197571,FOR,DNK,GUE_NGL
133931,197573,FOR,DNK,GREEN_EFA
133931,199941,FOR,DNK,SD
133931,204331,FOR,DNK,RENEW
133932,28161,FOR,DNK,GREEN_EFA
133932,37312,FOR,DNK,SD
133932,96709,FOR,DNK,RENEW
133932,101585,FOR,DNK,SD
133932,124872,FOR,DNK,RENEW
133932,197515,FOR,DNK,EPP
133932,197555,FOR,DNK,RENEW
133932,197558,FOR,DNK,RENEW
133932,197567,FOR,DNK,RENEW
133932,197570,FOR,DNK,ID
133932,197571,FOR,DNK,GUE_NGL
133932,197573,FOR,DNK,GREEN_EFA
133932,199941,FOR,DNK,SD
133932,204331,FOR,DNK,RENEW
133933,28161,AGAINST,DNK,GREEN_EFA
133933,37312,ABSTENTION,DNK,SD
133933,96709,FOR,DNK,RENEW
133933,101585,ABSTENTION,DNK,SD
133933,124872,FOR,DNK,RENEW
133933,197515,FOR,DNK,EPP
133933,197555,FOR,DNK,RENEW
133933,197558,FOR,DNK,RENEW
133933,197567,FOR,DNK,RENEW
133933,197570,FOR,DNK,ID
133933,197571,AGAINST,DNK,GUE_NGL
133933,197573,AGAINST,DNK,GREEN_EFA
133933,199941,ABSTENTION,DNK,SD
133933,204331,FOR,DNK,RENEW
133934,28161,FOR,DNK,GREEN_EFA
133934,37312,FOR,DNK,SD
133934,96709,FOR,DNK,RENEW
133934,101585,FOR,DNK,SD
133934,124872,FOR,DNK,RENEW
133934,197515,FOR,DNK,EPP
133934,197555,FOR,DNK,RENEW
133934,197558,FOR,DNK,RENEW
133934,197567,FOR,DNK,RENEW
133934,197570,FOR,DNK,ID
133934,197571,FOR,DNK,GUE_NGL
133934,197573,FOR,DNK,GREEN_EFA
133934,199941,FOR,DNK,SD
133934,204331,FOR,DNK,RENEW
133935,28161,FOR,DNK,GREEN_EFA
133935,37312,FOR,DNK,SD
133935,96709,FOR,DNK,RENEW
133935,101585,FOR,DNK,SD
133935,124872,FOR,DNK,RENEW
133935,197515,FOR,DNK,EPP
133935,197555,FOR,DNK,RENEW
133935,197558,FOR,DNK,RENEW
133935,197567,FOR,DNK,RENEW
133935,197570,ABSTENTION,DNK,ID
133935,197571,AGAINST,DNK,GUE_NGL
133935,197573,FOR,DNK,GREEN_EFA
133935,199941,FOR,DNK,SD
133935,204331,FOR,DNK,RENEW
133936,28161,FOR,DNK,GREEN_EFA
133936,37312,FOR,DNK,SD
133936,96709,FOR,DNK,RENEW
133936,101585,FOR,DNK,SD
133936,124872,FOR,DNK,RENEW
133936,197515,FOR,DNK,EPP
133936,197555,ABSTENTION,DNK,RENEW
133936,197558,FOR,DNK,RENEW
133936,197567,FOR,DNK,RENEW
133936,197570,FOR,DNK,ID
133936,197571,FOR,DNK,GUE_NGL
133936,197573,FOR,DNK,GREEN_EFA
133936,199941,FOR,DNK,SD
133936,204331,FOR,DNK,RENEW
133937,28161,FOR,DNK,GREEN_EFA
133937,37312,FOR,DNK,SD
133937,96709,ABSTENTION,DNK,RENEW
133937,101585,FOR,DNK,SD
133937,124872,FOR,DNK,RENEW
133937,197515,FOR,DNK,EPP
133937,197555,ABSTENTION,DNK,RENEW
133937,197558,ABSTENTION,DNK,RENEW
133937,197567,FOR,DNK,RENEW
133937,197570,ABSTENTION,DNK,ID
133937,197571,FOR,DNK,GUE_NGL
133937,197573,FOR,DNK,GREEN_EFA
133937,199941,FOR,DNK,SD
133937,204331,ABSTENTION,DNK,RENEW
133938,28161,FOR,DNK,GREEN_EFA
133938,37312,FOR,DNK,SD
133938,96709,FOR,DNK,RENEW
133938,101585,FOR,DNK,SD
133938,124872,FOR,DNK,RENEW
133938,197515,FOR,DNK,EPP
133938,197555,FOR,DNK,RENEW
133938,197558,FOR,DNK,RENEW
133938,197567,FOR,DNK,RENEW
133938,197570,AGAINST,DNK,ID
133938,197571,FOR,DNK,GUE_NGL
133938,197573,FOR,DNK,GREEN_EFA
133938,199941,FOR,DNK,SD
133938,204331,FOR,DNK,RENEW
133940,28161,FOR,DNK,GREEN_EFA
133940,37312,FOR,DNK,SD
133940,96709,FOR,DNK,RENEW
133940,101585,FOR,DNK,SD
133940,124872,FOR,DNK,RENEW
133940,197515,FOR,DNK,EPP
133940,197555,FOR,DNK,RENEW
133940,197558,FOR,DNK,RENEW
133940,197567,FOR,DNK,RENEW
133940,197570,FOR,DNK,ID
133940,197571,FOR,DNK,GUE_NGL
133940,197573,FOR,DNK,GREEN_EFA
133940,199941,FOR,DNK,SD
133940,204331,FOR,DNK,RENEW
133941,28161,FOR,DNK,GREEN_EFA
133941,37312,FOR,DNK,SD
133941,96709,FOR,DNK,RENEW
133941,101585,FOR,DNK,SD
133941,124872,FOR,DNK,RENEW
133941,197515,FOR,DNK,EPP
133941,197555,FOR,DNK,RENEW
133941,197558,FOR,DNK,RENEW
133941,197567,FOR,DNK,RENEW
133941,197570,ABSTENTION,DNK,ID
133941,197571,FOR,DNK,GUE_NGL
133941,197573,FOR,DNK,GREEN_EFA
133941,199941,FOR,DNK,SD
133941,204331,FOR,DNK,RENEW
133942,28161,FOR,DNK,GREEN_EFA
133942,37312,FOR,DNK,SD
133942,96709,FOR,DNK,RENEW
133942,101585,FOR,DNK,SD
133942,124872,FOR,DNK,RENEW
133942,197515,FOR,DNK,EPP
133942,197555,FOR,DNK,RENEW
133942,197558,FOR,DNK,RENEW
133942,197567,FOR,DNK,RENEW
133942,197570,AGAINST,DNK,ID
133942,197571,AGAINST,DNK,GUE_NGL
133942,197573,FOR,DNK,GREEN_EFA
133942,199941,FOR,DNK,SD
133942,204331,FOR,DNK,RENEW
134041,28161,FOR,DNK,GREEN_EFA
134041,37312,FOR,DNK,SD
134041,96709,FOR,DNK,RENEW
134041,101585,FOR,DNK,SD
134041,124872,FOR,DNK,RENEW
134041,197515,FOR,DNK,EPP
134041,197555,FOR,DNK,RENEW
134041,197558,FOR,DNK,RENEW
134041,197567,FOR,DNK,RENEW
134041,197570,FOR,DNK,ID
134041,197571,FOR,DNK,GUE_NGL
134041,197573,FOR,DNK,GREEN_EFA
134041,199941,FOR,DNK,SD
134041,204331,FOR,DNK,RENEW
134333,28161,ABSTENTION,DNK,GREEN_EFA
134333,37312,FOR,DNK,SD
134333,96709,FOR,DNK,RENEW
134333,101585,FOR,DNK,SD
134333,124872,FOR,DNK,RENEW
134333,197515,FOR,DNK,EPP
134333,197555,FOR,DNK,RENEW
134333,197558,FOR,DNK,RENEW
134333,197567,FOR,DNK,RENEW
134333,197570,AGAINST,DNK,ID
134333,197571,AGAINST,DNK,GUE_NGL
134333,197573,ABSTENTION,DNK,GREEN_EFA
134333,199941,FOR,DNK,SD
134333,204331,FOR,DNK,RENEW
134346,28161,FOR,DNK,GREEN_EFA
134346,37312,FOR,DNK,SD
134346,96709,FOR,DNK,RENEW
134346,101585,FOR,DNK,SD
134346,124872,FOR,DNK,RENEW
134346,197515,FOR,DNK,EPP
134346,197555,FOR,DNK,RENEW
134346,197558,FOR,DNK,RENEW
134346,197567,FOR,DNK,RENEW
134346,197570,FOR,DNK,ID
134346,197571,FOR,DNK,GUE_NGL
134346,197573,FOR,DNK,GREEN_EFA
134346,199941,FOR,DNK,SD
134346,204331,FOR,DNK,RENEW
134347,28161,FOR,DNK,GREEN_EFA
134347,37312,FOR,DNK,SD
134347,96709,FOR,DNK,RENEW
134347,101585,FOR,DNK,SD
134347,124872,FOR,DNK,RENEW
134347,197515,FOR,DNK,EPP
134347,197555,FOR,DNK,RENEW
134347,197558,FOR,DNK,RENEW
134347,197567,FOR,DNK,RENEW
134347,197570,ABSTENTION,DNK,ID
134347,197571,FOR,DNK,GUE_NGL
134347,197573,FOR,DNK,GREEN_EFA
134347,199941,FOR,DNK,SD
134347,204331,FOR,DNK,RENEW
134348,28161,FOR,DNK,GREEN_EFA
134348,37312,FOR,DNK,SD
134348,96709,FOR,DNK,RENEW
134348,101585,FOR,DNK,SD
134348,124872,FOR,DNK,RENEW
134348,197515,AGAINST,DNK,EPP
134348,197555,FOR,DNK,RENEW
134348,197558,FOR,DNK,RENEW
134348,197567,FOR,DNK,RENEW
134348,197570,AGAINST,DNK,ID
134348,197571,FOR,DNK,GUE_NGL
134348,197573,FOR,DNK,GREEN_EFA
134348,199941,FOR,DNK,SD
134348,204331,FOR,DNK,RENEW
134349,28161,FOR,DNK,GREEN_EFA
134349,37312,FOR,DNK,SD
134349,96709,FOR,DNK,RENEW
134349,101585,FOR,DNK,SD
134349,124872,FOR,DNK,RENEW
134349,197515,FOR,DNK,EPP
134349,197555,FOR,DNK,RENEW
134349,197558,FOR,DNK,RENEW
134349,197567,FOR,DNK,RENEW
134349,197570,ABSTENTION,DNK,ID
134349,197571,FOR,DNK,GUE_NGL
134349,197573,FOR,DNK,GREEN_EFA
134349,199941,FOR,DNK,SD
134349,204331,FOR,DNK,RENEW
134350,28161,FOR,DNK,GREEN_EFA
134350,37312,FOR,DNK,SD
134350,96709,FOR,DNK,RENEW
134350,101585,FOR,DNK,SD
134350,124872,FOR,DNK,RENEW
134350,197515,FOR,DNK,EPP
134350,197555,FOR,DNK,RENEW
134350,197558,FOR,DNK,RENEW
134350,197567,FOR,DNK,RENEW
134350,197570,FOR,DNK,ID
134350,197571,FOR,DNK,GUE_NGL
134350,197573,FOR,DNK,GREEN_EFA
134350,199941,FOR,DNK,SD
134350,204331,FOR,DNK,RENEW
134351,28161,FOR,DNK,GREEN_EFA
134351,37312,FOR,DNK,SD
134351,96709,FOR,DNK,RENEW
134351,101585,FOR,DNK,SD
134351,124872,FOR,DNK,RENEW
134351,197515,FOR,DNK,EPP
134351,197555,FOR,DNK,RENEW
134351,197558,FOR,DNK,RENEW
134351,197567,FOR,DNK,RENEW
134351,197570,AGAINST,DNK,ID
134351,197571,ABSTENTION,DNK,GUE_NGL
134351,197573,FOR,DNK,GREEN_EFA
134351,199941,FOR,DNK,SD
134351,204331,FOR,DNK,RENEW
134869,28161,FOR,DNK,GREEN_EFA
134869,37312,FOR,DNK,SD
134869,96709,FOR,DNK,RENEW
134869,101585,FOR,DNK,SD
134869,124872,FOR,DNK,RENEW
134869,197515,FOR,DNK,EPP
134869,197555,FOR,DNK,RENEW
134869,197558,FOR,DNK,RENEW
134869,197567,FOR,DNK,RENEW
134869,197570,AGAINST,DNK,ID
134869,197571,FOR,DNK,GUE_NGL
134869,197573,FOR,DNK,GREEN_EFA
134869,199941,DID_NOT_VOTE,DNK,SD
134869,204331,FOR,DNK,RENEW
134870,28161,FOR,DNK,GREEN_EFA
134870,37312,FOR,DNK,SD
134870,96709,FOR,DNK,RENEW
134870,101585,FOR,DNK,SD
134870,124872,FOR,DNK,RENEW
134870,197515,ABSTENTION,DNK,EPP
134870,197555,FOR,DNK,RENEW
134870,197558,FOR,DNK,RENEW
134870,197567,FOR,DNK,RENEW
134870,197570,AGAINST,DNK,ID
134870,197571,FOR,DNK,GUE_NGL
134870,197573,FOR,DNK,GREEN_EFA
134870,199941,DID_NOT_VOTE,DNK,SD
134870,204331,FOR,DNK,RENEW
134871,28161,FOR,DNK,GREEN_EFA
134871,37312,FOR,DNK,SD
134871,96709,FOR,DNK,RENEW
134871,101585,FOR,DNK,SD
134871,124872,FOR,DNK,RENEW
134871,197515,FOR,DNK,EPP
134871,197555,FOR,DNK,RENEW
134871,197558,FOR,DNK,RENEW
134871,197567,FOR,DNK,RENEW
134871,197570,AGAINST,DNK,ID
134871,197571,FOR,DNK,GUE_NGL
134871,197573,FOR,DNK,GREEN_EFA
134871,199941,DID_NOT_VOTE,DNK,SD
134871,204331,FOR,DNK,RENEW
134872,28161,FOR,DNK,GREEN_EFA
134872,37312,FOR,DNK,SD
134872,96709,FOR,DNK,RENEW
134872,101585,FOR,DNK,SD
134872,124872,FOR,DNK,RENEW
134872,197515,FOR,DNK,EPP
134872,197555,FOR,DNK,RENEW
134872,197558,FOR,DNK,RENEW
134872,197567,FOR,DNK,RENEW
134872,197570,AGAINST,DNK,ID
134872,197571,FOR,DNK,GUE_NGL
134872,197573,FOR,DNK,GREEN_EFA
134872,199941,DID_NOT_VOTE,DNK,SD
134872,204331,FOR,DNK,RENEW
134873,28161,FOR,DNK,GREEN_EFA
134873,37312,FOR,DNK,SD
134873,96709,AGAINST,DNK,RENEW
134873,101585,FOR,DNK,SD
134873,124872,FOR,DNK,RENEW
134873,197515,AGAINST,DNK,EPP
134873,197555,AGAINST,DNK,RENEW
134873,197558,AGAINST,DNK,RENEW
134873,197567,FOR,DNK,RENEW
134873,197570,FOR,DNK,ID
134873,197571,FOR,DNK,GUE_NGL
134873,197573,FOR,DNK,GREEN_EFA
134873,199941,DID_NOT_VOTE,DNK,SD
134873,204331,AGAINST,DNK,RENEW
134874,28161,FOR,DNK,GREEN_EFA
134874,37312,FOR,DNK,SD
134874,96709,AGAINST,DNK,RENEW
134874,101585,FOR,DNK,SD
134874,124872,FOR,DNK,RENEW
134874,197515,AGAINST,DNK,EPP
134874,197555,AGAINST,DNK,RENEW
134874,197558,AGAINST,DNK,RENEW
134874,197567,FOR,DNK,RENEW
134874,197570,FOR,DNK,ID
134874,197571,FOR,DNK,GUE_NGL
134874,197573,FOR,DNK,GREEN_EFA
134874,199941,DID_NOT_VOTE,DNK,SD
134874,204331,AGAINST,DNK,RENEW
134875,28161,FOR,DNK,GREEN_EFA
134875,37312,FOR,DNK,SD
134875,96709,AGAINST,DNK,RENEW
134875,101585,FOR,DNK,SD
134875,124872,FOR,DNK,RENEW
134875,197515,AGAINST,DNK,EPP
134875,197555,AGAINST,DNK,RENEW
134875,197558,AGAINST,DNK,RENEW
134875,197567,FOR,DNK,RENEW
134875,197570,FOR,DNK,ID
134875,197571,FOR,DNK,GUE_NGL
134875,197573,FOR,DNK,GREEN_EFA
134875,199941,DID_NOT_VOTE,DNK,SD
134875,204331,AGAINST,DNK,RENEW
134877,28161,FOR,DNK,GREEN_EFA
134877,37312,FOR,DNK,SD
134877,96709,FOR,DNK,RENEW
134877,101585,FOR,DNK,SD
134877,124872,FOR,DNK,RENEW
134877,197515,FOR,DNK,EPP
134877,197555,FOR,DNK,RENEW
134877,197558,FOR,DNK,RENEW
134877,197567,FOR,DNK,RENEW
134877,197570,FOR,DNK,ID
134877,197571,FOR,DNK,GUE_NGL
134877,197573,FOR,DNK,GREEN_EFA
134877,199941,DID_NOT_VOTE,DNK,SD
134877,204331,FOR,DNK,RENEW
134878,28161,ABSTENTION,DNK,GREEN_EFA
134878,37312,ABSTENTION,DNK,SD
134878,96709,FOR,DNK,RENEW
134878,101585,ABSTENTION,DNK,SD
134878,124872,AGAINST,DNK,RENEW
134878,197515,FOR,DNK,EPP
134878,197555,FOR,DNK,RENEW
134878,197558,FOR,DNK,RENEW
134878,197567,AGAINST,DNK,RENEW
134878,197570,FOR,DNK,ID
134878,197571,AGAINST,DNK,GUE_NGL
134878,197573,ABSTENTION,DNK,GREEN_EFA
134878,199941,DID_NOT_VOTE,DNK,SD
134878,204331,FOR,DNK,RENEW
134905,28161,FOR,DNK,GREEN_EFA
134905,37312,FOR,DNK,SD
134905,96709,AGAINST,DNK,RENEW
134905,101585,FOR,DNK,SD
134905,124872,FOR,DNK,RENEW
134905,197515,AGAINST,DNK,EPP
134905,197555,AGAINST,DNK,RENEW
134905,197558,AGAINST,DNK,RENEW
134905,197567,FOR,DNK,RENEW
134905,197570,FOR,DNK,ID
134905,197571,FOR,DNK,GUE_NGL
134905,197573,FOR,DNK,GREEN_EFA
134905,199941,DID_NOT_VOTE,DNK,SD
134905,204331,AGAINST,DNK,RENEW
134945,28161,FOR,DNK,GREEN_EFA
134945,37312,FOR,DNK,SD
134945,96709,FOR,DNK,RENEW
134945,101585,FOR,DNK,SD
134945,124872,FOR,DNK,RENEW
134945,197515,FOR,DNK,EPP
134945,197555,FOR,DNK,RENEW
134945,197558,FOR,DNK,RENEW
134945,197567,FOR,DNK,RENEW
134945,197570,ABSTENTION,DNK,ID
134945,197571,FOR,DNK,GUE_NGL
134945,197573,FOR,DNK,GREEN_EFA
134945,199941,FOR,DNK,SD
134945,204331,FOR,DNK,RENEW
134946,28161,ABSTENTION,DNK,GREEN_EFA
134946,37312,FOR,DNK,SD
134946,96709,FOR,DNK,RENEW
134946,101585,FOR,DNK,SD
134946,124872,FOR,DNK,RENEW
134946,197515,FOR,DNK,EPP
134946,197555,FOR,DNK,RENEW
134946,197558,FOR,DNK,RENEW
134946,197567,FOR,DNK,RENEW
134946,197570,FOR,DNK,ID
134946,197571,AGAINST,DNK,GUE_NGL
134946,197573,ABSTENTION,DNK,GREEN_EFA
134946,199941,FOR,DNK,SD
134946,204331,FOR,DNK,RENEW
134947,28161,FOR,DNK,GREEN_EFA
134947,37312,ABSTENTION,DNK,SD
134947,96709,AGAINST,DNK,RENEW
134947,101585,ABSTENTION,DNK,SD
134947,124872,AGAINST,DNK,RENEW
134947,197515,AGAINST,DNK,EPP
134947,197555,AGAINST,DNK,RENEW
134947,197558,AGAINST,DNK,RENEW
134947,197567,FOR,DNK,RENEW
134947,197570,AGAINST,DNK,ID
134947,197571,ABSTENTION,DNK,GUE_NGL
134947,197573,FOR,DNK,GREEN_EFA
134947,199941,ABSTENTION,DNK,SD
134947,204331,AGAINST,DNK,RENEW
134949,28161,FOR,DNK,GREEN_EFA
134949,37312,FOR,DNK,SD
134949,96709,FOR,DNK,RENEW
134949,101585,FOR,DNK,SD
134949,124872,FOR,DNK,RENEW
134949,197515,FOR,DNK,EPP
134949,197555,FOR,DNK,RENEW
134949,197558,FOR,DNK,RENEW
134949,197567,FOR,DNK,RENEW
134949,197570,FOR,DNK,ID
134949,197571,FOR,DNK,GUE_NGL
134949,197573,FOR,DNK,GREEN_EFA
134949,199941,FOR,DNK,SD
134949,204331,FOR,DNK,RENEW
134950,28161,FOR,DNK,GREEN_EFA
134950,37312,FOR,DNK,SD
134950,96709,FOR,DNK,RENEW
134950,101585,FOR,DNK,SD
134950,124872,FOR,DNK,RENEW
134950,197515,FOR,DNK,EPP
134950,197555,ABSTENTION,DNK,RENEW
134950,197558,FOR,DNK,RENEW
134950,197567,FOR,DNK,RENEW
134950,197570,ABSTENTION,DNK,ID
134950,197571,FOR,DNK,GUE_NGL
134950,197573,FOR,DNK,GREEN_EFA
134950,199941,FOR,DNK,SD
134950,204331,FOR,DNK,RENEW
134951,28161,FOR,DNK,GREEN_EFA
134951,37312,ABSTENTION,DNK,SD
134951,96709,ABSTENTION,DNK,RENEW
134951,101585,ABSTENTION,DNK,SD
134951,124872,FOR,DNK,RENEW
134951,197515,FOR,DNK,EPP
134951,197555,AGAINST,DNK,RENEW
134951,197558,ABSTENTION,DNK,RENEW
134951,197567,FOR,DNK,RENEW
134951,197570,AGAINST,DNK,ID
134951,197571,ABSTENTION,DNK,GUE_NGL
134951,197573,FOR,DNK,GREEN_EFA
134951,199941,ABSTENTION,DNK,SD
134951,204331,ABSTENTION,DNK,RENEW
135091,28161,FOR,DNK,GREEN_EFA
135091,37312,FOR,DNK,SD
135091,96709,FOR,DNK,RENEW
135091,101585,FOR,DNK,SD
135091,124872,FOR,DNK,RENEW
135091,197515,FOR,DNK,EPP
135091,197555,FOR,DNK,RENEW
135091,197558,FOR,DNK,RENEW
135091,197567,FOR,DNK,RENEW
135091,197570,FOR,DNK,ID
135091,197571,FOR,DNK,GUE_NGL
135091,197573,FOR,DNK,GREEN_EFA
135091,199941,FOR,DNK,SD
135091,204331,FOR,DNK,RENEW
135092,28161,FOR,DNK,GREEN_EFA
135092,37312,FOR,DNK,SD
135092,96709,FOR,DNK,RENEW
135092,101585,FOR,DNK,SD
135092,124872,FOR,DNK,RENEW
135092,197515,FOR,DNK,EPP
135092,197555,FOR,DNK,RENEW
135092,197558,FOR,DNK,RENEW
135092,197567,FOR,DNK,RENEW
135092,197570,ABSTENTION,DNK,ID
135092,197571,FOR,DNK,GUE_NGL
135092,197573,FOR,DNK,GREEN_EFA
135092,199941,FOR,DNK,SD
135092,204331,FOR,DNK,RENEW
135093,28161,FOR,DNK,GREEN_EFA
135093,37312,FOR,DNK,SD
135093,96709,FOR,DNK,RENEW
135093,101585,FOR,DNK,SD
135093,124872,FOR,DNK,RENEW
135093,197515,FOR,DNK,EPP
135093,197555,FOR,DNK,RENEW
135093,197558,FOR,DNK,RENEW
135093,197567,FOR,DNK,RENEW
135093,197570,FOR,DNK,ID
135093,197571,FOR,DNK,GUE_NGL
135093,197573,FOR,DNK,GREEN_EFA
135093,199941,FOR,DNK,SD
135093,204331,FOR,DNK,RENEW
135094,28161,FOR,DNK,GREEN_EFA
135094,37312,FOR,DNK,SD
135094,96709,FOR,DNK,RENEW
135094,101585,FOR,DNK,SD
135094,124872,FOR,DNK,RENEW
135094,197515,FOR,DNK,EPP
135094,197555,FOR,DNK,RENEW
135094,197558,FOR,DNK,RENEW
135094,197567,FOR,DNK,RENEW
135094,197570,FOR,DNK,ID
135094,197571,FOR,DNK,GUE_NGL
135094,197573,FOR,DNK,GREEN_EFA
135094,199941,FOR,DNK,SD
135094,204331,FOR,DNK,RENEW
135096,28161,FOR,DNK,GREEN_EFA
135096,37312,FOR,DNK,SD
135096,96709,FOR,DNK,RENEW
135096,101585,FOR,DNK,SD
135096,124872,FOR,DNK,RENEW
135096,197515,FOR,DNK,EPP
135096,197555,FOR,DNK,RENEW
135096,197558,FOR,DNK,RENEW
135096,197567,FOR,DNK,RENEW
135096,197570,ABSTENTION,DNK,ID
135096,197571,FOR,DNK,GUE_NGL
135096,197573,FOR,DNK,GREEN_EFA
135096,199941,FOR,DNK,SD
135096,204331,FOR,DNK,RENEW
135097,28161,FOR,DNK,GREEN_EFA
135097,37312,FOR,DNK,SD
135097,96709,FOR,DNK,RENEW
135097,101585,FOR,DNK,SD
135097,124872,FOR,DNK,RENEW
135097,197515,FOR,DNK,EPP
135097,197555,FOR,DNK,RENEW
135097,197558,FOR,DNK,RENEW
135097,197567,FOR,DNK,RENEW
135097,197570,FOR,DNK,ID
135097,197571,FOR,DNK,GUE_NGL
135097,197573,FOR,DNK,GREEN_EFA
135097,199941,FOR,DNK,SD
135097,204331,FOR,DNK,RENEW
135098,28161,FOR,DNK,GREEN_EFA
135098,37312,FOR,DNK,SD
135098,96709,FOR,DNK,RENEW
135098,101585,FOR,DNK,SD
135098,124872,FOR,DNK,RENEW
135098,197515,FOR,DNK,EPP
135098,197555,FOR,DNK,RENEW
135098,197558,FOR,DNK,RENEW
135098,197567,FOR,DNK,RENEW
135098,197570,FOR,DNK,ID
135098,197571,FOR,DNK,GUE_NGL
135098,197573,FOR,DNK,GREEN_EFA
135098,199941,FOR,DNK,SD
135098,204331,FOR,DNK,RENEW
135099,28161,FOR,DNK,GREEN_EFA
135099,37312,FOR,DNK,SD
135099,96709,FOR,DNK,RENEW
135099,101585,FOR,DNK,SD
135099,124872,FOR,DNK,RENEW
135099,197515,FOR,DNK,EPP
135099,197555,FOR,DNK,RENEW
135099,197558,FOR,DNK,RENEW
135099,197567,FOR,DNK,RENEW
135099,197570,FOR,DNK,ID
135099,197571,FOR,DNK,GUE_NGL
135099,197573,FOR,DNK,GREEN_EFA
135099,199941,FOR,DNK,SD
135099,204331,FOR,DNK,RENEW
135103,28161,FOR,DNK,GREEN_EFA
135103,37312,FOR,DNK,SD
135103,96709,FOR,DNK,RENEW
135103,101585,FOR,DNK,SD
135103,124872,FOR,DNK,RENEW
135103,197515,FOR,DNK,EPP
135103,197555,FOR,DNK,RENEW
135103,197558,FOR,DNK,RENEW
135103,197567,FOR,DNK,RENEW
135103,197570,FOR,DNK,ID
135103,197571,ABSTENTION,DNK,GUE_NGL
135103,197573,FOR,DNK,GREEN_EFA
135103,199941,FOR,DNK,SD
135103,204331,FOR,DNK,RENEW
135104,28161,FOR,DNK,GREEN_EFA
135104,37312,FOR,DNK,SD
135104,96709,FOR,DNK,RENEW
135104,101585,FOR,DNK,SD
135104,124872,FOR,DNK,RENEW
135104,197515,FOR,DNK,EPP
135104,197555,FOR,DNK,RENEW
135104,197558,FOR,DNK,RENEW
135104,197567,FOR,DNK,RENEW
135104,197570,FOR,DNK,ID
135104,197571,FOR,DNK,GUE_NGL
135104,197573,FOR,DNK,GREEN_EFA
135104,199941,FOR,DNK,SD
135104,204331,FOR,DNK,RENEW
135106,28161,FOR,DNK,GREEN_EFA
135106,37312,FOR,DNK,SD
135106,96709,FOR,DNK,RENEW
135106,101585,FOR,DNK,SD
135106,124872,FOR,DNK,RENEW
135106,197515,FOR,DNK,EPP
135106,197555,FOR,DNK,RENEW
135106,197558,FOR,DNK,RENEW
135106,197567,FOR,DNK,RENEW
135106,197570,FOR,DNK,ID
135106,197571,FOR,DNK,GUE_NGL
135106,197573,FOR,DNK,GREEN_EFA
135106,199941,FOR,DNK,SD
135106,204331,FOR,DNK,RENEW
135148,28161,FOR,DNK,GREEN_EFA
135148,37312,FOR,DNK,SD
135148,96709,FOR,DNK,RENEW
135148,101585,DID_NOT_VOTE,DNK,SD
135148,124872,FOR,DNK,RENEW
135148,197515,FOR,DNK,EPP
135148,197555,FOR,DNK,RENEW
135148,197558,FOR,DNK,RENEW
135148,197567,FOR,DNK,RENEW
135148,197570,FOR,DNK,ID
135148,197571,AGAINST,DNK,GUE_NGL
135148,197573,FOR,DNK,GREEN_EFA
135148,199941,FOR,DNK,SD
135148,204331,FOR,DNK,RENEW
135150,28161,FOR,DNK,GREEN_EFA
135150,37312,FOR,DNK,SD
135150,96709,FOR,DNK,RENEW
135150,101585,FOR,DNK,SD
135150,124872,FOR,DNK,RENEW
135150,197515,FOR,DNK,EPP
135150,197555,FOR,DNK,RENEW
135150,197558,FOR,DNK,RENEW
135150,197567,FOR,DNK,RENEW
135150,197570,FOR,DNK,ID
135150,197571,FOR,DNK,GUE_NGL
135150,197573,FOR,DNK,GREEN_EFA
135150,199941,FOR,DNK,SD
135150,204331,FOR,DNK,RENEW
135154,28161,FOR,DNK,GREEN_EFA
135154,37312,ABSTENTION,DNK,SD
135154,96709,FOR,DNK,RENEW
135154,101585,ABSTENTION,DNK,SD
135154,124872,FOR,DNK,RENEW
135154,197515,FOR,DNK,EPP
135154,197555,FOR,DNK,RENEW
135154,197558,FOR,DNK,RENEW
135154,197567,FOR,DNK,RENEW
135154,197570,AGAINST,DNK,ID
135154,197571,AGAINST,DNK,GUE_NGL
135154,197573,FOR,DNK,GREEN_EFA
135154,199941,ABSTENTION,DNK,SD
135154,204331,FOR,DNK,RENEW
135497,28161,FOR,DNK,GREEN_EFA
135497,37312,FOR,DNK,SD
135497,96709,FOR,DNK,RENEW
135497,101585,FOR,DNK,SD
135497,124872,FOR,DNK,RENEW
135497,197515,FOR,DNK,EPP
135497,197555,FOR,DNK,RENEW
135497,197558,FOR,DNK,RENEW
135497,197567,FOR,DNK,RENEW
135497,197570,FOR,DNK,ID
135497,197571,FOR,DNK,GUE_NGL
135497,197573,FOR,DNK,GREEN_EFA
135497,199941,FOR,DNK,SD
135497,204331,FOR,DNK,RENEW
135498,28161,FOR,DNK,GREEN_EFA
135498,37312,FOR,DNK,SD
135498,96709,FOR,DNK,RENEW
135498,101585,FOR,DNK,SD
135498,124872,FOR,DNK,RENEW
135498,197515,FOR,DNK,EPP
135498,197555,FOR,DNK,RENEW
135498,197558,FOR,DNK,RENEW
135498,197567,FOR,DNK,RENEW
135498,197570,FOR,DNK,ID
135498,197571,FOR,DNK,GUE_NGL
135498,197573,FOR,DNK,GREEN_EFA
135498,199941,FOR,DNK,SD
135498,204331,FOR,DNK,RENEW
135560,28161,FOR,DNK,GREEN_EFA
135560,37312,FOR,DNK,SD
135560,96709,AGAINST,DNK,RENEW
135560,101585,FOR,DNK,SD
135560,124872,AGAINST,DNK,RENEW
135560,197515,AGAINST,DNK,EPP
135560,197555,AGAINST,DNK,RENEW
135560,197558,AGAINST,DNK,RENEW
135560,197567,FOR,DNK,RENEW
135560,197570,AGAINST,DNK,ID
135560,197571,FOR,DNK,GUE_NGL
135560,197573,FOR,DNK,GREEN_EFA
135560,199941,FOR,DNK,SD
135560,204331,AGAINST,DNK,RENEW
135561,28161,FOR,DNK,GREEN_EFA
135561,37312,FOR,DNK,SD
135561,96709,FOR,DNK,RENEW
135561,101585,FOR,DNK,SD
135561,124872,FOR,DNK,RENEW
135561,197515,FOR,DNK,EPP
135561,197555,FOR,DNK,RENEW
135561,197558,FOR,DNK,RENEW
135561,197567,FOR,DNK,RENEW
135561,197570,ABSTENTION,DNK,ID
135561,197571,ABSTENTION,DNK,GUE_NGL
135561,197573,FOR,DNK,GREEN_EFA
135561,199941,FOR,DNK,SD
135561,204331,FOR,DNK,RENEW
135564,28161,FOR,DNK,GREEN_EFA
135564,37312,FOR,DNK,SD
135564,96709,ABSTENTION,DNK,RENEW
135564,101585,FOR,DNK,SD
135564,124872,ABSTENTION,DNK,RENEW
135564,197515,FOR,DNK,EPP
135564,197555,ABSTENTION,DNK,RENEW
135564,197558,ABSTENTION,DNK,RENEW
135564,197567,FOR,DNK,RENEW
135564,197570,AGAINST,DNK,ID
135564,197571,FOR,DNK,GUE_NGL
135564,197573,FOR,DNK,GREEN_EFA
135564,199941,FOR,DNK,SD
135564,204331,ABSTENTION,DNK,RENEW
135565,28161,FOR,DNK,GREEN_EFA
135565,37312,FOR,DNK,SD
135565,96709,ABSTENTION,DNK,RENEW
135565,101585,FOR,DNK,SD
135565,124872,ABSTENTION,DNK,RENEW
135565,197515,ABSTENTION,DNK,EPP
135565,197555,ABSTENTION,DNK,RENEW
135565,197558,ABSTENTION,DNK,RENEW
135565,197567,FOR,DNK,RENEW
135565,197570,AGAINST,DNK,ID
135565,197571,FOR,DNK,GUE_NGL
135565,197573,FOR,DNK,GREEN_EFA
135565,199941,FOR,DNK,SD
135565,204331,ABSTENTION,DNK,RENEW
135573,28161,FOR,DNK,GREEN_EFA
135573,37312,FOR,DNK,SD
135573,96709,FOR,DNK,RENEW
135573,101585,FOR,DNK,SD
135573,124872,FOR,DNK,RENEW
135573,197515,FOR,DNK,EPP
135573,197555,FOR,DNK,RENEW
135573,197558,FOR,DNK,RENEW
135573,197567,FOR,DNK,RENEW
135573,197570,AGAINST,DNK,ID
135573,197571,ABSTENTION,DNK,GUE_NGL
135573,197573,FOR,DNK,GREEN_EFA
135573,199941,FOR,DNK,SD
135573,204331,FOR,DNK,RENEW
135575,28161,FOR,DNK,GREEN_EFA
135575,37312,FOR,DNK,SD
135575,96709,FOR,DNK,RENEW
135575,101585,FOR,DNK,SD
135575,124872,FOR,DNK,RENEW
135575,197515,FOR,DNK,EPP
135575,197555,FOR,DNK,RENEW
135575,197558,FOR,DNK,RENEW
135575,197567,FOR,DNK,RENEW
135575,197570,AGAINST,DNK,ID
135575,197571,ABSTENTION,DNK,GUE_NGL
135575,197573,FOR,DNK,GREEN_EFA
135575,199941,FOR,DNK,SD
135575,204331,FOR,DNK,RENEW
135745,28161,FOR,DNK,GREEN_EFA
135745,37312,FOR,DNK,SD
135745,96709,FOR,DNK,RENEW
135745,101585,FOR,DNK,SD
135745,124872,FOR,DNK,RENEW
135745,197515,ABSTENTION,DNK,EPP
135745,197555,FOR,DNK,RENEW
135745,197558,FOR,DNK,RENEW
135745,197567,FOR,DNK,RENEW
135745,197570,ABSTENTION,DNK,ID
135745,197571,FOR,DNK,GUE_NGL
135745,197573,FOR,DNK,GREEN_EFA
135745,199941,FOR,DNK,SD
135745,204331,FOR,DNK,RENEW
135747,28161,AGAINST,DNK,GREEN_EFA
135747,37312,FOR,DNK,SD
135747,96709,FOR,DNK,RENEW
135747,101585,FOR,DNK,SD
135747,124872,FOR,DNK,RENEW
135747,197515,FOR,DNK,EPP
135747,197555,FOR,DNK,RENEW
135747,197558,FOR,DNK,RENEW
135747,197567,FOR,DNK,RENEW
135747,197570,ABSTENTION,DNK,ID
135747,197571,AGAINST,DNK,GUE_NGL
135747,197573,AGAINST,DNK,GREEN_EFA
135747,199941,FOR,DNK,SD
135747,204331,FOR,DNK,RENEW
135748,28161,FOR,DNK,GREEN_EFA
135748,37312,FOR,DNK,SD
135748,96709,FOR,DNK,RENEW
135748,101585,FOR,DNK,SD
135748,124872,FOR,DNK,RENEW
135748,197515,ABSTENTION,DNK,EPP
135748,197555,FOR,DNK,RENEW
135748,197558,FOR,DNK,RENEW
135748,197567,FOR,DNK,RENEW
135748,197570,AGAINST,DNK,ID
135748,197571,FOR,DNK,GUE_NGL
135748,197573,FOR,DNK,GREEN_EFA
135748,199941,FOR,DNK,SD
135748,204331,FOR,DNK,RENEW
135749,28161,FOR,DNK,GREEN_EFA
135749,37312,FOR,DNK,SD
135749,96709,FOR,DNK,RENEW
135749,101585,FOR,DNK,SD
135749,124872,FOR,DNK,RENEW
135749,197515,AGAINST,DNK,EPP
135749,197555,FOR,DNK,RENEW
135749,197558,FOR,DNK,RENEW
135749,197567,FOR,DNK,RENEW
135749,197570,AGAINST,DNK,ID
135749,197571,FOR,DNK,GUE_NGL
135749,197573,FOR,DNK,GREEN_EFA
135749,199941,FOR,DNK,SD
135749,204331,FOR,DNK,RENEW
135750,28161,FOR,DNK,GREEN_EFA
135750,37312,FOR,DNK,SD
135750,96709,FOR,DNK,RENEW
135750,101585,FOR,DNK,SD
135750,124872,FOR,DNK,RENEW
135750,197515,FOR,DNK,EPP
135750,197555,FOR,DNK,RENEW
135750,197558,FOR,DNK,RENEW
135750,197567,FOR,DNK,RENEW
135750,197570,ABSTENTION,DNK,ID
135750,197571,FOR,DNK,GUE_NGL
135750,197573,FOR,DNK,GREEN_EFA
135750,199941,FOR,DNK,SD
135750,204331,FOR,DNK,RENEW
135752,28161,FOR,DNK,GREEN_EFA
135752,37312,FOR,DNK,SD
135752,96709,FOR,DNK,RENEW
135752,101585,FOR,DNK,SD
135752,124872,FOR,DNK,RENEW
135752,197515,FOR,DNK,EPP
135752,197555,FOR,DNK,RENEW
135752,197558,FOR,DNK,RENEW
135752,197567,FOR,DNK,RENEW
135752,197570,AGAINST,DNK,ID
135752,197571,ABSTENTION,DNK,GUE_NGL
135752,197573,FOR,DNK,GREEN_EFA
135752,199941,FOR,DNK,SD
135752,204331,FOR,DNK,RENEW
135753,28161,FOR,DNK,GREEN_EFA
135753,37312,FOR,DNK,SD
135753,96709,FOR,DNK,RENEW
135753,101585,FOR,DNK,SD
135753,124872,FOR,DNK,RENEW
135753,197515,FOR,DNK,EPP
135753,197555,FOR,DNK,RENEW
135753,197558,FOR,DNK,RENEW
135753,197567,FOR,DNK,RENEW
135753,197570,ABSTENTION,DNK,ID
135753,197571,FOR,DNK,GUE_NGL
135753,197573,FOR,DNK,GREEN_EFA
135753,199941,FOR,DNK,SD
135753,204331,FOR,DNK,RENEW
135754,28161,FOR,DNK,GREEN_EFA
135754,37312,FOR,DNK,SD
135754,96709,FOR,DNK,RENEW
135754,101585,FOR,DNK,SD
135754,124872,FOR,DNK,RENEW
135754,197515,ABSTENTION,DNK,EPP
135754,197555,FOR,DNK,RENEW
135754,197558,FOR,DNK,RENEW
135754,197567,FOR,DNK,RENEW
135754,197570,FOR,DNK,ID
135754,197571,FOR,DNK,GUE_NGL
135754,197573,FOR,DNK,GREEN_EFA
135754,199941,FOR,DNK,SD
135754,204331,FOR,DNK,RENEW
135785,28161,FOR,DNK,GREEN_EFA
135785,37312,FOR,DNK,SD
135785,96709,FOR,DNK,RENEW
135785,101585,FOR,DNK,SD
135785,124872,FOR,DNK,RENEW
135785,197515,FOR,DNK,EPP
135785,197555,FOR,DNK,RENEW
135785,197558,FOR,DNK,RENEW
135785,197567,FOR,DNK,RENEW
135785,197570,ABSTENTION,DNK,ID
135785,197571,FOR,DNK,GUE_NGL
135785,197573,FOR,DNK,GREEN_EFA
135785,199941,FOR,DNK,SD
135785,204331,FOR,DNK,RENEW
135948,28161,FOR,DNK,GREEN_EFA
135948,37312,FOR,DNK,SD
135948,96709,ABSTENTION,DNK,RENEW
135948,101585,FOR,DNK,SD
135948,124872,FOR,DNK,RENEW
135948,197515,ABSTENTION,DNK,EPP
135948,197555,ABSTENTION,DNK,RENEW
135948,197558,ABSTENTION,DNK,RENEW
135948,197567,FOR,DNK,RENEW
135948,197570,FOR,DNK,ID
135948,197571,FOR,DNK,GUE_NGL
135948,197573,FOR,DNK,GREEN_EFA
135948,199941,FOR,DNK,SD
135948,204331,ABSTENTION,DNK,RENEW
135949,28161,FOR,DNK,GREEN_EFA
135949,37312,FOR,DNK,SD
135949,96709,FOR,DNK,RENEW
135949,101585,FOR,DNK,SD
135949,124872,FOR,DNK,RENEW
135949,197515,AGAINST,DNK,EPP
135949,197555,FOR,DNK,RENEW
135949,197558,FOR,DNK,RENEW
135949,197567,FOR,DNK,RENEW
135949,197570,AGAINST,DNK,ID
135949,197571,FOR,DNK,GUE_NGL
135949,197573,FOR,DNK,GREEN_EFA
135949,199941,FOR,DNK,SD
135949,204331,FOR,DNK,RENEW
135950,28161,FOR,DNK,GREEN_EFA
135950,37312,FOR,DNK,SD
135950,96709,FOR,DNK,RENEW
135950,101585,FOR,DNK,SD
135950,124872,FOR,DNK,RENEW
135950,197515,FOR,DNK,EPP
135950,197555,FOR,DNK,RENEW
135950,197558,FOR,DNK,RENEW
135950,197567,FOR,DNK,RENEW
135950,197570,ABSTENTION,DNK,ID
135950,197571,FOR,DNK,GUE_NGL
135950,197573,FOR,DNK,GREEN_EFA
135950,199941,FOR,DNK,SD
135950,204331,FOR,DNK,RENEW
135951,28161,FOR,DNK,GREEN_EFA
135951,37312,FOR,DNK,SD
135951,96709,FOR,DNK,RENEW
135951,101585,FOR,DNK,SD
135951,124872,FOR,DNK,RENEW
135951,197515,FOR,DNK,EPP
135951,197555,FOR,DNK,RENEW
135951,197558,FOR,DNK,RENEW
135951,197567,FOR,DNK,RENEW
135951,197570,ABSTENTION,DNK,ID
135951,197571,FOR,DNK,GUE_NGL
135951,197573,FOR,DNK,GREEN_EFA
135951,199941,FOR,DNK,SD
135951,204331,FOR,DNK,RENEW
135952,28161,ABSTENTION,DNK,GREEN_EFA
135952,37312,FOR,DNK,SD
135952,96709,FOR,DNK,RENEW
135952,101585,FOR,DNK,SD
135952,124872,FOR,DNK,RENEW
135952,197515,FOR,DNK,EPP
135952,197555,FOR,DNK,RENEW
135952,197558,FOR,DNK,RENEW
135952,197567,FOR,DNK,RENEW
135952,197570,FOR,DNK,ID
135952,197571,ABSTENTION,DNK,GUE_NGL
135952,197573,ABSTENTION,DNK,GREEN_EFA
135952,199941,FOR,DNK,SD
135952,204331,FOR,DNK,RENEW
135953,28161,FOR,DNK,GREEN_EFA
135953,37312,FOR,DNK,SD
135953,96709,AGAINST,DNK,RENEW
135953,101585,FOR,DNK,SD
135953,124872,FOR,DNK,RENEW
135953,197515,AGAINST,DNK,EPP
135953,197555,AGAINST,DNK,RENEW
135953,197558,AGAINST,DNK,RENEW
135953,197567,FOR,DNK,RENEW
135953,197570,FOR,DNK,ID
135953,197571,FOR,DNK,GUE_NGL
135953,197573,FOR,DNK,GREEN_EFA
135953,199941,FOR,DNK,SD
135953,204331,AGAINST,DNK,RENEW
135954,28161,AGAINST,DNK,GREEN_EFA
135954,37312,AGAINST,DNK,SD
135954,96709,AGAINST,DNK,RENEW
135954,101585,AGAINST,DNK,SD
135954,124872,AGAINST,DNK,RENEW
135954,197515,AGAINST,DNK,EPP
135954,197555,AGAINST,DNK,RENEW
135954,197558,AGAINST,DNK,RENEW
135954,197567,AGAINST,DNK,RENEW
135954,197570,ABSTENTION,DNK,ID
135954,197571,AGAINST,DNK,GUE_NGL
135954,197573,AGAINST,DNK,GREEN_EFA
135954,199941,AGAINST,DNK,SD
135954,204331,AGAINST,DNK,RENEW
135955,28161,AGAINST,DNK,GREEN_EFA
135955,37312,AGAINST,DNK,SD
135955,96709,AGAINST,DNK,RENEW
135955,101585,AGAINST,DNK,SD
135955,124872,AGAINST,DNK,RENEW
135955,197515,AGAINST,DNK,EPP
135955,197555,AGAINST,DNK,RENEW
135955,197558,AGAINST,DNK,RENEW
135955,197567,AGAINST,DNK,RENEW
135955,197570,FOR,DNK,ID
135955,197571,AGAINST,DNK,GUE_NGL
135955,197573,AGAINST,DNK,GREEN_EFA
135955,199941,AGAINST,DNK,SD
135955,204331,AGAINST,DNK,RENEW
135959,28161,FOR,DNK,GREEN_EFA
135959,37312,FOR,DNK,SD
135959,96709,FOR,DNK,RENEW
135959,101585,FOR,DNK,SD
135959,124872,FOR,DNK,RENEW
135959,197515,FOR,DNK,EPP
135959,197555,FOR,DNK,RENEW
135959,197558,FOR,DNK,RENEW
135959,197567,FOR,DNK,RENEW
135959,197570,FOR,DNK,ID
135959,197571,FOR,DNK,GUE_NGL
135959,197573,FOR,DNK,GREEN_EFA
135959,199941,FOR,DNK,SD
135959,204331,FOR,DNK,RENEW
135961,28161,FOR,DNK,GREEN_EFA
135961,37312,FOR,DNK,SD
135961,96709,FOR,DNK,RENEW
135961,101585,FOR,DNK,SD
135961,124872,FOR,DNK,RENEW
135961,197515,FOR,DNK,EPP
135961,197555,FOR,DNK,RENEW
135961,197558,FOR,DNK,RENEW
135961,197567,FOR,DNK,RENEW
135961,197570,FOR,DNK,ID
135961,197571,FOR,DNK,GUE_NGL
135961,197573,FOR,DNK,GREEN_EFA
135961,199941,FOR,DNK,SD
135961,204331,FOR,DNK,RENEW
136000,28161,FOR,DNK,GREEN_EFA
136000,37312,FOR,DNK,SD
136000,96709,FOR,DNK,RENEW
136000,101585,FOR,DNK,SD
136000,124872,FOR,DNK,RENEW
136000,197515,FOR,DNK,EPP
136000,197555,FOR,DNK,RENEW
136000,197558,FOR,DNK,RENEW
136000,197567,FOR,DNK,RENEW
136000,197570,FOR,DNK,ID
136000,197571,AGAINST,DNK,GUE_NGL
136000,197573,FOR,DNK,GREEN_EFA
136000,199941,FOR,DNK,SD
136000,204331,FOR,DNK,RENEW
136002,28161,FOR,DNK,GREEN_EFA
136002,37312,FOR,DNK,SD
136002,96709,FOR,DNK,RENEW
136002,101585,FOR,DNK,SD
136002,124872,FOR,DNK,RENEW
136002,197515,FOR,DNK,EPP
136002,197555,FOR,DNK,RENEW
136002,197558,FOR,DNK,RENEW
136002,197567,FOR,DNK,RENEW
136002,197570,AGAINST,DNK,ID
136002,197571,AGAINST,DNK,GUE_NGL
136002,197573,FOR,DNK,GREEN_EFA
136002,199941,FOR,DNK,SD
136002,204331,FOR,DNK,RENEW
136003,28161,FOR,DNK,GREEN_EFA
136003,37312,FOR,DNK,SD
136003,96709,FOR,DNK,RENEW
136003,101585,FOR,DNK,SD
136003,124872,FOR,DNK,RENEW
136003,197515,FOR,DNK,EPP
136003,197555,FOR,DNK,RENEW
136003,197558,FOR,DNK,RENEW
136003,197567,FOR,DNK,RENEW
136003,197570,FOR,DNK,ID
136003,197571,AGAINST,DNK,GUE_NGL
136003,197573,FOR,DNK,GREEN_EFA
136003,199941,FOR,DNK,SD
136003,204331,FOR,DNK,RENEW
136004,28161,ABSTENTION,DNK,GREEN_EFA
136004,37312,FOR,DNK,SD
136004,96709,FOR,DNK,RENEW
136004,101585,FOR,DNK,SD
136004,124872,FOR,DNK,RENEW
136004,197515,FOR,DNK,EPP
136004,197555,FOR,DNK,RENEW
136004,197558,FOR,DNK,RENEW
136004,197567,FOR,DNK,RENEW
136004,197570,FOR,DNK,ID
136004,197571,ABSTENTION,DNK,GUE_NGL
136004,197573,ABSTENTION,DNK,GREEN_EFA
136004,199941,FOR,DNK,SD
136004,204331,FOR,DNK,RENEW
136005,28161,FOR,DNK,GREEN_EFA
136005,37312,FOR,DNK,SD
136005,96709,FOR,DNK,RENEW
136005,101585,FOR,DNK,SD
136005,124872,FOR,DNK,RENEW
136005,197515,FOR,DNK,EPP
136005,197555,FOR,DNK,RENEW
136005,197558,FOR,DNK,RENEW
136005,197567,FOR,DNK,RENEW
136005,197570,ABSTENTION,DNK,ID
136005,197571,FOR,DNK,GUE_NGL
136005,197573,FOR,DNK,GREEN_EFA
136005,199941,FOR,DNK,SD
136005,204331,FOR,DNK,RENEW
136124,28161,FOR,DNK,GREEN_EFA
136124,37312,FOR,DNK,SD
136124,96709,FOR,DNK,RENEW
136124,101585,FOR,DNK,SD
136124,124872,FOR,DNK,RENEW
136124,197515,FOR,DNK,EPP
136124,197555,FOR,DNK,RENEW
136124,197558,FOR,DNK,RENEW
136124,197567,FOR,DNK,RENEW
136124,197570,ABSTENTION,DNK,ID
136124,197571,AGAINST,DNK,GUE_NGL
136124,197573,FOR,DNK,GREEN_EFA
136124,199941,FOR,DNK,SD
136124,204331,FOR,DNK,RENEW
136125,28161,FOR,DNK,GREEN_EFA
136125,37312,FOR,DNK,SD
136125,96709,ABSTENTION,DNK,RENEW
136125,101585,FOR,DNK,SD
136125,124872,FOR,DNK,RENEW
136125,197515,ABSTENTION,DNK,EPP
136125,197555,ABSTENTION,DNK,RENEW
136125,197558,ABSTENTION,DNK,RENEW
136125,197567,FOR,DNK,RENEW
136125,197570,ABSTENTION,DNK,ID
136125,197571,FOR,DNK,GUE_NGL
136125,197573,FOR,DNK,GREEN_EFA
136125,199941,FOR,DNK,SD
136125,204331,ABSTENTION,DNK,RENEW
136127,28161,FOR,DNK,GREEN_EFA
136127,37312,FOR,DNK,SD
136127,96709,FOR,DNK,RENEW
136127,101585,FOR,DNK,SD
136127,124872,FOR,DNK,RENEW
136127,197515,FOR,DNK,EPP
136127,197555,FOR,DNK,RENEW
136127,197558,FOR,DNK,RENEW
136127,197567,FOR,DNK,RENEW
136127,197570,ABSTENTION,DNK,ID
136127,197571,FOR,DNK,GUE_NGL
136127,197573,FOR,DNK,GREEN_EFA
136127,199941,FOR,DNK,SD
136127,204331,FOR,DNK,RENEW
136128,28161,FOR,DNK,GREEN_EFA
136128,37312,FOR,DNK,SD
136128,96709,FOR,DNK,RENEW
136128,101585,FOR,DNK,SD
136128,124872,FOR,DNK,RENEW
136128,197515,FOR,DNK,EPP
136128,197555,FOR,DNK,RENEW
136128,197558,FOR,DNK,RENEW
136128,197567,FOR,DNK,RENEW
136128,197570,ABSTENTION,DNK,ID
136128,197571,FOR,DNK,GUE_NGL
136128,197573,FOR,DNK,GREEN_EFA
136128,199941,FOR,DNK,SD
136128,204331,FOR,DNK,RENEW
136129,28161,FOR,DNK,GREEN_EFA
136129,37312,FOR,DNK,SD
136129,96709,FOR,DNK,RENEW
136129,101585,FOR,DNK,SD
136129,124872,FOR,DNK,RENEW
136129,197515,AGAINST,DNK,EPP
136129,197555,FOR,DNK,RENEW
136129,197558,FOR,DNK,RENEW
136129,197567,FOR,DNK,RENEW
136129,197570,AGAINST,DNK,ID
136129,197571,FOR,DNK,GUE_NGL
136129,197573,FOR,DNK,GREEN_EFA
136129,199941,FOR,DNK,SD
136129,204331,FOR,DNK,RENEW
136130,28161,ABSTENTION,DNK,GREEN_EFA
136130,37312,FOR,DNK,SD
136130,96709,FOR,DNK,RENEW
136130,101585,FOR,DNK,SD
136130,124872,FOR,DNK,RENEW
136130,197515,FOR,DNK,EPP
136130,197555,FOR,DNK,RENEW
136130,197558,FOR,DNK,RENEW
136130,197567,FOR,DNK,RENEW
136130,197570,ABSTENTION,DNK,ID
136130,197571,ABSTENTION,DNK,GUE_NGL
136130,197573,ABSTENTION,DNK,GREEN_EFA
136130,199941,FOR,DNK,SD
136130,204331,FOR,DNK,RENEW
136131,28161,FOR,DNK,GREEN_EFA
136131,37312,FOR,DNK,SD
136131,96709,FOR,DNK,RENEW
136131,101585,FOR,DNK,SD
136131,124872,FOR,DNK,RENEW
136131,197515,FOR,DNK,EPP
136131,197555,FOR,DNK,RENEW
136131,197558,FOR,DNK,RENEW
136131,197567,FOR,DNK,RENEW
136131,197570,ABSTENTION,DNK,ID
136131,197571,FOR,DNK,GUE_NGL
136131,197573,FOR,DNK,GREEN_EFA
136131,199941,FOR,DNK,SD
136131,204331,FOR,DNK,RENEW
136175,28161,FOR,DNK,GREEN_EFA
136175,37312,FOR,DNK,SD
136175,96709,FOR,DNK,RENEW
136175,101585,FOR,DNK,SD
136175,124872,FOR,DNK,RENEW
136175,197515,FOR,DNK,EPP
136175,197555,FOR,DNK,RENEW
136175,197558,FOR,DNK,RENEW
136175,197567,FOR,DNK,RENEW
136175,197570,FOR,DNK,ID
136175,197571,FOR,DNK,GUE_NGL
136175,197573,FOR,DNK,GREEN_EFA
136175,199941,FOR,DNK,SD
136175,204331,FOR,DNK,RENEW
136179,28161,FOR,DNK,GREEN_EFA
136179,37312,FOR,DNK,SD
136179,96709,FOR,DNK,RENEW
136179,101585,FOR,DNK,SD
136179,124872,FOR,DNK,RENEW
136179,197515,FOR,DNK,EPP
136179,197555,FOR,DNK,RENEW
136179,197558,FOR,DNK,RENEW
136179,197567,FOR,DNK,RENEW
136179,197570,AGAINST,DNK,ID
136179,197571,FOR,DNK,GUE_NGL
136179,197573,FOR,DNK,GREEN_EFA
136179,199941,FOR,DNK,SD
136179,204331,FOR,DNK,RENEW
136183,28161,AGAINST,DNK,GREEN_EFA
136183,37312,FOR,DNK,SD
136183,96709,FOR,DNK,RENEW
136183,101585,FOR,DNK,SD
136183,124872,FOR,DNK,RENEW
136183,197515,FOR,DNK,EPP
136183,197555,FOR,DNK,RENEW
136183,197558,FOR,DNK,RENEW
136183,197567,FOR,DNK,RENEW
136183,197570,ABSTENTION,DNK,ID
136183,197571,AGAINST,DNK,GUE_NGL
136183,197573,AGAINST,DNK,GREEN_EFA
136183,199941,FOR,DNK,SD
136183,204331,FOR,DNK,RENEW
136185,28161,FOR,DNK,GREEN_EFA
136185,37312,FOR,DNK,SD
136185,96709,FOR,DNK,RENEW
136185,101585,FOR,DNK,SD
136185,124872,FOR,DNK,RENEW
136185,197515,FOR,DNK,EPP
136185,197555,FOR,DNK,RENEW
136185,197558,FOR,DNK,RENEW
136185,197567,FOR,DNK,RENEW
136185,197570,AGAINST,DNK,ID
136185,197571,FOR,DNK,GUE_NGL
136185,197573,FOR,DNK,GREEN_EFA
136185,199941,FOR,DNK,SD
136185,204331,FOR,DNK,RENEW
136187,28161,FOR,DNK,GREEN_EFA
136187,37312,FOR,DNK,SD
136187,96709,FOR,DNK,RENEW
136187,101585,FOR,DNK,SD
136187,124872,FOR,DNK,RENEW
136187,197515,FOR,DNK,EPP
136187,197555,FOR,DNK,RENEW
136187,197558,FOR,DNK,RENEW
136187,197567,FOR,DNK,RENEW
136187,197570,AGAINST,DNK,ID
136187,197571,FOR,DNK,GUE_NGL
136187,197573,FOR,DNK,GREEN_EFA
136187,199941,FOR,DNK,SD
136187,204331,FOR,DNK,RENEW
136221,28161,AGAINST,DNK,GREEN_EFA
136221,37312,AGAINST,DNK,SD
136221,96709,FOR,DNK,RENEW
136221,101585,AGAINST,DNK,SD
136221,124872,FOR,DNK,RENEW
136221,197515,FOR,DNK,EPP
136221,197555,FOR,DNK,RENEW
136221,197558,FOR,DNK,RENEW
136221,197567,AGAINST,DNK,RENEW
136221,197570,FOR,DNK,ID
136221,197571,AGAINST,DNK,GUE_NGL
136221,197573,AGAINST,DNK,GREEN_EFA
136221,199941,AGAINST,DNK,SD
136221,204331,FOR,DNK,RENEW
136238,28161,FOR,DNK,GREEN_EFA
136238,37312,FOR,DNK,SD
136238,96709,FOR,DNK,RENEW
136238,101585,FOR,DNK,SD
136238,124872,FOR,DNK,RENEW
136238,197515,FOR,DNK,EPP
136238,197555,FOR,DNK,RENEW
136238,197558,FOR,DNK,RENEW
136238,197567,FOR,DNK,RENEW
136238,197570,ABSTENTION,DNK,ID
136238,197571,ABSTENTION,DNK,GUE_NGL
136238,197573,FOR,DNK,GREEN_EFA
136238,199941,FOR,DNK,SD
136238,204331,FOR,DNK,RENEW
136566,28161,FOR,DNK,GREEN_EFA
136566,37312,FOR,DNK,SD
136566,96709,FOR,DNK,RENEW
136566,101585,FOR,DNK,SD
136566,124872,FOR,DNK,RENEW
136566,197515,FOR,DNK,EPP
136566,197555,FOR,DNK,RENEW
136566,197558,FOR,DNK,RENEW
136566,197567,FOR,DNK,RENEW
136566,197570,FOR,DNK,ID
136566,197571,FOR,DNK,GUE_NGL
136566,197573,FOR,DNK,GREEN_EFA
136566,199941,FOR,DNK,SD
136566,204331,FOR,DNK,RENEW
136568,28161,FOR,DNK,GREEN_EFA
136568,37312,FOR,DNK,SD
136568,96709,FOR,DNK,RENEW
136568,101585,FOR,DNK,SD
136568,124872,FOR,DNK,RENEW
136568,197515,FOR,DNK,EPP
136568,197555,FOR,DNK,RENEW
136568,197558,FOR,DNK,RENEW
136568,197567,FOR,DNK,RENEW
136568,197570,FOR,DNK,ID
136568,197571,FOR,DNK,GUE_NGL
136568,197573,FOR,DNK,GREEN_EFA
136568,199941,FOR,DNK,SD
136568,204331,FOR,DNK,RENEW
136570,28161,FOR,DNK,GREEN_EFA
136570,37312,FOR,DNK,SD
136570,96709,FOR,DNK,RENEW
136570,101585,FOR,DNK,SD
136570,124872,FOR,DNK,RENEW
136570,197515,FOR,DNK,EPP
136570,197555,FOR,DNK,RENEW
136570,197558,FOR,DNK,RENEW
136570,197567,FOR,DNK,RENEW
136570,197570,AGAINST,DNK,ID
136570,197571,FOR,DNK,GUE_NGL
136570,197573,FOR,DNK,GREEN_EFA
136570,199941,FOR,DNK,SD
136570,204331,FOR,DNK,RENEW
136738,28161,FOR,DNK,GREEN_EFA
136738,37312,FOR,DNK,SD
136738,96709,FOR,DNK,RENEW
136738,101585,FOR,DNK,SD
136738,124872,FOR,DNK,RENEW
136738,197515,FOR,DNK,EPP
136738,197555,FOR,DNK,RENEW
136738,197558,FOR,DNK,RENEW
136738,197567,FOR,DNK,RENEW
136738,197570,FOR,DNK,ID
136738,197571,ABSTENTION,DNK,GUE_NGL
136738,197573,FOR,DNK,GREEN_EFA
136738,199941,DID_NOT_VOTE,DNK,SD
136738,204331,FOR,DNK,RENEW
136783,28161,FOR,DNK,GREEN_EFA
136783,37312,FOR,DNK,SD
136783,96709,FOR,DNK,RENEW
136783,101585,FOR,DNK,SD
136783,124872,FOR,DNK,RENEW
136783,197515,FOR,DNK,EPP
136783,197555,FOR,DNK,RENEW
136783,197558,FOR,DNK,RENEW
136783,197567,FOR,DNK,RENEW
136783,197570,ABSTENTION,DNK,ID
136783,197571,FOR,DNK,GUE_NGL
136783,197573,FOR,DNK,GREEN_EFA
136783,199941,FOR,DNK,SD
136783,204331,FOR,DNK,RENEW
136804,28161,AGAINST,DNK,GREEN_EFA
136804,37312,FOR,DNK,SD
136804,96709,FOR,DNK,RENEW
136804,101585,FOR,DNK,SD
136804,124872,FOR,DNK,RENEW
136804,197515,FOR,DNK,EPP
136804,197555,FOR,DNK,RENEW
136804,197558,FOR,DNK,RENEW
136804,197567,FOR,DNK,RENEW
136804,197570,FOR,DNK,ID
136804,197571,AGAINST,DNK,GUE_NGL
136804,197573,AGAINST,DNK,GREEN_EFA
136804,199941,FOR,DNK,SD
136804,204331,FOR,DNK,RENEW
136887,28161,FOR,DNK,GREEN_EFA
136887,37312,FOR,DNK,SD
136887,96709,FOR,DNK,RENEW
136887,101585,FOR,DNK,SD
136887,124872,FOR,DNK,RENEW
136887,197515,FOR,DNK,EPP
136887,197555,FOR,DNK,RENEW
136887,197558,FOR,DNK,RENEW
136887,197567,FOR,DNK,RENEW
136887,197570,ABSTENTION,DNK,ID
136887,197571,FOR,DNK,GUE_NGL
136887,197573,FOR,DNK,GREEN_EFA
136887,199941,FOR,DNK,SD
136887,204331,FOR,DNK,RENEW
136902,28161,FOR,DNK,GREEN_EFA
136902,37312,FOR,DNK,SD
136902,96709,FOR,DNK,RENEW
136902,101585,FOR,DNK,SD
136902,124872,FOR,DNK,RENEW
136902,197515,FOR,DNK,EPP
136902,197555,FOR,DNK,RENEW
136902,197558,FOR,DNK,RENEW
136902,197567,FOR,DNK,RENEW
136902,197570,AGAINST,DNK,ID
136902,197571,FOR,DNK,GUE_NGL
136902,197573,FOR,DNK,GREEN_EFA
136902,199941,FOR,DNK,SD
136902,204331,FOR,DNK,RENEW
136904,28161,FOR,DNK,GREEN_EFA
136904,37312,FOR,DNK,SD
136904,96709,FOR,DNK,RENEW
136904,101585,FOR,DNK,SD
136904,124872,FOR,DNK,RENEW
136904,197515,FOR,DNK,EPP
136904,197555,FOR,DNK,RENEW
136904,197558,FOR,DNK,RENEW
136904,197567,FOR,DNK,RENEW
136904,197570,ABSTENTION,DNK,ID
136904,197571,AGAINST,DNK,GUE_NGL
136904,197573,FOR,DNK,GREEN_EFA
136904,199941,FOR,DNK,SD
136904,204331,FOR,DNK,RENEW
136905,28161,FOR,DNK,GREEN_EFA
136905,37312,ABSTENTION,DNK,SD
136905,96709,FOR,DNK,RENEW
136905,101585,ABSTENTION,DNK,SD
136905,124872,FOR,DNK,RENEW
136905,197515,AGAINST,DNK,EPP
136905,197555,FOR,DNK,RENEW
136905,197558,FOR,DNK,RENEW
136905,197567,FOR,DNK,RENEW
136905,197570,AGAINST,DNK,ID
136905,197571,FOR,DNK,GUE_NGL
136905,197573,FOR,DNK,GREEN_EFA
136905,199941,ABSTENTION,DNK,SD
136905,204331,FOR,DNK,RENEW
136906,28161,FOR,DNK,GREEN_EFA
136906,37312,FOR,DNK,SD
136906,96709,FOR,DNK,RENEW
136906,101585,FOR,DNK,SD
136906,124872,FOR,DNK,RENEW
136906,197515,FOR,DNK,EPP
136906,197555,FOR,DNK,RENEW
136906,197558,FOR,DNK,RENEW
136906,197567,FOR,DNK,RENEW
136906,197570,FOR,DNK,ID
136906,197571,FOR,DNK,GUE_NGL
136906,197573,FOR,DNK,GREEN_EFA
136906,199941,FOR,DNK,SD
136906,204331,FOR,DNK,RENEW
136907,28161,FOR,DNK,GREEN_EFA
136907,37312,FOR,DNK,SD
136907,96709,FOR,DNK,RENEW
136907,101585,FOR,DNK,SD
136907,124872,FOR,DNK,RENEW
136907,197515,FOR,DNK,EPP
136907,197555,FOR,DNK,RENEW
136907,197558,FOR,DNK,RENEW
136907,197567,FOR,DNK,RENEW
136907,197570,FOR,DNK,ID
136907,197571,FOR,DNK,GUE_NGL
136907,197573,FOR,DNK,GREEN_EFA
136907,199941,FOR,DNK,SD
136907,204331,FOR,DNK,RENEW
136941,28161,DID_NOT_VOTE,DNK,GREEN_EFA
136941,37312,FOR,DNK,SD
136941,96709,FOR,DNK,RENEW
136941,101585,DID_NOT_VOTE,DNK,SD
136941,124872,DID_NOT_VOTE,DNK,RENEW
136941,197515,DID_NOT_VOTE,DNK,EPP
136941,197555,DID_NOT_VOTE,DNK,RENEW
136941,197558,DID_NOT_VOTE,DNK,RENEW
136941,197567,FOR,DNK,RENEW
136941,197570,FOR,DNK,ID
136941,197571,FOR,DNK,GUE_NGL
136941,197573,FOR,DNK,GREEN_EFA
136941,199941,FOR,DNK,SD
136941,204331,DID_NOT_VOTE,DNK,RENEW
136944,28161,DID_NOT_VOTE,DNK,GREEN_EFA
136944,37312,ABSTENTION,DNK,SD
136944,96709,FOR,DNK,RENEW
136944,101585,DID_NOT_VOTE,DNK,SD
136944,124872,DID_NOT_VOTE,DNK,RENEW
136944,197515,DID_NOT_VOTE,DNK,EPP
136944,197555,DID_NOT_VOTE,DNK,RENEW
136944,197558,DID_NOT_VOTE,DNK,RENEW
136944,197567,FOR,DNK,RENEW
136944,197570,AGAINST,DNK,ID
136944,197571,ABSTENTION,DNK,GUE_NGL
136944,197573,FOR,DNK,GREEN_EFA
136944,199941,ABSTENTION,DNK,SD
136944,204331,DID_NOT_VOTE,DNK,RENEW
136957,28161,DID_NOT_VOTE,DNK,GREEN_EFA
136957,37312,FOR,DNK,SD
136957,96709,FOR,DNK,RENEW
136957,101585,DID_NOT_VOTE,DNK,SD
136957,124872,DID_NOT_VOTE,DNK,RENEW
136957,197515,DID_NOT_VOTE,DNK,EPP
136957,197555,DID_NOT_VOTE,DNK,RENEW
136957,197558,FOR,DNK,RENEW
136957,197567,FOR,DNK,RENEW
136957,197570,ABSTENTION,DNK,ID
136957,197571,FOR,DNK,GUE_NGL
136957,197573,FOR,DNK,GREEN_EFA
136957,199941,FOR,DNK,SD
136957,204331,DID_NOT_VOTE,DNK,RENEW
136958,28161,DID_NOT_VOTE,DNK,GREEN_EFA
136958,37312,FOR,DNK,SD
136958,96709,FOR,DNK,RENEW
136958,101585,DID_NOT_VOTE,DNK,SD
136958,124872,DID_NOT_VOTE,DNK,RENEW
136958,197515,DID_NOT_VOTE,DNK,EPP
136958,197555,DID_NOT_VOTE,DNK,RENEW
136958,197558,FOR,DNK,RENEW
136958,197567,FOR,DNK,RENEW
136958,197570,FOR,DNK,ID
136958,197571,AGAINST,DNK,GUE_NGL
136958,197573,AGAINST,DNK,GREEN_EFA
136958,199941,FOR,DNK,SD
136958,204331,DID_NOT_VOTE,DNK,RENEW
136959,28161,DID_NOT_VOTE,DNK,GREEN_EFA
136959,37312,ABSTENTION,DNK,SD
136959,96709,FOR,DNK,RENEW
136959,101585,DID_NOT_VOTE,DNK,SD
136959,124872,DID_NOT_VOTE,DNK,RENEW
136959,197515,DID_NOT_VOTE,DNK,EPP
136959,197555,DID_NOT_VOTE,DNK,RENEW
136959,197558,FOR,DNK,RENEW
136959,197567,FOR,DNK,RENEW
136959,197570,AGAINST,DNK,ID
136959,197571,FOR,DNK,GUE_NGL
136959,197573,FOR,DNK,GREEN_EFA
136959,199941,ABSTENTION,DNK,SD
136959,204331,DID_NOT_VOTE,DNK,RENEW
136968,28161,DID_NOT_VOTE,DNK,GREEN_EFA
136968,37312,FOR,DNK,SD
136968,96709,FOR,DNK,RENEW
136968,101585,DID_NOT_VOTE,DNK,SD
136968,124872,DID_NOT_VOTE,DNK,RENEW
136968,197515,DID_NOT_VOTE,DNK,EPP
136968,197555,DID_NOT_VOTE,DNK,RENEW
136968,197558,FOR,DNK,RENEW
136968,197567,FOR,DNK,RENEW
136968,197570,ABSTENTION,DNK,ID
136968,197571,ABSTENTION,DNK,GUE_NGL
136968,197573,FOR,DNK,GREEN_EFA
136968,199941,FOR,DNK,SD
136968,204331,DID_NOT_VOTE,DNK,RENEW
136970,28161,DID_NOT_VOTE,DNK,GREEN_EFA
136970,37312,FOR,DNK,SD
136970,96709,FOR,DNK,RENEW
136970,101585,DID_NOT_VOTE,DNK,SD
136970,124872,DID_NOT_VOTE,DNK,RENEW
136970,197515,DID_NOT_VOTE,DNK,EPP
136970,197555,DID_NOT_VOTE,DNK,RENEW
136970,197558,DID_NOT_VOTE,DNK,RENEW
136970,197567,FOR,DNK,RENEW
136970,197570,AGAINST,DNK,ID
136970,197571,ABSTENTION,DNK,GUE_NGL
136970,197573,FOR,DNK,GREEN_EFA
136970,199941,FOR,DNK,SD
136970,204331,DID_NOT_VOTE,DNK,RENEW
136974,28161,DID_NOT_VOTE,DNK,GREEN_EFA
136974,37312,FOR,DNK,SD
136974,96709,FOR,DNK,RENEW
136974,101585,DID_NOT_VOTE,DNK,SD
136974,124872,DID_NOT_VOTE,DNK,RENEW
136974,197515,DID_NOT_VOTE,DNK,EPP
136974,197555,DID_NOT_VOTE,DNK,RENEW
136974,197558,FOR,DNK,RENEW
136974,197567,FOR,DNK,RENEW
136974,197570,FOR,DNK,ID
136974,197571,FOR,DNK,GUE_NGL
136974,197573,FOR,DNK,GREEN_EFA
136974,199941,FOR,DNK,SD
136974,204331,DID_NOT_VOTE,DNK,RENEW
137235,28161,AGAINST,DNK,GREEN_EFA
137235,37312,FOR,DNK,SD
137235,96709,FOR,DNK,RENEW
137235,101585,FOR,DNK,SD
137235,124872,AGAINST,DNK,RENEW
137235,197515,FOR,DNK,EPP
137235,197555,FOR,DNK,RENEW
137235,197558,FOR,DNK,RENEW
137235,197567,ABSTENTION,DNK,RENEW
137235,197570,FOR,DNK,ID
137235,197571,AGAINST,DNK,GUE_NGL
137235,197573,AGAINST,DNK,GREEN_EFA
137235,199941,FOR,DNK,SD
137235,204331,FOR,DNK,RENEW
137260,28161,AGAINST,DNK,GREEN_EFA
137260,37312,FOR,DNK,SD
137260,96709,FOR,DNK,RENEW
137260,101585,FOR,DNK,SD
137260,124872,AGAINST,DNK,RENEW
137260,197515,FOR,DNK,EPP
137260,197555,FOR,DNK,RENEW
137260,197558,FOR,DNK,RENEW
137260,197567,AGAINST,DNK,RENEW
137260,197570,FOR,DNK,ID
137260,197571,AGAINST,DNK,GUE_NGL
137260,197573,AGAINST,DNK,GREEN_EFA
137260,199941,FOR,DNK,SD
137260,204331,FOR,DNK,RENEW
137271,28161,AGAINST,DNK,GREEN_EFA
137271,37312,FOR,DNK,SD
137271,96709,FOR,DNK,RENEW
137271,101585,FOR,DNK,SD
137271,124872,AGAINST,DNK,RENEW
137271,197515,FOR,DNK,EPP
137271,197555,FOR,DNK,RENEW
137271,197558,FOR,DNK,RENEW
137271,197567,ABSTENTION,DNK,RENEW
137271,197570,FOR,DNK,ID
137271,197571,AGAINST,DNK,GUE_NGL
137271,197573,AGAINST,DNK,GREEN_EFA
137271,199941,FOR,DNK,SD
137271,204331,FOR,DNK,RENEW
137366,28161,FOR,DNK,GREEN_EFA
137366,37312,FOR,DNK,SD
137366,96709,FOR,DNK,RENEW
137366,101585,FOR,DNK,SD
137366,124872,FOR,DNK,RENEW
137366,197515,FOR,DNK,EPP
137366,197555,FOR,DNK,RENEW
137366,197558,FOR,DNK,RENEW
137366,197567,FOR,DNK,RENEW
137366,197570,FOR,DNK,ID
137366,197571,FOR,DNK,GUE_NGL
137366,197573,FOR,DNK,GREEN_EFA
137366,199941,FOR,DNK,SD
137366,204331,FOR,DNK,RENEW
137367,28161,FOR,DNK,GREEN_EFA
137367,37312,FOR,DNK,SD
137367,96709,FOR,DNK,RENEW
137367,101585,FOR,DNK,SD
137367,124872,FOR,DNK,RENEW
137367,197515,FOR,DNK,EPP
137367,197555,FOR,DNK,RENEW
137367,197558,FOR,DNK,RENEW
137367,197567,FOR,DNK,RENEW
137367,197570,FOR,DNK,ID
137367,197571,FOR,DNK,GUE_NGL
137367,197573,FOR,DNK,GREEN_EFA
137367,199941,FOR,DNK,SD
137367,204331,FOR,DNK,RENEW
137368,28161,FOR,DNK,GREEN_EFA
137368,37312,FOR,DNK,SD
137368,96709,FOR,DNK,RENEW
137368,101585,FOR,DNK,SD
137368,124872,FOR,DNK,RENEW
137368,197515,FOR,DNK,EPP
137368,197555,FOR,DNK,RENEW
137368,197558,FOR,DNK,RENEW
137368,197567,FOR,DNK,RENEW
137368,197570,FOR,DNK,ID
137368,197571,ABSTENTION,DNK,GUE_NGL
137368,197573,FOR,DNK,GREEN_EFA
137368,199941,FOR,DNK,SD
137368,204331,FOR,DNK,RENEW
137369,28161,FOR,DNK,GREEN_EFA
137369,37312,FOR,DNK,SD
137369,96709,FOR,DNK,RENEW
137369,101585,FOR,DNK,SD
137369,124872,FOR,DNK,RENEW
137369,197515,FOR,DNK,EPP
137369,197555,FOR,DNK,RENEW
137369,197558,FOR,DNK,RENEW
137369,197567,FOR,DNK,RENEW
137369,197570,FOR,DNK,ID
137369,197571,ABSTENTION,DNK,GUE_NGL
137369,197573,FOR,DNK,GREEN_EFA
137369,199941,FOR,DNK,SD
137369,204331,FOR,DNK,RENEW
137370,28161,FOR,DNK,GREEN_EFA
137370,37312,ABSTENTION,DNK,SD
137370,96709,FOR,DNK,RENEW
137370,101585,ABSTENTION,DNK,SD
137370,124872,FOR,DNK,RENEW
137370,197515,FOR,DNK,EPP
137370,197555,FOR,DNK,RENEW
137370,197558,FOR,DNK,RENEW
137370,197567,FOR,DNK,RENEW
137370,197570,ABSTENTION,DNK,ID
137370,197571,FOR,DNK,GUE_NGL
137370,197573,FOR,DNK,GREEN_EFA
137370,199941,ABSTENTION,DNK,SD
137370,204331,FOR,DNK,RENEW
137371,28161,FOR,DNK,GREEN_EFA
137371,37312,FOR,DNK,SD
137371,96709,FOR,DNK,RENEW
137371,101585,FOR,DNK,SD
137371,124872,FOR,DNK,RENEW
137371,197515,FOR,DNK,EPP
137371,197555,FOR,DNK,RENEW
137371,197558,FOR,DNK,RENEW
137371,197567,FOR,DNK,RENEW
137371,197570,FOR,DNK,ID
137371,197571,FOR,DNK,GUE_NGL
137371,197573,FOR,DNK,GREEN_EFA
137371,199941,FOR,DNK,SD
137371,204331,FOR,DNK,RENEW
137460,28161,ABSTENTION,DNK,GREEN_EFA
137460,37312,FOR,DNK,SD
137460,96709,FOR,DNK,RENEW
137460,101585,FOR,DNK,SD
137460,124872,FOR,DNK,RENEW
137460,197515,FOR,DNK,EPP
137460,197555,FOR,DNK,RENEW
137460,197558,FOR,DNK,RENEW
137460,197567,FOR,DNK,RENEW
137460,197570,FOR,DNK,ID
137460,197571,AGAINST,DNK,GUE_NGL
137460,197573,ABSTENTION,DNK,GREEN_EFA
137460,199941,FOR,DNK,SD
137460,204331,FOR,DNK,RENEW
137462,28161,FOR,DNK,GREEN_EFA
137462,37312,FOR,DNK,SD
137462,96709,FOR,DNK,RENEW
137462,101585,FOR,DNK,SD
137462,124872,FOR,DNK,RENEW
137462,197515,AGAINST,DNK,EPP
137462,197555,FOR,DNK,RENEW
137462,197558,FOR,DNK,RENEW
137462,197567,FOR,DNK,RENEW
137462,197570,AGAINST,DNK,ID
137462,197571,AGAINST,DNK,GUE_NGL
137462,197573,FOR,DNK,GREEN_EFA
137462,199941,FOR,DNK,SD
137462,204331,FOR,DNK,RENEW
137528,28161,FOR,DNK,GREEN_EFA
137528,37312,FOR,DNK,SD
137528,96709,FOR,DNK,RENEW
137528,101585,FOR,DNK,SD
137528,124872,FOR,DNK,RENEW
137528,197515,FOR,DNK,EPP
137528,197555,FOR,DNK,RENEW
137528,197558,FOR,DNK,RENEW
137528,197567,FOR,DNK,RENEW
137528,197570,FOR,DNK,ID
137528,197571,FOR,DNK,GUE_NGL
137528,197573,FOR,DNK,GREEN_EFA
137528,199941,FOR,DNK,SD
137528,204331,FOR,DNK,RENEW
137555,28161,FOR,DNK,GREEN_EFA
137555,37312,FOR,DNK,SD
137555,96709,FOR,DNK,RENEW
137555,101585,FOR,DNK,SD
137555,124872,FOR,DNK,RENEW
137555,197515,FOR,DNK,EPP
137555,197555,FOR,DNK,RENEW
137555,197558,FOR,DNK,RENEW
137555,197567,FOR,DNK,RENEW
137555,197570,FOR,DNK,ID
137555,197571,FOR,DNK,GUE_NGL
137555,197573,FOR,DNK,GREEN_EFA
137555,199941,FOR,DNK,SD
137555,204331,FOR,DNK,RENEW
137566,28161,FOR,DNK,GREEN_EFA
137566,37312,FOR,DNK,SD
137566,96709,FOR,DNK,RENEW
137566,101585,FOR,DNK,SD
137566,124872,FOR,DNK,RENEW
137566,197515,FOR,DNK,EPP
137566,197555,FOR,DNK,RENEW
137566,197558,FOR,DNK,RENEW
137566,197567,FOR,DNK,RENEW
137566,197570,FOR,DNK,ID
137566,197571,FOR,DNK,GUE_NGL
137566,197573,FOR,DNK,GREEN_EFA
137566,199941,FOR,DNK,SD
137566,204331,FOR,DNK,RENEW
137603,28161,FOR,DNK,GREEN_EFA
137603,37312,FOR,DNK,SD
137603,96709,FOR,DNK,RENEW
137603,101585,FOR,DNK,SD
137603,124872,FOR,DNK,RENEW
137603,197515,FOR,DNK,EPP
137603,197555,FOR,DNK,RENEW
137603,197558,FOR,DNK,RENEW
137603,197567,FOR,DNK,RENEW
137603,197570,FOR,DNK,ID
137603,197571,FOR,DNK,GUE_NGL
137603,197573,FOR,DNK,GREEN_EFA
137603,199941,FOR,DNK,SD
137603,204331,FOR,DNK,RENEW
137605,28161,FOR,DNK,GREEN_EFA
137605,37312,FOR,DNK,SD
137605,96709,FOR,DNK,RENEW
137605,101585,FOR,DNK,SD
137605,124872,FOR,DNK,RENEW
137605,197515,FOR,DNK,EPP
137605,197555,FOR,DNK,RENEW
137605,197558,FOR,DNK,RENEW
137605,197567,FOR,DNK,RENEW
137605,197570,FOR,DNK,ID
137605,197571,FOR,DNK,GUE_NGL
137605,197573,FOR,DNK,GREEN_EFA
137605,199941,FOR,DNK,SD
137605,204331,FOR,DNK,RENEW
137606,28161,FOR,DNK,GREEN_EFA
137606,37312,ABSTENTION,DNK,SD
137606,96709,ABSTENTION,DNK,RENEW
137606,101585,ABSTENTION,DNK,SD
137606,124872,FOR,DNK,RENEW
137606,197515,FOR,DNK,EPP
137606,197555,ABSTENTION,DNK,RENEW
137606,197558,ABSTENTION,DNK,RENEW
137606,197567,FOR,DNK,RENEW
137606,197570,AGAINST,DNK,ID
137606,197571,ABSTENTION,DNK,GUE_NGL
137606,197573,FOR,DNK,GREEN_EFA
137606,199941,ABSTENTION,DNK,SD
137606,204331,ABSTENTION,DNK,RENEW
137607,28161,FOR,DNK,GREEN_EFA
137607,37312,FOR,DNK,SD
137607,96709,FOR,DNK,RENEW
137607,101585,FOR,DNK,SD
137607,124872,FOR,DNK,RENEW
137607,197515,FOR,DNK,EPP
137607,197555,FOR,DNK,RENEW
137607,197558,FOR,DNK,RENEW
137607,197567,FOR,DNK,RENEW
137607,197570,FOR,DNK,ID
137607,197571,FOR,DNK,GUE_NGL
137607,197573,FOR,DNK,GREEN_EFA
137607,199941,FOR,DNK,SD
137607,204331,FOR,DNK,RENEW
137608,28161,FOR,DNK,GREEN_EFA
137608,37312,FOR,DNK,SD
137608,96709,ABSTENTION,DNK,RENEW
137608,101585,FOR,DNK,SD
137608,124872,FOR,DNK,RENEW
137608,197515,AGAINST,DNK,EPP
137608,197555,ABSTENTION,DNK,RENEW
137608,197558,ABSTENTION,DNK,RENEW
137608,197567,FOR,DNK,RENEW
137608,197570,AGAINST,DNK,ID
137608,197571,FOR,DNK,GUE_NGL
137608,197573,FOR,DNK,GREEN_EFA
137608,199941,FOR,DNK,SD
137608,204331,ABSTENTION,DNK,RENEW
137643,28161,FOR,DNK,GREEN_EFA
137643,37312,FOR,DNK,SD
137643,96709,FOR,DNK,RENEW
137643,101585,FOR,DNK,SD
137643,124872,FOR,DNK,RENEW
137643,197515,FOR,DNK,EPP
137643,197555,FOR,DNK,RENEW
137643,197558,FOR,DNK,RENEW
137643,197567,FOR,DNK,RENEW
137643,197570,FOR,DNK,ID
137643,197571,ABSTENTION,DNK,GUE_NGL
137643,197573,FOR,DNK,GREEN_EFA
137643,199941,FOR,DNK,SD
137643,204331,FOR,DNK,RENEW
137644,28161,AGAINST,DNK,GREEN_EFA
137644,37312,FOR,DNK,SD
137644,96709,FOR,DNK,RENEW
137644,101585,FOR,DNK,SD
137644,124872,FOR,DNK,RENEW
137644,197515,FOR,DNK,EPP
137644,197555,FOR,DNK,RENEW
137644,197558,FOR,DNK,RENEW
137644,197567,FOR,DNK,RENEW
137644,197570,ABSTENTION,DNK,ID
137644,197571,AGAINST,DNK,GUE_NGL
137644,197573,AGAINST,DNK,GREEN_EFA
137644,199941,FOR,DNK,SD
137644,204331,FOR,DNK,RENEW
137646,28161,FOR,DNK,GREEN_EFA
137646,37312,FOR,DNK,SD
137646,96709,FOR,DNK,RENEW
137646,101585,FOR,DNK,SD
137646,124872,FOR,DNK,RENEW
137646,197515,FOR,DNK,EPP
137646,197555,FOR,DNK,RENEW
137646,197558,FOR,DNK,RENEW
137646,197567,FOR,DNK,RENEW
137646,197570,ABSTENTION,DNK,ID
137646,197571,FOR,DNK,GUE_NGL
137646,197573,FOR,DNK,GREEN_EFA
137646,199941,FOR,DNK,SD
137646,204331,FOR,DNK,RENEW
137662,28161,FOR,DNK,GREEN_EFA
137662,37312,FOR,DNK,SD
137662,96709,FOR,DNK,RENEW
137662,101585,FOR,DNK,SD
137662,124872,FOR,DNK,RENEW
137662,197515,FOR,DNK,EPP
137662,197555,FOR,DNK,RENEW
137662,197558,FOR,DNK,RENEW
137662,197567,FOR,DNK,RENEW
137662,197570,FOR,DNK,ID
137662,197571,FOR,DNK,GUE_NGL
137662,197573,FOR,DNK,GREEN_EFA
137662,199941,FOR,DNK,SD
137662,204331,FOR,DNK,RENEW
137684,28161,FOR,DNK,GREEN_EFA
137684,37312,FOR,DNK,SD
137684,96709,FOR,DNK,RENEW
137684,101585,FOR,DNK,SD
137684,124872,FOR,DNK,RENEW
137684,197515,FOR,DNK,EPP
137684,197555,FOR,DNK,RENEW
137684,197558,FOR,DNK,RENEW
137684,197567,FOR,DNK,RENEW
137684,197570,ABSTENTION,DNK,ID
137684,197571,FOR,DNK,GUE_NGL
137684,197573,FOR,DNK,GREEN_EFA
137684,199941,FOR,DNK,SD
137684,204331,FOR,DNK,RENEW
137764,28161,FOR,DNK,GREEN_EFA
137764,37312,FOR,DNK,SD
137764,96709,FOR,DNK,RENEW
137764,101585,FOR,DNK,SD
137764,124872,FOR,DNK,RENEW
137764,197515,FOR,DNK,EPP
137764,197555,FOR,DNK,RENEW
137764,197558,FOR,DNK,RENEW
137764,197567,FOR,DNK,RENEW
137764,197570,AGAINST,DNK,ID
137764,197571,FOR,DNK,GUE_NGL
137764,197573,FOR,DNK,GREEN_EFA
137764,199941,FOR,DNK,SD
137764,204331,FOR,DNK,RENEW
137765,28161,FOR,DNK,GREEN_EFA
137765,37312,FOR,DNK,SD
137765,96709,FOR,DNK,RENEW
137765,101585,FOR,DNK,SD
137765,124872,FOR,DNK,RENEW
137765,197515,FOR,DNK,EPP
137765,197555,FOR,DNK,RENEW
137765,197558,FOR,DNK,RENEW
137765,197567,FOR,DNK,RENEW
137765,197570,AGAINST,DNK,ID
137765,197571,FOR,DNK,GUE_NGL
137765,197573,FOR,DNK,GREEN_EFA
137765,199941,FOR,DNK,SD
137765,204331,FOR,DNK,RENEW
137766,28161,FOR,DNK,GREEN_EFA
137766,37312,FOR,DNK,SD
137766,96709,FOR,DNK,RENEW
137766,101585,FOR,DNK,SD
137766,124872,FOR,DNK,RENEW
137766,197515,FOR,DNK,EPP
137766,197555,FOR,DNK,RENEW
137766,197558,FOR,DNK,RENEW
137766,197567,FOR,DNK,RENEW
137766,197570,AGAINST,DNK,ID
137766,197571,FOR,DNK,GUE_NGL
137766,197573,FOR,DNK,GREEN_EFA
137766,199941,FOR,DNK,SD
137766,204331,FOR,DNK,RENEW
137767,28161,FOR,DNK,GREEN_EFA
137767,37312,FOR,DNK,SD
137767,96709,FOR,DNK,RENEW
137767,101585,FOR,DNK,SD
137767,124872,FOR,DNK,RENEW
137767,197515,FOR,DNK,EPP
137767,197555,FOR,DNK,RENEW
137767,197558,FOR,DNK,RENEW
137767,197567,FOR,DNK,RENEW
137767,197570,ABSTENTION,DNK,ID
137767,197571,FOR,DNK,GUE_NGL
137767,197573,FOR,DNK,GREEN_EFA
137767,199941,FOR,DNK,SD
137767,204331,FOR,DNK,RENEW
137768,28161,FOR,DNK,GREEN_EFA
137768,37312,FOR,DNK,SD
137768,96709,FOR,DNK,RENEW
137768,101585,FOR,DNK,SD
137768,124872,FOR,DNK,RENEW
137768,197515,FOR,DNK,EPP
137768,197555,FOR,DNK,RENEW
137768,197558,FOR,DNK,RENEW
137768,197567,FOR,DNK,RENEW
137768,197570,AGAINST,DNK,ID
137768,197571,FOR,DNK,GUE_NGL
137768,197573,FOR,DNK,GREEN_EFA
137768,199941,FOR,DNK,SD
137768,204331,FOR,DNK,RENEW
137937,28161,ABSTENTION,DNK,GREEN_EFA
137937,37312,FOR,DNK,SD
137937,96709,FOR,DNK,RENEW
137937,101585,FOR,DNK,SD
137937,124872,FOR,DNK,RENEW
137937,197515,FOR,DNK,EPP
137937,197555,FOR,DNK,RENEW
137937,197558,FOR,DNK,RENEW
137937,197567,FOR,DNK,RENEW
137937,197570,FOR,DNK,ID
137937,197571,ABSTENTION,DNK,GUE_NGL
137937,197573,ABSTENTION,DNK,GREEN_EFA
137937,199941,FOR,DNK,SD
137937,204331,FOR,DNK,RENEW
137952,28161,FOR,DNK,GREEN_EFA
137952,37312,FOR,DNK,SD
137952,96709,FOR,DNK,RENEW
137952,101585,FOR,DNK,SD
137952,124872,FOR,DNK,RENEW
137952,197515,FOR,DNK,EPP
137952,197555,FOR,DNK,RENEW
137952,197558,FOR,DNK,RENEW
137952,197567,FOR,DNK,RENEW
137952,197570,ABSTENTION,DNK,ID
137952,197571,FOR,DNK,GUE_NGL
137952,197573,FOR,DNK,GREEN_EFA
137952,199941,FOR,DNK,SD
137952,204331,FOR,DNK,RENEW
137983,28161,FOR,DNK,GREEN_EFA
137983,37312,FOR,DNK,SD
137983,96709,FOR,DNK,RENEW
137983,101585,FOR,DNK,SD
137983,124872,FOR,DNK,RENEW
137983,197515,FOR,DNK,EPP
137983,197555,FOR,DNK,RENEW
137983,197558,FOR,DNK,RENEW
137983,197567,FOR,DNK,RENEW
137983,197570,FOR,DNK,ID
137983,197571,ABSTENTION,DNK,GUE_NGL
137983,197573,FOR,DNK,GREEN_EFA
137983,199941,FOR,DNK,SD
137983,204331,FOR,DNK,RENEW
137986,28161,FOR,DNK,GREEN_EFA
137986,37312,FOR,DNK,SD
137986,96709,FOR,DNK,RENEW
137986,101585,FOR,DNK,SD
137986,124872,FOR,DNK,RENEW
137986,197515,FOR,DNK,EPP
137986,197555,FOR,DNK,RENEW
137986,197558,FOR,DNK,RENEW
137986,197567,FOR,DNK,RENEW
137986,197570,FOR,DNK,ID
137986,197571,FOR,DNK,GUE_NGL
137986,197573,FOR,DNK,GREEN_EFA
137986,199941,FOR,DNK,SD
137986,204331,FOR,DNK,RENEW
137987,28161,FOR,DNK,GREEN_EFA
137987,37312,FOR,DNK,SD
137987,96709,FOR,DNK,RENEW
137987,101585,FOR,DNK,SD
137987,124872,FOR,DNK,RENEW
137987,197515,FOR,DNK,EPP
137987,197555,FOR,DNK,RENEW
137987,197558,FOR,DNK,RENEW
137987,197567,FOR,DNK,RENEW
137987,197570,FOR,DNK,ID
137987,197571,FOR,DNK,GUE_NGL
137987,197573,FOR,DNK,GREEN_EFA
137987,199941,FOR,DNK,SD
137987,204331,FOR,DNK,RENEW
137988,28161,FOR,DNK,GREEN_EFA
137988,37312,FOR,DNK,SD
137988,96709,FOR,DNK,RENEW
137988,101585,FOR,DNK,SD
137988,124872,FOR,DNK,RENEW
137988,197515,FOR,DNK,EPP
137988,197555,FOR,DNK,RENEW
137988,197558,FOR,DNK,RENEW
137988,197567,FOR,DNK,RENEW
137988,197570,FOR,DNK,ID
137988,197571,ABSTENTION,DNK,GUE_NGL
137988,197573,FOR,DNK,GREEN_EFA
137988,199941,FOR,DNK,SD
137988,204331,FOR,DNK,RENEW
137989,28161,AGAINST,DNK,GREEN_EFA
137989,37312,FOR,DNK,SD
137989,96709,FOR,DNK,RENEW
137989,101585,FOR,DNK,SD
137989,124872,FOR,DNK,RENEW
137989,197515,FOR,DNK,EPP
137989,197555,FOR,DNK,RENEW
137989,197558,FOR,DNK,RENEW
137989,197567,FOR,DNK,RENEW
137989,197570,ABSTENTION,DNK,ID
137989,197571,AGAINST,DNK,GUE_NGL
137989,197573,AGAINST,DNK,GREEN_EFA
137989,199941,FOR,DNK,SD
137989,204331,FOR,DNK,RENEW
137994,28161,FOR,DNK,GREEN_EFA
137994,37312,FOR,DNK,SD
137994,96709,FOR,DNK,RENEW
137994,101585,FOR,DNK,SD
137994,124872,FOR,DNK,RENEW
137994,197515,FOR,DNK,EPP
137994,197555,FOR,DNK,RENEW
137994,197558,FOR,DNK,RENEW
137994,197567,FOR,DNK,RENEW
137994,197570,FOR,DNK,ID
137994,197571,FOR,DNK,GUE_NGL
137994,197573,FOR,DNK,GREEN_EFA
137994,199941,FOR,DNK,SD
137994,204331,FOR,DNK,RENEW
138003,28161,FOR,DNK,GREEN_EFA
138003,37312,FOR,DNK,SD
138003,96709,FOR,DNK,RENEW
138003,101585,FOR,DNK,SD
138003,124872,FOR,DNK,RENEW
138003,197515,FOR,DNK,EPP
138003,197555,FOR,DNK,RENEW
138003,197558,FOR,DNK,RENEW
138003,197567,FOR,DNK,RENEW
138003,197570,AGAINST,DNK,ID
138003,197571,FOR,DNK,GUE_NGL
138003,197573,FOR,DNK,GREEN_EFA
138003,199941,FOR,DNK,SD
138003,204331,FOR,DNK,RENEW
138004,28161,ABSTENTION,DNK,GREEN_EFA
138004,37312,FOR,DNK,SD
138004,96709,FOR,DNK,RENEW
138004,101585,FOR,DNK,SD
138004,124872,FOR,DNK,RENEW
138004,197515,FOR,DNK,EPP
138004,197555,FOR,DNK,RENEW
138004,197558,FOR,DNK,RENEW
138004,197567,FOR,DNK,RENEW
138004,197570,ABSTENTION,DNK,ID
138004,197571,FOR,DNK,GUE_NGL
138004,197573,ABSTENTION,DNK,GREEN_EFA
138004,199941,FOR,DNK,SD
138004,204331,FOR,DNK,RENEW
138170,28161,FOR,DNK,GREEN_EFA
138170,37312,FOR,DNK,SD
138170,96709,FOR,DNK,RENEW
138170,101585,FOR,DNK,SD
138170,124872,FOR,DNK,RENEW
138170,197515,FOR,DNK,EPP
138170,197555,FOR,DNK,RENEW
138170,197558,FOR,DNK,RENEW
138170,197567,FOR,DNK,RENEW
138170,197570,FOR,DNK,ID
138170,197571,FOR,DNK,GUE_NGL
138170,197573,FOR,DNK,GREEN_EFA
138170,199941,FOR,DNK,SD
138170,204331,FOR,DNK,RENEW
138172,28161,FOR,DNK,GREEN_EFA
138172,37312,FOR,DNK,SD
138172,96709,FOR,DNK,RENEW
138172,101585,FOR,DNK,SD
138172,124872,FOR,DNK,RENEW
138172,197515,FOR,DNK,EPP
138172,197555,FOR,DNK,RENEW
138172,197558,FOR,DNK,RENEW
138172,197567,FOR,DNK,RENEW
138172,197570,FOR,DNK,ID
138172,197571,FOR,DNK,GUE_NGL
138172,197573,FOR,DNK,GREEN_EFA
138172,199941,FOR,DNK,SD
138172,204331,FOR,DNK,RENEW
138173,28161,AGAINST,DNK,GREEN_EFA
138173,37312,FOR,DNK,SD
138173,96709,FOR,DNK,RENEW
138173,101585,FOR,DNK,SD
138173,124872,FOR,DNK,RENEW
138173,197515,FOR,DNK,EPP
138173,197555,FOR,DNK,RENEW
138173,197558,FOR,DNK,RENEW
138173,197567,FOR,DNK,RENEW
138173,197570,FOR,DNK,ID
138173,197571,ABSTENTION,DNK,GUE_NGL
138173,197573,AGAINST,DNK,GREEN_EFA
138173,199941,FOR,DNK,SD
138173,204331,FOR,DNK,RENEW
138174,28161,FOR,DNK,GREEN_EFA
138174,37312,FOR,DNK,SD
138174,96709,FOR,DNK,RENEW
138174,101585,FOR,DNK,SD
138174,124872,FOR,DNK,RENEW
138174,197515,FOR,DNK,EPP
138174,197555,FOR,DNK,RENEW
138174,197558,FOR,DNK,RENEW
138174,197567,FOR,DNK,RENEW
138174,197570,ABSTENTION,DNK,ID
138174,197571,FOR,DNK,GUE_NGL
138174,197573,FOR,DNK,GREEN_EFA
138174,199941,FOR,DNK,SD
138174,204331,FOR,DNK,RENEW
138175,28161,FOR,DNK,GREEN_EFA
138175,37312,FOR,DNK,SD
138175,96709,FOR,DNK,RENEW
138175,101585,FOR,DNK,SD
138175,124872,FOR,DNK,RENEW
138175,197515,AGAINST,DNK,EPP
138175,197555,FOR,DNK,RENEW
138175,197558,FOR,DNK,RENEW
138175,197567,FOR,DNK,RENEW
138175,197570,ABSTENTION,DNK,ID
138175,197571,FOR,DNK,GUE_NGL
138175,197573,FOR,DNK,GREEN_EFA
138175,199941,FOR,DNK,SD
138175,204331,FOR,DNK,RENEW
138177,28161,FOR,DNK,GREEN_EFA
138177,37312,FOR,DNK,SD
138177,96709,FOR,DNK,RENEW
138177,101585,FOR,DNK,SD
138177,124872,FOR,DNK,RENEW
138177,197515,ABSTENTION,DNK,EPP
138177,197555,FOR,DNK,RENEW
138177,197558,FOR,DNK,RENEW
138177,197567,FOR,DNK,RENEW
138177,197570,ABSTENTION,DNK,ID
138177,197571,FOR,DNK,GUE_NGL
138177,197573,FOR,DNK,GREEN_EFA
138177,199941,FOR,DNK,SD
138177,204331,FOR,DNK,RENEW
138178,28161,FOR,DNK,GREEN_EFA
138178,37312,FOR,DNK,SD
138178,96709,ABSTENTION,DNK,RENEW
138178,101585,FOR,DNK,SD
138178,124872,FOR,DNK,RENEW
138178,197515,FOR,DNK,EPP
138178,197555,ABSTENTION,DNK,RENEW
138178,197558,ABSTENTION,DNK,RENEW
138178,197567,FOR,DNK,RENEW
138178,197570,FOR,DNK,ID
138178,197571,ABSTENTION,DNK,GUE_NGL
138178,197573,FOR,DNK,GREEN_EFA
138178,199941,FOR,DNK,SD
138178,204331,ABSTENTION,DNK,RENEW
138179,28161,FOR,DNK,GREEN_EFA
138179,37312,FOR,DNK,SD
138179,96709,FOR,DNK,RENEW
138179,101585,FOR,DNK,SD
138179,124872,FOR,DNK,RENEW
138179,197515,FOR,DNK,EPP
138179,197555,FOR,DNK,RENEW
138179,197558,FOR,DNK,RENEW
138179,197567,FOR,DNK,RENEW
138179,197570,FOR,DNK,ID
138179,197571,FOR,DNK,GUE_NGL
138179,197573,FOR,DNK,GREEN_EFA
138179,199941,FOR,DNK,SD
138179,204331,FOR,DNK,RENEW
138182,28161,FOR,DNK,GREEN_EFA
138182,37312,FOR,DNK,SD
138182,96709,FOR,DNK,RENEW
138182,101585,FOR,DNK,SD
138182,124872,FOR,DNK,RENEW
138182,197515,FOR,DNK,EPP
138182,197555,FOR,DNK,RENEW
138182,197558,FOR,DNK,RENEW
138182,197567,FOR,DNK,RENEW
138182,197570,FOR,DNK,ID
138182,197571,FOR,DNK,GUE_NGL
138182,197573,FOR,DNK,GREEN_EFA
138182,199941,FOR,DNK,SD
138182,204331,FOR,DNK,RENEW
138970,28161,FOR,DNK,GREEN_EFA
138970,37312,FOR,DNK,SD
138970,96709,FOR,DNK,RENEW
138970,101585,FOR,DNK,SD
138970,124872,FOR,DNK,RENEW
138970,197515,AGAINST,DNK,EPP
138970,197555,FOR,DNK,RENEW
138970,197558,FOR,DNK,RENEW
138970,197567,FOR,DNK,RENEW
138970,197570,AGAINST,DNK,ID
138970,197571,FOR,DNK,GUE_NGL
138970,197573,FOR,DNK,GREEN_EFA
138970,199941,FOR,DNK,SD
138970,204331,FOR,DNK,RENEW
138971,28161,FOR,DNK,GREEN_EFA
138971,37312,FOR,DNK,SD
138971,96709,FOR,DNK,RENEW
138971,101585,FOR,DNK,SD
138971,124872,FOR,DNK,RENEW
138971,197515,AGAINST,DNK,EPP
138971,197555,FOR,DNK,RENEW
138971,197558,FOR,DNK,RENEW
138971,197567,FOR,DNK,RENEW
138971,197570,AGAINST,DNK,ID
138971,197571,FOR,DNK,GUE_NGL
138971,197573,FOR,DNK,GREEN_EFA
138971,199941,FOR,DNK,SD
138971,204331,FOR,DNK,RENEW
138973,28161,FOR,DNK,GREEN_EFA
138973,37312,FOR,DNK,SD
138973,96709,FOR,DNK,RENEW
138973,101585,FOR,DNK,SD
138973,124872,FOR,DNK,RENEW
138973,197515,FOR,DNK,EPP
138973,197555,FOR,DNK,RENEW
138973,197558,FOR,DNK,RENEW
138973,197567,FOR,DNK,RENEW
138973,197570,AGAINST,DNK,ID
138973,197571,FOR,DNK,GUE_NGL
138973,197573,FOR,DNK,GREEN_EFA
138973,199941,FOR,DNK,SD
138973,204331,FOR,DNK,RENEW
139037,28161,FOR,DNK,GREEN_EFA
139037,37312,FOR,DNK,SD
139037,96709,FOR,DNK,RENEW
139037,101585,FOR,DNK,SD
139037,124872,FOR,DNK,RENEW
139037,197515,FOR,DNK,EPP
139037,197555,FOR,DNK,RENEW
139037,197558,FOR,DNK,RENEW
139037,197567,FOR,DNK,RENEW
139037,197570,FOR,DNK,ID
139037,197571,FOR,DNK,GUE_NGL
139037,197573,FOR,DNK,GREEN_EFA
139037,199941,FOR,DNK,SD
139037,204331,FOR,DNK,RENEW
139038,28161,FOR,DNK,GREEN_EFA
139038,37312,FOR,DNK,SD
139038,96709,FOR,DNK,RENEW
139038,101585,FOR,DNK,SD
139038,124872,FOR,DNK,RENEW
139038,197515,FOR,DNK,EPP
139038,197555,FOR,DNK,RENEW
139038,197558,FOR,DNK,RENEW
139038,197567,FOR,DNK,RENEW
139038,197570,FOR,DNK,ID
139038,197571,FOR,DNK,GUE_NGL
139038,197573,FOR,DNK,GREEN_EFA
139038,199941,FOR,DNK,SD
139038,204331,FOR,DNK,RENEW
139039,28161,FOR,DNK,GREEN_EFA
139039,37312,FOR,DNK,SD
139039,96709,FOR,DNK,RENEW
139039,101585,FOR,DNK,SD
139039,124872,FOR,DNK,RENEW
139039,197515,FOR,DNK,EPP
139039,197555,FOR,DNK,RENEW
139039,197558,FOR,DNK,RENEW
139039,197567,FOR,DNK,RENEW
139039,197570,ABSTENTION,DNK,ID
139039,197571,FOR,DNK,GUE_NGL
139039,197573,FOR,DNK,GREEN_EFA
139039,199941,FOR,DNK,SD
139039,204331,FOR,DNK,RENEW
139040,28161,FOR,DNK,GREEN_EFA
139040,37312,FOR,DNK,SD
139040,96709,FOR,DNK,RENEW
139040,101585,FOR,DNK,SD
139040,124872,FOR,DNK,RENEW
139040,197515,FOR,DNK,EPP
139040,197555,FOR,DNK,RENEW
139040,197558,FOR,DNK,RENEW
139040,197567,FOR,DNK,RENEW
139040,197570,FOR,DNK,ID
139040,197571,AGAINST,DNK,GUE_NGL
139040,197573,FOR,DNK,GREEN_EFA
139040,199941,FOR,DNK,SD
139040,204331,FOR,DNK,RENEW
139383,28161,FOR,DNK,GREEN_EFA
139383,37312,FOR,DNK,SD
139383,96709,FOR,DNK,RENEW
139383,101585,FOR,DNK,SD
139383,124872,FOR,DNK,RENEW
139383,197515,FOR,DNK,EPP
139383,197555,FOR,DNK,RENEW
139383,197558,FOR,DNK,RENEW
139383,197567,FOR,DNK,RENEW
139383,197570,FOR,DNK,ID
139383,197571,FOR,DNK,GUE_NGL
139383,197573,FOR,DNK,GREEN_EFA
139383,199941,FOR,DNK,SD
139383,204331,FOR,DNK,RENEW
139788,28161,FOR,DNK,GREEN_EFA
139788,37312,FOR,DNK,SD
139788,96709,FOR,DNK,RENEW
139788,101585,FOR,DNK,SD
139788,124872,FOR,DNK,RENEW
139788,197515,FOR,DNK,EPP
139788,197555,FOR,DNK,RENEW
139788,197558,FOR,DNK,RENEW
139788,197567,DID_NOT_VOTE,DNK,RENEW
139788,197570,FOR,DNK,ID
139788,197571,FOR,DNK,GUE_NGL
139788,197573,FOR,DNK,GREEN_EFA
139788,199941,FOR,DNK,SD
139788,204331,FOR,DNK,RENEW
139813,28161,FOR,DNK,GREEN_EFA
139813,37312,FOR,DNK,SD
139813,96709,FOR,DNK,RENEW
139813,101585,FOR,DNK,SD
139813,124872,FOR,DNK,RENEW
139813,197515,FOR,DNK,EPP
139813,197555,FOR,DNK,RENEW
139813,197558,FOR,DNK,RENEW
139813,197567,DID_NOT_VOTE,DNK,RENEW
139813,197570,ABSTENTION,DNK,ID
139813,197571,FOR,DNK,GUE_NGL
139813,197573,FOR,DNK,GREEN_EFA
139813,199941,FOR,DNK,SD
139813,204331,FOR,DNK,RENEW
139814,28161,FOR,DNK,GREEN_EFA
139814,37312,FOR,DNK,SD
139814,96709,ABSTENTION,DNK,RENEW
139814,101585,FOR,DNK,SD
139814,124872,FOR,DNK,RENEW
139814,197515,FOR,DNK,EPP
139814,197555,ABSTENTION,DNK,RENEW
139814,197558,ABSTENTION,DNK,RENEW
139814,197567,DID_NOT_VOTE,DNK,RENEW
139814,197570,AGAINST,DNK,ID
139814,197571,AGAINST,DNK,GUE_NGL
139814,197573,FOR,DNK,GREEN_EFA
139814,199941,FOR,DNK,SD
139814,204331,ABSTENTION,DNK,RENEW
139815,28161,FOR,DNK,GREEN_EFA
139815,37312,FOR,DNK,SD
139815,96709,AGAINST,DNK,RENEW
139815,101585,FOR,DNK,SD
139815,124872,AGAINST,DNK,RENEW
139815,197515,AGAINST,DNK,EPP
139815,197555,AGAINST,DNK,RENEW
139815,197558,AGAINST,DNK,RENEW
139815,197567,DID_NOT_VOTE,DNK,RENEW
139815,197570,FOR,DNK,ID
139815,197571,FOR,DNK,GUE_NGL
139815,197573,FOR,DNK,GREEN_EFA
139815,199941,FOR,DNK,SD
139815,204331,AGAINST,DNK,RENEW
139816,28161,FOR,DNK,GREEN_EFA
139816,37312,FOR,DNK,SD
139816,96709,AGAINST,DNK,RENEW
139816,101585,FOR,DNK,SD
139816,124872,AGAINST,DNK,RENEW
139816,197515,AGAINST,DNK,EPP
139816,197555,AGAINST,DNK,RENEW
139816,197558,AGAINST,DNK,RENEW
139816,197567,DID_NOT_VOTE,DNK,RENEW
139816,197570,FOR,DNK,ID
139816,197571,FOR,DNK,GUE_NGL
139816,197573,FOR,DNK,GREEN_EFA
139816,199941,FOR,DNK,SD
139816,204331,AGAINST,DNK,RENEW
139817,28161,AGAINST,DNK,GREEN_EFA
139817,37312,AGAINST,DNK,SD
139817,96709,FOR,DNK,RENEW
139817,101585,AGAINST,DNK,SD
139817,124872,AGAINST,DNK,RENEW
139817,197515,FOR,DNK,EPP
139817,197555,FOR,DNK,RENEW
139817,197558,FOR,DNK,RENEW
139817,197567,DID_NOT_VOTE,DNK,RENEW
139817,197570,AGAINST,DNK,ID
139817,197571,AGAINST,DNK,GUE_NGL
139817,197573,AGAINST,DNK,GREEN_EFA
139817,199941,AGAINST,DNK,SD
139817,204331,FOR,DNK,RENEW
139818,28161,AGAINST,DNK,GREEN_EFA
139818,37312,AGAINST,DNK,SD
139818,96709,AGAINST,DNK,RENEW
139818,101585,AGAINST,DNK,SD
139818,124872,AGAINST,DNK,RENEW
139818,197515,AGAINST,DNK,EPP
139818,197555,AGAINST,DNK,RENEW
139818,197558,AGAINST,DNK,RENEW
139818,197567,DID_NOT_VOTE,DNK,RENEW
139818,197570,FOR,DNK,ID
139818,197571,AGAINST,DNK,GUE_NGL
139818,197573,AGAINST,DNK,GREEN_EFA
139818,199941,AGAINST,DNK,SD
139818,204331,AGAINST,DNK,RENEW
139861,28161,FOR,DNK,GREEN_EFA
139861,37312,FOR,DNK,SD
139861,96709,FOR,DNK,RENEW
139861,101585,FOR,DNK,SD
139861,124872,FOR,DNK,RENEW
139861,197515,FOR,DNK,EPP
139861,197555,DID_NOT_VOTE,DNK,RENEW
139861,197558,FOR,DNK,RENEW
139861,197567,DID_NOT_VOTE,DNK,RENEW
139861,197570,ABSTENTION,DNK,ID
139861,197571,FOR,DNK,GUE_NGL
139861,197573,FOR,DNK,GREEN_EFA
139861,199941,FOR,DNK,SD
139861,204331,FOR,DNK,RENEW
139863,28161,FOR,DNK,GREEN_EFA
139863,37312,FOR,DNK,SD
139863,96709,FOR,DNK,RENEW
139863,101585,FOR,DNK,SD
139863,124872,FOR,DNK,RENEW
139863,197515,FOR,DNK,EPP
139863,197555,DID_NOT_VOTE,DNK,RENEW
139863,197558,FOR,DNK,RENEW
139863,197567,DID_NOT_VOTE,DNK,RENEW
139863,197570,FOR,DNK,ID
139863,197571,FOR,DNK,GUE_NGL
139863,197573,FOR,DNK,GREEN_EFA
139863,199941,FOR,DNK,SD
139863,204331,FOR,DNK,RENEW
139864,28161,FOR,DNK,GREEN_EFA
139864,37312,FOR,DNK,SD
139864,96709,FOR,DNK,RENEW
139864,101585,FOR,DNK,SD
139864,124872,FOR,DNK,RENEW
139864,197515,FOR,DNK,EPP
139864,197555,DID_NOT_VOTE,DNK,RENEW
139864,197558,FOR,DNK,RENEW
139864,197567,DID_NOT_VOTE,DNK,RENEW
139864,197570,AGAINST,DNK,ID
139864,197571,FOR,DNK,GUE_NGL
139864,197573,AGAINST,DNK,GREEN_EFA
139864,199941,FOR,DNK,SD
139864,204331,FOR,DNK,RENEW
139866,28161,FOR,DNK,GREEN_EFA
139866,37312,FOR,DNK,SD
139866,96709,FOR,DNK,RENEW
139866,101585,FOR,DNK,SD
139866,124872,FOR,DNK,RENEW
139866,197515,AGAINST,DNK,EPP
139866,197555,DID_NOT_VOTE,DNK,RENEW
139866,197558,FOR,DNK,RENEW
139866,197567,DID_NOT_VOTE,DNK,RENEW
139866,197570,FOR,DNK,ID
139866,197571,FOR,DNK,GUE_NGL
139866,197573,FOR,DNK,GREEN_EFA
139866,199941,FOR,DNK,SD
139866,204331,FOR,DNK,RENEW
139867,28161,FOR,DNK,GREEN_EFA
139867,37312,FOR,DNK,SD
139867,96709,FOR,DNK,RENEW
139867,101585,FOR,DNK,SD
139867,124872,FOR,DNK,RENEW
139867,197515,FOR,DNK,EPP
139867,197555,DID_NOT_VOTE,DNK,RENEW
139867,197558,FOR,DNK,RENEW
139867,197567,DID_NOT_VOTE,DNK,RENEW
139867,197570,FOR,DNK,ID
139867,197571,FOR,DNK,GUE_NGL
139867,197573,FOR,DNK,GREEN_EFA
139867,199941,FOR,DNK,SD
139867,204331,FOR,DNK,RENEW
139870,28161,FOR,DNK,GREEN_EFA
139870,37312,FOR,DNK,SD
139870,96709,FOR,DNK,RENEW
139870,101585,FOR,DNK,SD
139870,124872,FOR,DNK,RENEW
139870,197515,FOR,DNK,EPP
139870,197555,DID_NOT_VOTE,DNK,RENEW
139870,197558,FOR,DNK,RENEW
139870,197567,DID_NOT_VOTE,DNK,RENEW
139870,197570,AGAINST,DNK,ID
139870,197571,ABSTENTION,DNK,GUE_NGL
139870,197573,FOR,DNK,GREEN_EFA
139870,199941,FOR,DNK,SD
139870,204331,FOR,DNK,RENEW
139871,28161,FOR,DNK,GREEN_EFA
139871,37312,FOR,DNK,SD
139871,96709,FOR,DNK,RENEW
139871,101585,FOR,DNK,SD
139871,124872,FOR,DNK,RENEW
139871,197515,FOR,DNK,EPP
139871,197555,DID_NOT_VOTE,DNK,RENEW
139871,197558,FOR,DNK,RENEW
139871,197567,DID_NOT_VOTE,DNK,RENEW
139871,197570,AGAINST,DNK,ID
139871,197571,AGAINST,DNK,GUE_NGL
139871,197573,FOR,DNK,GREEN_EFA
139871,199941,FOR,DNK,SD
139871,204331,FOR,DNK,RENEW
139902,28161,FOR,DNK,GREEN_EFA
139902,37312,FOR,DNK,SD
139902,96709,ABSTENTION,DNK,RENEW
139902,101585,FOR,DNK,SD
139902,124872,FOR,DNK,RENEW
139902,197515,FOR,DNK,EPP
139902,197555,ABSTENTION,DNK,RENEW
139902,197558,ABSTENTION,DNK,RENEW
139902,197567,DID_NOT_VOTE,DNK,RENEW
139902,197570,ABSTENTION,DNK,ID
139902,197571,FOR,DNK,GUE_NGL
139902,197573,FOR,DNK,GREEN_EFA
139902,199941,FOR,DNK,SD
139902,204331,ABSTENTION,DNK,RENEW
139904,28161,FOR,DNK,GREEN_EFA
139904,37312,FOR,DNK,SD
139904,96709,FOR,DNK,RENEW
139904,101585,FOR,DNK,SD
139904,124872,FOR,DNK,RENEW
139904,197515,FOR,DNK,EPP
139904,197555,FOR,DNK,RENEW
139904,197558,FOR,DNK,RENEW
139904,197567,FOR,DNK,RENEW
139904,197570,AGAINST,DNK,ID
139904,197571,AGAINST,DNK,GUE_NGL
139904,197573,FOR,DNK,GREEN_EFA
139904,199941,FOR,DNK,SD
139904,204331,FOR,DNK,RENEW
139905,28161,AGAINST,DNK,GREEN_EFA
139905,37312,ABSTENTION,DNK,SD
139905,96709,FOR,DNK,RENEW
139905,101585,ABSTENTION,DNK,SD
139905,124872,FOR,DNK,RENEW
139905,197515,FOR,DNK,EPP
139905,197555,FOR,DNK,RENEW
139905,197558,FOR,DNK,RENEW
139905,197567,FOR,DNK,RENEW
139905,197570,AGAINST,DNK,ID
139905,197571,AGAINST,DNK,GUE_NGL
139905,197573,AGAINST,DNK,GREEN_EFA
139905,199941,ABSTENTION,DNK,SD
139905,204331,FOR,DNK,RENEW
139906,28161,FOR,DNK,GREEN_EFA
139906,37312,FOR,DNK,SD
139906,96709,FOR,DNK,RENEW
139906,101585,FOR,DNK,SD
139906,124872,FOR,DNK,RENEW
139906,197515,FOR,DNK,EPP
139906,197555,FOR,DNK,RENEW
139906,197558,FOR,DNK,RENEW
139906,197567,FOR,DNK,RENEW
139906,197570,AGAINST,DNK,ID
139906,197571,FOR,DNK,GUE_NGL
139906,197573,FOR,DNK,GREEN_EFA
139906,199941,FOR,DNK,SD
139906,204331,FOR,DNK,RENEW
139907,28161,FOR,DNK,GREEN_EFA
139907,37312,FOR,DNK,SD
139907,96709,FOR,DNK,RENEW
139907,101585,FOR,DNK,SD
139907,124872,FOR,DNK,RENEW
139907,197515,FOR,DNK,EPP
139907,197555,FOR,DNK,RENEW
139907,197558,FOR,DNK,RENEW
139907,197567,FOR,DNK,RENEW
139907,197570,ABSTENTION,DNK,ID
139907,197571,FOR,DNK,GUE_NGL
139907,197573,FOR,DNK,GREEN_EFA
139907,199941,FOR,DNK,SD
139907,204331,FOR,DNK,RENEW
139908,28161,AGAINST,DNK,GREEN_EFA
139908,37312,FOR,DNK,SD
139908,96709,FOR,DNK,RENEW
139908,101585,FOR,DNK,SD
139908,124872,FOR,DNK,RENEW
139908,197515,FOR,DNK,EPP
139908,197555,FOR,DNK,RENEW
139908,197558,FOR,DNK,RENEW
139908,197567,FOR,DNK,RENEW
139908,197570,FOR,DNK,ID
139908,197571,AGAINST,DNK,GUE_NGL
139908,197573,AGAINST,DNK,GREEN_EFA
139908,199941,FOR,DNK,SD
139908,204331,FOR,DNK,RENEW
139909,28161,FOR,DNK,GREEN_EFA
139909,37312,FOR,DNK,SD
139909,96709,FOR,DNK,RENEW
139909,101585,FOR,DNK,SD
139909,124872,FOR,DNK,RENEW
139909,197515,FOR,DNK,EPP
139909,197555,FOR,DNK,RENEW
139909,197558,FOR,DNK,RENEW
139909,197567,FOR,DNK,RENEW
139909,197570,AGAINST,DNK,ID
139909,197571,FOR,DNK,GUE_NGL
139909,197573,FOR,DNK,GREEN_EFA
139909,199941,FOR,DNK,SD
139909,204331,FOR,DNK,RENEW
139910,28161,FOR,DNK,GREEN_EFA
139910,37312,FOR,DNK,SD
139910,96709,ABSTENTION,DNK,RENEW
139910,101585,FOR,DNK,SD
139910,124872,FOR,DNK,RENEW
139910,197515,ABSTENTION,DNK,EPP
139910,197555,ABSTENTION,DNK,RENEW
139910,197558,ABSTENTION,DNK,RENEW
139910,197567,FOR,DNK,RENEW
139910,197570,AGAINST,DNK,ID
139910,197571,FOR,DNK,GUE_NGL
139910,197573,FOR,DNK,GREEN_EFA
139910,199941,FOR,DNK,SD
139910,204331,ABSTENTION,DNK,RENEW
139916,28161,FOR,DNK,GREEN_EFA
139916,37312,FOR,DNK,SD
139916,96709,FOR,DNK,RENEW
139916,101585,FOR,DNK,SD
139916,124872,FOR,DNK,RENEW
139916,197515,FOR,DNK,EPP
139916,197555,FOR,DNK,RENEW
139916,197558,FOR,DNK,RENEW
139916,197567,DID_NOT_VOTE,DNK,RENEW
139916,197570,FOR,DNK,ID
139916,197571,FOR,DNK,GUE_NGL
139916,197573,FOR,DNK,GREEN_EFA
139916,199941,FOR,DNK,SD
139916,204331,FOR,DNK,RENEW
139917,28161,FOR,DNK,GREEN_EFA
139917,37312,FOR,DNK,SD
139917,96709,FOR,DNK,RENEW
139917,101585,FOR,DNK,SD
139917,124872,FOR,DNK,RENEW
139917,197515,FOR,DNK,EPP
139917,197555,FOR,DNK,RENEW
139917,197558,FOR,DNK,RENEW
139917,197567,DID_NOT_VOTE,DNK,RENEW
139917,197570,FOR,DNK,ID
139917,197571,FOR,DNK,GUE_NGL
139917,197573,FOR,DNK,GREEN_EFA
139917,199941,FOR,DNK,SD
139917,204331,FOR,DNK,RENEW
140042,28161,FOR,DNK,GREEN_EFA
140042,37312,FOR,DNK,SD
140042,96709,ABSTENTION,DNK,RENEW
140042,101585,FOR,DNK,SD
140042,124872,FOR,DNK,RENEW
140042,197515,FOR,DNK,EPP
140042,197555,ABSTENTION,DNK,RENEW
140042,197558,ABSTENTION,DNK,RENEW
140042,197567,FOR,DNK,RENEW
140042,197570,AGAINST,DNK,ID
140042,197571,FOR,DNK,GUE_NGL
140042,197573,FOR,DNK,GREEN_EFA
140042,199941,FOR,DNK,SD
140042,204331,ABSTENTION,DNK,RENEW
140043,28161,FOR,DNK,GREEN_EFA
140043,37312,FOR,DNK,SD
140043,96709,FOR,DNK,RENEW
140043,101585,FOR,DNK,SD
140043,124872,FOR,DNK,RENEW
140043,197515,FOR,DNK,EPP
140043,197555,FOR,DNK,RENEW
140043,197558,FOR,DNK,RENEW
140043,197567,FOR,DNK,RENEW
140043,197570,ABSTENTION,DNK,ID
140043,197571,FOR,DNK,GUE_NGL
140043,197573,FOR,DNK,GREEN_EFA
140043,199941,FOR,DNK,SD
140043,204331,FOR,DNK,RENEW
140044,28161,FOR,DNK,GREEN_EFA
140044,37312,FOR,DNK,SD
140044,96709,FOR,DNK,RENEW
140044,101585,FOR,DNK,SD
140044,124872,FOR,DNK,RENEW
140044,197515,FOR,DNK,EPP
140044,197555,FOR,DNK,RENEW
140044,197558,FOR,DNK,RENEW
140044,197567,FOR,DNK,RENEW
140044,197570,FOR,DNK,ID
140044,197571,FOR,DNK,GUE_NGL
140044,197573,FOR,DNK,GREEN_EFA
140044,199941,FOR,DNK,SD
140044,204331,FOR,DNK,RENEW
140045,28161,FOR,DNK,GREEN_EFA
140045,37312,FOR,DNK,SD
140045,96709,FOR,DNK,RENEW
140045,101585,FOR,DNK,SD
140045,124872,FOR,DNK,RENEW
140045,197515,FOR,DNK,EPP
140045,197555,FOR,DNK,RENEW
140045,197558,FOR,DNK,RENEW
140045,197567,FOR,DNK,RENEW
140045,197570,ABSTENTION,DNK,ID
140045,197571,FOR,DNK,GUE_NGL
140045,197573,FOR,DNK,GREEN_EFA
140045,199941,FOR,DNK,SD
140045,204331,FOR,DNK,RENEW
140111,28161,FOR,DNK,GREEN_EFA
140111,37312,FOR,DNK,SD
140111,96709,FOR,DNK,RENEW
140111,101585,FOR,DNK,SD
140111,124872,FOR,DNK,RENEW
140111,197515,FOR,DNK,EPP
140111,197555,FOR,DNK,RENEW
140111,197558,FOR,DNK,RENEW
140111,197567,FOR,DNK,RENEW
140111,197570,FOR,DNK,ID
140111,197571,FOR,DNK,GUE_NGL
140111,197573,FOR,DNK,GREEN_EFA
140111,199941,FOR,DNK,SD
140111,204331,FOR,DNK,RENEW
140221,28161,FOR,DNK,GREEN_EFA
140221,37312,FOR,DNK,SD
140221,96709,FOR,DNK,RENEW
140221,101585,FOR,DNK,SD
140221,124872,FOR,DNK,RENEW
140221,197515,FOR,DNK,EPP
140221,197555,FOR,DNK,RENEW
140221,197558,FOR,DNK,RENEW
140221,197567,DID_NOT_VOTE,DNK,RENEW
140221,197570,ABSTENTION,DNK,ID
140221,197571,FOR,DNK,GUE_NGL
140221,197573,FOR,DNK,GREEN_EFA
140221,199941,FOR,DNK,SD
140221,204331,FOR,DNK,RENEW
140226,28161,FOR,DNK,GREEN_EFA
140226,37312,FOR,DNK,SD
140226,96709,FOR,DNK,RENEW
140226,101585,FOR,DNK,SD
140226,124872,FOR,DNK,RENEW
140226,197515,FOR,DNK,EPP
140226,197555,FOR,DNK,RENEW
140226,197558,FOR,DNK,RENEW
140226,197567,DID_NOT_VOTE,DNK,RENEW
140226,197570,FOR,DNK,ID
140226,197571,FOR,DNK,GUE_NGL
140226,197573,FOR,DNK,GREEN_EFA
140226,199941,FOR,DNK,SD
140226,204331,FOR,DNK,RENEW
140227,28161,FOR,DNK,GREEN_EFA
140227,37312,FOR,DNK,SD
140227,96709,FOR,DNK,RENEW
140227,101585,FOR,DNK,SD
140227,124872,FOR,DNK,RENEW
140227,197515,FOR,DNK,EPP
140227,197555,FOR,DNK,RENEW
140227,197558,FOR,DNK,RENEW
140227,197567,DID_NOT_VOTE,DNK,RENEW
140227,197570,FOR,DNK,ID
140227,197571,FOR,DNK,GUE_NGL
140227,197573,FOR,DNK,GREEN_EFA
140227,199941,FOR,DNK,SD
140227,204331,FOR,DNK,RENEW
140228,28161,FOR,DNK,GREEN_EFA
140228,37312,FOR,DNK,SD
140228,96709,FOR,DNK,RENEW
140228,101585,FOR,DNK,SD
140228,124872,FOR,DNK,RENEW
140228,197515,FOR,DNK,EPP
140228,197555,FOR,DNK,RENEW
140228,197558,FOR,DNK,RENEW
140228,197567,DID_NOT_VOTE,DNK,RENEW
140228,197570,ABSTENTION,DNK,ID
140228,197571,FOR,DNK,GUE_NGL
140228,197573,FOR,DNK,GREEN_EFA
140228,199941,FOR,DNK,SD
140228,204331,FOR,DNK,RENEW
140229,28161,FOR,DNK,GREEN_EFA
140229,37312,FOR,DNK,SD
140229,96709,AGAINST,DNK,RENEW
140229,101585,FOR,DNK,SD
140229,124872,FOR,DNK,RENEW
140229,197515,FOR,DNK,EPP
140229,197555,AGAINST,DNK,RENEW
140229,197558,AGAINST,DNK,RENEW
140229,197567,DID_NOT_VOTE,DNK,RENEW
140229,197570,AGAINST,DNK,ID
140229,197571,FOR,DNK,GUE_NGL
140229,197573,FOR,DNK,GREEN_EFA
140229,199941,FOR,DNK,SD
140229,204331,AGAINST,DNK,RENEW
140232,28161,FOR,DNK,GREEN_EFA
140232,37312,FOR,DNK,SD
140232,96709,FOR,DNK,RENEW
140232,101585,FOR,DNK,SD
140232,124872,FOR,DNK,RENEW
140232,197515,FOR,DNK,EPP
140232,197555,FOR,DNK,RENEW
140232,197558,FOR,DNK,RENEW
140232,197567,DID_NOT_VOTE,DNK,RENEW
140232,197570,AGAINST,DNK,ID
140232,197571,FOR,DNK,GUE_NGL
140232,197573,FOR,DNK,GREEN_EFA
140232,199941,FOR,DNK,SD
140232,204331,FOR,DNK,RENEW
140248,28161,FOR,DNK,GREEN_EFA
140248,37312,FOR,DNK,SD
140248,96709,FOR,DNK,RENEW
140248,101585,FOR,DNK,SD
140248,124872,FOR,DNK,RENEW
140248,197515,FOR,DNK,EPP
140248,197555,FOR,DNK,RENEW
140248,197558,FOR,DNK,RENEW
140248,197567,DID_NOT_VOTE,DNK,RENEW
140248,197570,FOR,DNK,ID
140248,197571,FOR,DNK,GUE_NGL
140248,197573,FOR,DNK,GREEN_EFA
140248,199941,FOR,DNK,SD
140248,204331,FOR,DNK,RENEW
140258,28161,FOR,DNK,GREEN_EFA
140258,37312,FOR,DNK,SD
140258,96709,FOR,DNK,RENEW
140258,101585,FOR,DNK,SD
140258,124872,FOR,DNK,RENEW
140258,197515,FOR,DNK,EPP
140258,197555,FOR,DNK,RENEW
140258,197558,FOR,DNK,RENEW
140258,197567,DID_NOT_VOTE,DNK,RENEW
140258,197570,FOR,DNK,ID
140258,197571,FOR,DNK,GUE_NGL
140258,197573,FOR,DNK,GREEN_EFA
140258,199941,FOR,DNK,SD
140258,204331,FOR,DNK,RENEW
140572,28161,FOR,DNK,GREEN_EFA
140572,37312,FOR,DNK,SD
140572,96709,FOR,DNK,RENEW
140572,101585,FOR,DNK,SD
140572,124872,FOR,DNK,RENEW
140572,197515,FOR,DNK,EPP
140572,197555,FOR,DNK,RENEW
140572,197558,FOR,DNK,RENEW
140572,197567,DID_NOT_VOTE,DNK,RENEW
140572,197570,FOR,DNK,ID
140572,197571,FOR,DNK,GUE_NGL
140572,197573,FOR,DNK,GREEN_EFA
140572,199941,FOR,DNK,SD
140572,204331,FOR,DNK,RENEW
140786,28161,FOR,DNK,GREEN_EFA
140786,37312,FOR,DNK,SD
140786,96709,AGAINST,DNK,RENEW
140786,101585,FOR,DNK,SD
140786,124872,FOR,DNK,RENEW
140786,197515,FOR,DNK,EPP
140786,197555,AGAINST,DNK,RENEW
140786,197558,AGAINST,DNK,RENEW
140786,197567,DID_NOT_VOTE,DNK,RENEW
140786,197570,AGAINST,DNK,ID
140786,197571,FOR,DNK,GUE_NGL
140786,197573,FOR,DNK,GREEN_EFA
140786,199941,FOR,DNK,SD
140786,204331,AGAINST,DNK,RENEW
140788,28161,FOR,DNK,GREEN_EFA
140788,37312,FOR,DNK,SD
140788,96709,FOR,DNK,RENEW
140788,101585,FOR,DNK,SD
140788,124872,FOR,DNK,RENEW
140788,197515,FOR,DNK,EPP
140788,197555,FOR,DNK,RENEW
140788,197558,FOR,DNK,RENEW
140788,197567,DID_NOT_VOTE,DNK,RENEW
140788,197570,ABSTENTION,DNK,ID
140788,197571,FOR,DNK,GUE_NGL
140788,197573,FOR,DNK,GREEN_EFA
140788,199941,FOR,DNK,SD
140788,204331,FOR,DNK,RENEW
140790,28161,FOR,DNK,GREEN_EFA
140790,37312,FOR,DNK,SD
140790,96709,FOR,DNK,RENEW
140790,101585,FOR,DNK,SD
140790,124872,FOR,DNK,RENEW
140790,197515,FOR,DNK,EPP
140790,197555,FOR,DNK,RENEW
140790,197558,FOR,DNK,RENEW
140790,197567,DID_NOT_VOTE,DNK,RENEW
140790,197570,ABSTENTION,DNK,ID
140790,197571,FOR,DNK,GUE_NGL
140790,197573,FOR,DNK,GREEN_EFA
140790,199941,FOR,DNK,SD
140790,204331,FOR,DNK,RENEW
140791,28161,FOR,DNK,GREEN_EFA
140791,37312,FOR,DNK,SD
140791,96709,FOR,DNK,RENEW
140791,101585,FOR,DNK,SD
140791,124872,FOR,DNK,RENEW
140791,197515,FOR,DNK,EPP
140791,197555,FOR,DNK,RENEW
140791,197558,FOR,DNK,RENEW
140791,197567,DID_NOT_VOTE,DNK,RENEW
140791,197570,ABSTENTION,DNK,ID
140791,197571,FOR,DNK,GUE_NGL
140791,197573,FOR,DNK,GREEN_EFA
140791,199941,FOR,DNK,SD
140791,204331,FOR,DNK,RENEW
140792,28161,FOR,DNK,GREEN_EFA
140792,37312,FOR,DNK,SD
140792,96709,FOR,DNK,RENEW
140792,101585,FOR,DNK,SD
140792,124872,FOR,DNK,RENEW
140792,197515,ABSTENTION,DNK,EPP
140792,197555,FOR,DNK,RENEW
140792,197558,FOR,DNK,RENEW
140792,197567,DID_NOT_VOTE,DNK,RENEW
140792,197570,FOR,DNK,ID
140792,197571,FOR,DNK,GUE_NGL
140792,197573,FOR,DNK,GREEN_EFA
140792,199941,FOR,DNK,SD
140792,204331,FOR,DNK,RENEW
140800,28161,FOR,DNK,GREEN_EFA
140800,37312,FOR,DNK,SD
140800,96709,AGAINST,DNK,RENEW
140800,101585,FOR,DNK,SD
140800,124872,FOR,DNK,RENEW
140800,197515,AGAINST,DNK,EPP
140800,197555,AGAINST,DNK,RENEW
140800,197558,AGAINST,DNK,RENEW
140800,197567,FOR,DNK,RENEW
140800,197570,AGAINST,DNK,ID
140800,197571,FOR,DNK,GUE_NGL
140800,197573,FOR,DNK,GREEN_EFA
140800,199941,FOR,DNK,SD
140800,204331,FOR,DNK,RENEW
140801,28161,FOR,DNK,GREEN_EFA
140801,37312,FOR,DNK,SD
140801,96709,AGAINST,DNK,RENEW
140801,101585,FOR,DNK,SD
140801,124872,AGAINST,DNK,RENEW
140801,197515,AGAINST,DNK,EPP
140801,197555,AGAINST,DNK,RENEW
140801,197558,AGAINST,DNK,RENEW
140801,197567,DID_NOT_VOTE,DNK,RENEW
140801,197570,FOR,DNK,ID
140801,197571,FOR,DNK,GUE_NGL
140801,197573,FOR,DNK,GREEN_EFA
140801,199941,FOR,DNK,SD
140801,204331,AGAINST,DNK,RENEW
140802,28161,FOR,DNK,GREEN_EFA
140802,37312,FOR,DNK,SD
140802,96709,AGAINST,DNK,RENEW
140802,101585,FOR,DNK,SD
140802,124872,AGAINST,DNK,RENEW
140802,197515,AGAINST,DNK,EPP
140802,197555,AGAINST,DNK,RENEW
140802,197558,AGAINST,DNK,RENEW
140802,197567,DID_NOT_VOTE,DNK,RENEW
140802,197570,FOR,DNK,ID
140802,197571,FOR,DNK,GUE_NGL
140802,197573,FOR,DNK,GREEN_EFA
140802,199941,FOR,DNK,SD
140802,204331,AGAINST,DNK,RENEW
140889,28161,FOR,DNK,GREEN_EFA
140889,37312,FOR,DNK,SD
140889,96709,FOR,DNK,RENEW
140889,101585,FOR,DNK,SD
140889,124872,FOR,DNK,RENEW
140889,197515,FOR,DNK,EPP
140889,197555,FOR,DNK,RENEW
140889,197558,FOR,DNK,RENEW
140889,197567,DID_NOT_VOTE,DNK,RENEW
140889,197570,ABSTENTION,DNK,ID
140889,197571,FOR,DNK,GUE_NGL
140889,197573,FOR,DNK,GREEN_EFA
140889,199941,FOR,DNK,SD
140889,204331,FOR,DNK,RENEW
140890,28161,FOR,DNK,GREEN_EFA
140890,37312,FOR,DNK,SD
140890,96709,FOR,DNK,RENEW
140890,101585,FOR,DNK,SD
140890,124872,FOR,DNK,RENEW
140890,197515,FOR,DNK,EPP
140890,197555,FOR,DNK,RENEW
140890,197558,FOR,DNK,RENEW
140890,197567,DID_NOT_VOTE,DNK,RENEW
140890,197570,ABSTENTION,DNK,ID
140890,197571,FOR,DNK,GUE_NGL
140890,197573,FOR,DNK,GREEN_EFA
140890,199941,FOR,DNK,SD
140890,204331,FOR,DNK,RENEW
140891,28161,FOR,DNK,GREEN_EFA
140891,37312,FOR,DNK,SD
140891,96709,FOR,DNK,RENEW
140891,101585,FOR,DNK,SD
140891,124872,FOR,DNK,RENEW
140891,197515,FOR,DNK,EPP
140891,197555,FOR,DNK,RENEW
140891,197558,FOR,DNK,RENEW
140891,197567,DID_NOT_VOTE,DNK,RENEW
140891,197570,ABSTENTION,DNK,ID
140891,197571,FOR,DNK,GUE_NGL
140891,197573,FOR,DNK,GREEN_EFA
140891,199941,FOR,DNK,SD
140891,204331,FOR,DNK,RENEW
140892,28161,FOR,DNK,GREEN_EFA
140892,37312,FOR,DNK,SD
140892,96709,ABSTENTION,DNK,RENEW
140892,101585,FOR,DNK,SD
140892,124872,FOR,DNK,RENEW
140892,197515,ABSTENTION,DNK,EPP
140892,197555,AGAINST,DNK,RENEW
140892,197558,AGAINST,DNK,RENEW
140892,197567,DID_NOT_VOTE,DNK,RENEW
140892,197570,AGAINST,DNK,ID
140892,197571,FOR,DNK,GUE_NGL
140892,197573,FOR,DNK,GREEN_EFA
140892,199941,FOR,DNK,SD
140892,204331,ABSTENTION,DNK,RENEW
140895,28161,FOR,DNK,GREEN_EFA
140895,37312,FOR,DNK,SD
140895,96709,FOR,DNK,RENEW
140895,101585,FOR,DNK,SD
140895,124872,FOR,DNK,RENEW
140895,197515,FOR,DNK,EPP
140895,197555,FOR,DNK,RENEW
140895,197558,FOR,DNK,RENEW
140895,197567,DID_NOT_VOTE,DNK,RENEW
140895,197570,ABSTENTION,DNK,ID
140895,197571,FOR,DNK,GUE_NGL
140895,197573,FOR,DNK,GREEN_EFA
140895,199941,FOR,DNK,SD
140895,204331,FOR,DNK,RENEW
140897,28161,FOR,DNK,GREEN_EFA
140897,37312,FOR,DNK,SD
140897,96709,FOR,DNK,RENEW
140897,101585,FOR,DNK,SD
140897,124872,FOR,DNK,RENEW
140897,197515,FOR,DNK,EPP
140897,197555,FOR,DNK,RENEW
140897,197558,FOR,DNK,RENEW
140897,197567,DID_NOT_VOTE,DNK,RENEW
140897,197570,AGAINST,DNK,ID
140897,197571,FOR,DNK,GUE_NGL
140897,197573,FOR,DNK,GREEN_EFA
140897,199941,FOR,DNK,SD
140897,204331,FOR,DNK,RENEW
140898,28161,ABSTENTION,DNK,GREEN_EFA
140898,37312,ABSTENTION,DNK,SD
140898,96709,AGAINST,DNK,RENEW
140898,101585,ABSTENTION,DNK,SD
140898,124872,FOR,DNK,RENEW
140898,197515,AGAINST,DNK,EPP
140898,197555,AGAINST,DNK,RENEW
140898,197558,AGAINST,DNK,RENEW
140898,197567,DID_NOT_VOTE,DNK,RENEW
140898,197570,AGAINST,DNK,ID
140898,197571,AGAINST,DNK,GUE_NGL
140898,197573,ABSTENTION,DNK,GREEN_EFA
140898,199941,ABSTENTION,DNK,SD
140898,204331,AGAINST,DNK,RENEW
140899,28161,FOR,DNK,GREEN_EFA
140899,37312,FOR,DNK,SD
140899,96709,FOR,DNK,RENEW
140899,101585,FOR,DNK,SD
140899,124872,FOR,DNK,RENEW
140899,197515,FOR,DNK,EPP
140899,197555,FOR,DNK,RENEW
140899,197558,FOR,DNK,RENEW
140899,197567,DID_NOT_VOTE,DNK,RENEW
140899,197570,FOR,DNK,ID
140899,197571,FOR,DNK,GUE_NGL
140899,197573,FOR,DNK,GREEN_EFA
140899,199941,FOR,DNK,SD
140899,204331,FOR,DNK,RENEW
140921,28161,DID_NOT_VOTE,DNK,GREEN_EFA
140921,37312,FOR,DNK,SD
140921,96709,FOR,DNK,RENEW
140921,101585,FOR,DNK,SD
140921,124872,DID_NOT_VOTE,DNK,RENEW
140921,197515,FOR,DNK,EPP
140921,197555,FOR,DNK,RENEW
140921,197558,FOR,DNK,RENEW
140921,197567,DID_NOT_VOTE,DNK,RENEW
140921,197570,FOR,DNK,ID
140921,197571,DID_NOT_VOTE,DNK,GUE_NGL
140921,197573,FOR,DNK,GREEN_EFA
140921,199941,FOR,DNK,SD
140921,204331,FOR,DNK,RENEW
140923,28161,FOR,DNK,GREEN_EFA
140923,37312,FOR,DNK,SD
140923,96709,FOR,DNK,RENEW
140923,101585,FOR,DNK,SD
140923,124872,DID_NOT_VOTE,DNK,RENEW
140923,197515,FOR,DNK,EPP
140923,197555,FOR,DNK,RENEW
140923,197558,FOR,DNK,RENEW
140923,197567,DID_NOT_VOTE,DNK,RENEW
140923,197570,FOR,DNK,ID
140923,197571,FOR,DNK,GUE_NGL
140923,197573,FOR,DNK,GREEN_EFA
140923,199941,FOR,DNK,SD
140923,204331,FOR,DNK,RENEW
140925,28161,FOR,DNK,GREEN_EFA
140925,37312,FOR,DNK,SD
140925,96709,FOR,DNK,RENEW
140925,101585,FOR,DNK,SD
140925,124872,DID_NOT_VOTE,DNK,RENEW
140925,197515,FOR,DNK,EPP
140925,197555,FOR,DNK,RENEW
140925,197558,FOR,DNK,RENEW
140925,197567,DID_NOT_VOTE,DNK,RENEW
140925,197570,ABSTENTION,DNK,ID
140925,197571,AGAINST,DNK,GUE_NGL
140925,197573,FOR,DNK,GREEN_EFA
140925,199941,FOR,DNK,SD
140925,204331,FOR,DNK,RENEW
140927,28161,FOR,DNK,GREEN_EFA
140927,37312,FOR,DNK,SD
140927,96709,FOR,DNK,RENEW
140927,101585,FOR,DNK,SD
140927,124872,DID_NOT_VOTE,DNK,RENEW
140927,197515,FOR,DNK,EPP
140927,197555,ABSTENTION,DNK,RENEW
140927,197558,AGAINST,DNK,RENEW
140927,197567,DID_NOT_VOTE,DNK,RENEW
140927,197570,FOR,DNK,ID
140927,197571,FOR,DNK,GUE_NGL
140927,197573,FOR,DNK,GREEN_EFA
140927,199941,FOR,DNK,SD
140927,204331,ABSTENTION,DNK,RENEW
140942,28161,FOR,DNK,GREEN_EFA
140942,37312,FOR,DNK,SD
140942,96709,FOR,DNK,RENEW
140942,101585,FOR,DNK,SD
140942,124872,DID_NOT_VOTE,DNK,RENEW
140942,197515,FOR,DNK,EPP
140942,197555,FOR,DNK,RENEW
140942,197558,FOR,DNK,RENEW
140942,197567,DID_NOT_VOTE,DNK,RENEW
140942,197570,ABSTENTION,DNK,ID
140942,197571,FOR,DNK,GUE_NGL
140942,197573,FOR,DNK,GREEN_EFA
140942,199941,FOR,DNK,SD
140942,204331,FOR,DNK,RENEW
141001,28161,AGAINST,DNK,GREEN_EFA
141001,37312,ABSTENTION,DNK,SD
141001,96709,FOR,DNK,RENEW
141001,101585,AGAINST,DNK,SD
141001,124872,DID_NOT_VOTE,DNK,RENEW
141001,197515,FOR,DNK,EPP
141001,197555,FOR,DNK,RENEW
141001,197558,FOR,DNK,RENEW
141001,197567,DID_NOT_VOTE,DNK,RENEW
141001,197570,FOR,DNK,ID
141001,197571,AGAINST,DNK,GUE_NGL
141001,197573,AGAINST,DNK,GREEN_EFA
141001,199941,FOR,DNK,SD
141001,204331,FOR,DNK,RENEW
141023,28161,FOR,DNK,GREEN_EFA
141023,37312,FOR,DNK,SD
141023,96709,FOR,DNK,RENEW
141023,101585,FOR,DNK,SD
141023,124872,DID_NOT_VOTE,DNK,RENEW
141023,197515,FOR,DNK,EPP
141023,197555,FOR,DNK,RENEW
141023,197558,FOR,DNK,RENEW
141023,197567,DID_NOT_VOTE,DNK,RENEW
141023,197570,FOR,DNK,ID
141023,197571,FOR,DNK,GUE_NGL
141023,197573,FOR,DNK,GREEN_EFA
141023,199941,FOR,DNK,SD
141023,204331,FOR,DNK,RENEW
141041,28161,FOR,DNK,GREEN_EFA
141041,37312,FOR,DNK,SD
141041,96709,FOR,DNK,RENEW
141041,101585,FOR,DNK,SD
141041,124872,DID_NOT_VOTE,DNK,RENEW
141041,197515,FOR,DNK,EPP
141041,197555,FOR,DNK,RENEW
141041,197558,FOR,DNK,RENEW
141041,197567,DID_NOT_VOTE,DNK,RENEW
141041,197570,FOR,DNK,ID
141041,197571,FOR,DNK,GUE_NGL
141041,197573,FOR,DNK,GREEN_EFA
141041,199941,FOR,DNK,SD
141041,204331,FOR,DNK,RENEW
141042,28161,FOR,DNK,GREEN_EFA
141042,37312,FOR,DNK,SD
141042,96709,FOR,DNK,RENEW
141042,101585,FOR,DNK,SD
141042,124872,DID_NOT_VOTE,DNK,RENEW
141042,197515,FOR,DNK,EPP
141042,197555,FOR,DNK,RENEW
141042,197558,FOR,DNK,RENEW
141042,197567,DID_NOT_VOTE,DNK,RENEW
141042,197570,FOR,DNK,ID
141042,197571,FOR,DNK,GUE_NGL
141042,197573,FOR,DNK,GREEN_EFA
141042,199941,FOR,DNK,SD
141042,204331,FOR,DNK,RENEW
141201,28161,FOR,DNK,GREEN_EFA
141201,37312,FOR,DNK,SD
141201,96709,FOR,DNK,RENEW
141201,101585,FOR,DNK,SD
141201,124872,DID_NOT_VOTE,DNK,RENEW
141201,197515,FOR,DNK,EPP
141201,197555,FOR,DNK,RENEW
141201,197558,FOR,DNK,RENEW
141201,197567,DID_NOT_VOTE,DNK,RENEW
141201,197570,FOR,DNK,ID
141201,197571,FOR,DNK,GUE_NGL
141201,197573,FOR,DNK,GREEN_EFA
141201,199941,FOR,DNK,SD
141201,204331,FOR,DNK,RENEW
141207,28161,FOR,DNK,GREEN_EFA
141207,37312,FOR,DNK,SD
141207,96709,FOR,DNK,RENEW
141207,101585,FOR,DNK,SD
141207,124872,DID_NOT_VOTE,DNK,RENEW
141207,197515,FOR,DNK,EPP
141207,197555,FOR,DNK,RENEW
141207,197558,FOR,DNK,RENEW
141207,197567,DID_NOT_VOTE,DNK,RENEW
141207,197570,FOR,DNK,ID
141207,197571,FOR,DNK,GUE_NGL
141207,197573,FOR,DNK,GREEN_EFA
141207,199941,FOR,DNK,SD
141207,204331,FOR,DNK,RENEW
141242,28161,FOR,DNK,GREEN_EFA
141242,37312,DID_NOT_VOTE,DNK,SD
141242,96709,FOR,DNK,RENEW
141242,101585,DID_NOT_VOTE,DNK,SD
141242,124872,FOR,DNK,RENEW
141242,197515,DID_NOT_VOTE,DNK,EPP
141242,197555,FOR,DNK,RENEW
141242,197558,FOR,DNK,RENEW
141242,197567,DID_NOT_VOTE,DNK,RENEW
141242,197570,ABSTENTION,DNK,ID
141242,197571,ABSTENTION,DNK,GUE_NGL
141242,197573,FOR,DNK,GREEN_EFA
141242,199941,FOR,DNK,SD
141242,204331,FOR,DNK,RENEW
141244,28161,ABSTENTION,DNK,GREEN_EFA
141244,37312,FOR,DNK,SD
141244,96709,FOR,DNK,RENEW
141244,101585,FOR,DNK,SD
141244,124872,FOR,DNK,RENEW
141244,197515,FOR,DNK,EPP
141244,197555,FOR,DNK,RENEW
141244,197558,FOR,DNK,RENEW
141244,197567,DID_NOT_VOTE,DNK,RENEW
141244,197570,FOR,DNK,ID
141244,197571,FOR,DNK,GUE_NGL
141244,197573,ABSTENTION,DNK,GREEN_EFA
141244,199941,FOR,DNK,SD
141244,204331,FOR,DNK,RENEW
141251,28161,FOR,DNK,GREEN_EFA
141251,37312,ABSTENTION,DNK,SD
141251,96709,FOR,DNK,RENEW
141251,101585,ABSTENTION,DNK,SD
141251,124872,FOR,DNK,RENEW
141251,197515,ABSTENTION,DNK,EPP
141251,197555,FOR,DNK,RENEW
141251,197558,FOR,DNK,RENEW
141251,197567,DID_NOT_VOTE,DNK,RENEW
141251,197570,AGAINST,DNK,ID
141251,197571,ABSTENTION,DNK,GUE_NGL
141251,197573,FOR,DNK,GREEN_EFA
141251,199941,ABSTENTION,DNK,SD
141251,204331,FOR,DNK,RENEW
141281,28161,FOR,DNK,GREEN_EFA
141281,37312,FOR,DNK,SD
141281,96709,FOR,DNK,RENEW
141281,101585,FOR,DNK,SD
141281,124872,FOR,DNK,RENEW
141281,197515,FOR,DNK,EPP
141281,197555,FOR,DNK,RENEW
141281,197558,FOR,DNK,RENEW
141281,197567,DID_NOT_VOTE,DNK,RENEW
141281,197570,FOR,DNK,ID
141281,197571,FOR,DNK,GUE_NGL
141281,197573,FOR,DNK,GREEN_EFA
141281,199941,FOR,DNK,SD
141281,204331,FOR,DNK,RENEW
141282,28161,FOR,DNK,GREEN_EFA
141282,37312,FOR,DNK,SD
141282,96709,FOR,DNK,RENEW
141282,101585,FOR,DNK,SD
141282,124872,FOR,DNK,RENEW
141282,197515,FOR,DNK,EPP
141282,197555,FOR,DNK,RENEW
141282,197558,FOR,DNK,RENEW
141282,197567,DID_NOT_VOTE,DNK,RENEW
141282,197570,ABSTENTION,DNK,ID
141282,197571,ABSTENTION,DNK,GUE_NGL
141282,197573,FOR,DNK,GREEN_EFA
141282,199941,FOR,DNK,SD
141282,204331,FOR,DNK,RENEW
141284,28161,AGAINST,DNK,GREEN_EFA
141284,37312,FOR,DNK,SD
141284,96709,FOR,DNK,RENEW
141284,101585,FOR,DNK,SD
141284,124872,ABSTENTION,DNK,RENEW
141284,197515,FOR,DNK,EPP
141284,197555,FOR,DNK,RENEW
141284,197558,FOR,DNK,RENEW
141284,197567,DID_NOT_VOTE,DNK,RENEW
141284,197570,AGAINST,DNK,ID
141284,197571,AGAINST,DNK,GUE_NGL
141284,197573,AGAINST,DNK,GREEN_EFA
141284,199941,FOR,DNK,SD
141284,204331,AGAINST,DNK,RENEW
141298,28161,FOR,DNK,GREEN_EFA
141298,37312,FOR,DNK,SD
141298,96709,FOR,DNK,RENEW
141298,101585,FOR,DNK,SD
141298,124872,FOR,DNK,RENEW
141298,197515,FOR,DNK,EPP
141298,197555,FOR,DNK,RENEW
141298,197558,FOR,DNK,RENEW
141298,197567,DID_NOT_VOTE,DNK,RENEW
141298,197570,AGAINST,DNK,ID
141298,197571,FOR,DNK,GUE_NGL
141298,197573,FOR,DNK,GREEN_EFA
141298,199941,FOR,DNK,SD
141298,204331,FOR,DNK,RENEW
141325,28161,FOR,DNK,GREEN_EFA
141325,37312,AGAINST,DNK,SD
141325,96709,ABSTENTION,DNK,RENEW
141325,101585,AGAINST,DNK,SD
141325,124872,FOR,DNK,RENEW
141325,197515,FOR,DNK,EPP
141325,197555,ABSTENTION,DNK,RENEW
141325,197558,ABSTENTION,DNK,RENEW
141325,197567,DID_NOT_VOTE,DNK,RENEW
141325,197570,AGAINST,DNK,ID
141325,197571,ABSTENTION,DNK,GUE_NGL
141325,197573,FOR,DNK,GREEN_EFA
141325,199941,AGAINST,DNK,SD
141325,204331,ABSTENTION,DNK,RENEW
141326,28161,FOR,DNK,GREEN_EFA
141326,37312,FOR,DNK,SD
141326,96709,FOR,DNK,RENEW
141326,101585,FOR,DNK,SD
141326,124872,FOR,DNK,RENEW
141326,197515,FOR,DNK,EPP
141326,197555,FOR,DNK,RENEW
141326,197558,FOR,DNK,RENEW
141326,197567,DID_NOT_VOTE,DNK,RENEW
141326,197570,FOR,DNK,ID
141326,197571,FOR,DNK,GUE_NGL
141326,197573,FOR,DNK,GREEN_EFA
141326,199941,FOR,DNK,SD
141326,204331,FOR,DNK,RENEW
141346,28161,FOR,DNK,GREEN_EFA
141346,37312,AGAINST,DNK,SD
141346,96709,FOR,DNK,RENEW
141346,101585,AGAINST,DNK,SD
141346,124872,FOR,DNK,RENEW
141346,197515,FOR,DNK,EPP
141346,197555,FOR,DNK,RENEW
141346,197558,FOR,DNK,RENEW
141346,197567,DID_NOT_VOTE,DNK,RENEW
141346,197570,DID_NOT_VOTE,DNK,ID
141346,197571,ABSTENTION,DNK,GUE_NGL
141346,197573,FOR,DNK,GREEN_EFA
141346,199941,AGAINST,DNK,SD
141346,204331,FOR,DNK,RENEW
141348,28161,FOR,DNK,GREEN_EFA
141348,37312,FOR,DNK,SD
141348,96709,ABSTENTION,DNK,RENEW
141348,101585,FOR,DNK,SD
141348,124872,FOR,DNK,RENEW
141348,197515,FOR,DNK,EPP
141348,197555,ABSTENTION,DNK,RENEW
141348,197558,ABSTENTION,DNK,RENEW
141348,197567,DID_NOT_VOTE,DNK,RENEW
141348,197570,ABSTENTION,DNK,ID
141348,197571,FOR,DNK,GUE_NGL
141348,197573,FOR,DNK,GREEN_EFA
141348,199941,FOR,DNK,SD
141348,204331,ABSTENTION,DNK,RENEW
141350,28161,FOR,DNK,GREEN_EFA
141350,37312,FOR,DNK,SD
141350,96709,FOR,DNK,RENEW
141350,101585,FOR,DNK,SD
141350,124872,FOR,DNK,RENEW
141350,197515,FOR,DNK,EPP
141350,197555,FOR,DNK,RENEW
141350,197558,FOR,DNK,RENEW
141350,197567,DID_NOT_VOTE,DNK,RENEW
141350,197570,FOR,DNK,ID
141350,197571,FOR,DNK,GUE_NGL
141350,197573,FOR,DNK,GREEN_EFA
141350,199941,FOR,DNK,SD
141350,204331,FOR,DNK,RENEW
141461,28161,FOR,DNK,GREEN_EFA
141461,37312,FOR,DNK,SD
141461,96709,AGAINST,DNK,RENEW
141461,101585,FOR,DNK,SD
141461,124872,FOR,DNK,RENEW
141461,197515,AGAINST,DNK,EPP
141461,197555,ABSTENTION,DNK,RENEW
141461,197558,AGAINST,DNK,RENEW
141461,197567,DID_NOT_VOTE,DNK,RENEW
141461,197570,AGAINST,DNK,ID
141461,197571,FOR,DNK,GUE_NGL
141461,197573,FOR,DNK,GREEN_EFA
141461,199941,FOR,DNK,SD
141461,204331,AGAINST,DNK,RENEW
141529,28161,AGAINST,DNK,GREEN_EFA
141529,37312,ABSTENTION,DNK,SD
141529,96709,ABSTENTION,DNK,RENEW
141529,101585,ABSTENTION,DNK,SD
141529,124872,FOR,DNK,RENEW
141529,197515,FOR,DNK,EPP
141529,197555,ABSTENTION,DNK,RENEW
141529,197558,ABSTENTION,DNK,RENEW
141529,197567,DID_NOT_VOTE,DNK,RENEW
141529,197570,DID_NOT_VOTE,DNK,ID
141529,197571,FOR,DNK,GUE_NGL
141529,197573,AGAINST,DNK,GREEN_EFA
141529,199941,ABSTENTION,DNK,SD
141529,204331,ABSTENTION,DNK,RENEW
141574,28161,FOR,DNK,GREEN_EFA
141574,37312,FOR,DNK,SD
141574,96709,AGAINST,DNK,RENEW
141574,101585,FOR,DNK,SD
141574,124872,AGAINST,DNK,RENEW
141574,197515,AGAINST,DNK,EPP
141574,197555,AGAINST,DNK,RENEW
141574,197558,AGAINST,DNK,RENEW
141574,197567,DID_NOT_VOTE,DNK,RENEW
141574,197570,FOR,DNK,ID
141574,197571,FOR,DNK,GUE_NGL
141574,197573,FOR,DNK,GREEN_EFA
141574,199941,FOR,DNK,SD
141574,204331,AGAINST,DNK,RENEW
141590,28161,FOR,DNK,GREEN_EFA
141590,37312,FOR,DNK,SD
141590,96709,FOR,DNK,RENEW
141590,101585,FOR,DNK,SD
141590,124872,FOR,DNK,RENEW
141590,197515,FOR,DNK,EPP
141590,197555,FOR,DNK,RENEW
141590,197558,FOR,DNK,RENEW
141590,197567,DID_NOT_VOTE,DNK,RENEW
141590,197570,DID_NOT_VOTE,DNK,ID
141590,197571,FOR,DNK,GUE_NGL
141590,197573,FOR,DNK,GREEN_EFA
141590,199941,FOR,DNK,SD
141590,204331,FOR,DNK,RENEW
141776,28161,FOR,DNK,GREEN_EFA
141776,37312,FOR,DNK,SD
141776,96709,FOR,DNK,RENEW
141776,101585,FOR,DNK,SD
141776,124872,FOR,DNK,RENEW
141776,197515,FOR,DNK,EPP
141776,197555,FOR,DNK,RENEW
141776,197558,FOR,DNK,RENEW
141776,197567,DID_NOT_VOTE,DNK,RENEW
141776,197570,FOR,DNK,ID
141776,197571,FOR,DNK,GUE_NGL
141776,197573,FOR,DNK,GREEN_EFA
141776,199941,FOR,DNK,SD
141776,204331,FOR,DNK,RENEW
141893,28161,FOR,DNK,GREEN_EFA
141893,37312,FOR,DNK,SD
141893,96709,FOR,DNK,RENEW
141893,101585,FOR,DNK,SD
141893,124872,FOR,DNK,RENEW
141893,197515,FOR,DNK,EPP
141893,197555,ABSTENTION,DNK,RENEW
141893,197558,FOR,DNK,RENEW
141893,197567,DID_NOT_VOTE,DNK,RENEW
141893,197570,FOR,DNK,ID
141893,197571,FOR,DNK,GUE_NGL
141893,197573,FOR,DNK,GREEN_EFA
141893,199941,FOR,DNK,SD
141893,204331,FOR,DNK,RENEW
141896,28161,FOR,DNK,GREEN_EFA
141896,37312,FOR,DNK,SD
141896,96709,FOR,DNK,RENEW
141896,101585,FOR,DNK,SD
141896,124872,FOR,DNK,RENEW
141896,197515,FOR,DNK,EPP
141896,197555,FOR,DNK,RENEW
141896,197558,FOR,DNK,RENEW
141896,197567,DID_NOT_VOTE,DNK,RENEW
141896,197570,FOR,DNK,ID
141896,197571,FOR,DNK,GUE_NGL
141896,197573,FOR,DNK,GREEN_EFA
141896,199941,FOR,DNK,SD
141896,204331,FOR,DNK,RENEW
141899,28161,FOR,DNK,GREEN_EFA
141899,37312,FOR,DNK,SD
141899,96709,FOR,DNK,RENEW
141899,101585,FOR,DNK,SD
141899,124872,FOR,DNK,RENEW
141899,197515,FOR,DNK,EPP
141899,197555,FOR,DNK,RENEW
141899,197558,FOR,DNK,RENEW
141899,197567,DID_NOT_VOTE,DNK,RENEW
141899,197570,FOR,DNK,ID
141899,197571,FOR,DNK,GUE_NGL
141899,197573,FOR,DNK,GREEN_EFA
141899,199941,FOR,DNK,SD
141899,204331,FOR,DNK,RENEW
141901,28161,FOR,DNK,GREEN_EFA
141901,37312,FOR,DNK,SD
141901,96709,FOR,DNK,RENEW
141901,101585,FOR,DNK,SD
141901,124872,FOR,DNK,RENEW
141901,197515,FOR,DNK,EPP
141901,197555,FOR,DNK,RENEW
141901,197558,FOR,DNK,RENEW
141901,197567,DID_NOT_VOTE,DNK,RENEW
141901,197570,FOR,DNK,ID
141901,197571,FOR,DNK,GUE_NGL
141901,197573,FOR,DNK,GREEN_EFA
141901,199941,FOR,DNK,SD
141901,204331,FOR,DNK,RENEW
141902,28161,FOR,DNK,GREEN_EFA
141902,37312,FOR,DNK,SD
141902,96709,FOR,DNK,RENEW
141902,101585,FOR,DNK,SD
141902,124872,FOR,DNK,RENEW
141902,197515,FOR,DNK,EPP
141902,197555,FOR,DNK,RENEW
141902,197558,FOR,DNK,RENEW
141902,197567,DID_NOT_VOTE,DNK,RENEW
141902,197570,ABSTENTION,DNK,ID
141902,197571,FOR,DNK,GUE_NGL
141902,197573,FOR,DNK,GREEN_EFA
141902,199941,FOR,DNK,SD
141902,204331,FOR,DNK,RENEW
141945,28161,FOR,DNK,GREEN_EFA
141945,37312,FOR,DNK,SD
141945,96709,FOR,DNK,RENEW
141945,101585,FOR,DNK,SD
141945,124872,FOR,DNK,RENEW
141945,197515,FOR,DNK,EPP
141945,197555,FOR,DNK,RENEW
141945,197558,FOR,DNK,RENEW
141945,197567,FOR,DNK,RENEW
141945,197570,ABSTENTION,DNK,ID
141945,197571,FOR,DNK,GUE_NGL
141945,197573,FOR,DNK,GREEN_EFA
141945,199941,FOR,DNK,SD
141945,204331,FOR,DNK,RENEW
141949,28161,FOR,DNK,GREEN_EFA
141949,37312,FOR,DNK,SD
141949,96709,FOR,DNK,RENEW
141949,101585,FOR,DNK,SD
141949,124872,FOR,DNK,RENEW
141949,197515,FOR,DNK,EPP
141949,197555,FOR,DNK,RENEW
141949,197558,FOR,DNK,RENEW
141949,197567,FOR,DNK,RENEW
141949,197570,ABSTENTION,DNK,ID
141949,197571,FOR,DNK,GUE_NGL
141949,197573,FOR,DNK,GREEN_EFA
141949,199941,FOR,DNK,SD
141949,204331,FOR,DNK,RENEW
141957,28161,FOR,DNK,GREEN_EFA
141957,37312,FOR,DNK,SD
141957,96709,FOR,DNK,RENEW
141957,101585,FOR,DNK,SD
141957,124872,FOR,DNK,RENEW
141957,197515,FOR,DNK,EPP
141957,197555,FOR,DNK,RENEW
141957,197558,FOR,DNK,RENEW
141957,197567,FOR,DNK,RENEW
141957,197570,AGAINST,DNK,ID
141957,197571,FOR,DNK,GUE_NGL
141957,197573,FOR,DNK,GREEN_EFA
141957,199941,FOR,DNK,SD
141957,204331,FOR,DNK,RENEW
141965,28161,FOR,DNK,GREEN_EFA
141965,37312,FOR,DNK,SD
141965,96709,FOR,DNK,RENEW
141965,101585,FOR,DNK,SD
141965,124872,FOR,DNK,RENEW
141965,197515,FOR,DNK,EPP
141965,197555,FOR,DNK,RENEW
141965,197558,FOR,DNK,RENEW
141965,197567,FOR,DNK,RENEW
141965,197570,AGAINST,DNK,ID
141965,197571,FOR,DNK,GUE_NGL
141965,197573,FOR,DNK,GREEN_EFA
141965,199941,FOR,DNK,SD
141965,204331,FOR,DNK,RENEW
141969,28161,FOR,DNK,GREEN_EFA
141969,37312,FOR,DNK,SD
141969,96709,FOR,DNK,RENEW
141969,101585,FOR,DNK,SD
141969,124872,FOR,DNK,RENEW
141969,197515,FOR,DNK,EPP
141969,197555,FOR,DNK,RENEW
141969,197558,FOR,DNK,RENEW
141969,197567,FOR,DNK,RENEW
141969,197570,AGAINST,DNK,ID
141969,197571,FOR,DNK,GUE_NGL
141969,197573,FOR,DNK,GREEN_EFA
141969,199941,FOR,DNK,SD
141969,204331,FOR,DNK,RENEW
141973,28161,FOR,DNK,GREEN_EFA
141973,37312,FOR,DNK,SD
141973,96709,FOR,DNK,RENEW
141973,101585,FOR,DNK,SD
141973,124872,FOR,DNK,RENEW
141973,197515,FOR,DNK,EPP
141973,197555,FOR,DNK,RENEW
141973,197558,FOR,DNK,RENEW
141973,197567,FOR,DNK,RENEW
141973,197570,ABSTENTION,DNK,ID
141973,197571,FOR,DNK,GUE_NGL
141973,197573,FOR,DNK,GREEN_EFA
141973,199941,FOR,DNK,SD
141973,204331,FOR,DNK,RENEW
141977,28161,FOR,DNK,GREEN_EFA
141977,37312,FOR,DNK,SD
141977,96709,FOR,DNK,RENEW
141977,101585,FOR,DNK,SD
141977,124872,FOR,DNK,RENEW
141977,197515,FOR,DNK,EPP
141977,197555,FOR,DNK,RENEW
141977,197558,FOR,DNK,RENEW
141977,197567,FOR,DNK,RENEW
141977,197570,AGAINST,DNK,ID
141977,197571,FOR,DNK,GUE_NGL
141977,197573,FOR,DNK,GREEN_EFA
141977,199941,FOR,DNK,SD
141977,204331,FOR,DNK,RENEW
141981,28161,FOR,DNK,GREEN_EFA
141981,37312,FOR,DNK,SD
141981,96709,FOR,DNK,RENEW
141981,101585,FOR,DNK,SD
141981,124872,FOR,DNK,RENEW
141981,197515,FOR,DNK,EPP
141981,197555,FOR,DNK,RENEW
141981,197558,FOR,DNK,RENEW
141981,197567,FOR,DNK,RENEW
141981,197570,AGAINST,DNK,ID
141981,197571,AGAINST,DNK,GUE_NGL
141981,197573,FOR,DNK,GREEN_EFA
141981,199941,FOR,DNK,SD
141981,204331,FOR,DNK,RENEW
141985,28161,FOR,DNK,GREEN_EFA
141985,37312,FOR,DNK,SD
141985,96709,FOR,DNK,RENEW
141985,101585,FOR,DNK,SD
141985,124872,FOR,DNK,RENEW
141985,197515,FOR,DNK,EPP
141985,197555,FOR,DNK,RENEW
141985,197558,FOR,DNK,RENEW
141985,197567,FOR,DNK,RENEW
141985,197570,FOR,DNK,ID
141985,197571,FOR,DNK,GUE_NGL
141985,197573,FOR,DNK,GREEN_EFA
141985,199941,FOR,DNK,SD
141985,204331,FOR,DNK,RENEW
141989,28161,FOR,DNK,GREEN_EFA
141989,37312,FOR,DNK,SD
141989,96709,FOR,DNK,RENEW
141989,101585,FOR,DNK,SD
141989,124872,FOR,DNK,RENEW
141989,197515,FOR,DNK,EPP
141989,197555,FOR,DNK,RENEW
141989,197558,FOR,DNK,RENEW
141989,197567,FOR,DNK,RENEW
141989,197570,ABSTENTION,DNK,ID
141989,197571,FOR,DNK,GUE_NGL
141989,197573,FOR,DNK,GREEN_EFA
141989,199941,FOR,DNK,SD
141989,204331,FOR,DNK,RENEW
141993,28161,FOR,DNK,GREEN_EFA
141993,37312,FOR,DNK,SD
141993,96709,FOR,DNK,RENEW
141993,101585,FOR,DNK,SD
141993,124872,FOR,DNK,RENEW
141993,197515,FOR,DNK,EPP
141993,197555,FOR,DNK,RENEW
141993,197558,FOR,DNK,RENEW
141993,197567,FOR,DNK,RENEW
141993,197570,ABSTENTION,DNK,ID
141993,197571,FOR,DNK,GUE_NGL
141993,197573,FOR,DNK,GREEN_EFA
141993,199941,DID_NOT_VOTE,DNK,SD
141993,204331,FOR,DNK,RENEW
142002,28161,FOR,DNK,GREEN_EFA
142002,37312,FOR,DNK,SD
142002,96709,FOR,DNK,RENEW
142002,101585,FOR,DNK,SD
142002,124872,FOR,DNK,RENEW
142002,197515,FOR,DNK,EPP
142002,197555,FOR,DNK,RENEW
142002,197558,FOR,DNK,RENEW
142002,197567,FOR,DNK,RENEW
142002,197570,ABSTENTION,DNK,ID
142002,197571,ABSTENTION,DNK,GUE_NGL
142002,197573,FOR,DNK,GREEN_EFA
142002,199941,FOR,DNK,SD
142002,204331,FOR,DNK,RENEW
142003,28161,FOR,DNK,GREEN_EFA
142003,37312,FOR,DNK,SD
142003,96709,ABSTENTION,DNK,RENEW
142003,101585,FOR,DNK,SD
142003,124872,FOR,DNK,RENEW
142003,197515,FOR,DNK,EPP
142003,197555,DID_NOT_VOTE,DNK,RENEW
142003,197558,ABSTENTION,DNK,RENEW
142003,197567,FOR,DNK,RENEW
142003,197570,ABSTENTION,DNK,ID
142003,197571,FOR,DNK,GUE_NGL
142003,197573,FOR,DNK,GREEN_EFA
142003,199941,FOR,DNK,SD
142003,204331,ABSTENTION,DNK,RENEW
142009,28161,FOR,DNK,GREEN_EFA
142009,37312,FOR,DNK,SD
142009,96709,FOR,DNK,RENEW
142009,101585,FOR,DNK,SD
142009,124872,FOR,DNK,RENEW
142009,197515,FOR,DNK,EPP
142009,197555,DID_NOT_VOTE,DNK,RENEW
142009,197558,FOR,DNK,RENEW
142009,197567,FOR,DNK,RENEW
142009,197570,FOR,DNK,ID
142009,197571,FOR,DNK,GUE_NGL
142009,197573,FOR,DNK,GREEN_EFA
142009,199941,FOR,DNK,SD
142009,204331,FOR,DNK,RENEW
142010,28161,FOR,DNK,GREEN_EFA
142010,37312,FOR,DNK,SD
142010,96709,ABSTENTION,DNK,RENEW
142010,101585,FOR,DNK,SD
142010,124872,FOR,DNK,RENEW
142010,197515,FOR,DNK,EPP
142010,197555,DID_NOT_VOTE,DNK,RENEW
142010,197558,ABSTENTION,DNK,RENEW
142010,197567,FOR,DNK,RENEW
142010,197570,ABSTENTION,DNK,ID
142010,197571,FOR,DNK,GUE_NGL
142010,197573,FOR,DNK,GREEN_EFA
142010,199941,FOR,DNK,SD
142010,204331,ABSTENTION,DNK,RENEW
142014,28161,FOR,DNK,GREEN_EFA
142014,37312,FOR,DNK,SD
142014,96709,FOR,DNK,RENEW
142014,101585,FOR,DNK,SD
142014,124872,FOR,DNK,RENEW
142014,197515,FOR,DNK,EPP
142014,197555,FOR,DNK,RENEW
142014,197558,FOR,DNK,RENEW
142014,197567,FOR,DNK,RENEW
142014,197570,AGAINST,DNK,ID
142014,197571,FOR,DNK,GUE_NGL
142014,197573,FOR,DNK,GREEN_EFA
142014,199941,FOR,DNK,SD
142014,204331,FOR,DNK,RENEW
142018,28161,FOR,DNK,GREEN_EFA
142018,37312,FOR,DNK,SD
142018,96709,FOR,DNK,RENEW
142018,101585,FOR,DNK,SD
142018,124872,FOR,DNK,RENEW
142018,197515,FOR,DNK,EPP
142018,197555,FOR,DNK,RENEW
142018,197558,FOR,DNK,RENEW
142018,197567,FOR,DNK,RENEW
142018,197570,AGAINST,DNK,ID
142018,197571,FOR,DNK,GUE_NGL
142018,197573,FOR,DNK,GREEN_EFA
142018,199941,FOR,DNK,SD
142018,204331,FOR,DNK,RENEW
142022,28161,FOR,DNK,GREEN_EFA
142022,37312,FOR,DNK,SD
142022,96709,FOR,DNK,RENEW
142022,101585,FOR,DNK,SD
142022,124872,FOR,DNK,RENEW
142022,197515,FOR,DNK,EPP
142022,197555,FOR,DNK,RENEW
142022,197558,FOR,DNK,RENEW
142022,197567,FOR,DNK,RENEW
142022,197570,ABSTENTION,DNK,ID
142022,197571,AGAINST,DNK,GUE_NGL
142022,197573,FOR,DNK,GREEN_EFA
142022,199941,FOR,DNK,SD
142022,204331,FOR,DNK,RENEW
142026,28161,FOR,DNK,GREEN_EFA
142026,37312,FOR,DNK,SD
142026,96709,FOR,DNK,RENEW
142026,101585,FOR,DNK,SD
142026,124872,FOR,DNK,RENEW
142026,197515,FOR,DNK,EPP
142026,197555,FOR,DNK,RENEW
142026,197558,FOR,DNK,RENEW
142026,197567,FOR,DNK,RENEW
142026,197570,ABSTENTION,DNK,ID
142026,197571,FOR,DNK,GUE_NGL
142026,197573,FOR,DNK,GREEN_EFA
142026,199941,FOR,DNK,SD
142026,204331,FOR,DNK,RENEW
142030,28161,FOR,DNK,GREEN_EFA
142030,37312,FOR,DNK,SD
142030,96709,FOR,DNK,RENEW
142030,101585,FOR,DNK,SD
142030,124872,FOR,DNK,RENEW
142030,197515,FOR,DNK,EPP
142030,197555,FOR,DNK,RENEW
142030,197558,FOR,DNK,RENEW
142030,197567,FOR,DNK,RENEW
142030,197570,ABSTENTION,DNK,ID
142030,197571,FOR,DNK,GUE_NGL
142030,197573,FOR,DNK,GREEN_EFA
142030,199941,FOR,DNK,SD
142030,204331,FOR,DNK,RENEW
142034,28161,FOR,DNK,GREEN_EFA
142034,37312,FOR,DNK,SD
142034,96709,FOR,DNK,RENEW
142034,101585,FOR,DNK,SD
142034,124872,FOR,DNK,RENEW
142034,197515,FOR,DNK,EPP
142034,197555,FOR,DNK,RENEW
142034,197558,FOR,DNK,RENEW
142034,197567,FOR,DNK,RENEW
142034,197570,AGAINST,DNK,ID
142034,197571,FOR,DNK,GUE_NGL
142034,197573,FOR,DNK,GREEN_EFA
142034,199941,FOR,DNK,SD
142034,204331,FOR,DNK,RENEW
142038,28161,FOR,DNK,GREEN_EFA
142038,37312,FOR,DNK,SD
142038,96709,FOR,DNK,RENEW
142038,101585,FOR,DNK,SD
142038,124872,FOR,DNK,RENEW
142038,197515,FOR,DNK,EPP
142038,197555,FOR,DNK,RENEW
142038,197558,FOR,DNK,RENEW
142038,197567,FOR,DNK,RENEW
142038,197570,AGAINST,DNK,ID
142038,197571,FOR,DNK,GUE_NGL
142038,197573,FOR,DNK,GREEN_EFA
142038,199941,FOR,DNK,SD
142038,204331,FOR,DNK,RENEW
142042,28161,FOR,DNK,GREEN_EFA
142042,37312,FOR,DNK,SD
142042,96709,FOR,DNK,RENEW
142042,101585,FOR,DNK,SD
142042,124872,FOR,DNK,RENEW
142042,197515,FOR,DNK,EPP
142042,197555,FOR,DNK,RENEW
142042,197558,FOR,DNK,RENEW
142042,197567,FOR,DNK,RENEW
142042,197570,ABSTENTION,DNK,ID
142042,197571,FOR,DNK,GUE_NGL
142042,197573,FOR,DNK,GREEN_EFA
142042,199941,FOR,DNK,SD
142042,204331,FOR,DNK,RENEW
142046,28161,FOR,DNK,GREEN_EFA
142046,37312,FOR,DNK,SD
142046,96709,FOR,DNK,RENEW
142046,101585,FOR,DNK,SD
142046,124872,FOR,DNK,RENEW
142046,197515,DID_NOT_VOTE,DNK,EPP
142046,197555,FOR,DNK,RENEW
142046,197558,FOR,DNK,RENEW
142046,197567,DID_NOT_VOTE,DNK,RENEW
142046,197570,ABSTENTION,DNK,ID
142046,197571,FOR,DNK,GUE_NGL
142046,197573,FOR,DNK,GREEN_EFA
142046,199941,FOR,DNK,SD
142046,204331,FOR,DNK,RENEW
142050,28161,FOR,DNK,GREEN_EFA
142050,37312,FOR,DNK,SD
142050,96709,FOR,DNK,RENEW
142050,101585,FOR,DNK,SD
142050,124872,FOR,DNK,RENEW
142050,197515,FOR,DNK,EPP
142050,197555,FOR,DNK,RENEW
142050,197558,FOR,DNK,RENEW
142050,197567,FOR,DNK,RENEW
142050,197570,ABSTENTION,DNK,ID
142050,197571,FOR,DNK,GUE_NGL
142050,197573,FOR,DNK,GREEN_EFA
142050,199941,FOR,DNK,SD
142050,204331,FOR,DNK,RENEW
142054,28161,FOR,DNK,GREEN_EFA
142054,37312,FOR,DNK,SD
142054,96709,FOR,DNK,RENEW
142054,101585,FOR,DNK,SD
142054,124872,FOR,DNK,RENEW
142054,197515,FOR,DNK,EPP
142054,197555,FOR,DNK,RENEW
142054,197558,FOR,DNK,RENEW
142054,197567,FOR,DNK,RENEW
142054,197570,ABSTENTION,DNK,ID
142054,197571,FOR,DNK,GUE_NGL
142054,197573,FOR,DNK,GREEN_EFA
142054,199941,FOR,DNK,SD
142054,204331,FOR,DNK,RENEW
142058,28161,FOR,DNK,GREEN_EFA
142058,37312,FOR,DNK,SD
142058,96709,FOR,DNK,RENEW
142058,101585,FOR,DNK,SD
142058,124872,FOR,DNK,RENEW
142058,197515,FOR,DNK,EPP
142058,197555,FOR,DNK,RENEW
142058,197558,FOR,DNK,RENEW
142058,197567,FOR,DNK,RENEW
142058,197570,ABSTENTION,DNK,ID
142058,197571,FOR,DNK,GUE_NGL
142058,197573,FOR,DNK,GREEN_EFA
142058,199941,FOR,DNK,SD
142058,204331,FOR,DNK,RENEW
142062,28161,DID_NOT_VOTE,DNK,GREEN_EFA
142062,37312,FOR,DNK,SD
142062,96709,FOR,DNK,RENEW
142062,101585,FOR,DNK,SD
142062,124872,FOR,DNK,RENEW
142062,197515,DID_NOT_VOTE,DNK,EPP
142062,197555,FOR,DNK,RENEW
142062,197558,FOR,DNK,RENEW
142062,197567,FOR,DNK,RENEW
142062,197570,AGAINST,DNK,ID
142062,197571,AGAINST,DNK,GUE_NGL
142062,197573,FOR,DNK,GREEN_EFA
142062,199941,FOR,DNK,SD
142062,204331,FOR,DNK,RENEW
142066,28161,FOR,DNK,GREEN_EFA
142066,37312,FOR,DNK,SD
142066,96709,FOR,DNK,RENEW
142066,101585,FOR,DNK,SD
142066,124872,FOR,DNK,RENEW
142066,197515,FOR,DNK,EPP
142066,197555,FOR,DNK,RENEW
142066,197558,FOR,DNK,RENEW
142066,197567,FOR,DNK,RENEW
142066,197570,FOR,DNK,ID
142066,197571,FOR,DNK,GUE_NGL
142066,197573,FOR,DNK,GREEN_EFA
142066,199941,FOR,DNK,SD
142066,204331,FOR,DNK,RENEW
142070,28161,FOR,DNK,GREEN_EFA
142070,37312,FOR,DNK,SD
142070,96709,FOR,DNK,RENEW
142070,101585,FOR,DNK,SD
142070,124872,FOR,DNK,RENEW
142070,197515,FOR,DNK,EPP
142070,197555,FOR,DNK,RENEW
142070,197558,FOR,DNK,RENEW
142070,197567,FOR,DNK,RENEW
142070,197570,ABSTENTION,DNK,ID
142070,197571,FOR,DNK,GUE_NGL
142070,197573,FOR,DNK,GREEN_EFA
142070,199941,FOR,DNK,SD
142070,204331,FOR,DNK,RENEW
142082,28161,FOR,DNK,GREEN_EFA
142082,37312,FOR,DNK,SD
142082,96709,FOR,DNK,RENEW
142082,101585,FOR,DNK,SD
142082,124872,FOR,DNK,RENEW
142082,197515,FOR,DNK,EPP
142082,197555,DID_NOT_VOTE,DNK,RENEW
142082,197558,FOR,DNK,RENEW
142082,197567,FOR,DNK,RENEW
142082,197570,ABSTENTION,DNK,ID
142082,197571,AGAINST,DNK,GUE_NGL
142082,197573,FOR,DNK,GREEN_EFA
142082,199941,FOR,DNK,SD
142082,204331,FOR,DNK,RENEW
142087,28161,FOR,DNK,GREEN_EFA
142087,37312,FOR,DNK,SD
142087,96709,FOR,DNK,RENEW
142087,101585,FOR,DNK,SD
142087,124872,FOR,DNK,RENEW
142087,197515,FOR,DNK,EPP
142087,197555,DID_NOT_VOTE,DNK,RENEW
142087,197558,ABSTENTION,DNK,RENEW
142087,197567,ABSTENTION,DNK,RENEW
142087,197570,FOR,DNK,ID
142087,197571,ABSTENTION,DNK,GUE_NGL
142087,197573,FOR,DNK,GREEN_EFA
142087,199941,FOR,DNK,SD
142087,204331,FOR,DNK,RENEW
142136,28161,FOR,DNK,GREEN_EFA
142136,37312,FOR,DNK,SD
142136,96709,FOR,DNK,RENEW
142136,101585,FOR,DNK,SD
142136,124872,FOR,DNK,RENEW
142136,197515,FOR,DNK,EPP
142136,197555,FOR,DNK,RENEW
142136,197558,FOR,DNK,RENEW
142136,197567,FOR,DNK,RENEW
142136,197570,AGAINST,DNK,ID
142136,197571,ABSTENTION,DNK,GUE_NGL
142136,197573,FOR,DNK,GREEN_EFA
142136,199941,FOR,DNK,SD
142136,204331,FOR,DNK,RENEW
142140,28161,FOR,DNK,GREEN_EFA
142140,37312,FOR,DNK,SD
142140,96709,FOR,DNK,RENEW
142140,101585,FOR,DNK,SD
142140,124872,FOR,DNK,RENEW
142140,197515,FOR,DNK,EPP
142140,197555,FOR,DNK,RENEW
142140,197558,DID_NOT_VOTE,DNK,RENEW
142140,197567,FOR,DNK,RENEW
142140,197570,ABSTENTION,DNK,ID
142140,197571,FOR,DNK,GUE_NGL
142140,197573,FOR,DNK,GREEN_EFA
142140,199941,FOR,DNK,SD
142140,204331,FOR,DNK,RENEW
142161,28161,FOR,DNK,GREEN_EFA
142161,37312,FOR,DNK,SD
142161,96709,FOR,DNK,RENEW
142161,101585,FOR,DNK,SD
142161,124872,FOR,DNK,RENEW
142161,197515,AGAINST,DNK,EPP
142161,197555,FOR,DNK,RENEW
142161,197558,FOR,DNK,RENEW
142161,197567,FOR,DNK,RENEW
142161,197570,ABSTENTION,DNK,ID
142161,197571,FOR,DNK,GUE_NGL
142161,197573,FOR,DNK,GREEN_EFA
142161,199941,FOR,DNK,SD
142161,204331,FOR,DNK,RENEW
142172,28161,FOR,DNK,GREEN_EFA
142172,37312,FOR,DNK,SD
142172,96709,FOR,DNK,RENEW
142172,101585,FOR,DNK,SD
142172,124872,FOR,DNK,RENEW
142172,197515,FOR,DNK,EPP
142172,197555,FOR,DNK,RENEW
142172,197558,DID_NOT_VOTE,DNK,RENEW
142172,197567,FOR,DNK,RENEW
142172,197570,ABSTENTION,DNK,ID
142172,197571,FOR,DNK,GUE_NGL
142172,197573,FOR,DNK,GREEN_EFA
142172,199941,FOR,DNK,SD
142172,204331,FOR,DNK,RENEW
142178,28161,FOR,DNK,GREEN_EFA
142178,37312,FOR,DNK,SD
142178,96709,FOR,DNK,RENEW
142178,101585,FOR,DNK,SD
142178,124872,FOR,DNK,RENEW
142178,197515,FOR,DNK,EPP
142178,197555,DID_NOT_VOTE,DNK,RENEW
142178,197558,FOR,DNK,RENEW
142178,197567,FOR,DNK,RENEW
142178,197570,FOR,DNK,ID
142178,197571,FOR,DNK,GUE_NGL
142178,197573,FOR,DNK,GREEN_EFA
142178,199941,FOR,DNK,SD
142178,204331,FOR,DNK,RENEW
142183,28161,FOR,DNK,GREEN_EFA
142183,37312,FOR,DNK,SD
142183,96709,FOR,DNK,RENEW
142183,101585,FOR,DNK,SD
142183,124872,FOR,DNK,RENEW
142183,197515,FOR,DNK,EPP
142183,197555,FOR,DNK,RENEW
142183,197558,FOR,DNK,RENEW
142183,197567,FOR,DNK,RENEW
142183,197570,AGAINST,DNK,ID
142183,197571,AGAINST,DNK,GUE_NGL
142183,197573,FOR,DNK,GREEN_EFA
142183,199941,FOR,DNK,SD
142183,204331,FOR,DNK,RENEW
142187,28161,FOR,DNK,GREEN_EFA
142187,37312,FOR,DNK,SD
142187,96709,FOR,DNK,RENEW
142187,101585,FOR,DNK,SD
142187,124872,FOR,DNK,RENEW
142187,197515,FOR,DNK,EPP
142187,197555,FOR,DNK,RENEW
142187,197558,FOR,DNK,RENEW
142187,197567,FOR,DNK,RENEW
142187,197570,FOR,DNK,ID
142187,197571,ABSTENTION,DNK,GUE_NGL
142187,197573,FOR,DNK,GREEN_EFA
142187,199941,FOR,DNK,SD
142187,204331,FOR,DNK,RENEW
142191,28161,FOR,DNK,GREEN_EFA
142191,37312,FOR,DNK,SD
142191,96709,FOR,DNK,RENEW
142191,101585,FOR,DNK,SD
142191,124872,FOR,DNK,RENEW
142191,197515,FOR,DNK,EPP
142191,197555,FOR,DNK,RENEW
142191,197558,FOR,DNK,RENEW
142191,197567,FOR,DNK,RENEW
142191,197570,FOR,DNK,ID
142191,197571,FOR,DNK,GUE_NGL
142191,197573,FOR,DNK,GREEN_EFA
142191,199941,FOR,DNK,SD
142191,204331,FOR,DNK,RENEW
142195,28161,FOR,DNK,GREEN_EFA
142195,37312,FOR,DNK,SD
142195,96709,FOR,DNK,RENEW
142195,101585,DID_NOT_VOTE,DNK,SD
142195,124872,FOR,DNK,RENEW
142195,197515,FOR,DNK,EPP
142195,197555,FOR,DNK,RENEW
142195,197558,FOR,DNK,RENEW
142195,197567,FOR,DNK,RENEW
142195,197570,AGAINST,DNK,ID
142195,197571,FOR,DNK,GUE_NGL
142195,197573,FOR,DNK,GREEN_EFA
142195,199941,FOR,DNK,SD
142195,204331,FOR,DNK,RENEW
142202,28161,FOR,DNK,GREEN_EFA
142202,37312,FOR,DNK,SD
142202,96709,FOR,DNK,RENEW
142202,101585,FOR,DNK,SD
142202,124872,FOR,DNK,RENEW
142202,197515,FOR,DNK,EPP
142202,197555,FOR,DNK,RENEW
142202,197558,FOR,DNK,RENEW
142202,197567,FOR,DNK,RENEW
142202,197570,ABSTENTION,DNK,ID
142202,197571,FOR,DNK,GUE_NGL
142202,197573,FOR,DNK,GREEN_EFA
142202,199941,FOR,DNK,SD
142202,204331,FOR,DNK,RENEW
142208,28161,FOR,DNK,GREEN_EFA
142208,37312,FOR,DNK,SD
142208,96709,FOR,DNK,RENEW
142208,101585,FOR,DNK,SD
142208,124872,FOR,DNK,RENEW
142208,197515,FOR,DNK,EPP
142208,197555,FOR,DNK,RENEW
142208,197558,FOR,DNK,RENEW
142208,197567,FOR,DNK,RENEW
142208,197570,AGAINST,DNK,ID
142208,197571,FOR,DNK,GUE_NGL
142208,197573,FOR,DNK,GREEN_EFA
142208,199941,FOR,DNK,SD
142208,204331,FOR,DNK,RENEW
142213,28161,FOR,DNK,GREEN_EFA
142213,37312,FOR,DNK,SD
142213,96709,FOR,DNK,RENEW
142213,101585,FOR,DNK,SD
142213,124872,FOR,DNK,RENEW
142213,197515,FOR,DNK,EPP
142213,197555,FOR,DNK,RENEW
142213,197558,DID_NOT_VOTE,DNK,RENEW
142213,197567,FOR,DNK,RENEW
142213,197570,ABSTENTION,DNK,ID
142213,197571,FOR,DNK,GUE_NGL
142213,197573,FOR,DNK,GREEN_EFA
142213,199941,FOR,DNK,SD
142213,204331,FOR,DNK,RENEW
142222,28161,FOR,DNK,GREEN_EFA
142222,37312,FOR,DNK,SD
142222,96709,FOR,DNK,RENEW
142222,101585,FOR,DNK,SD
142222,124872,FOR,DNK,RENEW
142222,197515,FOR,DNK,EPP
142222,197555,FOR,DNK,RENEW
142222,197558,FOR,DNK,RENEW
142222,197567,FOR,DNK,RENEW
142222,197570,AGAINST,DNK,ID
142222,197571,FOR,DNK,GUE_NGL
142222,197573,FOR,DNK,GREEN_EFA
142222,199941,FOR,DNK,SD
142222,204331,FOR,DNK,RENEW
142230,28161,FOR,DNK,GREEN_EFA
142230,37312,FOR,DNK,SD
142230,96709,FOR,DNK,RENEW
142230,101585,FOR,DNK,SD
142230,124872,FOR,DNK,RENEW
142230,197515,FOR,DNK,EPP
142230,197555,FOR,DNK,RENEW
142230,197558,FOR,DNK,RENEW
142230,197567,FOR,DNK,RENEW
142230,197570,AGAINST,DNK,ID
142230,197571,FOR,DNK,GUE_NGL
142230,197573,FOR,DNK,GREEN_EFA
142230,199941,FOR,DNK,SD
142230,204331,FOR,DNK,RENEW
142236,28161,FOR,DNK,GREEN_EFA
142236,37312,FOR,DNK,SD
142236,96709,FOR,DNK,RENEW
142236,101585,FOR,DNK,SD
142236,124872,FOR,DNK,RENEW
142236,197515,FOR,DNK,EPP
142236,197555,FOR,DNK,RENEW
142236,197558,FOR,DNK,RENEW
142236,197567,FOR,DNK,RENEW
142236,197570,AGAINST,DNK,ID
142236,197571,FOR,DNK,GUE_NGL
142236,197573,FOR,DNK,GREEN_EFA
142236,199941,FOR,DNK,SD
142236,204331,FOR,DNK,RENEW
142241,28161,FOR,DNK,GREEN_EFA
142241,37312,FOR,DNK,SD
142241,96709,FOR,DNK,RENEW
142241,101585,FOR,DNK,SD
142241,124872,FOR,DNK,RENEW
142241,197515,FOR,DNK,EPP
142241,197555,FOR,DNK,RENEW
142241,197558,FOR,DNK,RENEW
142241,197567,FOR,DNK,RENEW
142241,197570,AGAINST,DNK,ID
142241,197571,FOR,DNK,GUE_NGL
142241,197573,FOR,DNK,GREEN_EFA
142241,199941,FOR,DNK,SD
142241,204331,FOR,DNK,RENEW
142248,28161,FOR,DNK,GREEN_EFA
142248,37312,FOR,DNK,SD
142248,96709,FOR,DNK,RENEW
142248,101585,FOR,DNK,SD
142248,124872,FOR,DNK,RENEW
142248,197515,FOR,DNK,EPP
142248,197555,DID_NOT_VOTE,DNK,RENEW
142248,197558,FOR,DNK,RENEW
142248,197567,FOR,DNK,RENEW
142248,197570,ABSTENTION,DNK,ID
142248,197571,AGAINST,DNK,GUE_NGL
142248,197573,FOR,DNK,GREEN_EFA
142248,199941,FOR,DNK,SD
142248,204331,FOR,DNK,RENEW
142252,28161,DID_NOT_VOTE,DNK,GREEN_EFA
142252,37312,FOR,DNK,SD
142252,96709,FOR,DNK,RENEW
142252,101585,FOR,DNK,SD
142252,124872,FOR,DNK,RENEW
142252,197515,FOR,DNK,EPP
142252,197555,FOR,DNK,RENEW
142252,197558,FOR,DNK,RENEW
142252,197567,FOR,DNK,RENEW
142252,197570,AGAINST,DNK,ID
142252,197571,FOR,DNK,GUE_NGL
142252,197573,FOR,DNK,GREEN_EFA
142252,199941,FOR,DNK,SD
142252,204331,FOR,DNK,RENEW
142256,28161,FOR,DNK,GREEN_EFA
142256,37312,FOR,DNK,SD
142256,96709,FOR,DNK,RENEW
142256,101585,FOR,DNK,SD
142256,124872,FOR,DNK,RENEW
142256,197515,FOR,DNK,EPP
142256,197555,FOR,DNK,RENEW
142256,197558,FOR,DNK,RENEW
142256,197567,FOR,DNK,RENEW
142256,197570,ABSTENTION,DNK,ID
142256,197571,FOR,DNK,GUE_NGL
142256,197573,DID_NOT_VOTE,DNK,GREEN_EFA
142256,199941,FOR,DNK,SD
142256,204331,FOR,DNK,RENEW
142261,28161,FOR,DNK,GREEN_EFA
142261,37312,FOR,DNK,SD
142261,96709,FOR,DNK,RENEW
142261,101585,FOR,DNK,SD
142261,124872,FOR,DNK,RENEW
142261,197515,FOR,DNK,EPP
142261,197555,DID_NOT_VOTE,DNK,RENEW
142261,197558,FOR,DNK,RENEW
142261,197567,FOR,DNK,RENEW
142261,197570,ABSTENTION,DNK,ID
142261,197571,DID_NOT_VOTE,DNK,GUE_NGL
142261,197573,FOR,DNK,GREEN_EFA
142261,199941,FOR,DNK,SD
142261,204331,FOR,DNK,RENEW
142263,28161,AGAINST,DNK,GREEN_EFA
142263,37312,FOR,DNK,SD
142263,96709,FOR,DNK,RENEW
142263,101585,FOR,DNK,SD
142263,124872,FOR,DNK,RENEW
142263,197515,FOR,DNK,EPP
142263,197555,FOR,DNK,RENEW
142263,197558,FOR,DNK,RENEW
142263,197567,ABSTENTION,DNK,RENEW
142263,197570,FOR,DNK,ID
142263,197571,AGAINST,DNK,GUE_NGL
142263,197573,AGAINST,DNK,GREEN_EFA
142263,199941,FOR,DNK,SD
142263,204331,FOR,DNK,RENEW
142267,28161,FOR,DNK,GREEN_EFA
142267,37312,FOR,DNK,SD
142267,96709,FOR,DNK,RENEW
142267,101585,FOR,DNK,SD
142267,124872,FOR,DNK,RENEW
142267,197515,FOR,DNK,EPP
142267,197555,DID_NOT_VOTE,DNK,RENEW
142267,197558,FOR,DNK,RENEW
142267,197567,FOR,DNK,RENEW
142267,197570,FOR,DNK,ID
142267,197571,AGAINST,DNK,GUE_NGL
142267,197573,FOR,DNK,GREEN_EFA
142267,199941,FOR,DNK,SD
142267,204331,FOR,DNK,RENEW
142273,28161,ABSTENTION,DNK,GREEN_EFA
142273,37312,FOR,DNK,SD
142273,96709,FOR,DNK,RENEW
142273,101585,FOR,DNK,SD
142273,124872,FOR,DNK,RENEW
142273,197515,FOR,DNK,EPP
142273,197555,FOR,DNK,RENEW
142273,197558,FOR,DNK,RENEW
142273,197567,FOR,DNK,RENEW
142273,197570,FOR,DNK,ID
142273,197571,FOR,DNK,GUE_NGL
142273,197573,ABSTENTION,DNK,GREEN_EFA
142273,199941,FOR,DNK,SD
142273,204331,FOR,DNK,RENEW
142277,28161,FOR,DNK,GREEN_EFA
142277,37312,FOR,DNK,SD
142277,96709,FOR,DNK,RENEW
142277,101585,FOR,DNK,SD
142277,124872,FOR,DNK,RENEW
142277,197515,FOR,DNK,EPP
142277,197555,FOR,DNK,RENEW
142277,197558,FOR,DNK,RENEW
142277,197567,FOR,DNK,RENEW
142277,197570,ABSTENTION,DNK,ID
142277,197571,FOR,DNK,GUE_NGL
142277,197573,FOR,DNK,GREEN_EFA
142277,199941,FOR,DNK,SD
142277,204331,FOR,DNK,RENEW
142279,28161,FOR,DNK,GREEN_EFA
142279,37312,FOR,DNK,SD
142279,96709,FOR,DNK,RENEW
142279,101585,FOR,DNK,SD
142279,124872,FOR,DNK,RENEW
142279,197515,FOR,DNK,EPP
142279,197555,DID_NOT_VOTE,DNK,RENEW
142279,197558,FOR,DNK,RENEW
142279,197567,FOR,DNK,RENEW
142279,197570,FOR,DNK,ID
142279,197571,FOR,DNK,GUE_NGL
142279,197573,FOR,DNK,GREEN_EFA
142279,199941,FOR,DNK,SD
142279,204331,FOR,DNK,RENEW
142322,28161,AGAINST,DNK,GREEN_EFA
142322,37312,FOR,DNK,SD
142322,96709,FOR,DNK,RENEW
142322,101585,FOR,DNK,SD
142322,124872,FOR,DNK,RENEW
142322,197515,FOR,DNK,EPP
142322,197555,FOR,DNK,RENEW
142322,197558,FOR,DNK,RENEW
142322,197567,FOR,DNK,RENEW
142322,197570,AGAINST,DNK,ID
142322,197571,AGAINST,DNK,GUE_NGL
142322,197573,FOR,DNK,GREEN_EFA
142322,199941,FOR,DNK,SD
142322,204331,FOR,DNK,RENEW
142326,28161,FOR,DNK,GREEN_EFA
142326,37312,FOR,DNK,SD
142326,96709,FOR,DNK,RENEW
142326,101585,FOR,DNK,SD
142326,124872,FOR,DNK,RENEW
142326,197515,FOR,DNK,EPP
142326,197555,FOR,DNK,RENEW
142326,197558,FOR,DNK,RENEW
142326,197567,FOR,DNK,RENEW
142326,197570,AGAINST,DNK,ID
142326,197571,FOR,DNK,GUE_NGL
142326,197573,FOR,DNK,GREEN_EFA
142326,199941,FOR,DNK,SD
142326,204331,FOR,DNK,RENEW
142356,28161,FOR,DNK,GREEN_EFA
142356,37312,AGAINST,DNK,SD
142356,96709,AGAINST,DNK,RENEW
142356,101585,AGAINST,DNK,SD
142356,124872,FOR,DNK,RENEW
142356,197515,AGAINST,DNK,EPP
142356,197555,DID_NOT_VOTE,DNK,RENEW
142356,197558,AGAINST,DNK,RENEW
142356,197567,DID_NOT_VOTE,DNK,RENEW
142356,197570,AGAINST,DNK,ID
142356,197571,AGAINST,DNK,GUE_NGL
142356,197573,FOR,DNK,GREEN_EFA
142356,199941,AGAINST,DNK,SD
142356,204331,AGAINST,DNK,RENEW
142363,28161,FOR,DNK,GREEN_EFA
142363,37312,FOR,DNK,SD
142363,96709,FOR,DNK,RENEW
142363,101585,AGAINST,DNK,SD
142363,124872,FOR,DNK,RENEW
142363,197515,FOR,DNK,EPP
142363,197555,FOR,DNK,RENEW
142363,197558,FOR,DNK,RENEW
142363,197567,FOR,DNK,RENEW
142363,197570,AGAINST,DNK,ID
142363,197571,FOR,DNK,GUE_NGL
142363,197573,FOR,DNK,GREEN_EFA
142363,199941,FOR,DNK,SD
142363,204331,FOR,DNK,RENEW
142372,28161,FOR,DNK,GREEN_EFA
142372,37312,FOR,DNK,SD
142372,96709,FOR,DNK,RENEW
142372,101585,FOR,DNK,SD
142372,124872,FOR,DNK,RENEW
142372,197515,FOR,DNK,EPP
142372,197555,FOR,DNK,RENEW
142372,197558,FOR,DNK,RENEW
142372,197567,FOR,DNK,RENEW
142372,197570,AGAINST,DNK,ID
142372,197571,FOR,DNK,GUE_NGL
142372,197573,FOR,DNK,GREEN_EFA
142372,199941,FOR,DNK,SD
142372,204331,FOR,DNK,RENEW
142375,28161,FOR,DNK,GREEN_EFA
142375,37312,FOR,DNK,SD
142375,96709,FOR,DNK,RENEW
142375,101585,FOR,DNK,SD
142375,124872,FOR,DNK,RENEW
142375,197515,DID_NOT_VOTE,DNK,EPP
142375,197555,FOR,DNK,RENEW
142375,197558,FOR,DNK,RENEW
142375,197567,FOR,DNK,RENEW
142375,197570,AGAINST,DNK,ID
142375,197571,FOR,DNK,GUE_NGL
142375,197573,FOR,DNK,GREEN_EFA
142375,199941,FOR,DNK,SD
142375,204331,FOR,DNK,RENEW
142784,28161,FOR,DNK,GREEN_EFA
142784,37312,FOR,DNK,SD
142784,96709,FOR,DNK,RENEW
142784,101585,FOR,DNK,SD
142784,124872,FOR,DNK,RENEW
142784,197515,FOR,DNK,EPP
142784,197555,FOR,DNK,RENEW
142784,197558,DID_NOT_VOTE,DNK,RENEW
142784,197567,FOR,DNK,RENEW
142784,197570,FOR,DNK,ID
142784,197571,FOR,DNK,GUE_NGL
142784,197573,FOR,DNK,GREEN_EFA
142784,199941,FOR,DNK,SD
142784,204331,FOR,DNK,RENEW
142785,28161,FOR,DNK,GREEN_EFA
142785,37312,FOR,DNK,SD
142785,96709,FOR,DNK,RENEW
142785,101585,FOR,DNK,SD
142785,124872,FOR,DNK,RENEW
142785,197515,FOR,DNK,EPP
142785,197555,FOR,DNK,RENEW
142785,197558,FOR,DNK,RENEW
142785,197567,FOR,DNK,RENEW
142785,197570,AGAINST,DNK,ID
142785,197571,FOR,DNK,GUE_NGL
142785,197573,FOR,DNK,GREEN_EFA
142785,199941,FOR,DNK,SD
142785,204331,FOR,DNK,RENEW
142786,28161,DID_NOT_VOTE,DNK,GREEN_EFA
142786,37312,FOR,DNK,SD
142786,96709,FOR,DNK,RENEW
142786,101585,FOR,DNK,SD
142786,124872,FOR,DNK,RENEW
142786,197515,FOR,DNK,EPP
142786,197555,FOR,DNK,RENEW
142786,197558,FOR,DNK,RENEW
142786,197567,FOR,DNK,RENEW
142786,197570,FOR,DNK,ID
142786,197571,FOR,DNK,GUE_NGL
142786,197573,FOR,DNK,GREEN_EFA
142786,199941,FOR,DNK,SD
142786,204331,FOR,DNK,RENEW
142787,28161,FOR,DNK,GREEN_EFA
142787,37312,FOR,DNK,SD
142787,96709,AGAINST,DNK,RENEW
142787,101585,FOR,DNK,SD
142787,124872,FOR,DNK,RENEW
142787,197515,AGAINST,DNK,EPP
142787,197555,AGAINST,DNK,RENEW
142787,197558,AGAINST,DNK,RENEW
142787,197567,AGAINST,DNK,RENEW
142787,197570,FOR,DNK,ID
142787,197571,FOR,DNK,GUE_NGL
142787,197573,FOR,DNK,GREEN_EFA
142787,199941,FOR,DNK,SD
142787,204331,AGAINST,DNK,RENEW
142804,28161,FOR,DNK,GREEN_EFA
142804,37312,FOR,DNK,SD
142804,96709,FOR,DNK,RENEW
142804,101585,FOR,DNK,SD
142804,124872,FOR,DNK,RENEW
142804,197515,FOR,DNK,EPP
142804,197555,FOR,DNK,RENEW
142804,197558,FOR,DNK,RENEW
142804,197567,FOR,DNK,RENEW
142804,197570,AGAINST,DNK,ID
142804,197571,FOR,DNK,GUE_NGL
142804,197573,FOR,DNK,GREEN_EFA
142804,199941,FOR,DNK,SD
142804,204331,FOR,DNK,RENEW
142809,28161,FOR,DNK,GREEN_EFA
142809,37312,FOR,DNK,SD
142809,96709,FOR,DNK,RENEW
142809,101585,FOR,DNK,SD
142809,124872,FOR,DNK,RENEW
142809,197515,FOR,DNK,EPP
142809,197555,FOR,DNK,RENEW
142809,197558,FOR,DNK,RENEW
142809,197567,FOR,DNK,RENEW
142809,197570,ABSTENTION,DNK,ID
142809,197571,FOR,DNK,GUE_NGL
142809,197573,FOR,DNK,GREEN_EFA
142809,199941,FOR,DNK,SD
142809,204331,FOR,DNK,RENEW
142810,28161,FOR,DNK,GREEN_EFA
142810,37312,FOR,DNK,SD
142810,96709,FOR,DNK,RENEW
142810,101585,FOR,DNK,SD
142810,124872,FOR,DNK,RENEW
142810,197515,FOR,DNK,EPP
142810,197555,FOR,DNK,RENEW
142810,197558,FOR,DNK,RENEW
142810,197567,FOR,DNK,RENEW
142810,197570,FOR,DNK,ID
142810,197571,FOR,DNK,GUE_NGL
142810,197573,FOR,DNK,GREEN_EFA
142810,199941,FOR,DNK,SD
142810,204331,FOR,DNK,RENEW
142811,28161,FOR,DNK,GREEN_EFA
142811,37312,FOR,DNK,SD
142811,96709,FOR,DNK,RENEW
142811,101585,FOR,DNK,SD
142811,124872,FOR,DNK,RENEW
142811,197515,FOR,DNK,EPP
142811,197555,FOR,DNK,RENEW
142811,197558,FOR,DNK,RENEW
142811,197567,FOR,DNK,RENEW
142811,197570,FOR,DNK,ID
142811,197571,FOR,DNK,GUE_NGL
142811,197573,FOR,DNK,GREEN_EFA
142811,199941,FOR,DNK,SD
142811,204331,FOR,DNK,RENEW
142820,28161,FOR,DNK,GREEN_EFA
142820,37312,FOR,DNK,SD
142820,96709,FOR,DNK,RENEW
142820,101585,FOR,DNK,SD
142820,124872,FOR,DNK,RENEW
142820,197515,AGAINST,DNK,EPP
142820,197555,FOR,DNK,RENEW
142820,197558,FOR,DNK,RENEW
142820,197567,FOR,DNK,RENEW
142820,197570,FOR,DNK,ID
142820,197571,FOR,DNK,GUE_NGL
142820,197573,FOR,DNK,GREEN_EFA
142820,199941,FOR,DNK,SD
142820,204331,FOR,DNK,RENEW
142821,28161,FOR,DNK,GREEN_EFA
142821,37312,FOR,DNK,SD
142821,96709,FOR,DNK,RENEW
142821,101585,FOR,DNK,SD
142821,124872,FOR,DNK,RENEW
142821,197515,FOR,DNK,EPP
142821,197555,FOR,DNK,RENEW
142821,197558,FOR,DNK,RENEW
142821,197567,FOR,DNK,RENEW
142821,197570,ABSTENTION,DNK,ID
142821,197571,FOR,DNK,GUE_NGL
142821,197573,FOR,DNK,GREEN_EFA
142821,199941,FOR,DNK,SD
142821,204331,FOR,DNK,RENEW
142904,28161,FOR,DNK,GREEN_EFA
142904,37312,FOR,DNK,SD
142904,96709,FOR,DNK,RENEW
142904,101585,FOR,DNK,SD
142904,124872,FOR,DNK,RENEW
142904,197515,FOR,DNK,EPP
142904,197555,FOR,DNK,RENEW
142904,197558,FOR,DNK,RENEW
142904,197567,FOR,DNK,RENEW
142904,197570,FOR,DNK,ID
142904,197571,FOR,DNK,GUE_NGL
142904,197573,FOR,DNK,GREEN_EFA
142904,199941,FOR,DNK,SD
142904,204331,FOR,DNK,RENEW
143008,28161,FOR,DNK,GREEN_EFA
143008,37312,FOR,DNK,SD
143008,96709,FOR,DNK,RENEW
143008,101585,FOR,DNK,SD
143008,124872,FOR,DNK,RENEW
143008,197515,FOR,DNK,EPP
143008,197555,DID_NOT_VOTE,DNK,RENEW
143008,197558,FOR,DNK,RENEW
143008,197567,FOR,DNK,RENEW
143008,197570,FOR,DNK,ID
143008,197571,FOR,DNK,GUE_NGL
143008,197573,FOR,DNK,GREEN_EFA
143008,199941,FOR,DNK,SD
143008,204331,FOR,DNK,RENEW
143026,28161,FOR,DNK,GREEN_EFA
143026,37312,FOR,DNK,SD
143026,96709,FOR,DNK,RENEW
143026,101585,FOR,DNK,SD
143026,124872,FOR,DNK,RENEW
143026,197515,FOR,DNK,EPP
143026,197555,DID_NOT_VOTE,DNK,RENEW
143026,197558,FOR,DNK,RENEW
143026,197567,FOR,DNK,RENEW
143026,197570,FOR,DNK,ID
143026,197571,FOR,DNK,GUE_NGL
143026,197573,FOR,DNK,GREEN_EFA
143026,199941,FOR,DNK,SD
143026,204331,FOR,DNK,RENEW
143027,28161,FOR,DNK,GREEN_EFA
143027,37312,FOR,DNK,SD
143027,96709,FOR,DNK,RENEW
143027,101585,FOR,DNK,SD
143027,124872,FOR,DNK,RENEW
143027,197515,FOR,DNK,EPP
143027,197555,DID_NOT_VOTE,DNK,RENEW
143027,197558,FOR,DNK,RENEW
143027,197567,FOR,DNK,RENEW
143027,197570,FOR,DNK,ID
143027,197571,FOR,DNK,GUE_NGL
143027,197573,FOR,DNK,GREEN_EFA
143027,199941,FOR,DNK,SD
143027,204331,FOR,DNK,RENEW
143077,28161,FOR,DNK,GREEN_EFA
143077,37312,FOR,DNK,SD
143077,96709,FOR,DNK,RENEW
143077,101585,FOR,DNK,SD
143077,124872,FOR,DNK,RENEW
143077,197515,FOR,DNK,EPP
143077,197555,DID_NOT_VOTE,DNK,RENEW
143077,197558,FOR,DNK,RENEW
143077,197567,FOR,DNK,RENEW
143077,197570,ABSTENTION,DNK,ID
143077,197571,FOR,DNK,GUE_NGL
143077,197573,FOR,DNK,GREEN_EFA
143077,199941,FOR,DNK,SD
143077,204331,FOR,DNK,RENEW
143170,28161,FOR,DNK,GREEN_EFA
143170,37312,FOR,DNK,SD
143170,96709,FOR,DNK,RENEW
143170,101585,FOR,DNK,SD
143170,124872,FOR,DNK,RENEW
143170,197515,FOR,DNK,EPP
143170,197555,DID_NOT_VOTE,DNK,RENEW
143170,197558,FOR,DNK,RENEW
143170,197567,FOR,DNK,RENEW
143170,197570,ABSTENTION,DNK,ID
143170,197571,FOR,DNK,GUE_NGL
143170,197573,FOR,DNK,GREEN_EFA
143170,199941,FOR,DNK,SD
143170,204331,FOR,DNK,RENEW
143268,28161,FOR,DNK,GREEN_EFA
143268,37312,FOR,DNK,SD
143268,96709,FOR,DNK,RENEW
143268,101585,FOR,DNK,SD
143268,124872,FOR,DNK,RENEW
143268,197515,FOR,DNK,EPP
143268,197555,DID_NOT_VOTE,DNK,RENEW
143268,197558,FOR,DNK,RENEW
143268,197567,FOR,DNK,RENEW
143268,197570,ABSTENTION,DNK,ID
143268,197571,FOR,DNK,GUE_NGL
143268,197573,FOR,DNK,GREEN_EFA
143268,199941,FOR,DNK,SD
143268,204331,FOR,DNK,RENEW
143301,28161,DID_NOT_VOTE,DNK,GREEN_EFA
143301,37312,FOR,DNK,SD
143301,96709,FOR,DNK,RENEW
143301,101585,DID_NOT_VOTE,DNK,SD
143301,124872,FOR,DNK,RENEW
143301,197515,FOR,DNK,EPP
143301,197555,FOR,DNK,RENEW
143301,197558,FOR,DNK,RENEW
143301,197567,DID_NOT_VOTE,DNK,RENEW
143301,197570,AGAINST,DNK,ID
143301,197571,FOR,DNK,GUE_NGL
143301,197573,FOR,DNK,GREEN_EFA
143301,199941,FOR,DNK,SD
143301,204331,FOR,DNK,RENEW
143305,28161,DID_NOT_VOTE,DNK,GREEN_EFA
143305,37312,FOR,DNK,SD
143305,96709,FOR,DNK,RENEW
143305,101585,DID_NOT_VOTE,DNK,SD
143305,124872,FOR,DNK,RENEW
143305,197515,FOR,DNK,EPP
143305,197555,FOR,DNK,RENEW
143305,197558,FOR,DNK,RENEW
143305,197567,DID_NOT_VOTE,DNK,RENEW
143305,197570,AGAINST,DNK,ID
143305,197571,FOR,DNK,GUE_NGL
143305,197573,FOR,DNK,GREEN_EFA
143305,199941,FOR,DNK,SD
143305,204331,FOR,DNK,RENEW
143308,28161,DID_NOT_VOTE,DNK,GREEN_EFA
143308,37312,FOR,DNK,SD
143308,96709,FOR,DNK,RENEW
143308,101585,DID_NOT_VOTE,DNK,SD
143308,124872,FOR,DNK,RENEW
143308,197515,FOR,DNK,EPP
143308,197555,FOR,DNK,RENEW
143308,197558,FOR,DNK,RENEW
143308,197567,DID_NOT_VOTE,DNK,RENEW
143308,197570,AGAINST,DNK,ID
143308,197571,FOR,DNK,GUE_NGL
143308,197573,FOR,DNK,GREEN_EFA
143308,199941,FOR,DNK,SD
143308,204331,FOR,DNK,RENEW
143328,28161,DID_NOT_VOTE,DNK,GREEN_EFA
143328,37312,FOR,DNK,SD
143328,96709,FOR,DNK,RENEW
143328,101585,DID_NOT_VOTE,DNK,SD
143328,124872,FOR,DNK,RENEW
143328,197515,FOR,DNK,EPP
143328,197555,FOR,DNK,RENEW
143328,197558,FOR,DNK,RENEW
143328,197567,DID_NOT_VOTE,DNK,RENEW
143328,197570,AGAINST,DNK,ID
143328,197571,FOR,DNK,GUE_NGL
143328,197573,FOR,DNK,GREEN_EFA
143328,199941,FOR,DNK,SD
143328,204331,FOR,DNK,RENEW
143345,28161,DID_NOT_VOTE,DNK,GREEN_EFA
143345,37312,FOR,DNK,SD
143345,96709,FOR,DNK,RENEW
143345,101585,DID_NOT_VOTE,DNK,SD
143345,124872,FOR,DNK,RENEW
143345,197515,FOR,DNK,EPP
143345,197555,FOR,DNK,RENEW
143345,197558,FOR,DNK,RENEW
143345,197567,DID_NOT_VOTE,DNK,RENEW
143345,197570,ABSTENTION,DNK,ID
143345,197571,ABSTENTION,DNK,GUE_NGL
143345,197573,FOR,DNK,GREEN_EFA
143345,199941,FOR,DNK,SD
143345,204331,FOR,DNK,RENEW
143543,28161,DID_NOT_VOTE,DNK,GREEN_EFA
143543,37312,ABSTENTION,DNK,SD
143543,96709,ABSTENTION,DNK,RENEW
143543,101585,DID_NOT_VOTE,DNK,SD
143543,124872,FOR,DNK,RENEW
143543,197515,FOR,DNK,EPP
143543,197555,ABSTENTION,DNK,RENEW
143543,197558,ABSTENTION,DNK,RENEW
143543,197567,DID_NOT_VOTE,DNK,RENEW
143543,197570,FOR,DNK,ID
143543,197571,FOR,DNK,GUE_NGL
143543,197573,FOR,DNK,GREEN_EFA
143543,199941,ABSTENTION,DNK,SD
143543,204331,ABSTENTION,DNK,RENEW
143544,28161,DID_NOT_VOTE,DNK,GREEN_EFA
143544,37312,FOR,DNK,SD
143544,96709,FOR,DNK,RENEW
143544,101585,DID_NOT_VOTE,DNK,SD
143544,124872,FOR,DNK,RENEW
143544,197515,FOR,DNK,EPP
143544,197555,FOR,DNK,RENEW
143544,197558,FOR,DNK,RENEW
143544,197567,DID_NOT_VOTE,DNK,RENEW
143544,197570,FOR,DNK,ID
143544,197571,FOR,DNK,GUE_NGL
143544,197573,FOR,DNK,GREEN_EFA
143544,199941,FOR,DNK,SD
143544,204331,FOR,DNK,RENEW
143545,28161,DID_NOT_VOTE,DNK,GREEN_EFA
143545,37312,FOR,DNK,SD
143545,96709,FOR,DNK,RENEW
143545,101585,DID_NOT_VOTE,DNK,SD
143545,124872,FOR,DNK,RENEW
143545,197515,FOR,DNK,EPP
143545,197555,FOR,DNK,RENEW
143545,197558,FOR,DNK,RENEW
143545,197567,DID_NOT_VOTE,DNK,RENEW
143545,197570,AGAINST,DNK,ID
143545,197571,FOR,DNK,GUE_NGL
143545,197573,FOR,DNK,GREEN_EFA
143545,199941,FOR,DNK,SD
143545,204331,FOR,DNK,RENEW
143644,28161,DID_NOT_VOTE,DNK,GREEN_EFA
143644,37312,FOR,DNK,SD
143644,96709,FOR,DNK,RENEW
143644,101585,DID_NOT_VOTE,DNK,SD
143644,124872,DID_NOT_VOTE,DNK,RENEW
143644,197515,FOR,DNK,EPP
143644,197555,FOR,DNK,RENEW
143644,197558,FOR,DNK,RENEW
143644,197567,FOR,DNK,RENEW
143644,197570,FOR,DNK,ID
143644,197571,ABSTENTION,DNK,GUE_NGL
143644,197573,FOR,DNK,GREEN_EFA
143644,199941,FOR,DNK,SD
143644,204331,DID_NOT_VOTE,DNK,RENEW
143645,28161,DID_NOT_VOTE,DNK,GREEN_EFA
143645,37312,FOR,DNK,SD
143645,96709,FOR,DNK,RENEW
143645,101585,DID_NOT_VOTE,DNK,SD
143645,124872,DID_NOT_VOTE,DNK,RENEW
143645,197515,FOR,DNK,EPP
143645,197555,FOR,DNK,RENEW
143645,197558,FOR,DNK,RENEW
143645,197567,FOR,DNK,RENEW
143645,197570,ABSTENTION,DNK,ID
143645,197571,AGAINST,DNK,GUE_NGL
143645,197573,FOR,DNK,GREEN_EFA
143645,199941,FOR,DNK,SD
143645,204331,FOR,DNK,RENEW
143647,28161,DID_NOT_VOTE,DNK,GREEN_EFA
143647,37312,FOR,DNK,SD
143647,96709,FOR,DNK,RENEW
143647,101585,DID_NOT_VOTE,DNK,SD
143647,124872,DID_NOT_VOTE,DNK,RENEW
143647,197515,FOR,DNK,EPP
143647,197555,FOR,DNK,RENEW
143647,197558,FOR,DNK,RENEW
143647,197567,AGAINST,DNK,RENEW
143647,197570,FOR,DNK,ID
143647,197571,AGAINST,DNK,GUE_NGL
143647,197573,AGAINST,DNK,GREEN_EFA
143647,199941,FOR,DNK,SD
143647,204331,FOR,DNK,RENEW
143652,28161,DID_NOT_VOTE,DNK,GREEN_EFA
143652,37312,FOR,DNK,SD
143652,96709,FOR,DNK,RENEW
143652,101585,DID_NOT_VOTE,DNK,SD
143652,124872,DID_NOT_VOTE,DNK,RENEW
143652,197515,ABSTENTION,DNK,EPP
143652,197555,ABSTENTION,DNK,RENEW
143652,197558,FOR,DNK,RENEW
143652,197567,FOR,DNK,RENEW
143652,197570,AGAINST,DNK,ID
143652,197571,ABSTENTION,DNK,GUE_NGL
143652,197573,FOR,DNK,GREEN_EFA
143652,199941,FOR,DNK,SD
143652,204331,FOR,DNK,RENEW
143671,28161,DID_NOT_VOTE,DNK,GREEN_EFA
143671,37312,FOR,DNK,SD
143671,96709,FOR,DNK,RENEW
143671,101585,DID_NOT_VOTE,DNK,SD
143671,124872,DID_NOT_VOTE,DNK,RENEW
143671,197515,FOR,DNK,EPP
143671,197555,FOR,DNK,RENEW
143671,197558,FOR,DNK,RENEW
143671,197567,FOR,DNK,RENEW
143671,197570,AGAINST,DNK,ID
143671,197571,AGAINST,DNK,GUE_NGL
143671,197573,FOR,DNK,GREEN_EFA
143671,199941,FOR,DNK,SD
143671,204331,FOR,DNK,RENEW
143672,28161,DID_NOT_VOTE,DNK,GREEN_EFA
143672,37312,AGAINST,DNK,SD
143672,96709,FOR,DNK,RENEW
143672,101585,DID_NOT_VOTE,DNK,SD
143672,124872,DID_NOT_VOTE,DNK,RENEW
143672,197515,FOR,DNK,EPP
143672,197555,FOR,DNK,RENEW
143672,197558,FOR,DNK,RENEW
143672,197567,FOR,DNK,RENEW
143672,197570,AGAINST,DNK,ID
143672,197571,FOR,DNK,GUE_NGL
143672,197573,FOR,DNK,GREEN_EFA
143672,199941,AGAINST,DNK,SD
143672,204331,FOR,DNK,RENEW
143694,28161,DID_NOT_VOTE,DNK,GREEN_EFA
143694,37312,FOR,DNK,SD
143694,96709,FOR,DNK,RENEW
143694,101585,DID_NOT_VOTE,DNK,SD
143694,124872,DID_NOT_VOTE,DNK,RENEW
143694,197515,FOR,DNK,EPP
143694,197555,FOR,DNK,RENEW
143694,197558,FOR,DNK,RENEW
143694,197567,FOR,DNK,RENEW
143694,197570,ABSTENTION,DNK,ID
143694,197571,FOR,DNK,GUE_NGL
143694,197573,FOR,DNK,GREEN_EFA
143694,199941,FOR,DNK,SD
143694,204331,FOR,DNK,RENEW
143696,28161,DID_NOT_VOTE,DNK,GREEN_EFA
143696,37312,FOR,DNK,SD
143696,96709,FOR,DNK,RENEW
143696,101585,DID_NOT_VOTE,DNK,SD
143696,124872,DID_NOT_VOTE,DNK,RENEW
143696,197515,FOR,DNK,EPP
143696,197555,FOR,DNK,RENEW
143696,197558,FOR,DNK,RENEW
143696,197567,FOR,DNK,RENEW
143696,197570,ABSTENTION,DNK,ID
143696,197571,ABSTENTION,DNK,GUE_NGL
143696,197573,FOR,DNK,GREEN_EFA
143696,199941,FOR,DNK,SD
143696,204331,FOR,DNK,RENEW
143699,28161,DID_NOT_VOTE,DNK,GREEN_EFA
143699,37312,AGAINST,DNK,SD
143699,96709,AGAINST,DNK,RENEW
143699,101585,DID_NOT_VOTE,DNK,SD
143699,124872,DID_NOT_VOTE,DNK,RENEW
143699,197515,FOR,DNK,EPP
143699,197555,AGAINST,DNK,RENEW
143699,197558,AGAINST,DNK,RENEW
143699,197567,FOR,DNK,RENEW
143699,197570,AGAINST,DNK,ID
143699,197571,FOR,DNK,GUE_NGL
143699,197573,DID_NOT_VOTE,DNK,GREEN_EFA
143699,199941,AGAINST,DNK,SD
143699,204331,AGAINST,DNK,RENEW
143708,28161,DID_NOT_VOTE,DNK,GREEN_EFA
143708,37312,FOR,DNK,SD
143708,96709,FOR,DNK,RENEW
143708,101585,DID_NOT_VOTE,DNK,SD
143708,124872,DID_NOT_VOTE,DNK,RENEW
143708,197515,FOR,DNK,EPP
143708,197555,FOR,DNK,RENEW
143708,197558,FOR,DNK,RENEW
143708,197567,FOR,DNK,RENEW
143708,197570,FOR,DNK,ID
143708,197571,FOR,DNK,GUE_NGL
143708,197573,FOR,DNK,GREEN_EFA
143708,199941,FOR,DNK,SD
143708,204331,FOR,DNK,RENEW
143725,28161,DID_NOT_VOTE,DNK,GREEN_EFA
143725,37312,FOR,DNK,SD
143725,96709,FOR,DNK,RENEW
143725,101585,DID_NOT_VOTE,DNK,SD
143725,124872,DID_NOT_VOTE,DNK,RENEW
143725,197515,FOR,DNK,EPP
143725,197555,FOR,DNK,RENEW
143725,197558,FOR,DNK,RENEW
143725,197567,FOR,DNK,RENEW
143725,197570,FOR,DNK,ID
143725,197571,FOR,DNK,GUE_NGL
143725,197573,DID_NOT_VOTE,DNK,GREEN_EFA
143725,199941,FOR,DNK,SD
143725,204331,FOR,DNK,RENEW
143769,28161,DID_NOT_VOTE,DNK,GREEN_EFA
143769,37312,ABSTENTION,DNK,SD
143769,96709,FOR,DNK,RENEW
143769,101585,DID_NOT_VOTE,DNK,SD
143769,124872,DID_NOT_VOTE,DNK,RENEW
143769,197515,FOR,DNK,EPP
143769,197555,FOR,DNK,RENEW
143769,197558,FOR,DNK,RENEW
143769,197567,FOR,DNK,RENEW
143769,197570,AGAINST,DNK,ID
143769,197571,AGAINST,DNK,GUE_NGL
143769,197573,ABSTENTION,DNK,GREEN_EFA
143769,199941,ABSTENTION,DNK,SD
143769,204331,FOR,DNK,RENEW
143830,28161,DID_NOT_VOTE,DNK,GREEN_EFA
143830,37312,FOR,DNK,SD
143830,96709,FOR,DNK,RENEW
143830,101585,DID_NOT_VOTE,DNK,SD
143830,124872,DID_NOT_VOTE,DNK,RENEW
143830,197515,FOR,DNK,EPP
143830,197555,FOR,DNK,RENEW
143830,197558,FOR,DNK,RENEW
143830,197567,FOR,DNK,RENEW
143830,197570,FOR,DNK,ID
143830,197571,ABSTENTION,DNK,GUE_NGL
143830,197573,FOR,DNK,GREEN_EFA
143830,199941,FOR,DNK,SD
143830,204331,FOR,DNK,RENEW
143854,28161,DID_NOT_VOTE,DNK,GREEN_EFA
143854,37312,FOR,DNK,SD
143854,96709,FOR,DNK,RENEW
143854,101585,DID_NOT_VOTE,DNK,SD
143854,124872,DID_NOT_VOTE,DNK,RENEW
143854,197515,FOR,DNK,EPP
143854,197555,FOR,DNK,RENEW
143854,197558,FOR,DNK,RENEW
143854,197567,FOR,DNK,RENEW
143854,197570,FOR,DNK,ID
143854,197571,FOR,DNK,GUE_NGL
143854,197573,FOR,DNK,GREEN_EFA
143854,199941,FOR,DNK,SD
143854,204331,FOR,DNK,RENEW
144009,28161,DID_NOT_VOTE,DNK,GREEN_EFA
144009,37312,FOR,DNK,SD
144009,96709,FOR,DNK,RENEW
144009,101585,DID_NOT_VOTE,DNK,SD
144009,124872,DID_NOT_VOTE,DNK,RENEW
144009,197515,AGAINST,DNK,EPP
144009,197555,FOR,DNK,RENEW
144009,197558,FOR,DNK,RENEW
144009,197567,FOR,DNK,RENEW
144009,197570,FOR,DNK,ID
144009,197571,FOR,DNK,GUE_NGL
144009,197573,FOR,DNK,GREEN_EFA
144009,199941,FOR,DNK,SD
144009,204331,FOR,DNK,RENEW
144283,28161,DID_NOT_VOTE,DNK,GREEN_EFA
144283,37312,AGAINST,DNK,SD
144283,96709,FOR,DNK,RENEW
144283,101585,DID_NOT_VOTE,DNK,SD
144283,124872,DID_NOT_VOTE,DNK,RENEW
144283,197515,FOR,DNK,EPP
144283,197555,FOR,DNK,RENEW
144283,197558,FOR,DNK,RENEW
144283,197567,FOR,DNK,RENEW
144283,197570,FOR,DNK,ID
144283,197571,AGAINST,DNK,GUE_NGL
144283,197573,AGAINST,DNK,GREEN_EFA
144283,199941,AGAINST,DNK,SD
144283,204331,FOR,DNK,RENEW
144501,28161,DID_NOT_VOTE,DNK,GREEN_EFA
144501,37312,FOR,DNK,SD
144501,96709,FOR,DNK,RENEW
144501,101585,DID_NOT_VOTE,DNK,SD
144501,124872,DID_NOT_VOTE,DNK,RENEW
144501,197515,FOR,DNK,EPP
144501,197555,ABSTENTION,DNK,RENEW
144501,197558,FOR,DNK,RENEW
144501,197567,FOR,DNK,RENEW
144501,197570,ABSTENTION,DNK,ID
144501,197571,ABSTENTION,DNK,GUE_NGL
144501,197573,FOR,DNK,GREEN_EFA
144501,199941,AGAINST,DNK,SD
144501,204331,FOR,DNK,RENEW
144701,28161,DID_NOT_VOTE,DNK,GREEN_EFA
144701,37312,FOR,DNK,SD
144701,96709,FOR,DNK,RENEW
144701,101585,DID_NOT_VOTE,DNK,SD
144701,124872,DID_NOT_VOTE,DNK,RENEW
144701,197515,FOR,DNK,EPP
144701,197555,FOR,DNK,RENEW
144701,197558,FOR,DNK,RENEW
144701,197567,DID_NOT_VOTE,DNK,RENEW
144701,197570,AGAINST,DNK,ID
144701,197571,FOR,DNK,GUE_NGL
144701,197573,FOR,DNK,GREEN_EFA
144701,199941,FOR,DNK,SD
144701,204331,FOR,DNK,RENEW
144789,28161,DID_NOT_VOTE,DNK,GREEN_EFA
144789,37312,FOR,DNK,SD
144789,96709,FOR,DNK,RENEW
144789,101585,DID_NOT_VOTE,DNK,SD
144789,124872,DID_NOT_VOTE,DNK,RENEW
144789,197515,FOR,DNK,EPP
144789,197555,FOR,DNK,RENEW
144789,197558,FOR,DNK,RENEW
144789,197567,FOR,DNK,RENEW
144789,197570,FOR,DNK,ID
144789,197571,FOR,DNK,GUE_NGL
144789,197573,FOR,DNK,GREEN_EFA
144789,199941,FOR,DNK,SD
144789,204331,FOR,DNK,RENEW
145254,28161,DID_NOT_VOTE,DNK,GREEN_EFA
145254,37312,FOR,DNK,SD
145254,96709,FOR,DNK,RENEW
145254,101585,FOR,DNK,SD
145254,124872,FOR,DNK,RENEW
145254,197515,FOR,DNK,EPP
145254,197555,FOR,DNK,RENEW
145254,197558,FOR,DNK,RENEW
145254,197567,FOR,DNK,RENEW
145254,197570,FOR,DNK,ID
145254,197571,FOR,DNK,GUE_NGL
145254,197573,FOR,DNK,GREEN_EFA
145254,199941,FOR,DNK,SD
145254,204331,FOR,DNK,RENEW
145484,28161,DID_NOT_VOTE,DNK,GREEN_EFA
145484,37312,FOR,DNK,SD
145484,96709,DID_NOT_VOTE,DNK,RENEW
145484,101585,DID_NOT_VOTE,DNK,SD
145484,124872,DID_NOT_VOTE,DNK,RENEW
145484,197515,FOR,DNK,EPP
145484,197555,FOR,DNK,RENEW
145484,197558,FOR,DNK,RENEW
145484,197567,FOR,DNK,RENEW
145484,197570,FOR,DNK,ID
145484,197571,FOR,DNK,GUE_NGL
145484,197573,DID_NOT_VOTE,DNK,GREEN_EFA
145484,199941,FOR,DNK,SD
145484,204331,DID_NOT_VOTE,DNK,RENEW
145654,28161,DID_NOT_VOTE,DNK,GREEN_EFA
145654,37312,AGAINST,DNK,SD
145654,96709,AGAINST,DNK,RENEW
145654,101585,DID_NOT_VOTE,DNK,SD
145654,124872,DID_NOT_VOTE,DNK,RENEW
145654,197515,FOR,DNK,EPP
145654,197555,AGAINST,DNK,RENEW
145654,197558,AGAINST,DNK,RENEW
145654,197567,FOR,DNK,RENEW
145654,197570,AGAINST,DNK,ID
145654,197571,ABSTENTION,DNK,GUE_NGL
145654,197573,DID_NOT_VOTE,DNK,GREEN_EFA
145654,199941,AGAINST,DNK,SD
145654,204331,AGAINST,DNK,RENEW
145672,28161,DID_NOT_VOTE,DNK,GREEN_EFA
145672,37312,FOR,DNK,SD
145672,96709,FOR,DNK,RENEW
145672,101585,DID_NOT_VOTE,DNK,SD
145672,124872,DID_NOT_VOTE,DNK,RENEW
145672,197515,FOR,DNK,EPP
145672,197555,FOR,DNK,RENEW
145672,197558,FOR,DNK,RENEW
145672,197567,FOR,DNK,RENEW
145672,197570,FOR,DNK,ID
145672,197571,FOR,DNK,GUE_NGL
145672,197573,DID_NOT_VOTE,DNK,GREEN_EFA
145672,199941,FOR,DNK,SD
145672,204331,FOR,DNK,RENEW
145778,28161,DID_NOT_VOTE,DNK,GREEN_EFA
145778,37312,FOR,DNK,SD
145778,96709,FOR,DNK,RENEW
145778,101585,DID_NOT_VOTE,DNK,SD
145778,124872,DID_NOT_VOTE,DNK,RENEW
145778,197515,FOR,DNK,EPP
145778,197555,FOR,DNK,RENEW
145778,197558,FOR,DNK,RENEW
145778,197567,FOR,DNK,RENEW
145778,197570,ABSTENTION,DNK,ID
145778,197571,FOR,DNK,GUE_NGL
145778,197573,DID_NOT_VOTE,DNK,GREEN_EFA
145778,199941,FOR,DNK,SD
145778,204331,FOR,DNK,RENEW
145781,28161,DID_NOT_VOTE,DNK,GREEN_EFA
145781,37312,ABSTENTION,DNK,SD
145781,96709,FOR,DNK,RENEW
145781,101585,DID_NOT_VOTE,DNK,SD
145781,124872,DID_NOT_VOTE,DNK,RENEW
145781,197515,FOR,DNK,EPP
145781,197555,FOR,DNK,RENEW
145781,197558,FOR,DNK,RENEW
145781,197567,FOR,DNK,RENEW
145781,197570,ABSTENTION,DNK,ID
145781,197571,FOR,DNK,GUE_NGL
145781,197573,DID_NOT_VOTE,DNK,GREEN_EFA
145781,199941,ABSTENTION,DNK,SD
145781,204331,FOR,DNK,RENEW
145821,28161,DID_NOT_VOTE,DNK,GREEN_EFA
145821,37312,FOR,DNK,SD
145821,96709,FOR,DNK,RENEW
145821,101585,FOR,DNK,SD
145821,124872,FOR,DNK,RENEW
145821,197515,FOR,DNK,EPP
145821,197555,FOR,DNK,RENEW
145821,197558,FOR,DNK,RENEW
145821,197567,FOR,DNK,RENEW
145821,197570,AGAINST,DNK,ID
145821,197571,FOR,DNK,GUE_NGL
145821,197573,FOR,DNK,GREEN_EFA
145821,199941,FOR,DNK,SD
145821,204331,FOR,DNK,RENEW
145843,28161,DID_NOT_VOTE,DNK,GREEN_EFA
145843,37312,FOR,DNK,SD
145843,96709,FOR,DNK,RENEW
145843,101585,FOR,DNK,SD
145843,124872,FOR,DNK,RENEW
145843,197515,FOR,DNK,EPP
145843,197555,FOR,DNK,RENEW
145843,197558,FOR,DNK,RENEW
145843,197567,FOR,DNK,RENEW
145843,197570,AGAINST,DNK,ID
145843,197571,FOR,DNK,GUE_NGL
145843,197573,FOR,DNK,GREEN_EFA
145843,199941,FOR,DNK,SD
145843,204331,FOR,DNK,RENEW
145862,28161,DID_NOT_VOTE,DNK,GREEN_EFA
145862,37312,FOR,DNK,SD
145862,96709,FOR,DNK,RENEW
145862,101585,FOR,DNK,SD
145862,124872,FOR,DNK,RENEW
145862,197515,FOR,DNK,EPP
145862,197555,ABSTENTION,DNK,RENEW
145862,197558,FOR,DNK,RENEW
145862,197567,FOR,DNK,RENEW
145862,197570,AGAINST,DNK,ID
145862,197571,FOR,DNK,GUE_NGL
145862,197573,FOR,DNK,GREEN_EFA
145862,199941,FOR,DNK,SD
145862,204331,FOR,DNK,RENEW
145865,28161,DID_NOT_VOTE,DNK,GREEN_EFA
145865,37312,FOR,DNK,SD
145865,96709,DID_NOT_VOTE,DNK,RENEW
145865,101585,FOR,DNK,SD
145865,124872,FOR,DNK,RENEW
145865,197515,FOR,DNK,EPP
145865,197555,FOR,DNK,RENEW
145865,197558,FOR,DNK,RENEW
145865,197567,FOR,DNK,RENEW
145865,197570,FOR,DNK,ID
145865,197571,FOR,DNK,GUE_NGL
145865,197573,FOR,DNK,GREEN_EFA
145865,199941,FOR,DNK,SD
145865,204331,FOR,DNK,RENEW
145868,28161,DID_NOT_VOTE,DNK,GREEN_EFA
145868,37312,ABSTENTION,DNK,SD
145868,96709,AGAINST,DNK,RENEW
145868,101585,ABSTENTION,DNK,SD
145868,124872,FOR,DNK,RENEW
145868,197515,FOR,DNK,EPP
145868,197555,AGAINST,DNK,RENEW
145868,197558,AGAINST,DNK,RENEW
145868,197567,FOR,DNK,RENEW
145868,197570,AGAINST,DNK,ID
145868,197571,FOR,DNK,GUE_NGL
145868,197573,FOR,DNK,GREEN_EFA
145868,199941,ABSTENTION,DNK,SD
145868,204331,AGAINST,DNK,RENEW
145872,28161,DID_NOT_VOTE,DNK,GREEN_EFA
145872,37312,FOR,DNK,SD
145872,96709,DID_NOT_VOTE,DNK,RENEW
145872,101585,FOR,DNK,SD
145872,124872,FOR,DNK,RENEW
145872,197515,FOR,DNK,EPP
145872,197555,FOR,DNK,RENEW
145872,197558,FOR,DNK,RENEW
145872,197567,FOR,DNK,RENEW
145872,197570,AGAINST,DNK,ID
145872,197571,FOR,DNK,GUE_NGL
145872,197573,FOR,DNK,GREEN_EFA
145872,199941,FOR,DNK,SD
145872,204331,FOR,DNK,RENEW
145876,28161,DID_NOT_VOTE,DNK,GREEN_EFA
145876,37312,FOR,DNK,SD
145876,96709,DID_NOT_VOTE,DNK,RENEW
145876,101585,FOR,DNK,SD
145876,124872,FOR,DNK,RENEW
145876,197515,FOR,DNK,EPP
145876,197555,FOR,DNK,RENEW
145876,197558,FOR,DNK,RENEW
145876,197567,FOR,DNK,RENEW
145876,197570,FOR,DNK,ID
145876,197571,FOR,DNK,GUE_NGL
145876,197573,FOR,DNK,GREEN_EFA
145876,199941,FOR,DNK,SD
145876,204331,FOR,DNK,RENEW
145973,28161,DID_NOT_VOTE,DNK,GREEN_EFA
145973,37312,FOR,DNK,SD
145973,96709,FOR,DNK,RENEW
145973,101585,FOR,DNK,SD
145973,124872,FOR,DNK,RENEW
145973,197515,FOR,DNK,EPP
145973,197555,FOR,DNK,RENEW
145973,197558,DID_NOT_VOTE,DNK,RENEW
145973,197567,FOR,DNK,RENEW
145973,197570,FOR,DNK,ID
145973,197571,AGAINST,DNK,GUE_NGL
145973,197573,FOR,DNK,GREEN_EFA
145973,199941,FOR,DNK,SD
145973,204331,FOR,DNK,RENEW
146052,28161,DID_NOT_VOTE,DNK,GREEN_EFA
146052,37312,FOR,DNK,SD
146052,96709,FOR,DNK,RENEW
146052,101585,FOR,DNK,SD
146052,124872,FOR,DNK,RENEW
146052,197515,FOR,DNK,EPP
146052,197555,FOR,DNK,RENEW
146052,197558,FOR,DNK,RENEW
146052,197567,FOR,DNK,RENEW
146052,197570,FOR,DNK,ID
146052,197571,FOR,DNK,GUE_NGL
146052,197573,ABSTENTION,DNK,GREEN_EFA
146052,199941,FOR,DNK,SD
146052,204331,FOR,DNK,RENEW
146053,28161,DID_NOT_VOTE,DNK,GREEN_EFA
146053,37312,FOR,DNK,SD
146053,96709,FOR,DNK,RENEW
146053,101585,FOR,DNK,SD
146053,124872,FOR,DNK,RENEW
146053,197515,FOR,DNK,EPP
146053,197555,FOR,DNK,RENEW
146053,197558,FOR,DNK,RENEW
146053,197567,FOR,DNK,RENEW
146053,197570,FOR,DNK,ID
146053,197571,FOR,DNK,GUE_NGL
146053,197573,FOR,DNK,GREEN_EFA
146053,199941,FOR,DNK,SD
146053,204331,FOR,DNK,RENEW
146303,28161,DID_NOT_VOTE,DNK,GREEN_EFA
146303,37312,FOR,DNK,SD
146303,96709,FOR,DNK,RENEW
146303,101585,FOR,DNK,SD
146303,124872,FOR,DNK,RENEW
146303,197515,FOR,DNK,EPP
146303,197555,FOR,DNK,RENEW
146303,197558,FOR,DNK,RENEW
146303,197567,FOR,DNK,RENEW
146303,197570,FOR,DNK,ID
146303,197571,FOR,DNK,GUE_NGL
146303,197573,FOR,DNK,GREEN_EFA
146303,199941,FOR,DNK,SD
146303,204331,ABSTENTION,DNK,RENEW
146304,28161,DID_NOT_VOTE,DNK,GREEN_EFA
146304,37312,FOR,DNK,SD
146304,96709,DID_NOT_VOTE,DNK,RENEW
146304,101585,FOR,DNK,SD
146304,124872,FOR,DNK,RENEW
146304,197515,FOR,DNK,EPP
146304,197555,FOR,DNK,RENEW
146304,197558,FOR,DNK,RENEW
146304,197567,FOR,DNK,RENEW
146304,197570,FOR,DNK,ID
146304,197571,FOR,DNK,GUE_NGL
146304,197573,FOR,DNK,GREEN_EFA
146304,199941,FOR,DNK,SD
146304,204331,FOR,DNK,RENEW
146307,28161,DID_NOT_VOTE,DNK,GREEN_EFA
146307,37312,FOR,DNK,SD
146307,96709,FOR,DNK,RENEW
146307,101585,FOR,DNK,SD
146307,124872,FOR,DNK,RENEW
146307,197515,FOR,DNK,EPP
146307,197555,FOR,DNK,RENEW
146307,197558,FOR,DNK,RENEW
146307,197567,FOR,DNK,RENEW
146307,197570,AGAINST,DNK,ID
146307,197571,FOR,DNK,GUE_NGL
146307,197573,FOR,DNK,GREEN_EFA
146307,199941,FOR,DNK,SD
146307,204331,ABSTENTION,DNK,RENEW
146315,28161,DID_NOT_VOTE,DNK,GREEN_EFA
146315,37312,FOR,DNK,SD
146315,96709,AGAINST,DNK,RENEW
146315,101585,FOR,DNK,SD
146315,124872,AGAINST,DNK,RENEW
146315,197515,AGAINST,DNK,EPP
146315,197555,AGAINST,DNK,RENEW
146315,197558,AGAINST,DNK,RENEW
146315,197567,FOR,DNK,RENEW
146315,197570,FOR,DNK,ID
146315,197571,FOR,DNK,GUE_NGL
146315,197573,FOR,DNK,GREEN_EFA
146315,199941,FOR,DNK,SD
146315,204331,AGAINST,DNK,RENEW
146342,28161,DID_NOT_VOTE,DNK,GREEN_EFA
146342,37312,FOR,DNK,SD
146342,96709,FOR,DNK,RENEW
146342,101585,FOR,DNK,SD
146342,124872,FOR,DNK,RENEW
146342,197515,FOR,DNK,EPP
146342,197555,FOR,DNK,RENEW
146342,197558,FOR,DNK,RENEW
146342,197567,FOR,DNK,RENEW
146342,197570,AGAINST,DNK,ID
146342,197571,FOR,DNK,GUE_NGL
146342,197573,FOR,DNK,GREEN_EFA
146342,199941,FOR,DNK,SD
146342,204331,FOR,DNK,RENEW
146356,28161,DID_NOT_VOTE,DNK,GREEN_EFA
146356,37312,FOR,DNK,SD
146356,96709,ABSTENTION,DNK,RENEW
146356,101585,FOR,DNK,SD
146356,124872,FOR,DNK,RENEW
146356,197515,FOR,DNK,EPP
146356,197555,ABSTENTION,DNK,RENEW
146356,197558,ABSTENTION,DNK,RENEW
146356,197567,FOR,DNK,RENEW
146356,197570,AGAINST,DNK,ID
146356,197571,FOR,DNK,GUE_NGL
146356,197573,FOR,DNK,GREEN_EFA
146356,199941,FOR,DNK,SD
146356,204331,FOR,DNK,RENEW
146357,28161,DID_NOT_VOTE,DNK,GREEN_EFA
146357,37312,FOR,DNK,SD
146357,96709,AGAINST,DNK,RENEW
146357,101585,FOR,DNK,SD
146357,124872,FOR,DNK,RENEW
146357,197515,ABSTENTION,DNK,EPP
146357,197555,AGAINST,DNK,RENEW
146357,197558,AGAINST,DNK,RENEW
146357,197567,FOR,DNK,RENEW
146357,197570,AGAINST,DNK,ID
146357,197571,FOR,DNK,GUE_NGL
146357,197573,FOR,DNK,GREEN_EFA
146357,199941,FOR,DNK,SD
146357,204331,AGAINST,DNK,RENEW
146358,28161,DID_NOT_VOTE,DNK,GREEN_EFA
146358,37312,FOR,DNK,SD
146358,96709,AGAINST,DNK,RENEW
146358,101585,FOR,DNK,SD
146358,124872,AGAINST,DNK,RENEW
146358,197515,AGAINST,DNK,EPP
146358,197555,AGAINST,DNK,RENEW
146358,197558,AGAINST,DNK,RENEW
146358,197567,FOR,DNK,RENEW
146358,197570,FOR,DNK,ID
146358,197571,FOR,DNK,GUE_NGL
146358,197573,FOR,DNK,GREEN_EFA
146358,199941,FOR,DNK,SD
146358,204331,AGAINST,DNK,RENEW
146461,28161,DID_NOT_VOTE,DNK,GREEN_EFA
146461,37312,FOR,DNK,SD
146461,96709,DID_NOT_VOTE,DNK,RENEW
146461,101585,FOR,DNK,SD
146461,124872,FOR,DNK,RENEW
146461,197515,FOR,DNK,EPP
146461,197555,FOR,DNK,RENEW
146461,197558,FOR,DNK,RENEW
146461,197567,FOR,DNK,RENEW
146461,197570,FOR,DNK,ID
146461,197571,FOR,DNK,GUE_NGL
146461,197573,FOR,DNK,GREEN_EFA
146461,199941,FOR,DNK,SD
146461,204331,FOR,DNK,RENEW
146523,28161,DID_NOT_VOTE,DNK,GREEN_EFA
146523,37312,FOR,DNK,SD
146523,96709,DID_NOT_VOTE,DNK,RENEW
146523,101585,FOR,DNK,SD
146523,124872,FOR,DNK,RENEW
146523,197515,FOR,DNK,EPP
146523,197555,FOR,DNK,RENEW
146523,197558,FOR,DNK,RENEW
146523,197567,FOR,DNK,RENEW
146523,197570,FOR,DNK,ID
146523,197571,AGAINST,DNK,GUE_NGL
146523,197573,AGAINST,DNK,GREEN_EFA
146523,199941,FOR,DNK,SD
146523,204331,FOR,DNK,RENEW
146551,28161,DID_NOT_VOTE,DNK,GREEN_EFA
146551,37312,FOR,DNK,SD
146551,96709,DID_NOT_VOTE,DNK,RENEW
146551,101585,FOR,DNK,SD
146551,124872,FOR,DNK,RENEW
146551,197515,FOR,DNK,EPP
146551,197555,FOR,DNK,RENEW
146551,197558,FOR,DNK,RENEW
146551,197567,FOR,DNK,RENEW
146551,197570,AGAINST,DNK,ID
146551,197571,FOR,DNK,GUE_NGL
146551,197573,FOR,DNK,GREEN_EFA
146551,199941,FOR,DNK,SD
146551,204331,FOR,DNK,RENEW
146583,28161,FOR,DNK,GREEN_EFA
146583,37312,FOR,DNK,SD
146583,96709,FOR,DNK,RENEW
146583,101585,FOR,DNK,SD
146583,124872,FOR,DNK,RENEW
146583,197515,FOR,DNK,EPP
146583,197555,FOR,DNK,RENEW
146583,197558,FOR,DNK,RENEW
146583,197567,FOR,DNK,RENEW
146583,197570,AGAINST,DNK,ID
146583,197571,FOR,DNK,GUE_NGL
146583,197573,FOR,DNK,GREEN_EFA
146583,199941,FOR,DNK,SD
146583,204331,FOR,DNK,RENEW
146585,28161,FOR,DNK,GREEN_EFA
146585,37312,ABSTENTION,DNK,SD
146585,96709,ABSTENTION,DNK,RENEW
146585,101585,ABSTENTION,DNK,SD
146585,124872,FOR,DNK,RENEW
146585,197515,FOR,DNK,EPP
146585,197555,ABSTENTION,DNK,RENEW
146585,197558,ABSTENTION,DNK,RENEW
146585,197567,FOR,DNK,RENEW
146585,197570,AGAINST,DNK,ID
146585,197571,ABSTENTION,DNK,GUE_NGL
146585,197573,FOR,DNK,GREEN_EFA
146585,199941,ABSTENTION,DNK,SD
146585,204331,ABSTENTION,DNK,RENEW
146588,28161,FOR,DNK,GREEN_EFA
146588,37312,FOR,DNK,SD
146588,96709,FOR,DNK,RENEW
146588,101585,FOR,DNK,SD
146588,124872,FOR,DNK,RENEW
146588,197515,FOR,DNK,EPP
146588,197555,FOR,DNK,RENEW
146588,197558,FOR,DNK,RENEW
146588,197567,FOR,DNK,RENEW
146588,197570,FOR,DNK,ID
146588,197571,FOR,DNK,GUE_NGL
146588,197573,FOR,DNK,GREEN_EFA
146588,199941,FOR,DNK,SD
146588,204331,DID_NOT_VOTE,DNK,RENEW
146601,28161,FOR,DNK,GREEN_EFA
146601,37312,FOR,DNK,SD
146601,96709,FOR,DNK,RENEW
146601,101585,FOR,DNK,SD
146601,124872,FOR,DNK,RENEW
146601,197515,FOR,DNK,EPP
146601,197555,FOR,DNK,RENEW
146601,197558,FOR,DNK,RENEW
146601,197567,FOR,DNK,RENEW
146601,197570,FOR,DNK,ID
146601,197571,FOR,DNK,GUE_NGL
146601,197573,FOR,DNK,GREEN_EFA
146601,199941,FOR,DNK,SD
146601,204331,DID_NOT_VOTE,DNK,RENEW
146605,28161,FOR,DNK,GREEN_EFA
146605,37312,FOR,DNK,SD
146605,96709,FOR,DNK,RENEW
146605,101585,FOR,DNK,SD
146605,124872,FOR,DNK,RENEW
146605,197515,FOR,DNK,EPP
146605,197555,FOR,DNK,RENEW
146605,197558,FOR,DNK,RENEW
146605,197567,FOR,DNK,RENEW
146605,197570,AGAINST,DNK,ID
146605,197571,FOR,DNK,GUE_NGL
146605,197573,FOR,DNK,GREEN_EFA
146605,199941,FOR,DNK,SD
146605,204331,FOR,DNK,RENEW
146606,28161,ABSTENTION,DNK,GREEN_EFA
146606,37312,FOR,DNK,SD
146606,96709,FOR,DNK,RENEW
146606,101585,FOR,DNK,SD
146606,124872,FOR,DNK,RENEW
146606,197515,FOR,DNK,EPP
146606,197555,FOR,DNK,RENEW
146606,197558,FOR,DNK,RENEW
146606,197567,FOR,DNK,RENEW
146606,197570,FOR,DNK,ID
146606,197571,AGAINST,DNK,GUE_NGL
146606,197573,ABSTENTION,DNK,GREEN_EFA
146606,199941,FOR,DNK,SD
146606,204331,FOR,DNK,RENEW
146612,28161,ABSTENTION,DNK,GREEN_EFA
146612,37312,FOR,DNK,SD
146612,96709,FOR,DNK,RENEW
146612,101585,FOR,DNK,SD
146612,124872,FOR,DNK,RENEW
146612,197515,FOR,DNK,EPP
146612,197555,ABSTENTION,DNK,RENEW
146612,197558,FOR,DNK,RENEW
146612,197567,FOR,DNK,RENEW
146612,197570,FOR,DNK,ID
146612,197571,AGAINST,DNK,GUE_NGL
146612,197573,ABSTENTION,DNK,GREEN_EFA
146612,199941,FOR,DNK,SD
146612,204331,FOR,DNK,RENEW
146613,28161,FOR,DNK,GREEN_EFA
146613,37312,FOR,DNK,SD
146613,96709,FOR,DNK,RENEW
146613,101585,FOR,DNK,SD
146613,124872,FOR,DNK,RENEW
146613,197515,ABSTENTION,DNK,EPP
146613,197555,FOR,DNK,RENEW
146613,197558,FOR,DNK,RENEW
146613,197567,FOR,DNK,RENEW
146613,197570,AGAINST,DNK,ID
146613,197571,FOR,DNK,GUE_NGL
146613,197573,FOR,DNK,GREEN_EFA
146613,199941,FOR,DNK,SD
146613,204331,FOR,DNK,RENEW
146620,28161,FOR,DNK,GREEN_EFA
146620,37312,FOR,DNK,SD
146620,96709,FOR,DNK,RENEW
146620,101585,FOR,DNK,SD
146620,124872,FOR,DNK,RENEW
146620,197515,FOR,DNK,EPP
146620,197555,FOR,DNK,RENEW
146620,197558,FOR,DNK,RENEW
146620,197567,FOR,DNK,RENEW
146620,197570,ABSTENTION,DNK,ID
146620,197571,FOR,DNK,GUE_NGL
146620,197573,FOR,DNK,GREEN_EFA
146620,199941,FOR,DNK,SD
146620,204331,DID_NOT_VOTE,DNK,RENEW
146621,28161,FOR,DNK,GREEN_EFA
146621,37312,FOR,DNK,SD
146621,96709,FOR,DNK,RENEW
146621,101585,FOR,DNK,SD
146621,124872,FOR,DNK,RENEW
146621,197515,FOR,DNK,EPP
146621,197555,FOR,DNK,RENEW
146621,197558,FOR,DNK,RENEW
146621,197567,FOR,DNK,RENEW
146621,197570,ABSTENTION,DNK,ID
146621,197571,FOR,DNK,GUE_NGL
146621,197573,FOR,DNK,GREEN_EFA
146621,199941,FOR,DNK,SD
146621,204331,FOR,DNK,RENEW
146625,28161,FOR,DNK,GREEN_EFA
146625,37312,FOR,DNK,SD
146625,96709,ABSTENTION,DNK,RENEW
146625,101585,FOR,DNK,SD
146625,124872,FOR,DNK,RENEW
146625,197515,ABSTENTION,DNK,EPP
146625,197555,ABSTENTION,DNK,RENEW
146625,197558,ABSTENTION,DNK,RENEW
146625,197567,FOR,DNK,RENEW
146625,197570,ABSTENTION,DNK,ID
146625,197571,FOR,DNK,GUE_NGL
146625,197573,FOR,DNK,GREEN_EFA
146625,199941,FOR,DNK,SD
146625,204331,ABSTENTION,DNK,RENEW
146626,28161,FOR,DNK,GREEN_EFA
146626,37312,FOR,DNK,SD
146626,96709,FOR,DNK,RENEW
146626,101585,FOR,DNK,SD
146626,124872,FOR,DNK,RENEW
146626,197515,DID_NOT_VOTE,DNK,EPP
146626,197555,FOR,DNK,RENEW
146626,197558,FOR,DNK,RENEW
146626,197567,AGAINST,DNK,RENEW
146626,197570,ABSTENTION,DNK,ID
146626,197571,FOR,DNK,GUE_NGL
146626,197573,FOR,DNK,GREEN_EFA
146626,199941,FOR,DNK,SD
146626,204331,DID_NOT_VOTE,DNK,RENEW
146649,28161,FOR,DNK,GREEN_EFA
146649,37312,FOR,DNK,SD
146649,96709,FOR,DNK,RENEW
146649,101585,FOR,DNK,SD
146649,124872,FOR,DNK,RENEW
146649,197515,FOR,DNK,EPP
146649,197555,FOR,DNK,RENEW
146649,197558,FOR,DNK,RENEW
146649,197567,FOR,DNK,RENEW
146649,197570,FOR,DNK,ID
146649,197571,FOR,DNK,GUE_NGL
146649,197573,FOR,DNK,GREEN_EFA
146649,199941,FOR,DNK,SD
146649,204331,FOR,DNK,RENEW
146661,28161,FOR,DNK,GREEN_EFA
146661,37312,FOR,DNK,SD
146661,96709,FOR,DNK,RENEW
146661,101585,FOR,DNK,SD
146661,124872,FOR,DNK,RENEW
146661,197515,FOR,DNK,EPP
146661,197555,FOR,DNK,RENEW
146661,197558,FOR,DNK,RENEW
146661,197567,FOR,DNK,RENEW
146661,197570,AGAINST,DNK,ID
146661,197571,AGAINST,DNK,GUE_NGL
146661,197573,FOR,DNK,GREEN_EFA
146661,199941,FOR,DNK,SD
146661,204331,FOR,DNK,RENEW
146707,28161,FOR,DNK,GREEN_EFA
146707,37312,FOR,DNK,SD
146707,96709,FOR,DNK,RENEW
146707,101585,FOR,DNK,SD
146707,124872,FOR,DNK,RENEW
146707,197515,FOR,DNK,EPP
146707,197555,FOR,DNK,RENEW
146707,197558,FOR,DNK,RENEW
146707,197567,FOR,DNK,RENEW
146707,197570,AGAINST,DNK,ID
146707,197571,FOR,DNK,GUE_NGL
146707,197573,FOR,DNK,GREEN_EFA
146707,199941,FOR,DNK,SD
146707,204331,DID_NOT_VOTE,DNK,RENEW
146723,28161,FOR,DNK,GREEN_EFA
146723,37312,FOR,DNK,SD
146723,96709,FOR,DNK,RENEW
146723,101585,FOR,DNK,SD
146723,124872,FOR,DNK,RENEW
146723,197515,FOR,DNK,EPP
146723,197555,FOR,DNK,RENEW
146723,197558,FOR,DNK,RENEW
146723,197567,FOR,DNK,RENEW
146723,197570,FOR,DNK,ID
146723,197571,FOR,DNK,GUE_NGL
146723,197573,FOR,DNK,GREEN_EFA
146723,199941,FOR,DNK,SD
146723,204331,FOR,DNK,RENEW
146758,28161,FOR,DNK,GREEN_EFA
146758,37312,FOR,DNK,SD
146758,96709,ABSTENTION,DNK,RENEW
146758,101585,FOR,DNK,SD
146758,124872,FOR,DNK,RENEW
146758,197515,ABSTENTION,DNK,EPP
146758,197555,ABSTENTION,DNK,RENEW
146758,197558,ABSTENTION,DNK,RENEW
146758,197567,FOR,DNK,RENEW
146758,197570,AGAINST,DNK,ID
146758,197571,FOR,DNK,GUE_NGL
146758,197573,FOR,DNK,GREEN_EFA
146758,199941,FOR,DNK,SD
146758,204331,ABSTENTION,DNK,RENEW
146760,28161,FOR,DNK,GREEN_EFA
146760,37312,FOR,DNK,SD
146760,96709,FOR,DNK,RENEW
146760,101585,FOR,DNK,SD
146760,124872,FOR,DNK,RENEW
146760,197515,FOR,DNK,EPP
146760,197555,FOR,DNK,RENEW
146760,197558,FOR,DNK,RENEW
146760,197567,FOR,DNK,RENEW
146760,197570,FOR,DNK,ID
146760,197571,ABSTENTION,DNK,GUE_NGL
146760,197573,FOR,DNK,GREEN_EFA
146760,199941,FOR,DNK,SD
146760,204331,FOR,DNK,RENEW
146761,28161,ABSTENTION,DNK,GREEN_EFA
146761,37312,FOR,DNK,SD
146761,96709,FOR,DNK,RENEW
146761,101585,FOR,DNK,SD
146761,124872,FOR,DNK,RENEW
146761,197515,FOR,DNK,EPP
146761,197555,FOR,DNK,RENEW
146761,197558,FOR,DNK,RENEW
146761,197567,FOR,DNK,RENEW
146761,197570,ABSTENTION,DNK,ID
146761,197571,AGAINST,DNK,GUE_NGL
146761,197573,ABSTENTION,DNK,GREEN_EFA
146761,199941,FOR,DNK,SD
146761,204331,FOR,DNK,RENEW
146836,28161,FOR,DNK,GREEN_EFA
146836,37312,FOR,DNK,SD
146836,96709,FOR,DNK,RENEW
146836,101585,FOR,DNK,SD
146836,124872,FOR,DNK,RENEW
146836,197515,FOR,DNK,EPP
146836,197555,FOR,DNK,RENEW
146836,197558,FOR,DNK,RENEW
146836,197567,DID_NOT_VOTE,DNK,RENEW
146836,197570,ABSTENTION,DNK,ID
146836,197571,FOR,DNK,GUE_NGL
146836,197573,FOR,DNK,GREEN_EFA
146836,199941,FOR,DNK,SD
146836,204331,FOR,DNK,RENEW
146883,28161,ABSTENTION,DNK,GREEN_EFA
146883,37312,AGAINST,DNK,SD
146883,96709,FOR,DNK,RENEW
146883,101585,AGAINST,DNK,SD
146883,124872,FOR,DNK,RENEW
146883,197515,FOR,DNK,EPP
146883,197555,FOR,DNK,RENEW
146883,197558,FOR,DNK,RENEW
146883,197567,FOR,DNK,RENEW
146883,197570,FOR,DNK,ID
146883,197571,AGAINST,DNK,GUE_NGL
146883,197573,ABSTENTION,DNK,GREEN_EFA
146883,199941,AGAINST,DNK,SD
146883,204331,DID_NOT_VOTE,DNK,RENEW
146888,28161,DID_NOT_VOTE,DNK,GREEN_EFA
146888,37312,FOR,DNK,SD
146888,96709,ABSTENTION,DNK,RENEW
146888,101585,FOR,DNK,SD
146888,124872,AGAINST,DNK,RENEW
146888,197515,AGAINST,DNK,EPP
146888,197555,AGAINST,DNK,RENEW
146888,197558,ABSTENTION,DNK,RENEW
146888,197567,FOR,DNK,RENEW
146888,197570,FOR,DNK,ID
146888,197571,FOR,DNK,GUE_NGL
146888,197573,FOR,DNK,GREEN_EFA
146888,199941,FOR,DNK,SD
146888,204331,FOR,DNK,RENEW
147005,28161,FOR,DNK,GREEN_EFA
147005,37312,FOR,DNK,SD
147005,96709,FOR,DNK,RENEW
147005,101585,FOR,DNK,SD
147005,124872,FOR,DNK,RENEW
147005,197515,FOR,DNK,EPP
147005,197555,FOR,DNK,RENEW
147005,197558,FOR,DNK,RENEW
147005,197567,FOR,DNK,RENEW
147005,197570,AGAINST,DNK,ID
147005,197571,FOR,DNK,GUE_NGL
147005,197573,FOR,DNK,GREEN_EFA
147005,199941,FOR,DNK,SD
147005,204331,FOR,DNK,RENEW
147026,28161,FOR,DNK,GREEN_EFA
147026,37312,FOR,DNK,SD
147026,96709,FOR,DNK,RENEW
147026,101585,FOR,DNK,SD
147026,124872,FOR,DNK,RENEW
147026,197515,FOR,DNK,EPP
147026,197555,FOR,DNK,RENEW
147026,197558,FOR,DNK,RENEW
147026,197567,AGAINST,DNK,RENEW
147026,197570,FOR,DNK,ID
147026,197571,FOR,DNK,GUE_NGL
147026,197573,FOR,DNK,GREEN_EFA
147026,199941,FOR,DNK,SD
147026,204331,FOR,DNK,RENEW
147044,28161,FOR,DNK,GREEN_EFA
147044,37312,FOR,DNK,SD
147044,96709,FOR,DNK,RENEW
147044,101585,FOR,DNK,SD
147044,124872,FOR,DNK,RENEW
147044,197515,ABSTENTION,DNK,EPP
147044,197555,ABSTENTION,DNK,RENEW
147044,197558,FOR,DNK,RENEW
147044,197567,FOR,DNK,RENEW
147044,197570,AGAINST,DNK,ID
147044,197571,FOR,DNK,GUE_NGL
147044,197573,FOR,DNK,GREEN_EFA
147044,199941,FOR,DNK,SD
147044,204331,FOR,DNK,RENEW
147045,28161,FOR,DNK,GREEN_EFA
147045,37312,FOR,DNK,SD
147045,96709,AGAINST,DNK,RENEW
147045,101585,FOR,DNK,SD
147045,124872,FOR,DNK,RENEW
147045,197515,AGAINST,DNK,EPP
147045,197555,AGAINST,DNK,RENEW
147045,197558,AGAINST,DNK,RENEW
147045,197567,AGAINST,DNK,RENEW
147045,197570,FOR,DNK,ID
147045,197571,FOR,DNK,GUE_NGL
147045,197573,FOR,DNK,GREEN_EFA
147045,199941,FOR,DNK,SD
147045,204331,AGAINST,DNK,RENEW
147047,28161,FOR,DNK,GREEN_EFA
147047,37312,FOR,DNK,SD
147047,96709,FOR,DNK,RENEW
147047,101585,FOR,DNK,SD
147047,124872,FOR,DNK,RENEW
147047,197515,FOR,DNK,EPP
147047,197555,FOR,DNK,RENEW
147047,197558,DID_NOT_VOTE,DNK,RENEW
147047,197567,FOR,DNK,RENEW
147047,197570,FOR,DNK,ID
147047,197571,FOR,DNK,GUE_NGL
147047,197573,FOR,DNK,GREEN_EFA
147047,199941,FOR,DNK,SD
147047,204331,DID_NOT_VOTE,DNK,RENEW
147230,28161,FOR,DNK,GREEN_EFA
147230,37312,FOR,DNK,SD
147230,96709,FOR,DNK,RENEW
147230,101585,FOR,DNK,SD
147230,124872,FOR,DNK,RENEW
147230,197515,ABSTENTION,DNK,EPP
147230,197555,FOR,DNK,RENEW
147230,197558,FOR,DNK,RENEW
147230,197567,FOR,DNK,RENEW
147230,197570,ABSTENTION,DNK,ID
147230,197571,FOR,DNK,GUE_NGL
147230,197573,FOR,DNK,GREEN_EFA
147230,199941,FOR,DNK,SD
147230,204331,DID_NOT_VOTE,DNK,RENEW
147248,28161,FOR,DNK,GREEN_EFA
147248,37312,FOR,DNK,SD
147248,96709,FOR,DNK,RENEW
147248,101585,FOR,DNK,SD
147248,124872,FOR,DNK,RENEW
147248,197515,FOR,DNK,EPP
147248,197555,FOR,DNK,RENEW
147248,197558,DID_NOT_VOTE,DNK,RENEW
147248,197567,FOR,DNK,RENEW
147248,197570,FOR,DNK,ID
147248,197571,FOR,DNK,GUE_NGL
147248,197573,FOR,DNK,GREEN_EFA
147248,199941,FOR,DNK,SD
147248,204331,DID_NOT_VOTE,DNK,RENEW
147261,28161,FOR,DNK,GREEN_EFA
147261,37312,FOR,DNK,SD
147261,96709,FOR,DNK,RENEW
147261,101585,FOR,DNK,SD
147261,124872,FOR,DNK,RENEW
147261,197515,FOR,DNK,EPP
147261,197555,FOR,DNK,RENEW
147261,197558,FOR,DNK,RENEW
147261,197567,FOR,DNK,RENEW
147261,197570,ABSTENTION,DNK,ID
147261,197571,FOR,DNK,GUE_NGL
147261,197573,FOR,DNK,GREEN_EFA
147261,199941,FOR,DNK,SD
147261,204331,DID_NOT_VOTE,DNK,RENEW
147305,28161,FOR,DNK,GREEN_EFA
147305,37312,FOR,DNK,SD
147305,96709,DID_NOT_VOTE,DNK,RENEW
147305,101585,FOR,DNK,SD
147305,124872,FOR,DNK,RENEW
147305,197515,ABSTENTION,DNK,EPP
147305,197555,DID_NOT_VOTE,DNK,RENEW
147305,197558,FOR,DNK,RENEW
147305,197567,FOR,DNK,RENEW
147305,197570,ABSTENTION,DNK,ID
147305,197571,FOR,DNK,GUE_NGL
147305,197573,FOR,DNK,GREEN_EFA
147305,199941,FOR,DNK,SD
147305,204331,DID_NOT_VOTE,DNK,RENEW
147342,28161,AGAINST,DNK,GREEN_EFA
147342,37312,AGAINST,DNK,SD
147342,96709,DID_NOT_VOTE,DNK,RENEW
147342,101585,AGAINST,DNK,SD
147342,124872,ABSTENTION,DNK,RENEW
147342,197515,AGAINST,DNK,EPP
147342,197555,AGAINST,DNK,RENEW
147342,197558,AGAINST,DNK,RENEW
147342,197567,FOR,DNK,RENEW
147342,197570,AGAINST,DNK,ID
147342,197571,DID_NOT_VOTE,DNK,GUE_NGL
147342,197573,AGAINST,DNK,GREEN_EFA
147342,199941,AGAINST,DNK,SD
147342,204331,DID_NOT_VOTE,DNK,RENEW
147343,28161,AGAINST,DNK,GREEN_EFA
147343,37312,FOR,DNK,SD
147343,96709,FOR,DNK,RENEW
147343,101585,FOR,DNK,SD
147343,124872,FOR,DNK,RENEW
147343,197515,FOR,DNK,EPP
147343,197555,FOR,DNK,RENEW
147343,197558,FOR,DNK,RENEW
147343,197567,ABSTENTION,DNK,RENEW
147343,197570,ABSTENTION,DNK,ID
147343,197571,DID_NOT_VOTE,DNK,GUE_NGL
147343,197573,AGAINST,DNK,GREEN_EFA
147343,199941,FOR,DNK,SD
147343,204331,DID_NOT_VOTE,DNK,RENEW
147369,28161,FOR,DNK,GREEN_EFA
147369,37312,FOR,DNK,SD
147369,96709,DID_NOT_VOTE,DNK,RENEW
147369,101585,FOR,DNK,SD
147369,124872,FOR,DNK,RENEW
147369,197515,FOR,DNK,EPP
147369,197555,ABSTENTION,DNK,RENEW
147369,197558,ABSTENTION,DNK,RENEW
147369,197567,FOR,DNK,RENEW
147369,197570,AGAINST,DNK,ID
147369,197571,DID_NOT_VOTE,DNK,GUE_NGL
147369,197573,FOR,DNK,GREEN_EFA
147369,199941,FOR,DNK,SD
147369,204331,DID_NOT_VOTE,DNK,RENEW
147370,28161,FOR,DNK,GREEN_EFA
147370,37312,FOR,DNK,SD
147370,96709,FOR,DNK,RENEW
147370,101585,FOR,DNK,SD
147370,124872,FOR,DNK,RENEW
147370,197515,FOR,DNK,EPP
147370,197555,FOR,DNK,RENEW
147370,197558,FOR,DNK,RENEW
147370,197567,FOR,DNK,RENEW
147370,197570,ABSTENTION,DNK,ID
147370,197571,DID_NOT_VOTE,DNK,GUE_NGL
147370,197573,FOR,DNK,GREEN_EFA
147370,199941,FOR,DNK,SD
147370,204331,DID_NOT_VOTE,DNK,RENEW
147371,28161,FOR,DNK,GREEN_EFA
147371,37312,AGAINST,DNK,SD
147371,96709,DID_NOT_VOTE,DNK,RENEW
147371,101585,AGAINST,DNK,SD
147371,124872,FOR,DNK,RENEW
147371,197515,FOR,DNK,EPP
147371,197555,FOR,DNK,RENEW
147371,197558,FOR,DNK,RENEW
147371,197567,FOR,DNK,RENEW
147371,197570,ABSTENTION,DNK,ID
147371,197571,DID_NOT_VOTE,DNK,GUE_NGL
147371,197573,FOR,DNK,GREEN_EFA
147371,199941,AGAINST,DNK,SD
147371,204331,DID_NOT_VOTE,DNK,RENEW
147372,28161,FOR,DNK,GREEN_EFA
147372,37312,AGAINST,DNK,SD
147372,96709,DID_NOT_VOTE,DNK,RENEW
147372,101585,AGAINST,DNK,SD
147372,124872,FOR,DNK,RENEW
147372,197515,FOR,DNK,EPP
147372,197555,FOR,DNK,RENEW
147372,197558,FOR,DNK,RENEW
147372,197567,FOR,DNK,RENEW
147372,197570,AGAINST,DNK,ID
147372,197571,DID_NOT_VOTE,DNK,GUE_NGL
147372,197573,FOR,DNK,GREEN_EFA
147372,199941,AGAINST,DNK,SD
147372,204331,DID_NOT_VOTE,DNK,RENEW
147411,28161,FOR,DNK,GREEN_EFA
147411,37312,AGAINST,DNK,SD
147411,96709,DID_NOT_VOTE,DNK,RENEW
147411,101585,AGAINST,DNK,SD
147411,124872,FOR,DNK,RENEW
147411,197515,FOR,DNK,EPP
147411,197555,ABSTENTION,DNK,RENEW
147411,197558,ABSTENTION,DNK,RENEW
147411,197567,AGAINST,DNK,RENEW
147411,197570,AGAINST,DNK,ID
147411,197571,DID_NOT_VOTE,DNK,GUE_NGL
147411,197573,FOR,DNK,GREEN_EFA
147411,199941,AGAINST,DNK,SD
147411,204331,DID_NOT_VOTE,DNK,RENEW
147414,28161,ABSTENTION,DNK,GREEN_EFA
147414,37312,FOR,DNK,SD
147414,96709,FOR,DNK,RENEW
147414,101585,FOR,DNK,SD
147414,124872,FOR,DNK,RENEW
147414,197515,FOR,DNK,EPP
147414,197555,FOR,DNK,RENEW
147414,197558,FOR,DNK,RENEW
147414,197567,FOR,DNK,RENEW
147414,197570,ABSTENTION,DNK,ID
147414,197571,DID_NOT_VOTE,DNK,GUE_NGL
147414,197573,ABSTENTION,DNK,GREEN_EFA
147414,199941,FOR,DNK,SD
147414,204331,DID_NOT_VOTE,DNK,RENEW
147456,28161,FOR,DNK,GREEN_EFA
147456,37312,FOR,DNK,SD
147456,96709,DID_NOT_VOTE,DNK,RENEW
147456,101585,FOR,DNK,SD
147456,124872,FOR,DNK,RENEW
147456,197515,FOR,DNK,EPP
147456,197555,FOR,DNK,RENEW
147456,197558,FOR,DNK,RENEW
147456,197567,FOR,DNK,RENEW
147456,197570,ABSTENTION,DNK,ID
147456,197571,DID_NOT_VOTE,DNK,GUE_NGL
147456,197573,FOR,DNK,GREEN_EFA
147456,199941,FOR,DNK,SD
147456,204331,DID_NOT_VOTE,DNK,RENEW
147457,28161,ABSTENTION,DNK,GREEN_EFA
147457,37312,FOR,DNK,SD
147457,96709,FOR,DNK,RENEW
147457,101585,FOR,DNK,SD
147457,124872,FOR,DNK,RENEW
147457,197515,FOR,DNK,EPP
147457,197555,FOR,DNK,RENEW
147457,197558,DID_NOT_VOTE,DNK,RENEW
147457,197567,FOR,DNK,RENEW
147457,197570,FOR,DNK,ID
147457,197571,DID_NOT_VOTE,DNK,GUE_NGL
147457,197573,FOR,DNK,GREEN_EFA
147457,199941,FOR,DNK,SD
147457,204331,DID_NOT_VOTE,DNK,RENEW
147458,28161,FOR,DNK,GREEN_EFA
147458,37312,AGAINST,DNK,SD
147458,96709,ABSTENTION,DNK,RENEW
147458,101585,AGAINST,DNK,SD
147458,124872,FOR,DNK,RENEW
147458,197515,FOR,DNK,EPP
147458,197555,AGAINST,DNK,RENEW
147458,197558,AGAINST,DNK,RENEW
147458,197567,FOR,DNK,RENEW
147458,197570,AGAINST,DNK,ID
147458,197571,DID_NOT_VOTE,DNK,GUE_NGL
147458,197573,FOR,DNK,GREEN_EFA
147458,199941,AGAINST,DNK,SD
147458,204331,DID_NOT_VOTE,DNK,RENEW
147459,28161,FOR,DNK,GREEN_EFA
147459,37312,FOR,DNK,SD
147459,96709,FOR,DNK,RENEW
147459,101585,FOR,DNK,SD
147459,124872,FOR,DNK,RENEW
147459,197515,FOR,DNK,EPP
147459,197555,FOR,DNK,RENEW
147459,197558,FOR,DNK,RENEW
147459,197567,FOR,DNK,RENEW
147459,197570,AGAINST,DNK,ID
147459,197571,DID_NOT_VOTE,DNK,GUE_NGL
147459,197573,ABSTENTION,DNK,GREEN_EFA
147459,199941,FOR,DNK,SD
147459,204331,DID_NOT_VOTE,DNK,RENEW
147460,28161,FOR,DNK,GREEN_EFA
147460,37312,FOR,DNK,SD
147460,96709,FOR,DNK,RENEW
147460,101585,FOR,DNK,SD
147460,124872,FOR,DNK,RENEW
147460,197515,FOR,DNK,EPP
147460,197555,FOR,DNK,RENEW
147460,197558,FOR,DNK,RENEW
147460,197567,FOR,DNK,RENEW
147460,197570,FOR,DNK,ID
147460,197571,DID_NOT_VOTE,DNK,GUE_NGL
147460,197573,FOR,DNK,GREEN_EFA
147460,199941,FOR,DNK,SD
147460,204331,DID_NOT_VOTE,DNK,RENEW
147461,28161,FOR,DNK,GREEN_EFA
147461,37312,FOR,DNK,SD
147461,96709,FOR,DNK,RENEW
147461,101585,FOR,DNK,SD
147461,124872,FOR,DNK,RENEW
147461,197515,FOR,DNK,EPP
147461,197555,FOR,DNK,RENEW
147461,197558,FOR,DNK,RENEW
147461,197567,FOR,DNK,RENEW
147461,197570,FOR,DNK,ID
147461,197571,DID_NOT_VOTE,DNK,GUE_NGL
147461,197573,FOR,DNK,GREEN_EFA
147461,199941,FOR,DNK,SD
147461,204331,DID_NOT_VOTE,DNK,RENEW
147502,28161,FOR,DNK,GREEN_EFA
147502,37312,FOR,DNK,SD
147502,96709,FOR,DNK,RENEW
147502,101585,FOR,DNK,SD
147502,124872,FOR,DNK,RENEW
147502,197515,FOR,DNK,EPP
147502,197555,FOR,DNK,RENEW
147502,197558,FOR,DNK,RENEW
147502,197567,FOR,DNK,RENEW
147502,197570,ABSTENTION,DNK,ID
147502,197571,DID_NOT_VOTE,DNK,GUE_NGL
147502,197573,FOR,DNK,GREEN_EFA
147502,199941,FOR,DNK,SD
147502,204331,DID_NOT_VOTE,DNK,RENEW
147521,28161,FOR,DNK,GREEN_EFA
147521,37312,FOR,DNK,SD
147521,96709,DID_NOT_VOTE,DNK,RENEW
147521,101585,FOR,DNK,SD
147521,124872,FOR,DNK,RENEW
147521,197515,FOR,DNK,EPP
147521,197555,FOR,DNK,RENEW
147521,197558,FOR,DNK,RENEW
147521,197567,FOR,DNK,RENEW
147521,197570,ABSTENTION,DNK,ID
147521,197571,DID_NOT_VOTE,DNK,GUE_NGL
147521,197573,FOR,DNK,GREEN_EFA
147521,199941,FOR,DNK,SD
147521,204331,DID_NOT_VOTE,DNK,RENEW
147522,28161,FOR,DNK,GREEN_EFA
147522,37312,FOR,DNK,SD
147522,96709,FOR,DNK,RENEW
147522,101585,FOR,DNK,SD
147522,124872,FOR,DNK,RENEW
147522,197515,FOR,DNK,EPP
147522,197555,FOR,DNK,RENEW
147522,197558,FOR,DNK,RENEW
147522,197567,FOR,DNK,RENEW
147522,197570,AGAINST,DNK,ID
147522,197571,DID_NOT_VOTE,DNK,GUE_NGL
147522,197573,FOR,DNK,GREEN_EFA
147522,199941,FOR,DNK,SD
147522,204331,DID_NOT_VOTE,DNK,RENEW
147523,28161,FOR,DNK,GREEN_EFA
147523,37312,FOR,DNK,SD
147523,96709,FOR,DNK,RENEW
147523,101585,FOR,DNK,SD
147523,124872,FOR,DNK,RENEW
147523,197515,FOR,DNK,EPP
147523,197555,FOR,DNK,RENEW
147523,197558,FOR,DNK,RENEW
147523,197567,FOR,DNK,RENEW
147523,197570,AGAINST,DNK,ID
147523,197571,DID_NOT_VOTE,DNK,GUE_NGL
147523,197573,FOR,DNK,GREEN_EFA
147523,199941,FOR,DNK,SD
147523,204331,DID_NOT_VOTE,DNK,RENEW
147524,28161,FOR,DNK,GREEN_EFA
147524,37312,FOR,DNK,SD
147524,96709,DID_NOT_VOTE,DNK,RENEW
147524,101585,FOR,DNK,SD
147524,124872,FOR,DNK,RENEW
147524,197515,FOR,DNK,EPP
147524,197555,FOR,DNK,RENEW
147524,197558,FOR,DNK,RENEW
147524,197567,FOR,DNK,RENEW
147524,197570,FOR,DNK,ID
147524,197571,DID_NOT_VOTE,DNK,GUE_NGL
147524,197573,FOR,DNK,GREEN_EFA
147524,199941,FOR,DNK,SD
147524,204331,DID_NOT_VOTE,DNK,RENEW
147557,28161,FOR,DNK,GREEN_EFA
147557,37312,FOR,DNK,SD
147557,96709,DID_NOT_VOTE,DNK,RENEW
147557,101585,FOR,DNK,SD
147557,124872,FOR,DNK,RENEW
147557,197515,FOR,DNK,EPP
147557,197555,FOR,DNK,RENEW
147557,197558,FOR,DNK,RENEW
147557,197567,FOR,DNK,RENEW
147557,197570,FOR,DNK,ID
147557,197571,DID_NOT_VOTE,DNK,GUE_NGL
147557,197573,FOR,DNK,GREEN_EFA
147557,199941,FOR,DNK,SD
147557,204331,DID_NOT_VOTE,DNK,RENEW
147705,28161,FOR,DNK,GREEN_EFA
147705,37312,FOR,DNK,SD
147705,96709,DID_NOT_VOTE,DNK,RENEW
147705,101585,FOR,DNK,SD
147705,124872,FOR,DNK,RENEW
147705,197515,FOR,DNK,EPP
147705,197555,FOR,DNK,RENEW
147705,197558,FOR,DNK,RENEW
147705,197567,FOR,DNK,RENEW
147705,197570,FOR,DNK,ID
147705,197571,DID_NOT_VOTE,DNK,GUE_NGL
147705,197573,FOR,DNK,GREEN_EFA
147705,199941,FOR,DNK,SD
147705,204331,DID_NOT_VOTE,DNK,RENEW
148176,28161,FOR,DNK,GREEN_EFA
148176,37312,FOR,DNK,SD
148176,96709,DID_NOT_VOTE,DNK,RENEW
148176,101585,FOR,DNK,SD
148176,124872,FOR,DNK,RENEW
148176,197515,FOR,DNK,EPP
148176,197555,FOR,DNK,RENEW
148176,197558,FOR,DNK,RENEW
148176,197567,FOR,DNK,RENEW
148176,197570,FOR,DNK,ID
148176,197571,DID_NOT_VOTE,DNK,GUE_NGL
148176,197573,FOR,DNK,GREEN_EFA
148176,199941,FOR,DNK,SD
148176,204331,DID_NOT_VOTE,DNK,RENEW
148240,28161,FOR,DNK,GREEN_EFA
148240,37312,FOR,DNK,SD
148240,96709,DID_NOT_VOTE,DNK,RENEW
148240,101585,FOR,DNK,SD
148240,124872,FOR,DNK,RENEW
148240,197515,FOR,DNK,EPP
148240,197555,FOR,DNK,RENEW
148240,197558,DID_NOT_VOTE,DNK,RENEW
148240,197567,FOR,DNK,RENEW
148240,197570,AGAINST,DNK,ID
148240,197571,DID_NOT_VOTE,DNK,GUE_NGL
148240,197573,FOR,DNK,GREEN_EFA
148240,199941,FOR,DNK,SD
148240,204331,DID_NOT_VOTE,DNK,RENEW
148243,28161,FOR,DNK,GREEN_EFA
148243,37312,DID_NOT_VOTE,DNK,SD
148243,96709,DID_NOT_VOTE,DNK,RENEW
148243,101585,FOR,DNK,SD
148243,124872,FOR,DNK,RENEW
148243,197515,FOR,DNK,EPP
148243,197555,DID_NOT_VOTE,DNK,RENEW
148243,197558,DID_NOT_VOTE,DNK,RENEW
148243,197567,FOR,DNK,RENEW
148243,197570,FOR,DNK,ID
148243,197571,DID_NOT_VOTE,DNK,GUE_NGL
148243,197573,FOR,DNK,GREEN_EFA
148243,199941,DID_NOT_VOTE,DNK,SD
148243,204331,DID_NOT_VOTE,DNK,RENEW
148245,28161,FOR,DNK,GREEN_EFA
148245,37312,FOR,DNK,SD
148245,96709,DID_NOT_VOTE,DNK,RENEW
148245,101585,FOR,DNK,SD
148245,124872,FOR,DNK,RENEW
148245,197515,FOR,DNK,EPP
148245,197555,FOR,DNK,RENEW
148245,197558,FOR,DNK,RENEW
148245,197567,FOR,DNK,RENEW
148245,197570,ABSTENTION,DNK,ID
148245,197571,DID_NOT_VOTE,DNK,GUE_NGL
148245,197573,FOR,DNK,GREEN_EFA
148245,199941,FOR,DNK,SD
148245,204331,DID_NOT_VOTE,DNK,RENEW
148302,28161,FOR,DNK,GREEN_EFA
148302,37312,FOR,DNK,SD
148302,96709,FOR,DNK,RENEW
148302,101585,DID_NOT_VOTE,DNK,SD
148302,124872,FOR,DNK,RENEW
148302,197515,FOR,DNK,EPP
148302,197555,FOR,DNK,RENEW
148302,197558,FOR,DNK,RENEW
148302,197567,FOR,DNK,RENEW
148302,197570,AGAINST,DNK,ID
148302,197571,DID_NOT_VOTE,DNK,GUE_NGL
148302,197573,FOR,DNK,GREEN_EFA
148302,199941,FOR,DNK,SD
148302,204331,DID_NOT_VOTE,DNK,RENEW
148304,28161,FOR,DNK,GREEN_EFA
148304,37312,FOR,DNK,SD
148304,96709,FOR,DNK,RENEW
148304,101585,FOR,DNK,SD
148304,124872,FOR,DNK,RENEW
148304,197515,FOR,DNK,EPP
148304,197555,FOR,DNK,RENEW
148304,197558,FOR,DNK,RENEW
148304,197567,FOR,DNK,RENEW
148304,197570,AGAINST,DNK,ID
148304,197571,DID_NOT_VOTE,DNK,GUE_NGL
148304,197573,FOR,DNK,GREEN_EFA
148304,199941,FOR,DNK,SD
148304,204331,DID_NOT_VOTE,DNK,RENEW
148306,28161,FOR,DNK,GREEN_EFA
148306,37312,FOR,DNK,SD
148306,96709,FOR,DNK,RENEW
148306,101585,FOR,DNK,SD
148306,124872,FOR,DNK,RENEW
148306,197515,FOR,DNK,EPP
148306,197555,FOR,DNK,RENEW
148306,197558,FOR,DNK,RENEW
148306,197567,FOR,DNK,RENEW
148306,197570,FOR,DNK,ID
148306,197571,DID_NOT_VOTE,DNK,GUE_NGL
148306,197573,FOR,DNK,GREEN_EFA
148306,199941,FOR,DNK,SD
148306,204331,DID_NOT_VOTE,DNK,RENEW
148308,28161,FOR,DNK,GREEN_EFA
148308,37312,FOR,DNK,SD
148308,96709,FOR,DNK,RENEW
148308,101585,FOR,DNK,SD
148308,124872,FOR,DNK,RENEW
148308,197515,FOR,DNK,EPP
148308,197555,FOR,DNK,RENEW
148308,197558,FOR,DNK,RENEW
148308,197567,FOR,DNK,RENEW
148308,197570,ABSTENTION,DNK,ID
148308,197571,DID_NOT_VOTE,DNK,GUE_NGL
148308,197573,FOR,DNK,GREEN_EFA
148308,199941,FOR,DNK,SD
148308,204331,DID_NOT_VOTE,DNK,RENEW
148310,28161,FOR,DNK,GREEN_EFA
148310,37312,FOR,DNK,SD
148310,96709,FOR,DNK,RENEW
148310,101585,FOR,DNK,SD
148310,124872,FOR,DNK,RENEW
148310,197515,FOR,DNK,EPP
148310,197555,FOR,DNK,RENEW
148310,197558,FOR,DNK,RENEW
148310,197567,FOR,DNK,RENEW
148310,197570,FOR,DNK,ID
148310,197571,DID_NOT_VOTE,DNK,GUE_NGL
148310,197573,FOR,DNK,GREEN_EFA
148310,199941,FOR,DNK,SD
148310,204331,DID_NOT_VOTE,DNK,RENEW
148321,28161,AGAINST,DNK,GREEN_EFA
148321,37312,FOR,DNK,SD
148321,96709,FOR,DNK,RENEW
148321,101585,FOR,DNK,SD
148321,124872,FOR,DNK,RENEW
148321,197515,FOR,DNK,EPP
148321,197555,FOR,DNK,RENEW
148321,197558,FOR,DNK,RENEW
148321,197567,FOR,DNK,RENEW
148321,197570,FOR,DNK,ID
148321,197571,DID_NOT_VOTE,DNK,GUE_NGL
148321,197573,AGAINST,DNK,GREEN_EFA
148321,199941,FOR,DNK,SD
148321,204331,DID_NOT_VOTE,DNK,RENEW
148323,28161,FOR,DNK,GREEN_EFA
148323,37312,FOR,DNK,SD
148323,96709,FOR,DNK,RENEW
148323,101585,FOR,DNK,SD
148323,124872,FOR,DNK,RENEW
148323,197515,AGAINST,DNK,EPP
148323,197555,FOR,DNK,RENEW
148323,197558,FOR,DNK,RENEW
148323,197567,FOR,DNK,RENEW
148323,197570,ABSTENTION,DNK,ID
148323,197571,DID_NOT_VOTE,DNK,GUE_NGL
148323,197573,FOR,DNK,GREEN_EFA
148323,199941,FOR,DNK,SD
148323,204331,DID_NOT_VOTE,DNK,RENEW
148324,28161,FOR,DNK,GREEN_EFA
148324,37312,FOR,DNK,SD
148324,96709,FOR,DNK,RENEW
148324,101585,FOR,DNK,SD
148324,124872,FOR,DNK,RENEW
148324,197515,FOR,DNK,EPP
148324,197555,FOR,DNK,RENEW
148324,197558,FOR,DNK,RENEW
148324,197567,FOR,DNK,RENEW
148324,197570,FOR,DNK,ID
148324,197571,DID_NOT_VOTE,DNK,GUE_NGL
148324,197573,FOR,DNK,GREEN_EFA
148324,199941,FOR,DNK,SD
148324,204331,DID_NOT_VOTE,DNK,RENEW
148338,28161,FOR,DNK,GREEN_EFA
148338,37312,FOR,DNK,SD
148338,96709,FOR,DNK,RENEW
148338,101585,FOR,DNK,SD
148338,124872,FOR,DNK,RENEW
148338,197515,ABSTENTION,DNK,EPP
148338,197555,FOR,DNK,RENEW
148338,197558,FOR,DNK,RENEW
148338,197567,FOR,DNK,RENEW
148338,197570,AGAINST,DNK,ID
148338,197571,DID_NOT_VOTE,DNK,GUE_NGL
148338,197573,FOR,DNK,GREEN_EFA
148338,199941,FOR,DNK,SD
148338,204331,DID_NOT_VOTE,DNK,RENEW
148340,28161,FOR,DNK,GREEN_EFA
148340,37312,FOR,DNK,SD
148340,96709,FOR,DNK,RENEW
148340,101585,FOR,DNK,SD
148340,124872,FOR,DNK,RENEW
148340,197515,FOR,DNK,EPP
148340,197555,FOR,DNK,RENEW
148340,197558,FOR,DNK,RENEW
148340,197567,FOR,DNK,RENEW
148340,197570,FOR,DNK,ID
148340,197571,DID_NOT_VOTE,DNK,GUE_NGL
148340,197573,FOR,DNK,GREEN_EFA
148340,199941,FOR,DNK,SD
148340,204331,DID_NOT_VOTE,DNK,RENEW
148344,28161,FOR,DNK,GREEN_EFA
148344,37312,FOR,DNK,SD
148344,96709,FOR,DNK,RENEW
148344,101585,FOR,DNK,SD
148344,124872,FOR,DNK,RENEW
148344,197515,FOR,DNK,EPP
148344,197555,FOR,DNK,RENEW
148344,197558,FOR,DNK,RENEW
148344,197567,FOR,DNK,RENEW
148344,197570,ABSTENTION,DNK,ID
148344,197571,DID_NOT_VOTE,DNK,GUE_NGL
148344,197573,FOR,DNK,GREEN_EFA
148344,199941,FOR,DNK,SD
148344,204331,DID_NOT_VOTE,DNK,RENEW
148348,28161,FOR,DNK,GREEN_EFA
148348,37312,FOR,DNK,SD
148348,96709,FOR,DNK,RENEW
148348,101585,FOR,DNK,SD
148348,124872,FOR,DNK,RENEW
148348,197515,FOR,DNK,EPP
148348,197555,FOR,DNK,RENEW
148348,197558,FOR,DNK,RENEW
148348,197567,FOR,DNK,RENEW
148348,197570,AGAINST,DNK,ID
148348,197571,DID_NOT_VOTE,DNK,GUE_NGL
148348,197573,FOR,DNK,GREEN_EFA
148348,199941,FOR,DNK,SD
148348,204331,DID_NOT_VOTE,DNK,RENEW
148441,28161,FOR,DNK,GREEN_EFA
148441,37312,FOR,DNK,SD
148441,96709,FOR,DNK,RENEW
148441,101585,FOR,DNK,SD
148441,124872,FOR,DNK,RENEW
148441,197515,FOR,DNK,EPP
148441,197555,FOR,DNK,RENEW
148441,197558,FOR,DNK,RENEW
148441,197567,FOR,DNK,RENEW
148441,197570,FOR,DNK,ID
148441,197571,DID_NOT_VOTE,DNK,GUE_NGL
148441,197573,FOR,DNK,GREEN_EFA
148441,199941,FOR,DNK,SD
148441,204331,DID_NOT_VOTE,DNK,RENEW
148546,28161,FOR,DNK,GREEN_EFA
148546,37312,FOR,DNK,SD
148546,96709,FOR,DNK,RENEW
148546,101585,FOR,DNK,SD
148546,124872,FOR,DNK,RENEW
148546,197515,FOR,DNK,EPP
148546,197555,AGAINST,DNK,RENEW
148546,197558,FOR,DNK,RENEW
148546,197567,FOR,DNK,RENEW
148546,197570,AGAINST,DNK,ID
148546,197571,DID_NOT_VOTE,DNK,GUE_NGL
148546,197573,FOR,DNK,GREEN_EFA
148546,199941,FOR,DNK,SD
148546,204331,DID_NOT_VOTE,DNK,RENEW
148588,28161,FOR,DNK,GREEN_EFA
148588,37312,FOR,DNK,SD
148588,96709,FOR,DNK,RENEW
148588,101585,FOR,DNK,SD
148588,124872,FOR,DNK,RENEW
148588,197515,ABSTENTION,DNK,EPP
148588,197555,DID_NOT_VOTE,DNK,RENEW
148588,197558,FOR,DNK,RENEW
148588,197567,FOR,DNK,RENEW
148588,197570,AGAINST,DNK,ID
148588,197571,DID_NOT_VOTE,DNK,GUE_NGL
148588,197573,FOR,DNK,GREEN_EFA
148588,199941,FOR,DNK,SD
148588,204331,DID_NOT_VOTE,DNK,RENEW
148762,28161,DID_NOT_VOTE,DNK,GREEN_EFA
148762,37312,FOR,DNK,SD
148762,96709,FOR,DNK,RENEW
148762,101585,FOR,DNK,SD
148762,124872,FOR,DNK,RENEW
148762,197515,DID_NOT_VOTE,DNK,EPP
148762,197555,FOR,DNK,RENEW
148762,197558,FOR,DNK,RENEW
148762,197567,FOR,DNK,RENEW
148762,197570,DID_NOT_VOTE,DNK,ID
148762,197571,DID_NOT_VOTE,DNK,GUE_NGL
148762,197573,FOR,DNK,GREEN_EFA
148762,199941,FOR,DNK,SD
148762,204331,DID_NOT_VOTE,DNK,RENEW
148875,28161,FOR,DNK,GREEN_EFA
148875,37312,FOR,DNK,SD
148875,96709,AGAINST,DNK,RENEW
148875,101585,FOR,DNK,SD
148875,124872,FOR,DNK,RENEW
148875,197515,FOR,DNK,EPP
148875,197555,AGAINST,DNK,RENEW
148875,197558,FOR,DNK,RENEW
148875,197567,FOR,DNK,RENEW
148875,197570,DID_NOT_VOTE,DNK,ID
148875,197571,DID_NOT_VOTE,DNK,GUE_NGL
148875,197573,FOR,DNK,GREEN_EFA
148875,199941,FOR,DNK,SD
148875,204331,DID_NOT_VOTE,DNK,RENEW
148915,28161,FOR,DNK,GREEN_EFA
148915,37312,FOR,DNK,SD
148915,96709,FOR,DNK,RENEW
148915,101585,FOR,DNK,SD
148915,124872,FOR,DNK,RENEW
148915,197515,FOR,DNK,EPP
148915,197555,FOR,DNK,RENEW
148915,197558,FOR,DNK,RENEW
148915,197567,FOR,DNK,RENEW
148915,197570,DID_NOT_VOTE,DNK,ID
148915,197571,DID_NOT_VOTE,DNK,GUE_NGL
148915,197573,FOR,DNK,GREEN_EFA
148915,199941,FOR,DNK,SD
148915,204331,DID_NOT_VOTE,DNK,RENEW
148964,28161,FOR,DNK,GREEN_EFA
148964,37312,FOR,DNK,SD
148964,96709,ABSTENTION,DNK,RENEW
148964,101585,FOR,DNK,SD
148964,124872,FOR,DNK,RENEW
148964,197515,AGAINST,DNK,EPP
148964,197555,DID_NOT_VOTE,DNK,RENEW
148964,197558,ABSTENTION,DNK,RENEW
148964,197567,FOR,DNK,RENEW
148964,197570,DID_NOT_VOTE,DNK,ID
148964,197571,DID_NOT_VOTE,DNK,GUE_NGL
148964,197573,DID_NOT_VOTE,DNK,GREEN_EFA
148964,199941,FOR,DNK,SD
148964,204331,DID_NOT_VOTE,DNK,RENEW
148972,28161,FOR,DNK,GREEN_EFA
148972,37312,FOR,DNK,SD
148972,96709,FOR,DNK,RENEW
148972,101585,FOR,DNK,SD
148972,124872,FOR,DNK,RENEW
148972,197515,FOR,DNK,EPP
148972,197555,DID_NOT_VOTE,DNK,RENEW
148972,197558,FOR,DNK,RENEW
148972,197567,FOR,DNK,RENEW
148972,197570,DID_NOT_VOTE,DNK,ID
148972,197571,DID_NOT_VOTE,DNK,GUE_NGL
148972,197573,DID_NOT_VOTE,DNK,GREEN_EFA
148972,199941,AGAINST,DNK,SD
148972,204331,DID_NOT_VOTE,DNK,RENEW
148976,28161,FOR,DNK,GREEN_EFA
148976,37312,FOR,DNK,SD
148976,96709,FOR,DNK,RENEW
148976,101585,FOR,DNK,SD
148976,124872,FOR,DNK,RENEW
148976,197515,FOR,DNK,EPP
148976,197555,DID_NOT_VOTE,DNK,RENEW
148976,197558,FOR,DNK,RENEW
148976,197567,FOR,DNK,RENEW
148976,197570,DID_NOT_VOTE,DNK,ID
148976,197571,DID_NOT_VOTE,DNK,GUE_NGL
148976,197573,DID_NOT_VOTE,DNK,GREEN_EFA
148976,199941,FOR,DNK,SD
148976,204331,DID_NOT_VOTE,DNK,RENEW
148981,28161,FOR,DNK,GREEN_EFA
148981,37312,FOR,DNK,SD
148981,96709,FOR,DNK,RENEW
148981,101585,FOR,DNK,SD
148981,124872,FOR,DNK,RENEW
148981,197515,FOR,DNK,EPP
148981,197555,DID_NOT_VOTE,DNK,RENEW
148981,197558,DID_NOT_VOTE,DNK,RENEW
148981,197567,FOR,DNK,RENEW
148981,197570,DID_NOT_VOTE,DNK,ID
148981,197571,DID_NOT_VOTE,DNK,GUE_NGL
148981,197573,DID_NOT_VOTE,DNK,GREEN_EFA
148981,199941,FOR,DNK,SD
148981,204331,DID_NOT_VOTE,DNK,RENEW
148987,28161,FOR,DNK,GREEN_EFA
148987,37312,FOR,DNK,SD
148987,96709,FOR,DNK,RENEW
148987,101585,FOR,DNK,SD
148987,124872,FOR,DNK,RENEW
148987,197515,FOR,DNK,EPP
148987,197555,DID_NOT_VOTE,DNK,RENEW
148987,197558,FOR,DNK,RENEW
148987,197567,FOR,DNK,RENEW
148987,197570,DID_NOT_VOTE,DNK,ID
148987,197571,DID_NOT_VOTE,DNK,GUE_NGL
148987,197573,DID_NOT_VOTE,DNK,GREEN_EFA
148987,199941,FOR,DNK,SD
148987,204331,DID_NOT_VOTE,DNK,RENEW
149039,28161,AGAINST,DNK,GREEN_EFA
149039,37312,FOR,DNK,SD
149039,96709,FOR,DNK,RENEW
149039,101585,FOR,DNK,SD
149039,124872,FOR,DNK,RENEW
149039,197515,FOR,DNK,EPP
149039,197555,DID_NOT_VOTE,DNK,RENEW
149039,197558,FOR,DNK,RENEW
149039,197567,FOR,DNK,RENEW
149039,197570,DID_NOT_VOTE,DNK,ID
149039,197571,DID_NOT_VOTE,DNK,GUE_NGL
149039,197573,DID_NOT_VOTE,DNK,GREEN_EFA
149039,199941,FOR,DNK,SD
149039,204331,DID_NOT_VOTE,DNK,RENEW
149082,28161,FOR,DNK,GREEN_EFA
149082,37312,FOR,DNK,SD
149082,96709,FOR,DNK,RENEW
149082,101585,FOR,DNK,SD
149082,124872,FOR,DNK,RENEW
149082,197515,FOR,DNK,EPP
149082,197555,DID_NOT_VOTE,DNK,RENEW
149082,197558,FOR,DNK,RENEW
149082,197567,FOR,DNK,RENEW
149082,197570,DID_NOT_VOTE,DNK,ID
149082,197571,DID_NOT_VOTE,DNK,GUE_NGL
149082,197573,DID_NOT_VOTE,DNK,GREEN_EFA
149082,199941,FOR,DNK,SD
149082,204331,DID_NOT_VOTE,DNK,RENEW
149084,28161,FOR,DNK,GREEN_EFA
149084,37312,AGAINST,DNK,SD
149084,96709,AGAINST,DNK,RENEW
149084,101585,AGAINST,DNK,SD
149084,124872,FOR,DNK,RENEW
149084,197515,AGAINST,DNK,EPP
149084,197555,DID_NOT_VOTE,DNK,RENEW
149084,197558,AGAINST,DNK,RENEW
149084,197567,FOR,DNK,RENEW
149084,197570,DID_NOT_VOTE,DNK,ID
149084,197571,DID_NOT_VOTE,DNK,GUE_NGL
149084,197573,DID_NOT_VOTE,DNK,GREEN_EFA
149084,199941,AGAINST,DNK,SD
149084,204331,DID_NOT_VOTE,DNK,RENEW
149085,28161,FOR,DNK,GREEN_EFA
149085,37312,FOR,DNK,SD
149085,96709,AGAINST,DNK,RENEW
149085,101585,FOR,DNK,SD
149085,124872,FOR,DNK,RENEW
149085,197515,AGAINST,DNK,EPP
149085,197555,DID_NOT_VOTE,DNK,RENEW
149085,197558,AGAINST,DNK,RENEW
149085,197567,FOR,DNK,RENEW
149085,197570,DID_NOT_VOTE,DNK,ID
149085,197571,DID_NOT_VOTE,DNK,GUE_NGL
149085,197573,DID_NOT_VOTE,DNK,GREEN_EFA
149085,199941,FOR,DNK,SD
149085,204331,DID_NOT_VOTE,DNK,RENEW
149194,28161,AGAINST,DNK,GREEN_EFA
149194,37312,AGAINST,DNK,SD
149194,96709,ABSTENTION,DNK,RENEW
149194,101585,AGAINST,DNK,SD
149194,124872,FOR,DNK,RENEW
149194,197515,FOR,DNK,EPP
149194,197555,DID_NOT_VOTE,DNK,RENEW
149194,197558,ABSTENTION,DNK,RENEW
149194,197567,ABSTENTION,DNK,RENEW
149194,197570,DID_NOT_VOTE,DNK,ID
149194,197571,DID_NOT_VOTE,DNK,GUE_NGL
149194,197573,DID_NOT_VOTE,DNK,GREEN_EFA
149194,199941,AGAINST,DNK,SD
149194,204331,DID_NOT_VOTE,DNK,RENEW
149218,28161,FOR,DNK,GREEN_EFA
149218,37312,FOR,DNK,SD
149218,96709,FOR,DNK,RENEW
149218,101585,FOR,DNK,SD
149218,124872,FOR,DNK,RENEW
149218,197515,FOR,DNK,EPP
149218,197555,DID_NOT_VOTE,DNK,RENEW
149218,197558,FOR,DNK,RENEW
149218,197567,FOR,DNK,RENEW
149218,197570,DID_NOT_VOTE,DNK,ID
149218,197571,DID_NOT_VOTE,DNK,GUE_NGL
149218,197573,DID_NOT_VOTE,DNK,GREEN_EFA
149218,199941,FOR,DNK,SD
149218,204331,DID_NOT_VOTE,DNK,RENEW
149479,28161,FOR,DNK,GREEN_EFA
149479,37312,FOR,DNK,SD
149479,96709,FOR,DNK,RENEW
149479,101585,FOR,DNK,SD
149479,124872,FOR,DNK,RENEW
149479,197515,FOR,DNK,EPP
149479,197555,DID_NOT_VOTE,DNK,RENEW
149479,197558,FOR,DNK,RENEW
149479,197567,FOR,DNK,RENEW
149479,197570,DID_NOT_VOTE,DNK,ID
149479,197571,DID_NOT_VOTE,DNK,GUE_NGL
149479,197573,DID_NOT_VOTE,DNK,GREEN_EFA
149479,199941,DID_NOT_VOTE,DNK,SD
149479,204331,DID_NOT_VOTE,DNK,RENEW
149730,28161,FOR,DNK,GREEN_EFA
149730,37312,FOR,DNK,SD
149730,96709,FOR,DNK,RENEW
149730,101585,FOR,DNK,SD
149730,124872,FOR,DNK,RENEW
149730,197515,FOR,DNK,EPP
149730,197555,DID_NOT_VOTE,DNK,RENEW
149730,197558,FOR,DNK,RENEW
149730,197567,FOR,DNK,RENEW
149730,197570,DID_NOT_VOTE,DNK,ID
149730,197571,DID_NOT_VOTE,DNK,GUE_NGL
149730,197573,DID_NOT_VOTE,DNK,GREEN_EFA
149730,199941,DID_NOT_VOTE,DNK,SD
149730,204331,DID_NOT_VOTE,DNK,RENEW
149775,28161,FOR,DNK,GREEN_EFA
149775,37312,FOR,DNK,SD
149775,96709,FOR,DNK,RENEW
149775,101585,FOR,DNK,SD
149775,124872,FOR,DNK,RENEW
149775,197515,FOR,DNK,EPP
149775,197555,DID_NOT_VOTE,DNK,RENEW
149775,197558,FOR,DNK,RENEW
149775,197567,FOR,DNK,RENEW
149775,197570,DID_NOT_VOTE,DNK,ID
149775,197571,DID_NOT_VOTE,DNK,GUE_NGL
149775,197573,DID_NOT_VOTE,DNK,GREEN_EFA
149775,199941,DID_NOT_VOTE,DNK,SD
149775,204331,DID_NOT_VOTE,DNK,RENEW
149822,28161,FOR,DNK,GREEN_EFA
149822,37312,FOR,DNK,SD
149822,96709,FOR,DNK,RENEW
149822,101585,FOR,DNK,SD
149822,124872,FOR,DNK,RENEW
149822,197515,FOR,DNK,EPP
149822,197555,DID_NOT_VOTE,DNK,RENEW
149822,197558,DID_NOT_VOTE,DNK,RENEW
149822,197567,FOR,DNK,RENEW
149822,197570,ABSTENTION,DNK,ID
149822,197571,FOR,DNK,GUE_NGL
149822,197573,FOR,DNK,GREEN_EFA
149822,199941,FOR,DNK,SD
149822,204331,DID_NOT_VOTE,DNK,RENEW
149824,28161,FOR,DNK,GREEN_EFA
149824,37312,FOR,DNK,SD
149824,96709,FOR,DNK,RENEW
149824,101585,FOR,DNK,SD
149824,124872,FOR,DNK,RENEW
149824,197515,FOR,DNK,EPP
149824,197555,DID_NOT_VOTE,DNK,RENEW
149824,197558,DID_NOT_VOTE,DNK,RENEW
149824,197567,FOR,DNK,RENEW
149824,197570,ABSTENTION,DNK,ID
149824,197571,ABSTENTION,DNK,GUE_NGL
149824,197573,FOR,DNK,GREEN_EFA
149824,199941,FOR,DNK,SD
149824,204331,DID_NOT_VOTE,DNK,RENEW
149826,28161,FOR,DNK,GREEN_EFA
149826,37312,FOR,DNK,SD
149826,96709,FOR,DNK,RENEW
149826,101585,FOR,DNK,SD
149826,124872,FOR,DNK,RENEW
149826,197515,FOR,DNK,EPP
149826,197555,DID_NOT_VOTE,DNK,RENEW
149826,197558,DID_NOT_VOTE,DNK,RENEW
149826,197567,FOR,DNK,RENEW
149826,197570,AGAINST,DNK,ID
149826,197571,FOR,DNK,GUE_NGL
149826,197573,FOR,DNK,GREEN_EFA
149826,199941,FOR,DNK,SD
149826,204331,DID_NOT_VOTE,DNK,RENEW
149827,28161,FOR,DNK,GREEN_EFA
149827,37312,FOR,DNK,SD
149827,96709,FOR,DNK,RENEW
149827,101585,FOR,DNK,SD
149827,124872,FOR,DNK,RENEW
149827,197515,ABSTENTION,DNK,EPP
149827,197555,DID_NOT_VOTE,DNK,RENEW
149827,197558,FOR,DNK,RENEW
149827,197567,FOR,DNK,RENEW
149827,197570,AGAINST,DNK,ID
149827,197571,FOR,DNK,GUE_NGL
149827,197573,FOR,DNK,GREEN_EFA
149827,199941,FOR,DNK,SD
149827,204331,DID_NOT_VOTE,DNK,RENEW
149829,28161,FOR,DNK,GREEN_EFA
149829,37312,FOR,DNK,SD
149829,96709,FOR,DNK,RENEW
149829,101585,FOR,DNK,SD
149829,124872,FOR,DNK,RENEW
149829,197515,FOR,DNK,EPP
149829,197555,DID_NOT_VOTE,DNK,RENEW
149829,197558,DID_NOT_VOTE,DNK,RENEW
149829,197567,FOR,DNK,RENEW
149829,197570,ABSTENTION,DNK,ID
149829,197571,FOR,DNK,GUE_NGL
149829,197573,FOR,DNK,GREEN_EFA
149829,199941,FOR,DNK,SD
149829,204331,DID_NOT_VOTE,DNK,RENEW
149838,28161,AGAINST,DNK,GREEN_EFA
149838,37312,FOR,DNK,SD
149838,96709,FOR,DNK,RENEW
149838,101585,FOR,DNK,SD
149838,124872,FOR,DNK,RENEW
149838,197515,FOR,DNK,EPP
149838,197555,DID_NOT_VOTE,DNK,RENEW
149838,197558,DID_NOT_VOTE,DNK,RENEW
149838,197567,FOR,DNK,RENEW
149838,197570,FOR,DNK,ID
149838,197571,AGAINST,DNK,GUE_NGL
149838,197573,AGAINST,DNK,GREEN_EFA
149838,199941,FOR,DNK,SD
149838,204331,DID_NOT_VOTE,DNK,RENEW
149839,28161,FOR,DNK,GREEN_EFA
149839,37312,FOR,DNK,SD
149839,96709,FOR,DNK,RENEW
149839,101585,FOR,DNK,SD
149839,124872,FOR,DNK,RENEW
149839,197515,FOR,DNK,EPP
149839,197555,DID_NOT_VOTE,DNK,RENEW
149839,197558,DID_NOT_VOTE,DNK,RENEW
149839,197567,FOR,DNK,RENEW
149839,197570,FOR,DNK,ID
149839,197571,FOR,DNK,GUE_NGL
149839,197573,FOR,DNK,GREEN_EFA
149839,199941,FOR,DNK,SD
149839,204331,DID_NOT_VOTE,DNK,RENEW
149840,28161,FOR,DNK,GREEN_EFA
149840,37312,FOR,DNK,SD
149840,96709,FOR,DNK,RENEW
149840,101585,DID_NOT_VOTE,DNK,SD
149840,124872,FOR,DNK,RENEW
149840,197515,FOR,DNK,EPP
149840,197555,DID_NOT_VOTE,DNK,RENEW
149840,197558,DID_NOT_VOTE,DNK,RENEW
149840,197567,FOR,DNK,RENEW
149840,197570,FOR,DNK,ID
149840,197571,FOR,DNK,GUE_NGL
149840,197573,FOR,DNK,GREEN_EFA
149840,199941,FOR,DNK,SD
149840,204331,DID_NOT_VOTE,DNK,RENEW
149841,28161,FOR,DNK,GREEN_EFA
149841,37312,FOR,DNK,SD
149841,96709,FOR,DNK,RENEW
149841,101585,FOR,DNK,SD
149841,124872,FOR,DNK,RENEW
149841,197515,FOR,DNK,EPP
149841,197555,DID_NOT_VOTE,DNK,RENEW
149841,197558,FOR,DNK,RENEW
149841,197567,FOR,DNK,RENEW
149841,197570,ABSTENTION,DNK,ID
149841,197571,FOR,DNK,GUE_NGL
149841,197573,FOR,DNK,GREEN_EFA
149841,199941,FOR,DNK,SD
149841,204331,DID_NOT_VOTE,DNK,RENEW
149843,28161,FOR,DNK,GREEN_EFA
149843,37312,FOR,DNK,SD
149843,96709,FOR,DNK,RENEW
149843,101585,FOR,DNK,SD
149843,124872,FOR,DNK,RENEW
149843,197515,FOR,DNK,EPP
149843,197555,DID_NOT_VOTE,DNK,RENEW
149843,197558,DID_NOT_VOTE,DNK,RENEW
149843,197567,FOR,DNK,RENEW
149843,197570,FOR,DNK,ID
149843,197571,FOR,DNK,GUE_NGL
149843,197573,FOR,DNK,GREEN_EFA
149843,199941,FOR,DNK,SD
149843,204331,DID_NOT_VOTE,DNK,RENEW
149866,28161,FOR,DNK,GREEN_EFA
149866,37312,FOR,DNK,SD
149866,96709,FOR,DNK,RENEW
149866,101585,FOR,DNK,SD
149866,124872,FOR,DNK,RENEW
149866,197515,FOR,DNK,EPP
149866,197555,DID_NOT_VOTE,DNK,RENEW
149866,197558,FOR,DNK,RENEW
149866,197567,FOR,DNK,RENEW
149866,197570,AGAINST,DNK,ID
149866,197571,AGAINST,DNK,GUE_NGL
149866,197573,FOR,DNK,GREEN_EFA
149866,199941,FOR,DNK,SD
149866,204331,DID_NOT_VOTE,DNK,RENEW
149882,28161,AGAINST,DNK,GREEN_EFA
149882,37312,FOR,DNK,SD
149882,96709,FOR,DNK,RENEW
149882,101585,FOR,DNK,SD
149882,124872,FOR,DNK,RENEW
149882,197515,FOR,DNK,EPP
149882,197555,DID_NOT_VOTE,DNK,RENEW
149882,197558,DID_NOT_VOTE,DNK,RENEW
149882,197567,FOR,DNK,RENEW
149882,197570,FOR,DNK,ID
149882,197571,AGAINST,DNK,GUE_NGL
149882,197573,AGAINST,DNK,GREEN_EFA
149882,199941,FOR,DNK,SD
149882,204331,DID_NOT_VOTE,DNK,RENEW
150062,28161,FOR,DNK,GREEN_EFA
150062,37312,FOR,DNK,SD
150062,96709,FOR,DNK,RENEW
150062,101585,FOR,DNK,SD
150062,124872,FOR,DNK,RENEW
150062,124875,DID_NOT_VOTE,DNK,ID
150062,197515,FOR,DNK,EPP
150062,197558,FOR,DNK,RENEW
150062,197567,FOR,DNK,RENEW
150062,197571,FOR,DNK,GUE_NGL
150062,197573,FOR,DNK,GREEN_EFA
150062,199941,FOR,DNK,SD
150062,239972,DID_NOT_VOTE,DNK,RENEW
150062,239973,DID_NOT_VOTE,DNK,RENEW
150067,28161,FOR,DNK,GREEN_EFA
150067,37312,FOR,DNK,SD
150067,96709,FOR,DNK,RENEW
150067,101585,FOR,DNK,SD
150067,124872,FOR,DNK,RENEW
150067,124875,DID_NOT_VOTE,DNK,ID
150067,197515,FOR,DNK,EPP
150067,197558,FOR,DNK,RENEW
150067,197567,FOR,DNK,RENEW
150067,197571,FOR,DNK,GUE_NGL
150067,197573,FOR,DNK,GREEN_EFA
150067,199941,FOR,DNK,SD
150067,239972,DID_NOT_VOTE,DNK,RENEW
150067,239973,DID_NOT_VOTE,DNK,RENEW
150069,28161,FOR,DNK,GREEN_EFA
150069,37312,FOR,DNK,SD
150069,96709,DID_NOT_VOTE,DNK,RENEW
150069,101585,FOR,DNK,SD
150069,124872,FOR,DNK,RENEW
150069,124875,DID_NOT_VOTE,DNK,ID
150069,197515,FOR,DNK,EPP
150069,197558,FOR,DNK,RENEW
150069,197567,FOR,DNK,RENEW
150069,197571,FOR,DNK,GUE_NGL
150069,197573,FOR,DNK,GREEN_EFA
150069,199941,FOR,DNK,SD
150069,239972,DID_NOT_VOTE,DNK,RENEW
150069,239973,DID_NOT_VOTE,DNK,RENEW
150070,28161,FOR,DNK,GREEN_EFA
150070,37312,FOR,DNK,SD
150070,96709,FOR,DNK,RENEW
150070,101585,FOR,DNK,SD
150070,124872,FOR,DNK,RENEW
150070,124875,DID_NOT_VOTE,DNK,ID
150070,197515,FOR,DNK,EPP
150070,197558,FOR,DNK,RENEW
150070,197567,FOR,DNK,RENEW
150070,197571,ABSTENTION,DNK,GUE_NGL
150070,197573,FOR,DNK,GREEN_EFA
150070,199941,FOR,DNK,SD
150070,239972,DID_NOT_VOTE,DNK,RENEW
150070,239973,DID_NOT_VOTE,DNK,RENEW
150082,28161,FOR,DNK,GREEN_EFA
150082,37312,FOR,DNK,SD
150082,96709,FOR,DNK,RENEW
150082,101585,FOR,DNK,SD
150082,124872,FOR,DNK,RENEW
150082,124875,DID_NOT_VOTE,DNK,ID
150082,197515,FOR,DNK,EPP
150082,197558,FOR,DNK,RENEW
150082,197567,FOR,DNK,RENEW
150082,197571,FOR,DNK,GUE_NGL
150082,197573,FOR,DNK,GREEN_EFA
150082,199941,FOR,DNK,SD
150082,239972,DID_NOT_VOTE,DNK,RENEW
150082,239973,DID_NOT_VOTE,DNK,RENEW
150117,28161,FOR,DNK,GREEN_EFA
150117,37312,FOR,DNK,SD
150117,96709,FOR,DNK,RENEW
150117,101585,FOR,DNK,SD
150117,124872,FOR,DNK,RENEW
150117,124875,DID_NOT_VOTE,DNK,ID
150117,197515,FOR,DNK,EPP
150117,197558,FOR,DNK,RENEW
150117,197567,FOR,DNK,RENEW
150117,197571,AGAINST,DNK,GUE_NGL
150117,197573,FOR,DNK,GREEN_EFA
150117,199941,FOR,DNK,SD
150117,239972,DID_NOT_VOTE,DNK,RENEW
150117,239973,DID_NOT_VOTE,DNK,RENEW
150122,28161,FOR,DNK,GREEN_EFA
150122,37312,FOR,DNK,SD
150122,96709,ABSTENTION,DNK,RENEW
150122,101585,FOR,DNK,SD
150122,124872,FOR,DNK,RENEW
150122,124875,DID_NOT_VOTE,DNK,ID
150122,197515,DID_NOT_VOTE,DNK,EPP
150122,197558,ABSTENTION,DNK,RENEW
150122,197567,FOR,DNK,RENEW
150122,197571,AGAINST,DNK,GUE_NGL
150122,197573,FOR,DNK,GREEN_EFA
150122,199941,FOR,DNK,SD
150122,239972,DID_NOT_VOTE,DNK,RENEW
150122,239973,DID_NOT_VOTE,DNK,RENEW
150123,28161,FOR,DNK,GREEN_EFA
150123,37312,FOR,DNK,SD
150123,96709,FOR,DNK,RENEW
150123,101585,FOR,DNK,SD
150123,124872,FOR,DNK,RENEW
150123,124875,DID_NOT_VOTE,DNK,ID
150123,197515,FOR,DNK,EPP
150123,197558,FOR,DNK,RENEW
150123,197567,FOR,DNK,RENEW
150123,197571,FOR,DNK,GUE_NGL
150123,197573,DID_NOT_VOTE,DNK,GREEN_EFA
150123,199941,FOR,DNK,SD
150123,239972,FOR,DNK,RENEW
150123,239973,FOR,DNK,RENEW
150126,28161,FOR,DNK,GREEN_EFA
150126,37312,FOR,DNK,SD
150126,96709,FOR,DNK,RENEW
150126,101585,FOR,DNK,SD
150126,124872,FOR,DNK,RENEW
150126,124875,DID_NOT_VOTE,DNK,ID
150126,197515,FOR,DNK,EPP
150126,197558,FOR,DNK,RENEW
150126,197567,FOR,DNK,RENEW
150126,197571,FOR,DNK,GUE_NGL
150126,197573,FOR,DNK,GREEN_EFA
150126,199941,FOR,DNK,SD
150126,239972,DID_NOT_VOTE,DNK,RENEW
150126,239973,DID_NOT_VOTE,DNK,RENEW
150133,28161,FOR,DNK,GREEN_EFA
150133,37312,AGAINST,DNK,SD
150133,96709,FOR,DNK,RENEW
150133,101585,AGAINST,DNK,SD
150133,124872,FOR,DNK,RENEW
150133,124875,DID_NOT_VOTE,DNK,ID
150133,197515,FOR,DNK,EPP
150133,197558,ABSTENTION,DNK,RENEW
150133,197567,FOR,DNK,RENEW
150133,197571,FOR,DNK,GUE_NGL
150133,197573,FOR,DNK,GREEN_EFA
150133,199941,AGAINST,DNK,SD
150133,239972,DID_NOT_VOTE,DNK,RENEW
150133,239973,DID_NOT_VOTE,DNK,RENEW
150134,28161,FOR,DNK,GREEN_EFA
150134,37312,FOR,DNK,SD
150134,96709,FOR,DNK,RENEW
150134,101585,FOR,DNK,SD
150134,124872,FOR,DNK,RENEW
150134,124875,DID_NOT_VOTE,DNK,ID
150134,197515,FOR,DNK,EPP
150134,197558,FOR,DNK,RENEW
150134,197567,FOR,DNK,RENEW
150134,197571,FOR,DNK,GUE_NGL
150134,197573,FOR,DNK,GREEN_EFA
150134,199941,FOR,DNK,SD
150134,239972,DID_NOT_VOTE,DNK,RENEW
150134,239973,DID_NOT_VOTE,DNK,RENEW
150136,28161,FOR,DNK,GREEN_EFA
150136,37312,FOR,DNK,SD
150136,96709,FOR,DNK,RENEW
150136,101585,FOR,DNK,SD
150136,124872,FOR,DNK,RENEW
150136,124875,DID_NOT_VOTE,DNK,ID
150136,197515,FOR,DNK,EPP
150136,197558,FOR,DNK,RENEW
150136,197567,FOR,DNK,RENEW
150136,197571,FOR,DNK,GUE_NGL
150136,197573,DID_NOT_VOTE,DNK,GREEN_EFA
150136,199941,FOR,DNK,SD
150136,239972,FOR,DNK,RENEW
150136,239973,FOR,DNK,RENEW
150138,28161,FOR,DNK,GREEN_EFA
150138,37312,FOR,DNK,SD
150138,96709,FOR,DNK,RENEW
150138,101585,FOR,DNK,SD
150138,124872,FOR,DNK,RENEW
150138,124875,DID_NOT_VOTE,DNK,ID
150138,197515,FOR,DNK,EPP
150138,197558,AGAINST,DNK,RENEW
150138,197567,FOR,DNK,RENEW
150138,197571,FOR,DNK,GUE_NGL
150138,197573,FOR,DNK,GREEN_EFA
150138,199941,FOR,DNK,SD
150138,239972,DID_NOT_VOTE,DNK,RENEW
150138,239973,DID_NOT_VOTE,DNK,RENEW
150162,28161,FOR,DNK,GREEN_EFA
150162,37312,FOR,DNK,SD
150162,96709,FOR,DNK,RENEW
150162,101585,FOR,DNK,SD
150162,124872,FOR,DNK,RENEW
150162,124875,DID_NOT_VOTE,DNK,ID
150162,197515,FOR,DNK,EPP
150162,197558,DID_NOT_VOTE,DNK,RENEW
150162,197567,FOR,DNK,RENEW
150162,197571,ABSTENTION,DNK,GUE_NGL
150162,197573,FOR,DNK,GREEN_EFA
150162,199941,FOR,DNK,SD
150162,239972,DID_NOT_VOTE,DNK,RENEW
150162,239973,DID_NOT_VOTE,DNK,RENEW
150181,28161,FOR,DNK,GREEN_EFA
150181,37312,FOR,DNK,SD
150181,96709,FOR,DNK,RENEW
150181,101585,FOR,DNK,SD
150181,124872,FOR,DNK,RENEW
150181,124875,DID_NOT_VOTE,DNK,ID
150181,197515,FOR,DNK,EPP
150181,197558,FOR,DNK,RENEW
150181,197567,FOR,DNK,RENEW
150181,197571,FOR,DNK,GUE_NGL
150181,197573,FOR,DNK,GREEN_EFA
150181,199941,FOR,DNK,SD
150181,239972,DID_NOT_VOTE,DNK,RENEW
150181,239973,DID_NOT_VOTE,DNK,RENEW
150204,28161,FOR,DNK,GREEN_EFA
150204,37312,FOR,DNK,SD
150204,96709,FOR,DNK,RENEW
150204,101585,FOR,DNK,SD
150204,124872,FOR,DNK,RENEW
150204,124875,DID_NOT_VOTE,DNK,ID
150204,197515,FOR,DNK,EPP
150204,197558,FOR,DNK,RENEW
150204,197567,FOR,DNK,RENEW
150204,197571,FOR,DNK,GUE_NGL
150204,197573,DID_NOT_VOTE,DNK,GREEN_EFA
150204,199941,FOR,DNK,SD
150204,239972,FOR,DNK,RENEW
150204,239973,FOR,DNK,RENEW
150265,28161,FOR,DNK,GREEN_EFA
150265,37312,FOR,DNK,SD
150265,96709,FOR,DNK,RENEW
150265,101585,DID_NOT_VOTE,DNK,SD
150265,124872,FOR,DNK,RENEW
150265,124875,DID_NOT_VOTE,DNK,ID
150265,197515,DID_NOT_VOTE,DNK,EPP
150265,197558,FOR,DNK,RENEW
150265,197567,FOR,DNK,RENEW
150265,197571,FOR,DNK,GUE_NGL
150265,197573,FOR,DNK,GREEN_EFA
150265,199941,FOR,DNK,SD
150265,239972,DID_NOT_VOTE,DNK,RENEW
150265,239973,DID_NOT_VOTE,DNK,RENEW
150407,28161,FOR,DNK,GREEN_EFA
150407,37312,FOR,DNK,SD
150407,96709,FOR,DNK,RENEW
150407,101585,FOR,DNK,SD
150407,124872,FOR,DNK,RENEW
150407,124875,DID_NOT_VOTE,DNK,ID
150407,197515,FOR,DNK,EPP
150407,197558,FOR,DNK,RENEW
150407,197567,FOR,DNK,RENEW
150407,197571,FOR,DNK,GUE_NGL
150407,197573,DID_NOT_VOTE,DNK,GREEN_EFA
150407,199941,FOR,DNK,SD
150407,239972,FOR,DNK,RENEW
150407,239973,FOR,DNK,RENEW
150459,28161,DID_NOT_VOTE,DNK,GREEN_EFA
150459,37312,FOR,DNK,SD
150459,96709,FOR,DNK,RENEW
150459,101585,FOR,DNK,SD
150459,124872,FOR,DNK,RENEW
150459,124875,DID_NOT_VOTE,DNK,ID
150459,197515,FOR,DNK,EPP
150459,197558,FOR,DNK,RENEW
150459,197567,FOR,DNK,RENEW
150459,197571,FOR,DNK,GUE_NGL
150459,197573,FOR,DNK,GREEN_EFA
150459,199941,FOR,DNK,SD
150459,239972,DID_NOT_VOTE,DNK,RENEW
150459,239973,DID_NOT_VOTE,DNK,RENEW
150545,28161,FOR,DNK,GREEN_EFA
150545,37312,FOR,DNK,SD
150545,96709,FOR,DNK,RENEW
150545,101585,FOR,DNK,SD
150545,124872,FOR,DNK,RENEW
150545,124875,DID_NOT_VOTE,DNK,ID
150545,197515,FOR,DNK,EPP
150545,197558,FOR,DNK,RENEW
150545,197567,FOR,DNK,RENEW
150545,197571,FOR,DNK,GUE_NGL
150545,197573,DID_NOT_VOTE,DNK,GREEN_EFA
150545,199941,FOR,DNK,SD
150545,239972,FOR,DNK,RENEW
150545,239973,FOR,DNK,RENEW
150745,28161,FOR,DNK,GREEN_EFA
150745,37312,FOR,DNK,SD
150745,96709,FOR,DNK,RENEW
150745,101585,FOR,DNK,SD
150745,124872,FOR,DNK,RENEW
150745,124875,DID_NOT_VOTE,DNK,ID
150745,197515,FOR,DNK,EPP
150745,197558,FOR,DNK,RENEW
150745,197567,FOR,DNK,RENEW
150745,197571,FOR,DNK,GUE_NGL
150745,197573,DID_NOT_VOTE,DNK,GREEN_EFA
150745,199941,FOR,DNK,SD
150745,239972,FOR,DNK,RENEW
150745,239973,FOR,DNK,RENEW
150763,28161,FOR,DNK,GREEN_EFA
150763,37312,FOR,DNK,SD
150763,96709,FOR,DNK,RENEW
150763,101585,FOR,DNK,SD
150763,124872,FOR,DNK,RENEW
150763,124875,DID_NOT_VOTE,DNK,ID
150763,197515,ABSTENTION,DNK,EPP
150763,197558,FOR,DNK,RENEW
150763,197567,FOR,DNK,RENEW
150763,197571,FOR,DNK,GUE_NGL
150763,197573,DID_NOT_VOTE,DNK,GREEN_EFA
150763,199941,FOR,DNK,SD
150763,239972,FOR,DNK,RENEW
150763,239973,FOR,DNK,RENEW
150777,28161,FOR,DNK,GREEN_EFA
150777,37312,FOR,DNK,SD
150777,96709,FOR,DNK,RENEW
150777,101585,FOR,DNK,SD
150777,124872,DID_NOT_VOTE,DNK,RENEW
150777,124875,DID_NOT_VOTE,DNK,ID
150777,197515,FOR,DNK,EPP
150777,197558,FOR,DNK,RENEW
150777,197567,FOR,DNK,RENEW
150777,197571,FOR,DNK,GUE_NGL
150777,197573,DID_NOT_VOTE,DNK,GREEN_EFA
150777,199941,FOR,DNK,SD
150777,239972,FOR,DNK,RENEW
150777,239973,FOR,DNK,RENEW
150790,28161,FOR,DNK,GREEN_EFA
150790,37312,FOR,DNK,SD
150790,96709,FOR,DNK,RENEW
150790,101585,FOR,DNK,SD
150790,124872,FOR,DNK,RENEW
150790,124875,DID_NOT_VOTE,DNK,ID
150790,197515,FOR,DNK,EPP
150790,197558,FOR,DNK,RENEW
150790,197567,FOR,DNK,RENEW
150790,197571,FOR,DNK,GUE_NGL
150790,197573,DID_NOT_VOTE,DNK,GREEN_EFA
150790,199941,FOR,DNK,SD
150790,239972,FOR,DNK,RENEW
150790,239973,FOR,DNK,RENEW
150795,28161,FOR,DNK,GREEN_EFA
150795,37312,FOR,DNK,SD
150795,96709,FOR,DNK,RENEW
150795,101585,FOR,DNK,SD
150795,124872,FOR,DNK,RENEW
150795,124875,DID_NOT_VOTE,DNK,ID
150795,197515,FOR,DNK,EPP
150795,197558,FOR,DNK,RENEW
150795,197567,FOR,DNK,RENEW
150795,197571,FOR,DNK,GUE_NGL
150795,197573,DID_NOT_VOTE,DNK,GREEN_EFA
150795,199941,FOR,DNK,SD
150795,239972,FOR,DNK,RENEW
150795,239973,FOR,DNK,RENEW
150815,28161,FOR,DNK,GREEN_EFA
150815,37312,FOR,DNK,SD
150815,96709,FOR,DNK,RENEW
150815,101585,FOR,DNK,SD
150815,124872,FOR,DNK,RENEW
150815,124875,DID_NOT_VOTE,DNK,ID
150815,197515,AGAINST,DNK,EPP
150815,197558,FOR,DNK,RENEW
150815,197567,FOR,DNK,RENEW
150815,197571,FOR,DNK,GUE_NGL
150815,197573,DID_NOT_VOTE,DNK,GREEN_EFA
150815,199941,FOR,DNK,SD
150815,239972,FOR,DNK,RENEW
150815,239973,FOR,DNK,RENEW
150921,28161,FOR,DNK,GREEN_EFA
150921,37312,FOR,DNK,SD
150921,96709,FOR,DNK,RENEW
150921,101585,FOR,DNK,SD
150921,124872,FOR,DNK,RENEW
150921,124875,AGAINST,DNK,ID
150921,197515,FOR,DNK,EPP
150921,197558,FOR,DNK,RENEW
150921,197567,FOR,DNK,RENEW
150921,197571,DID_NOT_VOTE,DNK,GUE_NGL
150921,197573,FOR,DNK,GREEN_EFA
150921,199941,FOR,DNK,SD
150921,239972,FOR,DNK,RENEW
150921,239973,FOR,DNK,RENEW
150922,28161,FOR,DNK,GREEN_EFA
150922,37312,FOR,DNK,SD
150922,96709,FOR,DNK,RENEW
150922,101585,FOR,DNK,SD
150922,124872,FOR,DNK,RENEW
150922,124875,FOR,DNK,ID
150922,197515,FOR,DNK,EPP
150922,197558,FOR,DNK,RENEW
150922,197567,FOR,DNK,RENEW
150922,197571,DID_NOT_VOTE,DNK,GUE_NGL
150922,197573,FOR,DNK,GREEN_EFA
150922,199941,FOR,DNK,SD
150922,239972,FOR,DNK,RENEW
150922,239973,FOR,DNK,RENEW
150923,28161,DID_NOT_VOTE,DNK,GREEN_EFA
150923,37312,FOR,DNK,SD
150923,96709,FOR,DNK,RENEW
150923,101585,FOR,DNK,SD
150923,124872,FOR,DNK,RENEW
150923,124875,FOR,DNK,ID
150923,197515,FOR,DNK,EPP
150923,197558,FOR,DNK,RENEW
150923,197567,FOR,DNK,RENEW
150923,197571,DID_NOT_VOTE,DNK,GUE_NGL
150923,197573,FOR,DNK,GREEN_EFA
150923,199941,FOR,DNK,SD
150923,239972,DID_NOT_VOTE,DNK,RENEW
150923,239973,FOR,DNK,RENEW
150924,28161,AGAINST,DNK,GREEN_EFA
150924,37312,FOR,DNK,SD
150924,96709,FOR,DNK,RENEW
150924,101585,FOR,DNK,SD
150924,124872,FOR,DNK,RENEW
150924,124875,AGAINST,DNK,ID
150924,197515,FOR,DNK,EPP
150924,197558,FOR,DNK,RENEW
150924,197567,ABSTENTION,DNK,RENEW
150924,197571,DID_NOT_VOTE,DNK,GUE_NGL
150924,197573,ABSTENTION,DNK,GREEN_EFA
150924,199941,FOR,DNK,SD
150924,239972,FOR,DNK,RENEW
150924,239973,FOR,DNK,RENEW
150935,28161,FOR,DNK,GREEN_EFA
150935,37312,AGAINST,DNK,SD
150935,96709,AGAINST,DNK,RENEW
150935,101585,AGAINST,DNK,SD
150935,124872,FOR,DNK,RENEW
150935,124875,AGAINST,DNK,ID
150935,197515,AGAINST,DNK,EPP
150935,197558,AGAINST,DNK,RENEW
150935,197567,ABSTENTION,DNK,RENEW
150935,197571,DID_NOT_VOTE,DNK,GUE_NGL
150935,197573,FOR,DNK,GREEN_EFA
150935,199941,AGAINST,DNK,SD
150935,239972,AGAINST,DNK,RENEW
150935,239973,AGAINST,DNK,RENEW
150936,28161,FOR,DNK,GREEN_EFA
150936,37312,FOR,DNK,SD
150936,96709,FOR,DNK,RENEW
150936,101585,FOR,DNK,SD
150936,124872,FOR,DNK,RENEW
150936,124875,FOR,DNK,ID
150936,197515,FOR,DNK,EPP
150936,197558,FOR,DNK,RENEW
150936,197567,FOR,DNK,RENEW
150936,197571,DID_NOT_VOTE,DNK,GUE_NGL
150936,197573,FOR,DNK,GREEN_EFA
150936,199941,FOR,DNK,SD
150936,239972,FOR,DNK,RENEW
150936,239973,FOR,DNK,RENEW
150937,28161,FOR,DNK,GREEN_EFA
150937,37312,FOR,DNK,SD
150937,96709,FOR,DNK,RENEW
150937,101585,FOR,DNK,SD
150937,124872,FOR,DNK,RENEW
150937,124875,AGAINST,DNK,ID
150937,197515,FOR,DNK,EPP
150937,197558,FOR,DNK,RENEW
150937,197567,FOR,DNK,RENEW
150937,197571,DID_NOT_VOTE,DNK,GUE_NGL
150937,197573,FOR,DNK,GREEN_EFA
150937,199941,FOR,DNK,SD
150937,239972,FOR,DNK,RENEW
150937,239973,FOR,DNK,RENEW
150939,28161,FOR,DNK,GREEN_EFA
150939,37312,FOR,DNK,SD
150939,96709,FOR,DNK,RENEW
150939,101585,FOR,DNK,SD
150939,124872,FOR,DNK,RENEW
150939,124875,AGAINST,DNK,ID
150939,197515,FOR,DNK,EPP
150939,197558,FOR,DNK,RENEW
150939,197567,FOR,DNK,RENEW
150939,197571,DID_NOT_VOTE,DNK,GUE_NGL
150939,197573,FOR,DNK,GREEN_EFA
150939,199941,FOR,DNK,SD
150939,239972,FOR,DNK,RENEW
150939,239973,FOR,DNK,RENEW
150940,28161,FOR,DNK,GREEN_EFA
150940,37312,FOR,DNK,SD
150940,96709,FOR,DNK,RENEW
150940,101585,FOR,DNK,SD
150940,124872,FOR,DNK,RENEW
150940,124875,FOR,DNK,ID
150940,197515,FOR,DNK,EPP
150940,197558,FOR,DNK,RENEW
150940,197567,FOR,DNK,RENEW
150940,197571,DID_NOT_VOTE,DNK,GUE_NGL
150940,197573,FOR,DNK,GREEN_EFA
150940,199941,FOR,DNK,SD
150940,239972,FOR,DNK,RENEW
150940,239973,FOR,DNK,RENEW
150954,28161,FOR,DNK,GREEN_EFA
150954,37312,FOR,DNK,SD
150954,96709,ABSTENTION,DNK,RENEW
150954,101585,FOR,DNK,SD
150954,124872,FOR,DNK,RENEW
150954,124875,AGAINST,DNK,ID
150954,197515,FOR,DNK,EPP
150954,197558,ABSTENTION,DNK,RENEW
150954,197567,FOR,DNK,RENEW
150954,197571,DID_NOT_VOTE,DNK,GUE_NGL
150954,197573,FOR,DNK,GREEN_EFA
150954,199941,FOR,DNK,SD
150954,239972,ABSTENTION,DNK,RENEW
150954,239973,ABSTENTION,DNK,RENEW
150983,28161,FOR,DNK,GREEN_EFA
150983,37312,FOR,DNK,SD
150983,96709,FOR,DNK,RENEW
150983,101585,ABSTENTION,DNK,SD
150983,124872,FOR,DNK,RENEW
150983,124875,AGAINST,DNK,ID
150983,197515,FOR,DNK,EPP
150983,197558,FOR,DNK,RENEW
150983,197567,FOR,DNK,RENEW
150983,197571,DID_NOT_VOTE,DNK,GUE_NGL
150983,197573,FOR,DNK,GREEN_EFA
150983,199941,FOR,DNK,SD
150983,239972,FOR,DNK,RENEW
150983,239973,FOR,DNK,RENEW
150985,28161,FOR,DNK,GREEN_EFA
150985,37312,FOR,DNK,SD
150985,96709,FOR,DNK,RENEW
150985,101585,FOR,DNK,SD
150985,124872,FOR,DNK,RENEW
150985,124875,AGAINST,DNK,ID
150985,197515,FOR,DNK,EPP
150985,197558,FOR,DNK,RENEW
150985,197567,FOR,DNK,RENEW
150985,197571,DID_NOT_VOTE,DNK,GUE_NGL
150985,197573,FOR,DNK,GREEN_EFA
150985,199941,FOR,DNK,SD
150985,239972,FOR,DNK,RENEW
150985,239973,FOR,DNK,RENEW
150992,28161,FOR,DNK,GREEN_EFA
150992,37312,FOR,DNK,SD
150992,96709,FOR,DNK,RENEW
150992,101585,FOR,DNK,SD
150992,124872,FOR,DNK,RENEW
150992,124875,FOR,DNK,ID
150992,197515,FOR,DNK,EPP
150992,197558,FOR,DNK,RENEW
150992,197567,FOR,DNK,RENEW
150992,197571,DID_NOT_VOTE,DNK,GUE_NGL
150992,197573,FOR,DNK,GREEN_EFA
150992,199941,FOR,DNK,SD
150992,239972,FOR,DNK,RENEW
150992,239973,FOR,DNK,RENEW
151046,28161,ABSTENTION,DNK,GREEN_EFA
151046,37312,FOR,DNK,SD
151046,96709,FOR,DNK,RENEW
151046,101585,FOR,DNK,SD
151046,124872,FOR,DNK,RENEW
151046,124875,ABSTENTION,DNK,ID
151046,197515,FOR,DNK,EPP
151046,197558,FOR,DNK,RENEW
151046,197567,FOR,DNK,RENEW
151046,197571,DID_NOT_VOTE,DNK,GUE_NGL
151046,197573,ABSTENTION,DNK,GREEN_EFA
151046,199941,FOR,DNK,SD
151046,239972,FOR,DNK,RENEW
151046,239973,FOR,DNK,RENEW
151088,28161,FOR,DNK,GREEN_EFA
151088,37312,FOR,DNK,SD
151088,96709,AGAINST,DNK,RENEW
151088,101585,FOR,DNK,SD
151088,124872,FOR,DNK,RENEW
151088,124875,FOR,DNK,ID
151088,197515,AGAINST,DNK,EPP
151088,197558,AGAINST,DNK,RENEW
151088,197567,FOR,DNK,RENEW
151088,197571,DID_NOT_VOTE,DNK,GUE_NGL
151088,197573,FOR,DNK,GREEN_EFA
151088,199941,FOR,DNK,SD
151088,239972,AGAINST,DNK,RENEW
151088,239973,AGAINST,DNK,RENEW
151387,28161,FOR,DNK,GREEN_EFA
151387,37312,FOR,DNK,SD
151387,96709,FOR,DNK,RENEW
151387,101585,FOR,DNK,SD
151387,124872,FOR,DNK,RENEW
151387,124875,FOR,DNK,ID
151387,197515,FOR,DNK,EPP
151387,197558,FOR,DNK,RENEW
151387,197567,FOR,DNK,RENEW
151387,197571,DID_NOT_VOTE,DNK,GUE_NGL
151387,197573,FOR,DNK,GREEN_EFA
151387,199941,FOR,DNK,SD
151387,239972,FOR,DNK,RENEW
151387,239973,FOR,DNK,RENEW
151460,28161,FOR,DNK,GREEN_EFA
151460,37312,FOR,DNK,SD
151460,96709,FOR,DNK,RENEW
151460,101585,FOR,DNK,SD
151460,124872,FOR,DNK,RENEW
151460,124875,AGAINST,DNK,ID
151460,197515,DID_NOT_VOTE,DNK,EPP
151460,197558,FOR,DNK,RENEW
151460,197567,FOR,DNK,RENEW
151460,197571,DID_NOT_VOTE,DNK,GUE_NGL
151460,197573,FOR,DNK,GREEN_EFA
151460,199941,FOR,DNK,SD
151460,239972,FOR,DNK,RENEW
151460,239973,FOR,DNK,RENEW
151508,28161,FOR,DNK,GREEN_EFA
151508,37312,FOR,DNK,SD
151508,96709,FOR,DNK,RENEW
151508,101585,FOR,DNK,SD
151508,124872,FOR,DNK,RENEW
151508,124875,FOR,DNK,ID
151508,197515,FOR,DNK,EPP
151508,197558,FOR,DNK,RENEW
151508,197567,FOR,DNK,RENEW
151508,197571,DID_NOT_VOTE,DNK,GUE_NGL
151508,197573,FOR,DNK,GREEN_EFA
151508,199941,FOR,DNK,SD
151508,239972,FOR,DNK,RENEW
151508,239973,FOR,DNK,RENEW
151561,28161,DID_NOT_VOTE,DNK,GREEN_EFA
151561,37312,FOR,DNK,SD
151561,96709,FOR,DNK,RENEW
151561,101585,FOR,DNK,SD
151561,124872,FOR,DNK,RENEW
151561,124875,FOR,DNK,ID
151561,197515,FOR,DNK,EPP
151561,197558,FOR,DNK,RENEW
151561,197567,FOR,DNK,RENEW
151561,197571,FOR,DNK,GUE_NGL
151561,197573,DID_NOT_VOTE,DNK,GREEN_EFA
151561,199941,FOR,DNK,SD
151561,239972,FOR,DNK,RENEW
151561,239973,FOR,DNK,RENEW
151562,28161,DID_NOT_VOTE,DNK,GREEN_EFA
151562,37312,FOR,DNK,SD
151562,96709,DID_NOT_VOTE,DNK,RENEW
151562,101585,FOR,DNK,SD
151562,124872,FOR,DNK,RENEW
151562,124875,FOR,DNK,ID
151562,197515,FOR,DNK,EPP
151562,197558,FOR,DNK,RENEW
151562,197567,FOR,DNK,RENEW
151562,197571,FOR,DNK,GUE_NGL
151562,197573,DID_NOT_VOTE,DNK,GREEN_EFA
151562,199941,FOR,DNK,SD
151562,239972,FOR,DNK,RENEW
151562,239973,FOR,DNK,RENEW
151570,28161,DID_NOT_VOTE,DNK,GREEN_EFA
151570,37312,DID_NOT_VOTE,DNK,SD
151570,96709,FOR,DNK,RENEW
151570,101585,FOR,DNK,SD
151570,124872,FOR,DNK,RENEW
151570,124875,FOR,DNK,ID
151570,197515,DID_NOT_VOTE,DNK,EPP
151570,197558,FOR,DNK,RENEW
151570,197567,FOR,DNK,RENEW
151570,197571,AGAINST,DNK,GUE_NGL
151570,197573,DID_NOT_VOTE,DNK,GREEN_EFA
151570,199941,FOR,DNK,SD
151570,239972,FOR,DNK,RENEW
151570,239973,FOR,DNK,RENEW
151578,28161,DID_NOT_VOTE,DNK,GREEN_EFA
151578,37312,FOR,DNK,SD
151578,96709,DID_NOT_VOTE,DNK,RENEW
151578,101585,FOR,DNK,SD
151578,124872,FOR,DNK,RENEW
151578,124875,FOR,DNK,ID
151578,197515,FOR,DNK,EPP
151578,197558,FOR,DNK,RENEW
151578,197567,FOR,DNK,RENEW
151578,197571,FOR,DNK,GUE_NGL
151578,197573,DID_NOT_VOTE,DNK,GREEN_EFA
151578,199941,FOR,DNK,SD
151578,239972,FOR,DNK,RENEW
151578,239973,FOR,DNK,RENEW
151591,28161,FOR,DNK,GREEN_EFA
151591,37312,FOR,DNK,SD
151591,96709,DID_NOT_VOTE,DNK,RENEW
151591,101585,FOR,DNK,SD
151591,124872,AGAINST,DNK,RENEW
151591,124875,AGAINST,DNK,ID
151591,197515,DID_NOT_VOTE,DNK,EPP
151591,197558,AGAINST,DNK,RENEW
151591,197567,ABSTENTION,DNK,RENEW
151591,197571,FOR,DNK,GUE_NGL
151591,197573,FOR,DNK,GREEN_EFA
151591,199941,FOR,DNK,SD
151591,239972,AGAINST,DNK,RENEW
151591,239973,AGAINST,DNK,RENEW
151592,28161,DID_NOT_VOTE,DNK,GREEN_EFA
151592,37312,FOR,DNK,SD
151592,96709,DID_NOT_VOTE,DNK,RENEW
151592,101585,FOR,DNK,SD
151592,124872,FOR,DNK,RENEW
151592,124875,FOR,DNK,ID
151592,197515,FOR,DNK,EPP
151592,197558,FOR,DNK,RENEW
151592,197567,FOR,DNK,RENEW
151592,197571,FOR,DNK,GUE_NGL
151592,197573,DID_NOT_VOTE,DNK,GREEN_EFA
151592,199941,FOR,DNK,SD
151592,239972,FOR,DNK,RENEW
151592,239973,FOR,DNK,RENEW
151701,28161,DID_NOT_VOTE,DNK,GREEN_EFA
151701,37312,FOR,DNK,SD
151701,96709,FOR,DNK,RENEW
151701,101585,FOR,DNK,SD
151701,124872,FOR,DNK,RENEW
151701,124875,AGAINST,DNK,ID
151701,197515,FOR,DNK,EPP
151701,197558,FOR,DNK,RENEW
151701,197567,FOR,DNK,RENEW
151701,197571,ABSTENTION,DNK,GUE_NGL
151701,197573,DID_NOT_VOTE,DNK,GREEN_EFA
151701,199941,FOR,DNK,SD
151701,239972,FOR,DNK,RENEW
151701,239973,FOR,DNK,RENEW
151714,28161,DID_NOT_VOTE,DNK,GREEN_EFA
151714,37312,DID_NOT_VOTE,DNK,SD
151714,96709,FOR,DNK,RENEW
151714,101585,FOR,DNK,SD
151714,124872,FOR,DNK,RENEW
151714,124875,AGAINST,DNK,ID
151714,197515,DID_NOT_VOTE,DNK,EPP
151714,197558,FOR,DNK,RENEW
151714,197567,FOR,DNK,RENEW
151714,197571,FOR,DNK,GUE_NGL
151714,197573,DID_NOT_VOTE,DNK,GREEN_EFA
151714,199941,FOR,DNK,SD
151714,239972,FOR,DNK,RENEW
151714,239973,FOR,DNK,RENEW
151771,28161,DID_NOT_VOTE,DNK,GREEN_EFA
151771,37312,FOR,DNK,SD
151771,96709,FOR,DNK,RENEW
151771,101585,FOR,DNK,SD
151771,124872,FOR,DNK,RENEW
151771,124875,AGAINST,DNK,ID
151771,197515,FOR,DNK,EPP
151771,197558,FOR,DNK,RENEW
151771,197567,FOR,DNK,RENEW
151771,197571,AGAINST,DNK,GUE_NGL
151771,197573,DID_NOT_VOTE,DNK,GREEN_EFA
151771,199941,FOR,DNK,SD
151771,239972,FOR,DNK,RENEW
151771,239973,FOR,DNK,RENEW
151796,28161,DID_NOT_VOTE,DNK,GREEN_EFA
151796,37312,FOR,DNK,SD
151796,96709,FOR,DNK,RENEW
151796,101585,FOR,DNK,SD
151796,124872,FOR,DNK,RENEW
151796,124875,AGAINST,DNK,ID
151796,197515,FOR,DNK,EPP
151796,197558,FOR,DNK,RENEW
151796,197567,FOR,DNK,RENEW
151796,197571,FOR,DNK,GUE_NGL
151796,197573,DID_NOT_VOTE,DNK,GREEN_EFA
151796,199941,FOR,DNK,SD
151796,239972,FOR,DNK,RENEW
151796,239973,FOR,DNK,RENEW
151811,28161,DID_NOT_VOTE,DNK,GREEN_EFA
151811,37312,DID_NOT_VOTE,DNK,SD
151811,96709,FOR,DNK,RENEW
151811,101585,FOR,DNK,SD
151811,124872,FOR,DNK,RENEW
151811,124875,ABSTENTION,DNK,ID
151811,197515,DID_NOT_VOTE,DNK,EPP
151811,197558,FOR,DNK,RENEW
151811,197567,FOR,DNK,RENEW
151811,197571,FOR,DNK,GUE_NGL
151811,197573,DID_NOT_VOTE,DNK,GREEN_EFA
151811,199941,FOR,DNK,SD
151811,239972,FOR,DNK,RENEW
151811,239973,FOR,DNK,RENEW
151821,28161,DID_NOT_VOTE,DNK,GREEN_EFA
151821,37312,FOR,DNK,SD
151821,96709,DID_NOT_VOTE,DNK,RENEW
151821,101585,FOR,DNK,SD
151821,124872,FOR,DNK,RENEW
151821,124875,FOR,DNK,ID
151821,197515,FOR,DNK,EPP
151821,197558,FOR,DNK,RENEW
151821,197567,FOR,DNK,RENEW
151821,197571,FOR,DNK,GUE_NGL
151821,197573,DID_NOT_VOTE,DNK,GREEN_EFA
151821,199941,FOR,DNK,SD
151821,239972,FOR,DNK,RENEW
151821,239973,FOR,DNK,RENEW
151822,28161,DID_NOT_VOTE,DNK,GREEN_EFA
151822,37312,FOR,DNK,SD
151822,96709,DID_NOT_VOTE,DNK,RENEW
151822,101585,FOR,DNK,SD
151822,124872,AGAINST,DNK,RENEW
151822,124875,FOR,DNK,ID
151822,197515,FOR,DNK,EPP
151822,197558,FOR,DNK,RENEW
151822,197567,AGAINST,DNK,RENEW
151822,197571,AGAINST,DNK,GUE_NGL
151822,197573,DID_NOT_VOTE,DNK,GREEN_EFA
151822,199941,FOR,DNK,SD
151822,239972,FOR,DNK,RENEW
151822,239973,FOR,DNK,RENEW
152032,28161,DID_NOT_VOTE,DNK,GREEN_EFA
152032,37312,FOR,DNK,SD
152032,96709,FOR,DNK,RENEW
152032,101585,FOR,DNK,SD
152032,124872,FOR,DNK,RENEW
152032,124875,FOR,DNK,ID
152032,197515,FOR,DNK,EPP
152032,197558,FOR,DNK,RENEW
152032,197567,FOR,DNK,RENEW
152032,197571,AGAINST,DNK,GUE_NGL
152032,197573,DID_NOT_VOTE,DNK,GREEN_EFA
152032,199941,FOR,DNK,SD
152032,239972,FOR,DNK,RENEW
152032,239973,FOR,DNK,RENEW
152229,28161,DID_NOT_VOTE,DNK,GREEN_EFA
152229,37312,DID_NOT_VOTE,DNK,SD
152229,96709,FOR,DNK,RENEW
152229,101585,FOR,DNK,SD
152229,124872,FOR,DNK,RENEW
152229,124875,FOR,DNK,ID
152229,197515,DID_NOT_VOTE,DNK,EPP
152229,197558,FOR,DNK,RENEW
152229,197567,FOR,DNK,RENEW
152229,197571,FOR,DNK,GUE_NGL
152229,197573,DID_NOT_VOTE,DNK,GREEN_EFA
152229,199941,FOR,DNK,SD
152229,239972,FOR,DNK,RENEW
152229,239973,FOR,DNK,RENEW
152245,28161,DID_NOT_VOTE,DNK,GREEN_EFA
152245,37312,DID_NOT_VOTE,DNK,SD
152245,96709,FOR,DNK,RENEW
152245,101585,FOR,DNK,SD
152245,124872,FOR,DNK,RENEW
152245,124875,FOR,DNK,ID
152245,197515,DID_NOT_VOTE,DNK,EPP
152245,197558,FOR,DNK,RENEW
152245,197567,FOR,DNK,RENEW
152245,197571,FOR,DNK,GUE_NGL
152245,197573,DID_NOT_VOTE,DNK,GREEN_EFA
152245,199941,FOR,DNK,SD
152245,239972,FOR,DNK,RENEW
152245,239973,FOR,DNK,RENEW
152265,28161,DID_NOT_VOTE,DNK,GREEN_EFA
152265,37312,DID_NOT_VOTE,DNK,SD
152265,96709,FOR,DNK,RENEW
152265,101585,FOR,DNK,SD
152265,124872,FOR,DNK,RENEW
152265,124875,ABSTENTION,DNK,ID
152265,197515,DID_NOT_VOTE,DNK,EPP
152265,197558,FOR,DNK,RENEW
152265,197567,FOR,DNK,RENEW
152265,197571,FOR,DNK,GUE_NGL
152265,197573,DID_NOT_VOTE,DNK,GREEN_EFA
152265,199941,FOR,DNK,SD
152265,239972,FOR,DNK,RENEW
152265,239973,FOR,DNK,RENEW
152282,28161,FOR,DNK,GREEN_EFA
152282,37312,FOR,DNK,SD
152282,96709,DID_NOT_VOTE,DNK,RENEW
152282,101585,FOR,DNK,SD
152282,124872,FOR,DNK,RENEW
152282,124875,FOR,DNK,ID
152282,197515,DID_NOT_VOTE,DNK,EPP
152282,197558,FOR,DNK,RENEW
152282,197567,FOR,DNK,RENEW
152282,197571,FOR,DNK,GUE_NGL
152282,197573,FOR,DNK,GREEN_EFA
152282,199941,FOR,DNK,SD
152282,239972,FOR,DNK,RENEW
152282,239973,FOR,DNK,RENEW
152302,28161,FOR,DNK,GREEN_EFA
152302,37312,FOR,DNK,SD
152302,96709,DID_NOT_VOTE,DNK,RENEW
152302,101585,FOR,DNK,SD
152302,124872,FOR,DNK,RENEW
152302,124875,ABSTENTION,DNK,ID
152302,197515,DID_NOT_VOTE,DNK,EPP
152302,197558,FOR,DNK,RENEW
152302,197567,FOR,DNK,RENEW
152302,197571,FOR,DNK,GUE_NGL
152302,197573,FOR,DNK,GREEN_EFA
152302,199941,FOR,DNK,SD
152302,239972,FOR,DNK,RENEW
152302,239973,FOR,DNK,RENEW
152345,28161,FOR,DNK,GREEN_EFA
152345,37312,FOR,DNK,SD
152345,96709,DID_NOT_VOTE,DNK,RENEW
152345,101585,FOR,DNK,SD
152345,124872,AGAINST,DNK,RENEW
152345,124875,AGAINST,DNK,ID
152345,197515,DID_NOT_VOTE,DNK,EPP
152345,197558,AGAINST,DNK,RENEW
152345,197567,FOR,DNK,RENEW
152345,197571,FOR,DNK,GUE_NGL
152345,197573,FOR,DNK,GREEN_EFA
152345,199941,FOR,DNK,SD
152345,239972,AGAINST,DNK,RENEW
152345,239973,AGAINST,DNK,RENEW
152384,28161,FOR,DNK,GREEN_EFA
152384,37312,FOR,DNK,SD
152384,96709,DID_NOT_VOTE,DNK,RENEW
152384,101585,FOR,DNK,SD
152384,124872,FOR,DNK,RENEW
152384,124875,AGAINST,DNK,ID
152384,197515,DID_NOT_VOTE,DNK,EPP
152384,197558,ABSTENTION,DNK,RENEW
152384,197567,FOR,DNK,RENEW
152384,197571,FOR,DNK,GUE_NGL
152384,197573,FOR,DNK,GREEN_EFA
152384,199941,FOR,DNK,SD
152384,239972,ABSTENTION,DNK,RENEW
152384,239973,ABSTENTION,DNK,RENEW
152416,28161,FOR,DNK,GREEN_EFA
152416,37312,FOR,DNK,SD
152416,96709,DID_NOT_VOTE,DNK,RENEW
152416,101585,FOR,DNK,SD
152416,124872,FOR,DNK,RENEW
152416,124875,ABSTENTION,DNK,ID
152416,197515,DID_NOT_VOTE,DNK,EPP
152416,197558,FOR,DNK,RENEW
152416,197567,FOR,DNK,RENEW
152416,197571,FOR,DNK,GUE_NGL
152416,197573,FOR,DNK,GREEN_EFA
152416,199941,FOR,DNK,SD
152416,239972,FOR,DNK,RENEW
152416,239973,FOR,DNK,RENEW
152506,28161,AGAINST,DNK,GREEN_EFA
152506,37312,FOR,DNK,SD
152506,96709,FOR,DNK,RENEW
152506,101585,FOR,DNK,SD
152506,124872,FOR,DNK,RENEW
152506,124875,FOR,DNK,ID
152506,197515,FOR,DNK,EPP
152506,197558,FOR,DNK,RENEW
152506,197567,FOR,DNK,RENEW
152506,197571,AGAINST,DNK,GUE_NGL
152506,197573,AGAINST,DNK,GREEN_EFA
152506,199941,FOR,DNK,SD
152506,239972,FOR,DNK,RENEW
152506,239973,FOR,DNK,RENEW
152507,28161,FOR,DNK,GREEN_EFA
152507,37312,FOR,DNK,SD
152507,96709,FOR,DNK,RENEW
152507,101585,FOR,DNK,SD
152507,124872,FOR,DNK,RENEW
152507,124875,DID_NOT_VOTE,DNK,ID
152507,197515,FOR,DNK,EPP
152507,197558,FOR,DNK,RENEW
152507,197567,FOR,DNK,RENEW
152507,197571,FOR,DNK,GUE_NGL
152507,197573,FOR,DNK,GREEN_EFA
152507,199941,FOR,DNK,SD
152507,239972,FOR,DNK,RENEW
152507,239973,FOR,DNK,RENEW
152508,28161,FOR,DNK,GREEN_EFA
152508,37312,FOR,DNK,SD
152508,96709,FOR,DNK,RENEW
152508,101585,FOR,DNK,SD
152508,124872,FOR,DNK,RENEW
152508,124875,DID_NOT_VOTE,DNK,ID
152508,197515,FOR,DNK,EPP
152508,197558,FOR,DNK,RENEW
152508,197567,FOR,DNK,RENEW
152508,197571,FOR,DNK,GUE_NGL
152508,197573,FOR,DNK,GREEN_EFA
152508,199941,FOR,DNK,SD
152508,239972,FOR,DNK,RENEW
152508,239973,FOR,DNK,RENEW
152509,28161,FOR,DNK,GREEN_EFA
152509,37312,FOR,DNK,SD
152509,96709,FOR,DNK,RENEW
152509,101585,FOR,DNK,SD
152509,124872,FOR,DNK,RENEW
152509,124875,FOR,DNK,ID
152509,197515,FOR,DNK,EPP
152509,197558,FOR,DNK,RENEW
152509,197567,FOR,DNK,RENEW
152509,197571,ABSTENTION,DNK,GUE_NGL
152509,197573,FOR,DNK,GREEN_EFA
152509,199941,FOR,DNK,SD
152509,239972,FOR,DNK,RENEW
152509,239973,FOR,DNK,RENEW
152523,28161,DID_NOT_VOTE,DNK,GREEN_EFA
152523,37312,FOR,DNK,SD
152523,96709,FOR,DNK,RENEW
152523,101585,FOR,DNK,SD
152523,124872,FOR,DNK,RENEW
152523,124875,AGAINST,DNK,ID
152523,197515,FOR,DNK,EPP
152523,197558,DID_NOT_VOTE,DNK,RENEW
152523,197567,FOR,DNK,RENEW
152523,197571,ABSTENTION,DNK,GUE_NGL
152523,197573,FOR,DNK,GREEN_EFA
152523,199941,FOR,DNK,SD
152523,239972,FOR,DNK,RENEW
152523,239973,FOR,DNK,RENEW
152544,28161,FOR,DNK,GREEN_EFA
152544,37312,FOR,DNK,SD
152544,96709,FOR,DNK,RENEW
152544,101585,FOR,DNK,SD
152544,124872,FOR,DNK,RENEW
152544,124875,DID_NOT_VOTE,DNK,ID
152544,197515,AGAINST,DNK,EPP
152544,197558,FOR,DNK,RENEW
152544,197567,FOR,DNK,RENEW
152544,197571,FOR,DNK,GUE_NGL
152544,197573,FOR,DNK,GREEN_EFA
152544,199941,FOR,DNK,SD
152544,239972,FOR,DNK,RENEW
152544,239973,FOR,DNK,RENEW
152547,28161,FOR,DNK,GREEN_EFA
152547,37312,FOR,DNK,SD
152547,96709,FOR,DNK,RENEW
152547,101585,FOR,DNK,SD
152547,124872,FOR,DNK,RENEW
152547,124875,DID_NOT_VOTE,DNK,ID
152547,197515,FOR,DNK,EPP
152547,197558,FOR,DNK,RENEW
152547,197567,FOR,DNK,RENEW
152547,197571,ABSTENTION,DNK,GUE_NGL
152547,197573,FOR,DNK,GREEN_EFA
152547,199941,FOR,DNK,SD
152547,239972,FOR,DNK,RENEW
152547,239973,FOR,DNK,RENEW
152552,28161,FOR,DNK,GREEN_EFA
152552,37312,FOR,DNK,SD
152552,96709,FOR,DNK,RENEW
152552,101585,FOR,DNK,SD
152552,124872,FOR,DNK,RENEW
152552,124875,DID_NOT_VOTE,DNK,ID
152552,197515,FOR,DNK,EPP
152552,197558,FOR,DNK,RENEW
152552,197567,FOR,DNK,RENEW
152552,197571,FOR,DNK,GUE_NGL
152552,197573,FOR,DNK,GREEN_EFA
152552,199941,FOR,DNK,SD
152552,239972,FOR,DNK,RENEW
152552,239973,FOR,DNK,RENEW
152554,28161,FOR,DNK,GREEN_EFA
152554,37312,FOR,DNK,SD
152554,96709,FOR,DNK,RENEW
152554,101585,FOR,DNK,SD
152554,124872,FOR,DNK,RENEW
152554,124875,DID_NOT_VOTE,DNK,ID
152554,197515,FOR,DNK,EPP
152554,197558,FOR,DNK,RENEW
152554,197567,FOR,DNK,RENEW
152554,197571,ABSTENTION,DNK,GUE_NGL
152554,197573,FOR,DNK,GREEN_EFA
152554,199941,FOR,DNK,SD
152554,239972,FOR,DNK,RENEW
152554,239973,FOR,DNK,RENEW
152564,28161,FOR,DNK,GREEN_EFA
152564,37312,FOR,DNK,SD
152564,96709,FOR,DNK,RENEW
152564,101585,FOR,DNK,SD
152564,124872,FOR,DNK,RENEW
152564,124875,ABSTENTION,DNK,ID
152564,197515,FOR,DNK,EPP
152564,197558,FOR,DNK,RENEW
152564,197567,FOR,DNK,RENEW
152564,197571,FOR,DNK,GUE_NGL
152564,197573,FOR,DNK,GREEN_EFA
152564,199941,FOR,DNK,SD
152564,239972,FOR,DNK,RENEW
152564,239973,FOR,DNK,RENEW
152565,28161,FOR,DNK,GREEN_EFA
152565,37312,FOR,DNK,SD
152565,96709,FOR,DNK,RENEW
152565,101585,FOR,DNK,SD
152565,124872,FOR,DNK,RENEW
152565,124875,DID_NOT_VOTE,DNK,ID
152565,197515,FOR,DNK,EPP
152565,197558,FOR,DNK,RENEW
152565,197567,FOR,DNK,RENEW
152565,197571,FOR,DNK,GUE_NGL
152565,197573,FOR,DNK,GREEN_EFA
152565,199941,FOR,DNK,SD
152565,239972,FOR,DNK,RENEW
152565,239973,FOR,DNK,RENEW
152566,28161,FOR,DNK,GREEN_EFA
152566,37312,FOR,DNK,SD
152566,96709,FOR,DNK,RENEW
152566,101585,FOR,DNK,SD
152566,124872,FOR,DNK,RENEW
152566,124875,FOR,DNK,ID
152566,197515,FOR,DNK,EPP
152566,197558,FOR,DNK,RENEW
152566,197567,FOR,DNK,RENEW
152566,197571,FOR,DNK,GUE_NGL
152566,197573,FOR,DNK,GREEN_EFA
152566,199941,FOR,DNK,SD
152566,239972,FOR,DNK,RENEW
152566,239973,FOR,DNK,RENEW
152567,28161,AGAINST,DNK,GREEN_EFA
152567,37312,FOR,DNK,SD
152567,96709,FOR,DNK,RENEW
152567,101585,FOR,DNK,SD
152567,124872,FOR,DNK,RENEW
152567,124875,FOR,DNK,ID
152567,197515,FOR,DNK,EPP
152567,197558,FOR,DNK,RENEW
152567,197567,FOR,DNK,RENEW
152567,197571,AGAINST,DNK,GUE_NGL
152567,197573,AGAINST,DNK,GREEN_EFA
152567,199941,FOR,DNK,SD
152567,239972,FOR,DNK,RENEW
152567,239973,FOR,DNK,RENEW
152568,28161,FOR,DNK,GREEN_EFA
152568,37312,FOR,DNK,SD
152568,96709,FOR,DNK,RENEW
152568,101585,FOR,DNK,SD
152568,124872,FOR,DNK,RENEW
152568,124875,FOR,DNK,ID
152568,197515,FOR,DNK,EPP
152568,197558,FOR,DNK,RENEW
152568,197567,FOR,DNK,RENEW
152568,197571,FOR,DNK,GUE_NGL
152568,197573,FOR,DNK,GREEN_EFA
152568,199941,FOR,DNK,SD
152568,239972,FOR,DNK,RENEW
152568,239973,FOR,DNK,RENEW
152653,28161,ABSTENTION,DNK,GREEN_EFA
152653,37312,FOR,DNK,SD
152653,96709,FOR,DNK,RENEW
152653,101585,FOR,DNK,SD
152653,124872,FOR,DNK,RENEW
152653,124875,DID_NOT_VOTE,DNK,ID
152653,197515,FOR,DNK,EPP
152653,197558,FOR,DNK,RENEW
152653,197567,FOR,DNK,RENEW
152653,197571,FOR,DNK,GUE_NGL
152653,197573,ABSTENTION,DNK,GREEN_EFA
152653,199941,FOR,DNK,SD
152653,239972,FOR,DNK,RENEW
152653,239973,FOR,DNK,RENEW
152767,28161,FOR,DNK,GREEN_EFA
152767,37312,FOR,DNK,SD
152767,96709,FOR,DNK,RENEW
152767,101585,FOR,DNK,SD
152767,124872,FOR,DNK,RENEW
152767,124875,ABSTENTION,DNK,ID
152767,197515,FOR,DNK,EPP
152767,197558,FOR,DNK,RENEW
152767,197567,FOR,DNK,RENEW
152767,197571,FOR,DNK,GUE_NGL
152767,197573,FOR,DNK,GREEN_EFA
152767,199941,FOR,DNK,SD
152767,239972,FOR,DNK,RENEW
152767,239973,FOR,DNK,RENEW
152881,28161,FOR,DNK,GREEN_EFA
152881,37312,FOR,DNK,SD
152881,96709,FOR,DNK,RENEW
152881,101585,FOR,DNK,SD
152881,124872,FOR,DNK,RENEW
152881,124875,ABSTENTION,DNK,ID
152881,197515,FOR,DNK,EPP
152881,197558,DID_NOT_VOTE,DNK,RENEW
152881,197567,FOR,DNK,RENEW
152881,197571,FOR,DNK,GUE_NGL
152881,197573,FOR,DNK,GREEN_EFA
152881,199941,FOR,DNK,SD
152881,239972,FOR,DNK,RENEW
152881,239973,FOR,DNK,RENEW
153055,28161,FOR,DNK,GREEN_EFA
153055,37312,FOR,DNK,SD
153055,96709,FOR,DNK,RENEW
153055,101585,FOR,DNK,SD
153055,124872,FOR,DNK,RENEW
153055,124875,ABSTENTION,DNK,ID
153055,197515,FOR,DNK,EPP
153055,197558,FOR,DNK,RENEW
153055,197567,FOR,DNK,RENEW
153055,197571,FOR,DNK,GUE_NGL
153055,197573,FOR,DNK,GREEN_EFA
153055,199941,FOR,DNK,SD
153055,239972,FOR,DNK,RENEW
153055,239973,FOR,DNK,RENEW
153059,28161,FOR,DNK,GREEN_EFA
153059,37312,FOR,DNK,SD
153059,96709,FOR,DNK,RENEW
153059,101585,FOR,DNK,SD
153059,124872,FOR,DNK,RENEW
153059,124875,ABSTENTION,DNK,ID
153059,197515,FOR,DNK,EPP
153059,197558,FOR,DNK,RENEW
153059,197567,FOR,DNK,RENEW
153059,197571,FOR,DNK,GUE_NGL
153059,197573,FOR,DNK,GREEN_EFA
153059,199941,FOR,DNK,SD
153059,239972,FOR,DNK,RENEW
153059,239973,FOR,DNK,RENEW
153081,28161,FOR,DNK,GREEN_EFA
153081,37312,FOR,DNK,SD
153081,96709,FOR,DNK,RENEW
153081,101585,FOR,DNK,SD
153081,124872,FOR,DNK,RENEW
153081,124875,FOR,DNK,ID
153081,197515,FOR,DNK,EPP
153081,197558,DID_NOT_VOTE,DNK,RENEW
153081,197567,FOR,DNK,RENEW
153081,197571,FOR,DNK,GUE_NGL
153081,197573,FOR,DNK,GREEN_EFA
153081,199941,FOR,DNK,SD
153081,239972,FOR,DNK,RENEW
153081,239973,FOR,DNK,RENEW
153099,28161,FOR,DNK,GREEN_EFA
153099,37312,FOR,DNK,SD
153099,96709,FOR,DNK,RENEW
153099,101585,FOR,DNK,SD
153099,124872,FOR,DNK,RENEW
153099,124875,AGAINST,DNK,ID
153099,197515,FOR,DNK,EPP
153099,197558,FOR,DNK,RENEW
153099,197567,FOR,DNK,RENEW
153099,197571,FOR,DNK,GUE_NGL
153099,197573,FOR,DNK,GREEN_EFA
153099,199941,FOR,DNK,SD
153099,239972,FOR,DNK,RENEW
153099,239973,FOR,DNK,RENEW
153139,28161,FOR,DNK,GREEN_EFA
153139,37312,FOR,DNK,SD
153139,96709,FOR,DNK,RENEW
153139,101585,FOR,DNK,SD
153139,124872,FOR,DNK,RENEW
153139,124875,DID_NOT_VOTE,DNK,ID
153139,197515,ABSTENTION,DNK,EPP
153139,197558,FOR,DNK,RENEW
153139,197567,FOR,DNK,RENEW
153139,197571,FOR,DNK,GUE_NGL
153139,197573,FOR,DNK,GREEN_EFA
153139,199941,FOR,DNK,SD
153139,239972,FOR,DNK,RENEW
153139,239973,FOR,DNK,RENEW
153265,28161,FOR,DNK,GREEN_EFA
153265,37312,FOR,DNK,SD
153265,96709,FOR,DNK,RENEW
153265,101585,FOR,DNK,SD
153265,124872,FOR,DNK,RENEW
153265,124875,ABSTENTION,DNK,ID
153265,197515,AGAINST,DNK,EPP
153265,197558,FOR,DNK,RENEW
153265,197567,FOR,DNK,RENEW
153265,197571,ABSTENTION,DNK,GUE_NGL
153265,197573,FOR,DNK,GREEN_EFA
153265,199941,FOR,DNK,SD
153265,239972,FOR,DNK,RENEW
153265,239973,FOR,DNK,RENEW
153304,28161,FOR,DNK,GREEN_EFA
153304,37312,FOR,DNK,SD
153304,96709,DID_NOT_VOTE,DNK,RENEW
153304,101585,FOR,DNK,SD
153304,124872,FOR,DNK,RENEW
153304,124875,ABSTENTION,DNK,ID
153304,197515,FOR,DNK,EPP
153304,197558,FOR,DNK,RENEW
153304,197567,FOR,DNK,RENEW
153304,197571,FOR,DNK,GUE_NGL
153304,197573,FOR,DNK,GREEN_EFA
153304,199941,FOR,DNK,SD
153304,239972,FOR,DNK,RENEW
153304,239973,FOR,DNK,RENEW
153308,28161,FOR,DNK,GREEN_EFA
153308,37312,FOR,DNK,SD
153308,96709,DID_NOT_VOTE,DNK,RENEW
153308,101585,FOR,DNK,SD
153308,124872,FOR,DNK,RENEW
153308,124875,FOR,DNK,ID
153308,197515,FOR,DNK,EPP
153308,197558,FOR,DNK,RENEW
153308,197567,FOR,DNK,RENEW
153308,197571,FOR,DNK,GUE_NGL
153308,197573,FOR,DNK,GREEN_EFA
153308,199941,FOR,DNK,SD
153308,239972,FOR,DNK,RENEW
153308,239973,FOR,DNK,RENEW
153309,28161,FOR,DNK,GREEN_EFA
153309,37312,FOR,DNK,SD
153309,96709,DID_NOT_VOTE,DNK,RENEW
153309,101585,FOR,DNK,SD
153309,124872,FOR,DNK,RENEW
153309,124875,AGAINST,DNK,ID
153309,197515,FOR,DNK,EPP
153309,197558,FOR,DNK,RENEW
153309,197567,FOR,DNK,RENEW
153309,197571,FOR,DNK,GUE_NGL
153309,197573,FOR,DNK,GREEN_EFA
153309,199941,FOR,DNK,SD
153309,239972,FOR,DNK,RENEW
153309,239973,FOR,DNK,RENEW
153310,28161,FOR,DNK,GREEN_EFA
153310,37312,FOR,DNK,SD
153310,96709,DID_NOT_VOTE,DNK,RENEW
153310,101585,FOR,DNK,SD
153310,124872,FOR,DNK,RENEW
153310,124875,ABSTENTION,DNK,ID
153310,197515,DID_NOT_VOTE,DNK,EPP
153310,197558,FOR,DNK,RENEW
153310,197567,FOR,DNK,RENEW
153310,197571,FOR,DNK,GUE_NGL
153310,197573,FOR,DNK,GREEN_EFA
153310,199941,FOR,DNK,SD
153310,239972,FOR,DNK,RENEW
153310,239973,FOR,DNK,RENEW
153312,28161,AGAINST,DNK,GREEN_EFA
153312,37312,FOR,DNK,SD
153312,96709,FOR,DNK,RENEW
153312,101585,FOR,DNK,SD
153312,124872,FOR,DNK,RENEW
153312,124875,FOR,DNK,ID
153312,197515,DID_NOT_VOTE,DNK,EPP
153312,197558,FOR,DNK,RENEW
153312,197567,FOR,DNK,RENEW
153312,197571,DID_NOT_VOTE,DNK,GUE_NGL
153312,197573,FOR,DNK,GREEN_EFA
153312,199941,FOR,DNK,SD
153312,239972,FOR,DNK,RENEW
153312,239973,FOR,DNK,RENEW
153316,28161,FOR,DNK,GREEN_EFA
153316,37312,FOR,DNK,SD
153316,96709,DID_NOT_VOTE,DNK,RENEW
153316,101585,FOR,DNK,SD
153316,124872,FOR,DNK,RENEW
153316,124875,ABSTENTION,DNK,ID
153316,197515,FOR,DNK,EPP
153316,197558,FOR,DNK,RENEW
153316,197567,FOR,DNK,RENEW
153316,197571,FOR,DNK,GUE_NGL
153316,197573,FOR,DNK,GREEN_EFA
153316,199941,FOR,DNK,SD
153316,239972,FOR,DNK,RENEW
153316,239973,FOR,DNK,RENEW
153336,28161,FOR,DNK,GREEN_EFA
153336,37312,FOR,DNK,SD
153336,96709,FOR,DNK,RENEW
153336,101585,FOR,DNK,SD
153336,124872,FOR,DNK,RENEW
153336,124875,DID_NOT_VOTE,DNK,ID
153336,197515,FOR,DNK,EPP
153336,197558,FOR,DNK,RENEW
153336,197567,FOR,DNK,RENEW
153336,197571,FOR,DNK,GUE_NGL
153336,197573,FOR,DNK,GREEN_EFA
153336,199941,DID_NOT_VOTE,DNK,SD
153336,239972,FOR,DNK,RENEW
153336,239973,FOR,DNK,RENEW
153347,28161,FOR,DNK,GREEN_EFA
153347,37312,ABSTENTION,DNK,SD
153347,96709,AGAINST,DNK,RENEW
153347,101585,ABSTENTION,DNK,SD
153347,124872,FOR,DNK,RENEW
153347,124875,AGAINST,DNK,ID
153347,197515,AGAINST,DNK,EPP
153347,197558,AGAINST,DNK,RENEW
153347,197567,FOR,DNK,RENEW
153347,197571,FOR,DNK,GUE_NGL
153347,197573,FOR,DNK,GREEN_EFA
153347,199941,ABSTENTION,DNK,SD
153347,239972,AGAINST,DNK,RENEW
153347,239973,AGAINST,DNK,RENEW
153354,28161,FOR,DNK,GREEN_EFA
153354,37312,FOR,DNK,SD
153354,96709,FOR,DNK,RENEW
153354,101585,FOR,DNK,SD
153354,124872,FOR,DNK,RENEW
153354,124875,AGAINST,DNK,ID
153354,197515,FOR,DNK,EPP
153354,197558,FOR,DNK,RENEW
153354,197567,FOR,DNK,RENEW
153354,197571,AGAINST,DNK,GUE_NGL
153354,197573,FOR,DNK,GREEN_EFA
153354,199941,FOR,DNK,SD
153354,239972,FOR,DNK,RENEW
153354,239973,FOR,DNK,RENEW
153359,28161,FOR,DNK,GREEN_EFA
153359,37312,FOR,DNK,SD
153359,96709,DID_NOT_VOTE,DNK,RENEW
153359,101585,FOR,DNK,SD
153359,124872,FOR,DNK,RENEW
153359,124875,FOR,DNK,ID
153359,197515,FOR,DNK,EPP
153359,197558,FOR,DNK,RENEW
153359,197567,DID_NOT_VOTE,DNK,RENEW
153359,197571,FOR,DNK,GUE_NGL
153359,197573,FOR,DNK,GREEN_EFA
153359,199941,FOR,DNK,SD
153359,239972,FOR,DNK,RENEW
153359,239973,FOR,DNK,RENEW
153374,28161,FOR,DNK,GREEN_EFA
153374,37312,FOR,DNK,SD
153374,96709,DID_NOT_VOTE,DNK,RENEW
153374,101585,FOR,DNK,SD
153374,124872,FOR,DNK,RENEW
153374,124875,AGAINST,DNK,ID
153374,197515,FOR,DNK,EPP
153374,197558,FOR,DNK,RENEW
153374,197567,FOR,DNK,RENEW
153374,197571,ABSTENTION,DNK,GUE_NGL
153374,197573,FOR,DNK,GREEN_EFA
153374,199941,FOR,DNK,SD
153374,239972,FOR,DNK,RENEW
153374,239973,FOR,DNK,RENEW
153385,28161,FOR,DNK,GREEN_EFA
153385,37312,FOR,DNK,SD
153385,96709,FOR,DNK,RENEW
153385,101585,FOR,DNK,SD
153385,124872,FOR,DNK,RENEW
153385,124875,AGAINST,DNK,ID
153385,197515,FOR,DNK,EPP
153385,197558,FOR,DNK,RENEW
153385,197567,FOR,DNK,RENEW
153385,197571,FOR,DNK,GUE_NGL
153385,197573,FOR,DNK,GREEN_EFA
153385,199941,FOR,DNK,SD
153385,239972,FOR,DNK,RENEW
153385,239973,FOR,DNK,RENEW
153387,28161,FOR,DNK,GREEN_EFA
153387,37312,FOR,DNK,SD
153387,96709,FOR,DNK,RENEW
153387,101585,FOR,DNK,SD
153387,124872,FOR,DNK,RENEW
153387,124875,FOR,DNK,ID
153387,197515,FOR,DNK,EPP
153387,197558,FOR,DNK,RENEW
153387,197567,FOR,DNK,RENEW
153387,197571,FOR,DNK,GUE_NGL
153387,197573,FOR,DNK,GREEN_EFA
153387,199941,FOR,DNK,SD
153387,239972,FOR,DNK,RENEW
153387,239973,FOR,DNK,RENEW
153485,28161,FOR,DNK,GREEN_EFA
153485,37312,FOR,DNK,SD
153485,96709,DID_NOT_VOTE,DNK,RENEW
153485,101585,FOR,DNK,SD
153485,124872,FOR,DNK,RENEW
153485,124875,ABSTENTION,DNK,ID
153485,197515,FOR,DNK,EPP
153485,197558,FOR,DNK,RENEW
153485,197567,FOR,DNK,RENEW
153485,197571,FOR,DNK,GUE_NGL
153485,197573,FOR,DNK,GREEN_EFA
153485,199941,FOR,DNK,SD
153485,239972,FOR,DNK,RENEW
153485,239973,FOR,DNK,RENEW
153623,28161,FOR,DNK,GREEN_EFA
153623,37312,FOR,DNK,SD
153623,96709,FOR,DNK,RENEW
153623,101585,FOR,DNK,SD
153623,124872,FOR,DNK,RENEW
153623,124875,AGAINST,DNK,ID
153623,197515,FOR,DNK,EPP
153623,197558,FOR,DNK,RENEW
153623,197567,FOR,DNK,RENEW
153623,197571,FOR,DNK,GUE_NGL
153623,197573,FOR,DNK,GREEN_EFA
153623,199941,FOR,DNK,SD
153623,239972,FOR,DNK,RENEW
153623,239973,FOR,DNK,RENEW
153629,28161,FOR,DNK,GREEN_EFA
153629,37312,FOR,DNK,SD
153629,96709,DID_NOT_VOTE,DNK,RENEW
153629,101585,FOR,DNK,SD
153629,124872,FOR,DNK,RENEW
153629,124875,ABSTENTION,DNK,ID
153629,197515,FOR,DNK,EPP
153629,197558,FOR,DNK,RENEW
153629,197567,FOR,DNK,RENEW
153629,197571,FOR,DNK,GUE_NGL
153629,197573,FOR,DNK,GREEN_EFA
153629,199941,FOR,DNK,SD
153629,239972,FOR,DNK,RENEW
153629,239973,FOR,DNK,RENEW
153640,28161,FOR,DNK,GREEN_EFA
153640,37312,FOR,DNK,SD
153640,96709,DID_NOT_VOTE,DNK,RENEW
153640,101585,FOR,DNK,SD
153640,124872,AGAINST,DNK,RENEW
153640,124875,FOR,DNK,ID
153640,197515,AGAINST,DNK,EPP
153640,197558,AGAINST,DNK,RENEW
153640,197567,FOR,DNK,RENEW
153640,197571,FOR,DNK,GUE_NGL
153640,197573,FOR,DNK,GREEN_EFA
153640,199941,FOR,DNK,SD
153640,239972,AGAINST,DNK,RENEW
153640,239973,AGAINST,DNK,RENEW
153648,28161,FOR,DNK,GREEN_EFA
153648,37312,FOR,DNK,SD
153648,96709,FOR,DNK,RENEW
153648,101585,FOR,DNK,SD
153648,124872,FOR,DNK,RENEW
153648,124875,FOR,DNK,ID
153648,197515,FOR,DNK,EPP
153648,197558,FOR,DNK,RENEW
153648,197567,FOR,DNK,RENEW
153648,197571,ABSTENTION,DNK,GUE_NGL
153648,197573,FOR,DNK,GREEN_EFA
153648,199941,FOR,DNK,SD
153648,239972,FOR,DNK,RENEW
153648,239973,FOR,DNK,RENEW
153753,28161,FOR,DNK,GREEN_EFA
153753,37312,FOR,DNK,SD
153753,96709,FOR,DNK,RENEW
153753,101585,FOR,DNK,SD
153753,124872,FOR,DNK,RENEW
153753,124875,AGAINST,DNK,ID
153753,197515,FOR,DNK,EPP
153753,197558,FOR,DNK,RENEW
153753,197567,FOR,DNK,RENEW
153753,197571,AGAINST,DNK,GUE_NGL
153753,197573,FOR,DNK,GREEN_EFA
153753,199941,FOR,DNK,SD
153753,239972,FOR,DNK,RENEW
153753,239973,FOR,DNK,RENEW
153764,28161,FOR,DNK,GREEN_EFA
153764,37312,FOR,DNK,SD
153764,96709,FOR,DNK,RENEW
153764,101585,FOR,DNK,SD
153764,124872,FOR,DNK,RENEW
153764,124875,FOR,DNK,ID
153764,197515,FOR,DNK,EPP
153764,197558,FOR,DNK,RENEW
153764,197567,FOR,DNK,RENEW
153764,197571,FOR,DNK,GUE_NGL
153764,197573,FOR,DNK,GREEN_EFA
153764,199941,FOR,DNK,SD
153764,239972,FOR,DNK,RENEW
153764,239973,FOR,DNK,RENEW
153834,28161,FOR,DNK,GREEN_EFA
153834,37312,FOR,DNK,SD
153834,96709,FOR,DNK,RENEW
153834,101585,FOR,DNK,SD
153834,124872,FOR,DNK,RENEW
153834,124875,DID_NOT_VOTE,DNK,ID
153834,197515,FOR,DNK,EPP
153834,197558,FOR,DNK,RENEW
153834,197567,FOR,DNK,RENEW
153834,197571,FOR,DNK,GUE_NGL
153834,197573,FOR,DNK,GREEN_EFA
153834,199941,DID_NOT_VOTE,DNK,SD
153834,239972,FOR,DNK,RENEW
153834,239973,FOR,DNK,RENEW
153862,28161,FOR,DNK,GREEN_EFA
153862,37312,FOR,DNK,SD
153862,96709,FOR,DNK,RENEW
153862,101585,FOR,DNK,SD
153862,124872,FOR,DNK,RENEW
153862,124875,DID_NOT_VOTE,DNK,ID
153862,197515,FOR,DNK,EPP
153862,197558,FOR,DNK,RENEW
153862,197567,FOR,DNK,RENEW
153862,197571,FOR,DNK,GUE_NGL
153862,197573,FOR,DNK,GREEN_EFA
153862,199941,DID_NOT_VOTE,DNK,SD
153862,239972,FOR,DNK,RENEW
153862,239973,FOR,DNK,RENEW
153868,28161,FOR,DNK,GREEN_EFA
153868,37312,FOR,DNK,SD
153868,96709,FOR,DNK,RENEW
153868,101585,FOR,DNK,SD
153868,124872,FOR,DNK,RENEW
153868,124875,DID_NOT_VOTE,DNK,ID
153868,197515,FOR,DNK,EPP
153868,197558,FOR,DNK,RENEW
153868,197567,FOR,DNK,RENEW
153868,197571,FOR,DNK,GUE_NGL
153868,197573,FOR,DNK,GREEN_EFA
153868,199941,DID_NOT_VOTE,DNK,SD
153868,239972,FOR,DNK,RENEW
153868,239973,FOR,DNK,RENEW
153901,28161,FOR,DNK,GREEN_EFA
153901,37312,FOR,DNK,SD
153901,96709,FOR,DNK,RENEW
153901,101585,FOR,DNK,SD
153901,124872,FOR,DNK,RENEW
153901,124875,ABSTENTION,DNK,ID
153901,197515,FOR,DNK,EPP
153901,197558,FOR,DNK,RENEW
153901,197567,FOR,DNK,RENEW
153901,197571,FOR,DNK,GUE_NGL
153901,197573,FOR,DNK,GREEN_EFA
153901,199941,FOR,DNK,SD
153901,239972,FOR,DNK,RENEW
153901,239973,FOR,DNK,RENEW
153904,28161,DID_NOT_VOTE,DNK,GREEN_EFA
153904,37312,FOR,DNK,SD
153904,96709,FOR,DNK,RENEW
153904,101585,FOR,DNK,SD
153904,124872,FOR,DNK,RENEW
153904,124875,FOR,DNK,ID
153904,197515,FOR,DNK,EPP
153904,197558,FOR,DNK,RENEW
153904,197567,FOR,DNK,RENEW
153904,197571,FOR,DNK,GUE_NGL
153904,197573,FOR,DNK,GREEN_EFA
153904,199941,FOR,DNK,SD
153904,239972,FOR,DNK,RENEW
153904,239973,FOR,DNK,RENEW
153906,28161,DID_NOT_VOTE,DNK,GREEN_EFA
153906,37312,FOR,DNK,SD
153906,96709,FOR,DNK,RENEW
153906,101585,FOR,DNK,SD
153906,124872,FOR,DNK,RENEW
153906,124875,FOR,DNK,ID
153906,197515,FOR,DNK,EPP
153906,197558,FOR,DNK,RENEW
153906,197567,FOR,DNK,RENEW
153906,197571,FOR,DNK,GUE_NGL
153906,197573,FOR,DNK,GREEN_EFA
153906,199941,FOR,DNK,SD
153906,239972,FOR,DNK,RENEW
153906,239973,FOR,DNK,RENEW
153918,28161,DID_NOT_VOTE,DNK,GREEN_EFA
153918,37312,FOR,DNK,SD
153918,96709,FOR,DNK,RENEW
153918,101585,FOR,DNK,SD
153918,124872,FOR,DNK,RENEW
153918,124875,AGAINST,DNK,ID
153918,197515,FOR,DNK,EPP
153918,197558,AGAINST,DNK,RENEW
153918,197567,FOR,DNK,RENEW
153918,197571,FOR,DNK,GUE_NGL
153918,197573,FOR,DNK,GREEN_EFA
153918,199941,FOR,DNK,SD
153918,239972,FOR,DNK,RENEW
153918,239973,FOR,DNK,RENEW
153971,28161,FOR,DNK,GREEN_EFA
153971,37312,FOR,DNK,SD
153971,96709,FOR,DNK,RENEW
153971,101585,FOR,DNK,SD
153971,124872,FOR,DNK,RENEW
153971,124875,ABSTENTION,DNK,ID
153971,197515,FOR,DNK,EPP
153971,197558,FOR,DNK,RENEW
153971,197567,FOR,DNK,RENEW
153971,197571,FOR,DNK,GUE_NGL
153971,197573,FOR,DNK,GREEN_EFA
153971,199941,FOR,DNK,SD
153971,239972,FOR,DNK,RENEW
153971,239973,FOR,DNK,RENEW
154076,28161,DID_NOT_VOTE,DNK,GREEN_EFA
154076,37312,FOR,DNK,SD
154076,96709,FOR,DNK,RENEW
154076,101585,FOR,DNK,SD
154076,124872,FOR,DNK,RENEW
154076,124875,ABSTENTION,DNK,ID
154076,197515,AGAINST,DNK,EPP
154076,197558,FOR,DNK,RENEW
154076,197567,FOR,DNK,RENEW
154076,197571,FOR,DNK,GUE_NGL
154076,197573,FOR,DNK,GREEN_EFA
154076,199941,FOR,DNK,SD
154076,239972,FOR,DNK,RENEW
154076,239973,FOR,DNK,RENEW
154161,28161,FOR,DNK,GREEN_EFA
154161,37312,FOR,DNK,SD
154161,96709,FOR,DNK,RENEW
154161,101585,FOR,DNK,SD
154161,124872,FOR,DNK,RENEW
154161,124875,DID_NOT_VOTE,DNK,ID
154161,197515,FOR,DNK,EPP
154161,197558,FOR,DNK,RENEW
154161,197567,FOR,DNK,RENEW
154161,197571,FOR,DNK,GUE_NGL
154161,197573,FOR,DNK,GREEN_EFA
154161,199941,FOR,DNK,SD
154161,239972,FOR,DNK,RENEW
154161,239973,FOR,DNK,RENEW
154163,28161,FOR,DNK,GREEN_EFA
154163,37312,FOR,DNK,SD
154163,96709,FOR,DNK,RENEW
154163,101585,FOR,DNK,SD
154163,124872,FOR,DNK,RENEW
154163,124875,ABSTENTION,DNK,ID
154163,197515,FOR,DNK,EPP
154163,197558,FOR,DNK,RENEW
154163,197567,FOR,DNK,RENEW
154163,197571,FOR,DNK,GUE_NGL
154163,197573,FOR,DNK,GREEN_EFA
154163,199941,FOR,DNK,SD
154163,239972,FOR,DNK,RENEW
154163,239973,FOR,DNK,RENEW
154165,28161,FOR,DNK,GREEN_EFA
154165,37312,FOR,DNK,SD
154165,96709,FOR,DNK,RENEW
154165,101585,FOR,DNK,SD
154165,124872,FOR,DNK,RENEW
154165,124875,AGAINST,DNK,ID
154165,197515,FOR,DNK,EPP
154165,197558,FOR,DNK,RENEW
154165,197567,FOR,DNK,RENEW
154165,197571,FOR,DNK,GUE_NGL
154165,197573,FOR,DNK,GREEN_EFA
154165,199941,FOR,DNK,SD
154165,239972,FOR,DNK,RENEW
154165,239973,FOR,DNK,RENEW
154167,28161,FOR,DNK,GREEN_EFA
154167,37312,FOR,DNK,SD
154167,96709,FOR,DNK,RENEW
154167,101585,FOR,DNK,SD
154167,124872,FOR,DNK,RENEW
154167,124875,ABSTENTION,DNK,ID
154167,197515,FOR,DNK,EPP
154167,197558,FOR,DNK,RENEW
154167,197567,FOR,DNK,RENEW
154167,197571,FOR,DNK,GUE_NGL
154167,197573,FOR,DNK,GREEN_EFA
154167,199941,FOR,DNK,SD
154167,239972,FOR,DNK,RENEW
154167,239973,FOR,DNK,RENEW
154173,28161,FOR,DNK,GREEN_EFA
154173,37312,FOR,DNK,SD
154173,96709,FOR,DNK,RENEW
154173,101585,FOR,DNK,SD
154173,124872,FOR,DNK,RENEW
154173,124875,AGAINST,DNK,ID
154173,197515,FOR,DNK,EPP
154173,197558,FOR,DNK,RENEW
154173,197567,FOR,DNK,RENEW
154173,197571,FOR,DNK,GUE_NGL
154173,197573,FOR,DNK,GREEN_EFA
154173,199941,FOR,DNK,SD
154173,239972,FOR,DNK,RENEW
154173,239973,FOR,DNK,RENEW
154177,28161,FOR,DNK,GREEN_EFA
154177,37312,FOR,DNK,SD
154177,96709,FOR,DNK,RENEW
154177,101585,FOR,DNK,SD
154177,124872,FOR,DNK,RENEW
154177,124875,ABSTENTION,DNK,ID
154177,197515,FOR,DNK,EPP
154177,197558,FOR,DNK,RENEW
154177,197567,FOR,DNK,RENEW
154177,197571,FOR,DNK,GUE_NGL
154177,197573,FOR,DNK,GREEN_EFA
154177,199941,FOR,DNK,SD
154177,239972,FOR,DNK,RENEW
154177,239973,FOR,DNK,RENEW
154179,28161,FOR,DNK,GREEN_EFA
154179,37312,FOR,DNK,SD
154179,96709,FOR,DNK,RENEW
154179,101585,FOR,DNK,SD
154179,124872,FOR,DNK,RENEW
154179,124875,ABSTENTION,DNK,ID
154179,197515,FOR,DNK,EPP
154179,197558,FOR,DNK,RENEW
154179,197567,FOR,DNK,RENEW
154179,197571,FOR,DNK,GUE_NGL
154179,197573,FOR,DNK,GREEN_EFA
154179,199941,FOR,DNK,SD
154179,239972,FOR,DNK,RENEW
154179,239973,FOR,DNK,RENEW
154180,28161,FOR,DNK,GREEN_EFA
154180,37312,FOR,DNK,SD
154180,96709,FOR,DNK,RENEW
154180,101585,FOR,DNK,SD
154180,124872,FOR,DNK,RENEW
154180,124875,AGAINST,DNK,ID
154180,197515,FOR,DNK,EPP
154180,197558,FOR,DNK,RENEW
154180,197567,FOR,DNK,RENEW
154180,197571,ABSTENTION,DNK,GUE_NGL
154180,197573,FOR,DNK,GREEN_EFA
154180,199941,FOR,DNK,SD
154180,239972,FOR,DNK,RENEW
154180,239973,FOR,DNK,RENEW
154183,28161,FOR,DNK,GREEN_EFA
154183,37312,FOR,DNK,SD
154183,96709,AGAINST,DNK,RENEW
154183,101585,FOR,DNK,SD
154183,124872,FOR,DNK,RENEW
154183,124875,AGAINST,DNK,ID
154183,197515,FOR,DNK,EPP
154183,197558,AGAINST,DNK,RENEW
154183,197567,FOR,DNK,RENEW
154183,197571,FOR,DNK,GUE_NGL
154183,197573,FOR,DNK,GREEN_EFA
154183,199941,FOR,DNK,SD
154183,239972,AGAINST,DNK,RENEW
154183,239973,FOR,DNK,RENEW
154187,28161,FOR,DNK,GREEN_EFA
154187,37312,FOR,DNK,SD
154187,96709,FOR,DNK,RENEW
154187,101585,DID_NOT_VOTE,DNK,SD
154187,124872,FOR,DNK,RENEW
154187,124875,ABSTENTION,DNK,ID
154187,197515,FOR,DNK,EPP
154187,197558,FOR,DNK,RENEW
154187,197567,FOR,DNK,RENEW
154187,197571,FOR,DNK,GUE_NGL
154187,197573,FOR,DNK,GREEN_EFA
154187,199941,FOR,DNK,SD
154187,239972,FOR,DNK,RENEW
154187,239973,FOR,DNK,RENEW
154191,28161,FOR,DNK,GREEN_EFA
154191,37312,FOR,DNK,SD
154191,96709,FOR,DNK,RENEW
154191,101585,FOR,DNK,SD
154191,124872,FOR,DNK,RENEW
154191,124875,ABSTENTION,DNK,ID
154191,197515,FOR,DNK,EPP
154191,197558,FOR,DNK,RENEW
154191,197567,FOR,DNK,RENEW
154191,197571,FOR,DNK,GUE_NGL
154191,197573,FOR,DNK,GREEN_EFA
154191,199941,FOR,DNK,SD
154191,239972,FOR,DNK,RENEW
154191,239973,FOR,DNK,RENEW
154192,28161,FOR,DNK,GREEN_EFA
154192,37312,FOR,DNK,SD
154192,96709,FOR,DNK,RENEW
154192,101585,FOR,DNK,SD
154192,124872,FOR,DNK,RENEW
154192,124875,AGAINST,DNK,ID
154192,197515,FOR,DNK,EPP
154192,197558,FOR,DNK,RENEW
154192,197567,FOR,DNK,RENEW
154192,197571,FOR,DNK,GUE_NGL
154192,197573,FOR,DNK,GREEN_EFA
154192,199941,FOR,DNK,SD
154192,239972,FOR,DNK,RENEW
154192,239973,FOR,DNK,RENEW
154224,28161,AGAINST,DNK,GREEN_EFA
154224,37312,AGAINST,DNK,SD
154224,96709,FOR,DNK,RENEW
154224,101585,AGAINST,DNK,SD
154224,124872,FOR,DNK,RENEW
154224,124875,AGAINST,DNK,ID
154224,197515,FOR,DNK,EPP
154224,197558,FOR,DNK,RENEW
154224,197567,AGAINST,DNK,RENEW
154224,197571,AGAINST,DNK,GUE_NGL
154224,197573,AGAINST,DNK,GREEN_EFA
154224,199941,AGAINST,DNK,SD
154224,239972,FOR,DNK,RENEW
154224,239973,FOR,DNK,RENEW
154226,28161,FOR,DNK,GREEN_EFA
154226,37312,FOR,DNK,SD
154226,96709,FOR,DNK,RENEW
154226,101585,FOR,DNK,SD
154226,124872,FOR,DNK,RENEW
154226,124875,AGAINST,DNK,ID
154226,197515,FOR,DNK,EPP
154226,197558,FOR,DNK,RENEW
154226,197567,FOR,DNK,RENEW
154226,197571,FOR,DNK,GUE_NGL
154226,197573,FOR,DNK,GREEN_EFA
154226,199941,FOR,DNK,SD
154226,239972,FOR,DNK,RENEW
154226,239973,FOR,DNK,RENEW
154235,28161,FOR,DNK,GREEN_EFA
154235,37312,AGAINST,DNK,SD
154235,96709,FOR,DNK,RENEW
154235,101585,AGAINST,DNK,SD
154235,124872,FOR,DNK,RENEW
154235,124875,ABSTENTION,DNK,ID
154235,197515,FOR,DNK,EPP
154235,197558,FOR,DNK,RENEW
154235,197567,FOR,DNK,RENEW
154235,197571,AGAINST,DNK,GUE_NGL
154235,197573,FOR,DNK,GREEN_EFA
154235,199941,AGAINST,DNK,SD
154235,239972,FOR,DNK,RENEW
154235,239973,FOR,DNK,RENEW
154241,28161,FOR,DNK,GREEN_EFA
154241,37312,FOR,DNK,SD
154241,96709,FOR,DNK,RENEW
154241,101585,FOR,DNK,SD
154241,124872,FOR,DNK,RENEW
154241,124875,FOR,DNK,ID
154241,197515,FOR,DNK,EPP
154241,197558,FOR,DNK,RENEW
154241,197567,FOR,DNK,RENEW
154241,197571,FOR,DNK,GUE_NGL
154241,197573,FOR,DNK,GREEN_EFA
154241,199941,FOR,DNK,SD
154241,239972,FOR,DNK,RENEW
154241,239973,FOR,DNK,RENEW
154243,28161,FOR,DNK,GREEN_EFA
154243,37312,FOR,DNK,SD
154243,96709,FOR,DNK,RENEW
154243,101585,FOR,DNK,SD
154243,124872,FOR,DNK,RENEW
154243,124875,AGAINST,DNK,ID
154243,197515,FOR,DNK,EPP
154243,197558,FOR,DNK,RENEW
154243,197567,FOR,DNK,RENEW
154243,197571,FOR,DNK,GUE_NGL
154243,197573,FOR,DNK,GREEN_EFA
154243,199941,FOR,DNK,SD
154243,239972,FOR,DNK,RENEW
154243,239973,FOR,DNK,RENEW
154279,28161,FOR,DNK,GREEN_EFA
154279,37312,FOR,DNK,SD
154279,96709,FOR,DNK,RENEW
154279,101585,FOR,DNK,SD
154279,124872,FOR,DNK,RENEW
154279,124875,AGAINST,DNK,ID
154279,197515,FOR,DNK,EPP
154279,197558,FOR,DNK,RENEW
154279,197567,FOR,DNK,RENEW
154279,197571,AGAINST,DNK,GUE_NGL
154279,197573,FOR,DNK,GREEN_EFA
154279,199941,FOR,DNK,SD
154279,239972,FOR,DNK,RENEW
154279,239973,FOR,DNK,RENEW
154368,28161,FOR,DNK,GREEN_EFA
154368,37312,FOR,DNK,SD
154368,96709,FOR,DNK,RENEW
154368,101585,FOR,DNK,SD
154368,124872,FOR,DNK,RENEW
154368,124875,ABSTENTION,DNK,ID
154368,197515,FOR,DNK,EPP
154368,197558,FOR,DNK,RENEW
154368,197567,FOR,DNK,RENEW
154368,197571,FOR,DNK,GUE_NGL
154368,197573,FOR,DNK,GREEN_EFA
154368,199941,FOR,DNK,SD
154368,239972,FOR,DNK,RENEW
154368,239973,FOR,DNK,RENEW
154468,28161,AGAINST,DNK,GREEN_EFA
154468,37312,ABSTENTION,DNK,SD
154468,96709,FOR,DNK,RENEW
154468,101585,ABSTENTION,DNK,SD
154468,124872,FOR,DNK,RENEW
154468,124875,AGAINST,DNK,ID
154468,197515,FOR,DNK,EPP
154468,197558,FOR,DNK,RENEW
154468,197567,FOR,DNK,RENEW
154468,197571,AGAINST,DNK,GUE_NGL
154468,197573,AGAINST,DNK,GREEN_EFA
154468,199941,ABSTENTION,DNK,SD
154468,239972,FOR,DNK,RENEW
154468,239973,FOR,DNK,RENEW
154564,28161,FOR,DNK,GREEN_EFA
154564,37312,FOR,DNK,SD
154564,96709,FOR,DNK,RENEW
154564,101585,FOR,DNK,SD
154564,124872,FOR,DNK,RENEW
154564,124875,FOR,DNK,ID
154564,197515,FOR,DNK,EPP
154564,197558,FOR,DNK,RENEW
154564,197567,FOR,DNK,RENEW
154564,197571,FOR,DNK,GUE_NGL
154564,197573,FOR,DNK,GREEN_EFA
154564,199941,FOR,DNK,SD
154564,239972,FOR,DNK,RENEW
154564,239973,FOR,DNK,RENEW
154567,28161,FOR,DNK,GREEN_EFA
154567,37312,FOR,DNK,SD
154567,96709,FOR,DNK,RENEW
154567,101585,FOR,DNK,SD
154567,124872,FOR,DNK,RENEW
154567,124875,FOR,DNK,ID
154567,197515,FOR,DNK,EPP
154567,197558,FOR,DNK,RENEW
154567,197567,FOR,DNK,RENEW
154567,197571,FOR,DNK,GUE_NGL
154567,197573,FOR,DNK,GREEN_EFA
154567,199941,FOR,DNK,SD
154567,239972,FOR,DNK,RENEW
154567,239973,FOR,DNK,RENEW
154573,28161,FOR,DNK,GREEN_EFA
154573,37312,FOR,DNK,SD
154573,96709,FOR,DNK,RENEW
154573,101585,FOR,DNK,SD
154573,124872,FOR,DNK,RENEW
154573,124875,ABSTENTION,DNK,ID
154573,197515,FOR,DNK,EPP
154573,197558,FOR,DNK,RENEW
154573,197567,FOR,DNK,RENEW
154573,197571,FOR,DNK,GUE_NGL
154573,197573,FOR,DNK,GREEN_EFA
154573,199941,FOR,DNK,SD
154573,239972,FOR,DNK,RENEW
154573,239973,FOR,DNK,RENEW
154595,28161,FOR,DNK,GREEN_EFA
154595,37312,FOR,DNK,SD
154595,96709,FOR,DNK,RENEW
154595,101585,FOR,DNK,SD
154595,124872,FOR,DNK,RENEW
154595,124875,ABSTENTION,DNK,ID
154595,197515,FOR,DNK,EPP
154595,197558,FOR,DNK,RENEW
154595,197567,FOR,DNK,RENEW
154595,197571,FOR,DNK,GUE_NGL
154595,197573,FOR,DNK,GREEN_EFA
154595,199941,FOR,DNK,SD
154595,239972,FOR,DNK,RENEW
154595,239973,FOR,DNK,RENEW
154601,28161,DID_NOT_VOTE,DNK,GREEN_EFA
154601,37312,FOR,DNK,SD
154601,96709,FOR,DNK,RENEW
154601,101585,FOR,DNK,SD
154601,124872,FOR,DNK,RENEW
154601,124875,ABSTENTION,DNK,ID
154601,197515,FOR,DNK,EPP
154601,197558,FOR,DNK,RENEW
154601,197567,FOR,DNK,RENEW
154601,197571,FOR,DNK,GUE_NGL
154601,197573,DID_NOT_VOTE,DNK,GREEN_EFA
154601,199941,FOR,DNK,SD
154601,239972,DID_NOT_VOTE,DNK,RENEW
154601,239973,FOR,DNK,RENEW
154611,28161,DID_NOT_VOTE,DNK,GREEN_EFA
154611,37312,ABSTENTION,DNK,SD
154611,96709,ABSTENTION,DNK,RENEW
154611,101585,ABSTENTION,DNK,SD
154611,124872,FOR,DNK,RENEW
154611,124875,AGAINST,DNK,ID
154611,197515,AGAINST,DNK,EPP
154611,197558,ABSTENTION,DNK,RENEW
154611,197567,FOR,DNK,RENEW
154611,197571,AGAINST,DNK,GUE_NGL
154611,197573,DID_NOT_VOTE,DNK,GREEN_EFA
154611,199941,ABSTENTION,DNK,SD
154611,239972,DID_NOT_VOTE,DNK,RENEW
154611,239973,FOR,DNK,RENEW
154612,28161,DID_NOT_VOTE,DNK,GREEN_EFA
154612,37312,FOR,DNK,SD
154612,96709,FOR,DNK,RENEW
154612,101585,FOR,DNK,SD
154612,124872,FOR,DNK,RENEW
154612,124875,ABSTENTION,DNK,ID
154612,197515,FOR,DNK,EPP
154612,197558,FOR,DNK,RENEW
154612,197567,FOR,DNK,RENEW
154612,197571,AGAINST,DNK,GUE_NGL
154612,197573,DID_NOT_VOTE,DNK,GREEN_EFA
154612,199941,FOR,DNK,SD
154612,239972,DID_NOT_VOTE,DNK,RENEW
154612,239973,FOR,DNK,RENEW
154622,28161,DID_NOT_VOTE,DNK,GREEN_EFA
154622,37312,AGAINST,DNK,SD
154622,96709,AGAINST,DNK,RENEW
154622,101585,AGAINST,DNK,SD
154622,124872,FOR,DNK,RENEW
154622,124875,AGAINST,DNK,ID
154622,197515,AGAINST,DNK,EPP
154622,197558,AGAINST,DNK,RENEW
154622,197567,FOR,DNK,RENEW
154622,197571,AGAINST,DNK,GUE_NGL
154622,197573,FOR,DNK,GREEN_EFA
154622,199941,AGAINST,DNK,SD
154622,239972,AGAINST,DNK,RENEW
154622,239973,AGAINST,DNK,RENEW
154623,28161,DID_NOT_VOTE,DNK,GREEN_EFA
154623,37312,FOR,DNK,SD
154623,96709,FOR,DNK,RENEW
154623,101585,FOR,DNK,SD
154623,124872,FOR,DNK,RENEW
154623,124875,FOR,DNK,ID
154623,197515,FOR,DNK,EPP
154623,197558,FOR,DNK,RENEW
154623,197567,FOR,DNK,RENEW
154623,197571,FOR,DNK,GUE_NGL
154623,197573,FOR,DNK,GREEN_EFA
154623,199941,FOR,DNK,SD
154623,239972,DID_NOT_VOTE,DNK,RENEW
154623,239973,FOR,DNK,RENEW
154624,28161,DID_NOT_VOTE,DNK,GREEN_EFA
154624,37312,AGAINST,DNK,SD
154624,96709,ABSTENTION,DNK,RENEW
154624,101585,AGAINST,DNK,SD
154624,124872,FOR,DNK,RENEW
154624,124875,AGAINST,DNK,ID
154624,197515,FOR,DNK,EPP
154624,197558,ABSTENTION,DNK,RENEW
154624,197567,FOR,DNK,RENEW
154624,197571,ABSTENTION,DNK,GUE_NGL
154624,197573,FOR,DNK,GREEN_EFA
154624,199941,AGAINST,DNK,SD
154624,239972,ABSTENTION,DNK,RENEW
154624,239973,FOR,DNK,RENEW
154625,28161,DID_NOT_VOTE,DNK,GREEN_EFA
154625,37312,FOR,DNK,SD
154625,96709,FOR,DNK,RENEW
154625,101585,FOR,DNK,SD
154625,124872,FOR,DNK,RENEW
154625,124875,FOR,DNK,ID
154625,197515,FOR,DNK,EPP
154625,197558,FOR,DNK,RENEW
154625,197567,FOR,DNK,RENEW
154625,197571,FOR,DNK,GUE_NGL
154625,197573,FOR,DNK,GREEN_EFA
154625,199941,FOR,DNK,SD
154625,239972,DID_NOT_VOTE,DNK,RENEW
154625,239973,FOR,DNK,RENEW
154626,28161,DID_NOT_VOTE,DNK,GREEN_EFA
154626,37312,FOR,DNK,SD
154626,96709,FOR,DNK,RENEW
154626,101585,FOR,DNK,SD
154626,124872,FOR,DNK,RENEW
154626,124875,AGAINST,DNK,ID
154626,197515,FOR,DNK,EPP
154626,197558,FOR,DNK,RENEW
154626,197567,FOR,DNK,RENEW
154626,197571,FOR,DNK,GUE_NGL
154626,197573,FOR,DNK,GREEN_EFA
154626,199941,FOR,DNK,SD
154626,239972,DID_NOT_VOTE,DNK,RENEW
154626,239973,FOR,DNK,RENEW
154627,28161,DID_NOT_VOTE,DNK,GREEN_EFA
154627,37312,FOR,DNK,SD
154627,96709,FOR,DNK,RENEW
154627,101585,FOR,DNK,SD
154627,124872,FOR,DNK,RENEW
154627,124875,FOR,DNK,ID
154627,197515,FOR,DNK,EPP
154627,197558,FOR,DNK,RENEW
154627,197567,FOR,DNK,RENEW
154627,197571,FOR,DNK,GUE_NGL
154627,197573,FOR,DNK,GREEN_EFA
154627,199941,FOR,DNK,SD
154627,239972,DID_NOT_VOTE,DNK,RENEW
154627,239973,FOR,DNK,RENEW
154628,28161,DID_NOT_VOTE,DNK,GREEN_EFA
154628,37312,FOR,DNK,SD
154628,96709,FOR,DNK,RENEW
154628,101585,FOR,DNK,SD
154628,124872,FOR,DNK,RENEW
154628,124875,ABSTENTION,DNK,ID
154628,197515,FOR,DNK,EPP
154628,197558,FOR,DNK,RENEW
154628,197567,FOR,DNK,RENEW
154628,197571,FOR,DNK,GUE_NGL
154628,197573,FOR,DNK,GREEN_EFA
154628,199941,FOR,DNK,SD
154628,239972,DID_NOT_VOTE,DNK,RENEW
154628,239973,FOR,DNK,RENEW
154629,28161,DID_NOT_VOTE,DNK,GREEN_EFA
154629,37312,FOR,DNK,SD
154629,96709,FOR,DNK,RENEW
154629,101585,FOR,DNK,SD
154629,124872,FOR,DNK,RENEW
154629,124875,FOR,DNK,ID
154629,197515,FOR,DNK,EPP
154629,197558,DID_NOT_VOTE,DNK,RENEW
154629,197567,FOR,DNK,RENEW
154629,197571,ABSTENTION,DNK,GUE_NGL
154629,197573,DID_NOT_VOTE,DNK,GREEN_EFA
154629,199941,FOR,DNK,SD
154629,239972,DID_NOT_VOTE,DNK,RENEW
154629,239973,FOR,DNK,RENEW
154630,28161,DID_NOT_VOTE,DNK,GREEN_EFA
154630,37312,FOR,DNK,SD
154630,96709,FOR,DNK,RENEW
154630,101585,FOR,DNK,SD
154630,124872,FOR,DNK,RENEW
154630,124875,AGAINST,DNK,ID
154630,197515,FOR,DNK,EPP
154630,197558,FOR,DNK,RENEW
154630,197567,FOR,DNK,RENEW
154630,197571,AGAINST,DNK,GUE_NGL
154630,197573,DID_NOT_VOTE,DNK,GREEN_EFA
154630,199941,FOR,DNK,SD
154630,239972,DID_NOT_VOTE,DNK,RENEW
154630,239973,FOR,DNK,RENEW
154631,28161,DID_NOT_VOTE,DNK,GREEN_EFA
154631,37312,FOR,DNK,SD
154631,96709,FOR,DNK,RENEW
154631,101585,FOR,DNK,SD
154631,124872,FOR,DNK,RENEW
154631,124875,ABSTENTION,DNK,ID
154631,197515,FOR,DNK,EPP
154631,197558,FOR,DNK,RENEW
154631,197567,FOR,DNK,RENEW
154631,197571,AGAINST,DNK,GUE_NGL
154631,197573,DID_NOT_VOTE,DNK,GREEN_EFA
154631,199941,FOR,DNK,SD
154631,239972,DID_NOT_VOTE,DNK,RENEW
154631,239973,FOR,DNK,RENEW
154632,28161,DID_NOT_VOTE,DNK,GREEN_EFA
154632,37312,FOR,DNK,SD
154632,96709,FOR,DNK,RENEW
154632,101585,FOR,DNK,SD
154632,124872,FOR,DNK,RENEW
154632,124875,AGAINST,DNK,ID
154632,197515,FOR,DNK,EPP
154632,197558,FOR,DNK,RENEW
154632,197567,FOR,DNK,RENEW
154632,197571,FOR,DNK,GUE_NGL
154632,197573,FOR,DNK,GREEN_EFA
154632,199941,FOR,DNK,SD
154632,239972,DID_NOT_VOTE,DNK,RENEW
154632,239973,FOR,DNK,RENEW
154633,28161,DID_NOT_VOTE,DNK,GREEN_EFA
154633,37312,FOR,DNK,SD
154633,96709,FOR,DNK,RENEW
154633,101585,FOR,DNK,SD
154633,124872,FOR,DNK,RENEW
154633,124875,ABSTENTION,DNK,ID
154633,197515,FOR,DNK,EPP
154633,197558,FOR,DNK,RENEW
154633,197567,FOR,DNK,RENEW
154633,197571,FOR,DNK,GUE_NGL
154633,197573,FOR,DNK,GREEN_EFA
154633,199941,FOR,DNK,SD
154633,239972,DID_NOT_VOTE,DNK,RENEW
154633,239973,FOR,DNK,RENEW
154683,28161,DID_NOT_VOTE,DNK,GREEN_EFA
154683,37312,FOR,DNK,SD
154683,96709,FOR,DNK,RENEW
154683,101585,FOR,DNK,SD
154683,124872,FOR,DNK,RENEW
154683,124875,AGAINST,DNK,ID
154683,197515,FOR,DNK,EPP
154683,197558,FOR,DNK,RENEW
154683,197567,FOR,DNK,RENEW
154683,197571,FOR,DNK,GUE_NGL
154683,197573,FOR,DNK,GREEN_EFA
154683,199941,FOR,DNK,SD
154683,239972,FOR,DNK,RENEW
154683,239973,FOR,DNK,RENEW
154711,28161,DID_NOT_VOTE,DNK,GREEN_EFA
154711,37312,FOR,DNK,SD
154711,96709,FOR,DNK,RENEW
154711,101585,FOR,DNK,SD
154711,124872,FOR,DNK,RENEW
154711,124875,ABSTENTION,DNK,ID
154711,197515,FOR,DNK,EPP
154711,197558,FOR,DNK,RENEW
154711,197567,FOR,DNK,RENEW
154711,197571,FOR,DNK,GUE_NGL
154711,197573,FOR,DNK,GREEN_EFA
154711,199941,FOR,DNK,SD
154711,239972,DID_NOT_VOTE,DNK,RENEW
154711,239973,FOR,DNK,RENEW
154777,28161,DID_NOT_VOTE,DNK,GREEN_EFA
154777,37312,FOR,DNK,SD
154777,96709,FOR,DNK,RENEW
154777,101585,FOR,DNK,SD
154777,124872,FOR,DNK,RENEW
154777,124875,AGAINST,DNK,ID
154777,197515,FOR,DNK,EPP
154777,197558,FOR,DNK,RENEW
154777,197567,FOR,DNK,RENEW
154777,197571,AGAINST,DNK,GUE_NGL
154777,197573,FOR,DNK,GREEN_EFA
154777,199941,FOR,DNK,SD
154777,239972,FOR,DNK,RENEW
154777,239973,FOR,DNK,RENEW
154781,28161,DID_NOT_VOTE,DNK,GREEN_EFA
154781,37312,FOR,DNK,SD
154781,96709,FOR,DNK,RENEW
154781,101585,FOR,DNK,SD
154781,124872,FOR,DNK,RENEW
154781,124875,AGAINST,DNK,ID
154781,197515,FOR,DNK,EPP
154781,197558,DID_NOT_VOTE,DNK,RENEW
154781,197567,FOR,DNK,RENEW
154781,197571,FOR,DNK,GUE_NGL
154781,197573,FOR,DNK,GREEN_EFA
154781,199941,FOR,DNK,SD
154781,239972,FOR,DNK,RENEW
154781,239973,FOR,DNK,RENEW
154785,28161,DID_NOT_VOTE,DNK,GREEN_EFA
154785,37312,FOR,DNK,SD
154785,96709,FOR,DNK,RENEW
154785,101585,FOR,DNK,SD
154785,124872,FOR,DNK,RENEW
154785,124875,AGAINST,DNK,ID
154785,197515,FOR,DNK,EPP
154785,197558,FOR,DNK,RENEW
154785,197567,FOR,DNK,RENEW
154785,197571,FOR,DNK,GUE_NGL
154785,197573,DID_NOT_VOTE,DNK,GREEN_EFA
154785,199941,FOR,DNK,SD
154785,239972,FOR,DNK,RENEW
154785,239973,FOR,DNK,RENEW
154789,28161,DID_NOT_VOTE,DNK,GREEN_EFA
154789,37312,FOR,DNK,SD
154789,96709,FOR,DNK,RENEW
154789,101585,FOR,DNK,SD
154789,124872,FOR,DNK,RENEW
154789,124875,AGAINST,DNK,ID
154789,197515,FOR,DNK,EPP
154789,197558,FOR,DNK,RENEW
154789,197567,FOR,DNK,RENEW
154789,197571,AGAINST,DNK,GUE_NGL
154789,197573,FOR,DNK,GREEN_EFA
154789,199941,FOR,DNK,SD
154789,239972,FOR,DNK,RENEW
154789,239973,FOR,DNK,RENEW
154793,28161,DID_NOT_VOTE,DNK,GREEN_EFA
154793,37312,FOR,DNK,SD
154793,96709,FOR,DNK,RENEW
154793,101585,FOR,DNK,SD
154793,124872,FOR,DNK,RENEW
154793,124875,FOR,DNK,ID
154793,197515,FOR,DNK,EPP
154793,197558,FOR,DNK,RENEW
154793,197567,FOR,DNK,RENEW
154793,197571,FOR,DNK,GUE_NGL
154793,197573,FOR,DNK,GREEN_EFA
154793,199941,FOR,DNK,SD
154793,239972,FOR,DNK,RENEW
154793,239973,FOR,DNK,RENEW
154797,28161,DID_NOT_VOTE,DNK,GREEN_EFA
154797,37312,FOR,DNK,SD
154797,96709,FOR,DNK,RENEW
154797,101585,FOR,DNK,SD
154797,124872,FOR,DNK,RENEW
154797,124875,AGAINST,DNK,ID
154797,197515,FOR,DNK,EPP
154797,197558,FOR,DNK,RENEW
154797,197567,FOR,DNK,RENEW
154797,197571,FOR,DNK,GUE_NGL
154797,197573,FOR,DNK,GREEN_EFA
154797,199941,FOR,DNK,SD
154797,239972,FOR,DNK,RENEW
154797,239973,FOR,DNK,RENEW
154801,28161,DID_NOT_VOTE,DNK,GREEN_EFA
154801,37312,FOR,DNK,SD
154801,96709,FOR,DNK,RENEW
154801,101585,FOR,DNK,SD
154801,124872,FOR,DNK,RENEW
154801,124875,AGAINST,DNK,ID
154801,197515,DID_NOT_VOTE,DNK,EPP
154801,197558,FOR,DNK,RENEW
154801,197567,FOR,DNK,RENEW
154801,197571,FOR,DNK,GUE_NGL
154801,197573,FOR,DNK,GREEN_EFA
154801,199941,FOR,DNK,SD
154801,239972,FOR,DNK,RENEW
154801,239973,FOR,DNK,RENEW
154805,28161,DID_NOT_VOTE,DNK,GREEN_EFA
154805,37312,FOR,DNK,SD
154805,96709,FOR,DNK,RENEW
154805,101585,FOR,DNK,SD
154805,124872,FOR,DNK,RENEW
154805,124875,AGAINST,DNK,ID
154805,197515,FOR,DNK,EPP
154805,197558,FOR,DNK,RENEW
154805,197567,FOR,DNK,RENEW
154805,197571,FOR,DNK,GUE_NGL
154805,197573,FOR,DNK,GREEN_EFA
154805,199941,FOR,DNK,SD
154805,239972,FOR,DNK,RENEW
154805,239973,FOR,DNK,RENEW
154810,28161,DID_NOT_VOTE,DNK,GREEN_EFA
154810,37312,FOR,DNK,SD
154810,96709,FOR,DNK,RENEW
154810,101585,FOR,DNK,SD
154810,124872,FOR,DNK,RENEW
154810,124875,AGAINST,DNK,ID
154810,197515,FOR,DNK,EPP
154810,197558,FOR,DNK,RENEW
154810,197567,FOR,DNK,RENEW
154810,197571,FOR,DNK,GUE_NGL
154810,197573,FOR,DNK,GREEN_EFA
154810,199941,FOR,DNK,SD
154810,239972,FOR,DNK,RENEW
154810,239973,FOR,DNK,RENEW
154814,28161,DID_NOT_VOTE,DNK,GREEN_EFA
154814,37312,FOR,DNK,SD
154814,96709,FOR,DNK,RENEW
154814,101585,FOR,DNK,SD
154814,124872,FOR,DNK,RENEW
154814,124875,AGAINST,DNK,ID
154814,197515,FOR,DNK,EPP
154814,197558,FOR,DNK,RENEW
154814,197567,FOR,DNK,RENEW
154814,197571,AGAINST,DNK,GUE_NGL
154814,197573,FOR,DNK,GREEN_EFA
154814,199941,FOR,DNK,SD
154814,239972,FOR,DNK,RENEW
154814,239973,FOR,DNK,RENEW
154818,28161,DID_NOT_VOTE,DNK,GREEN_EFA
154818,37312,FOR,DNK,SD
154818,96709,FOR,DNK,RENEW
154818,101585,FOR,DNK,SD
154818,124872,FOR,DNK,RENEW
154818,124875,AGAINST,DNK,ID
154818,197515,FOR,DNK,EPP
154818,197558,DID_NOT_VOTE,DNK,RENEW
154818,197567,FOR,DNK,RENEW
154818,197571,AGAINST,DNK,GUE_NGL
154818,197573,FOR,DNK,GREEN_EFA
154818,199941,FOR,DNK,SD
154818,239972,FOR,DNK,RENEW
154818,239973,FOR,DNK,RENEW
154827,28161,DID_NOT_VOTE,DNK,GREEN_EFA
154827,37312,FOR,DNK,SD
154827,96709,FOR,DNK,RENEW
154827,101585,FOR,DNK,SD
154827,124872,FOR,DNK,RENEW
154827,124875,AGAINST,DNK,ID
154827,197515,FOR,DNK,EPP
154827,197558,FOR,DNK,RENEW
154827,197567,FOR,DNK,RENEW
154827,197571,FOR,DNK,GUE_NGL
154827,197573,FOR,DNK,GREEN_EFA
154827,199941,FOR,DNK,SD
154827,239972,FOR,DNK,RENEW
154827,239973,FOR,DNK,RENEW
154833,28161,DID_NOT_VOTE,DNK,GREEN_EFA
154833,37312,FOR,DNK,SD
154833,96709,FOR,DNK,RENEW
154833,101585,FOR,DNK,SD
154833,124872,FOR,DNK,RENEW
154833,124875,AGAINST,DNK,ID
154833,197515,FOR,DNK,EPP
154833,197558,FOR,DNK,RENEW
154833,197567,FOR,DNK,RENEW
154833,197571,FOR,DNK,GUE_NGL
154833,197573,FOR,DNK,GREEN_EFA
154833,199941,FOR,DNK,SD
154833,239972,FOR,DNK,RENEW
154833,239973,FOR,DNK,RENEW
154839,28161,DID_NOT_VOTE,DNK,GREEN_EFA
154839,37312,ABSTENTION,DNK,SD
154839,96709,ABSTENTION,DNK,RENEW
154839,101585,FOR,DNK,SD
154839,124872,FOR,DNK,RENEW
154839,124875,AGAINST,DNK,ID
154839,197515,FOR,DNK,EPP
154839,197558,ABSTENTION,DNK,RENEW
154839,197567,FOR,DNK,RENEW
154839,197571,FOR,DNK,GUE_NGL
154839,197573,FOR,DNK,GREEN_EFA
154839,199941,ABSTENTION,DNK,SD
154839,239972,ABSTENTION,DNK,RENEW
154839,239973,ABSTENTION,DNK,RENEW
154845,28161,DID_NOT_VOTE,DNK,GREEN_EFA
154845,37312,FOR,DNK,SD
154845,96709,FOR,DNK,RENEW
154845,101585,FOR,DNK,SD
154845,124872,FOR,DNK,RENEW
154845,124875,AGAINST,DNK,ID
154845,197515,FOR,DNK,EPP
154845,197558,FOR,DNK,RENEW
154845,197567,FOR,DNK,RENEW
154845,197571,FOR,DNK,GUE_NGL
154845,197573,FOR,DNK,GREEN_EFA
154845,199941,FOR,DNK,SD
154845,239972,FOR,DNK,RENEW
154845,239973,FOR,DNK,RENEW
154853,28161,DID_NOT_VOTE,DNK,GREEN_EFA
154853,37312,FOR,DNK,SD
154853,96709,FOR,DNK,RENEW
154853,101585,FOR,DNK,SD
154853,124872,FOR,DNK,RENEW
154853,124875,FOR,DNK,ID
154853,197515,FOR,DNK,EPP
154853,197558,FOR,DNK,RENEW
154853,197567,FOR,DNK,RENEW
154853,197571,FOR,DNK,GUE_NGL
154853,197573,FOR,DNK,GREEN_EFA
154853,199941,FOR,DNK,SD
154853,239972,FOR,DNK,RENEW
154853,239973,FOR,DNK,RENEW
154858,28161,DID_NOT_VOTE,DNK,GREEN_EFA
154858,37312,FOR,DNK,SD
154858,96709,FOR,DNK,RENEW
154858,101585,FOR,DNK,SD
154858,124872,FOR,DNK,RENEW
154858,124875,AGAINST,DNK,ID
154858,197515,FOR,DNK,EPP
154858,197558,FOR,DNK,RENEW
154858,197567,FOR,DNK,RENEW
154858,197571,FOR,DNK,GUE_NGL
154858,197573,FOR,DNK,GREEN_EFA
154858,199941,FOR,DNK,SD
154858,239972,FOR,DNK,RENEW
154858,239973,FOR,DNK,RENEW
154862,28161,DID_NOT_VOTE,DNK,GREEN_EFA
154862,37312,FOR,DNK,SD
154862,96709,FOR,DNK,RENEW
154862,101585,FOR,DNK,SD
154862,124872,FOR,DNK,RENEW
154862,124875,AGAINST,DNK,ID
154862,197515,FOR,DNK,EPP
154862,197558,FOR,DNK,RENEW
154862,197567,FOR,DNK,RENEW
154862,197571,FOR,DNK,GUE_NGL
154862,197573,FOR,DNK,GREEN_EFA
154862,199941,FOR,DNK,SD
154862,239972,FOR,DNK,RENEW
154862,239973,FOR,DNK,RENEW
154866,28161,DID_NOT_VOTE,DNK,GREEN_EFA
154866,37312,FOR,DNK,SD
154866,96709,FOR,DNK,RENEW
154866,101585,FOR,DNK,SD
154866,124872,FOR,DNK,RENEW
154866,124875,AGAINST,DNK,ID
154866,197515,FOR,DNK,EPP
154866,197558,FOR,DNK,RENEW
154866,197567,FOR,DNK,RENEW
154866,197571,FOR,DNK,GUE_NGL
154866,197573,FOR,DNK,GREEN_EFA
154866,199941,FOR,DNK,SD
154866,239972,FOR,DNK,RENEW
154866,239973,FOR,DNK,RENEW
154870,28161,DID_NOT_VOTE,DNK,GREEN_EFA
154870,37312,FOR,DNK,SD
154870,96709,FOR,DNK,RENEW
154870,101585,FOR,DNK,SD
154870,124872,FOR,DNK,RENEW
154870,124875,AGAINST,DNK,ID
154870,197515,FOR,DNK,EPP
154870,197558,FOR,DNK,RENEW
154870,197567,FOR,DNK,RENEW
154870,197571,FOR,DNK,GUE_NGL
154870,197573,FOR,DNK,GREEN_EFA
154870,199941,FOR,DNK,SD
154870,239972,FOR,DNK,RENEW
154870,239973,FOR,DNK,RENEW
154874,28161,DID_NOT_VOTE,DNK,GREEN_EFA
154874,37312,FOR,DNK,SD
154874,96709,FOR,DNK,RENEW
154874,101585,FOR,DNK,SD
154874,124872,FOR,DNK,RENEW
154874,124875,AGAINST,DNK,ID
154874,197515,FOR,DNK,EPP
154874,197558,FOR,DNK,RENEW
154874,197567,FOR,DNK,RENEW
154874,197571,FOR,DNK,GUE_NGL
154874,197573,FOR,DNK,GREEN_EFA
154874,199941,FOR,DNK,SD
154874,239972,FOR,DNK,RENEW
154874,239973,FOR,DNK,RENEW
154878,28161,DID_NOT_VOTE,DNK,GREEN_EFA
154878,37312,FOR,DNK,SD
154878,96709,FOR,DNK,RENEW
154878,101585,FOR,DNK,SD
154878,124872,FOR,DNK,RENEW
154878,124875,AGAINST,DNK,ID
154878,197515,FOR,DNK,EPP
154878,197558,DID_NOT_VOTE,DNK,RENEW
154878,197567,FOR,DNK,RENEW
154878,197571,FOR,DNK,GUE_NGL
154878,197573,FOR,DNK,GREEN_EFA
154878,199941,FOR,DNK,SD
154878,239972,FOR,DNK,RENEW
154878,239973,FOR,DNK,RENEW
154882,28161,DID_NOT_VOTE,DNK,GREEN_EFA
154882,37312,FOR,DNK,SD
154882,96709,FOR,DNK,RENEW
154882,101585,FOR,DNK,SD
154882,124872,FOR,DNK,RENEW
154882,124875,AGAINST,DNK,ID
154882,197515,FOR,DNK,EPP
154882,197558,FOR,DNK,RENEW
154882,197567,FOR,DNK,RENEW
154882,197571,FOR,DNK,GUE_NGL
154882,197573,FOR,DNK,GREEN_EFA
154882,199941,FOR,DNK,SD
154882,239972,FOR,DNK,RENEW
154882,239973,FOR,DNK,RENEW
154886,28161,DID_NOT_VOTE,DNK,GREEN_EFA
154886,37312,FOR,DNK,SD
154886,96709,FOR,DNK,RENEW
154886,101585,FOR,DNK,SD
154886,124872,FOR,DNK,RENEW
154886,124875,AGAINST,DNK,ID
154886,197515,FOR,DNK,EPP
154886,197558,FOR,DNK,RENEW
154886,197567,FOR,DNK,RENEW
154886,197571,FOR,DNK,GUE_NGL
154886,197573,FOR,DNK,GREEN_EFA
154886,199941,FOR,DNK,SD
154886,239972,FOR,DNK,RENEW
154886,239973,FOR,DNK,RENEW
154890,28161,DID_NOT_VOTE,DNK,GREEN_EFA
154890,37312,FOR,DNK,SD
154890,96709,FOR,DNK,RENEW
154890,101585,FOR,DNK,SD
154890,124872,FOR,DNK,RENEW
154890,124875,AGAINST,DNK,ID
154890,197515,FOR,DNK,EPP
154890,197558,DID_NOT_VOTE,DNK,RENEW
154890,197567,FOR,DNK,RENEW
154890,197571,FOR,DNK,GUE_NGL
154890,197573,DID_NOT_VOTE,DNK,GREEN_EFA
154890,199941,FOR,DNK,SD
154890,239972,FOR,DNK,RENEW
154890,239973,FOR,DNK,RENEW
154894,28161,DID_NOT_VOTE,DNK,GREEN_EFA
154894,37312,FOR,DNK,SD
154894,96709,FOR,DNK,RENEW
154894,101585,FOR,DNK,SD
154894,124872,FOR,DNK,RENEW
154894,124875,AGAINST,DNK,ID
154894,197515,FOR,DNK,EPP
154894,197558,FOR,DNK,RENEW
154894,197567,FOR,DNK,RENEW
154894,197571,FOR,DNK,GUE_NGL
154894,197573,FOR,DNK,GREEN_EFA
154894,199941,FOR,DNK,SD
154894,239972,FOR,DNK,RENEW
154894,239973,FOR,DNK,RENEW
154898,28161,DID_NOT_VOTE,DNK,GREEN_EFA
154898,37312,FOR,DNK,SD
154898,96709,FOR,DNK,RENEW
154898,101585,FOR,DNK,SD
154898,124872,FOR,DNK,RENEW
154898,124875,AGAINST,DNK,ID
154898,197515,FOR,DNK,EPP
154898,197558,FOR,DNK,RENEW
154898,197567,FOR,DNK,RENEW
154898,197571,FOR,DNK,GUE_NGL
154898,197573,FOR,DNK,GREEN_EFA
154898,199941,FOR,DNK,SD
154898,239972,DID_NOT_VOTE,DNK,RENEW
154898,239973,FOR,DNK,RENEW
154902,28161,DID_NOT_VOTE,DNK,GREEN_EFA
154902,37312,FOR,DNK,SD
154902,96709,FOR,DNK,RENEW
154902,101585,FOR,DNK,SD
154902,124872,FOR,DNK,RENEW
154902,124875,AGAINST,DNK,ID
154902,197515,FOR,DNK,EPP
154902,197558,FOR,DNK,RENEW
154902,197567,FOR,DNK,RENEW
154902,197571,FOR,DNK,GUE_NGL
154902,197573,FOR,DNK,GREEN_EFA
154902,199941,FOR,DNK,SD
154902,239972,FOR,DNK,RENEW
154902,239973,FOR,DNK,RENEW
154908,28161,DID_NOT_VOTE,DNK,GREEN_EFA
154908,37312,FOR,DNK,SD
154908,96709,FOR,DNK,RENEW
154908,101585,FOR,DNK,SD
154908,124872,FOR,DNK,RENEW
154908,124875,AGAINST,DNK,ID
154908,197515,FOR,DNK,EPP
154908,197558,FOR,DNK,RENEW
154908,197567,FOR,DNK,RENEW
154908,197571,FOR,DNK,GUE_NGL
154908,197573,FOR,DNK,GREEN_EFA
154908,199941,FOR,DNK,SD
154908,239972,FOR,DNK,RENEW
154908,239973,FOR,DNK,RENEW
154912,28161,DID_NOT_VOTE,DNK,GREEN_EFA
154912,37312,FOR,DNK,SD
154912,96709,FOR,DNK,RENEW
154912,101585,FOR,DNK,SD
154912,124872,FOR,DNK,RENEW
154912,124875,AGAINST,DNK,ID
154912,197515,FOR,DNK,EPP
154912,197558,FOR,DNK,RENEW
154912,197567,FOR,DNK,RENEW
154912,197571,FOR,DNK,GUE_NGL
154912,197573,FOR,DNK,GREEN_EFA
154912,199941,FOR,DNK,SD
154912,239972,FOR,DNK,RENEW
154912,239973,FOR,DNK,RENEW
154916,28161,DID_NOT_VOTE,DNK,GREEN_EFA
154916,37312,FOR,DNK,SD
154916,96709,FOR,DNK,RENEW
154916,101585,FOR,DNK,SD
154916,124872,FOR,DNK,RENEW
154916,124875,AGAINST,DNK,ID
154916,197515,FOR,DNK,EPP
154916,197558,FOR,DNK,RENEW
154916,197567,FOR,DNK,RENEW
154916,197571,FOR,DNK,GUE_NGL
154916,197573,FOR,DNK,GREEN_EFA
154916,199941,FOR,DNK,SD
154916,239972,FOR,DNK,RENEW
154916,239973,FOR,DNK,RENEW
154920,28161,DID_NOT_VOTE,DNK,GREEN_EFA
154920,37312,FOR,DNK,SD
154920,96709,FOR,DNK,RENEW
154920,101585,FOR,DNK,SD
154920,124872,FOR,DNK,RENEW
154920,124875,AGAINST,DNK,ID
154920,197515,FOR,DNK,EPP
154920,197558,FOR,DNK,RENEW
154920,197567,FOR,DNK,RENEW
154920,197571,FOR,DNK,GUE_NGL
154920,197573,FOR,DNK,GREEN_EFA
154920,199941,FOR,DNK,SD
154920,239972,FOR,DNK,RENEW
154920,239973,FOR,DNK,RENEW
154924,28161,DID_NOT_VOTE,DNK,GREEN_EFA
154924,37312,FOR,DNK,SD
154924,96709,FOR,DNK,RENEW
154924,101585,FOR,DNK,SD
154924,124872,FOR,DNK,RENEW
154924,124875,AGAINST,DNK,ID
154924,197515,FOR,DNK,EPP
154924,197558,FOR,DNK,RENEW
154924,197567,FOR,DNK,RENEW
154924,197571,FOR,DNK,GUE_NGL
154924,197573,FOR,DNK,GREEN_EFA
154924,199941,FOR,DNK,SD
154924,239972,FOR,DNK,RENEW
154924,239973,FOR,DNK,RENEW
154928,28161,DID_NOT_VOTE,DNK,GREEN_EFA
154928,37312,FOR,DNK,SD
154928,96709,FOR,DNK,RENEW
154928,101585,FOR,DNK,SD
154928,124872,FOR,DNK,RENEW
154928,124875,AGAINST,DNK,ID
154928,197515,FOR,DNK,EPP
154928,197558,FOR,DNK,RENEW
154928,197567,FOR,DNK,RENEW
154928,197571,FOR,DNK,GUE_NGL
154928,197573,FOR,DNK,GREEN_EFA
154928,199941,FOR,DNK,SD
154928,239972,FOR,DNK,RENEW
154928,239973,FOR,DNK,RENEW
154932,28161,DID_NOT_VOTE,DNK,GREEN_EFA
154932,37312,FOR,DNK,SD
154932,96709,FOR,DNK,RENEW
154932,101585,FOR,DNK,SD
154932,124872,FOR,DNK,RENEW
154932,124875,AGAINST,DNK,ID
154932,197515,FOR,DNK,EPP
154932,197558,FOR,DNK,RENEW
154932,197567,FOR,DNK,RENEW
154932,197571,FOR,DNK,GUE_NGL
154932,197573,FOR,DNK,GREEN_EFA
154932,199941,FOR,DNK,SD
154932,239972,FOR,DNK,RENEW
154932,239973,FOR,DNK,RENEW
154936,28161,DID_NOT_VOTE,DNK,GREEN_EFA
154936,37312,FOR,DNK,SD
154936,96709,FOR,DNK,RENEW
154936,101585,FOR,DNK,SD
154936,124872,FOR,DNK,RENEW
154936,124875,AGAINST,DNK,ID
154936,197515,FOR,DNK,EPP
154936,197558,FOR,DNK,RENEW
154936,197567,FOR,DNK,RENEW
154936,197571,FOR,DNK,GUE_NGL
154936,197573,FOR,DNK,GREEN_EFA
154936,199941,FOR,DNK,SD
154936,239972,FOR,DNK,RENEW
154936,239973,FOR,DNK,RENEW
154940,28161,DID_NOT_VOTE,DNK,GREEN_EFA
154940,37312,FOR,DNK,SD
154940,96709,FOR,DNK,RENEW
154940,101585,FOR,DNK,SD
154940,124872,FOR,DNK,RENEW
154940,124875,AGAINST,DNK,ID
154940,197515,FOR,DNK,EPP
154940,197558,FOR,DNK,RENEW
154940,197567,FOR,DNK,RENEW
154940,197571,FOR,DNK,GUE_NGL
154940,197573,FOR,DNK,GREEN_EFA
154940,199941,FOR,DNK,SD
154940,239972,FOR,DNK,RENEW
154940,239973,FOR,DNK,RENEW
154944,28161,DID_NOT_VOTE,DNK,GREEN_EFA
154944,37312,FOR,DNK,SD
154944,96709,FOR,DNK,RENEW
154944,101585,FOR,DNK,SD
154944,124872,FOR,DNK,RENEW
154944,124875,AGAINST,DNK,ID
154944,197515,FOR,DNK,EPP
154944,197558,FOR,DNK,RENEW
154944,197567,FOR,DNK,RENEW
154944,197571,FOR,DNK,GUE_NGL
154944,197573,FOR,DNK,GREEN_EFA
154944,199941,FOR,DNK,SD
154944,239972,FOR,DNK,RENEW
154944,239973,FOR,DNK,RENEW
154948,28161,DID_NOT_VOTE,DNK,GREEN_EFA
154948,37312,FOR,DNK,SD
154948,96709,FOR,DNK,RENEW
154948,101585,FOR,DNK,SD
154948,124872,FOR,DNK,RENEW
154948,124875,AGAINST,DNK,ID
154948,197515,FOR,DNK,EPP
154948,197558,FOR,DNK,RENEW
154948,197567,FOR,DNK,RENEW
154948,197571,ABSTENTION,DNK,GUE_NGL
154948,197573,FOR,DNK,GREEN_EFA
154948,199941,FOR,DNK,SD
154948,239972,FOR,DNK,RENEW
154948,239973,FOR,DNK,RENEW
154953,28161,DID_NOT_VOTE,DNK,GREEN_EFA
154953,37312,FOR,DNK,SD
154953,96709,FOR,DNK,RENEW
154953,101585,FOR,DNK,SD
154953,124872,FOR,DNK,RENEW
154953,124875,AGAINST,DNK,ID
154953,197515,FOR,DNK,EPP
154953,197558,FOR,DNK,RENEW
154953,197567,FOR,DNK,RENEW
154953,197571,FOR,DNK,GUE_NGL
154953,197573,FOR,DNK,GREEN_EFA
154953,199941,FOR,DNK,SD
154953,239972,FOR,DNK,RENEW
154953,239973,FOR,DNK,RENEW
154958,28161,DID_NOT_VOTE,DNK,GREEN_EFA
154958,37312,FOR,DNK,SD
154958,96709,FOR,DNK,RENEW
154958,101585,FOR,DNK,SD
154958,124872,FOR,DNK,RENEW
154958,124875,AGAINST,DNK,ID
154958,197515,FOR,DNK,EPP
154958,197558,FOR,DNK,RENEW
154958,197567,FOR,DNK,RENEW
154958,197571,FOR,DNK,GUE_NGL
154958,197573,FOR,DNK,GREEN_EFA
154958,199941,FOR,DNK,SD
154958,239972,FOR,DNK,RENEW
154958,239973,FOR,DNK,RENEW
154962,28161,DID_NOT_VOTE,DNK,GREEN_EFA
154962,37312,FOR,DNK,SD
154962,96709,FOR,DNK,RENEW
154962,101585,FOR,DNK,SD
154962,124872,FOR,DNK,RENEW
154962,124875,AGAINST,DNK,ID
154962,197515,FOR,DNK,EPP
154962,197558,FOR,DNK,RENEW
154962,197567,FOR,DNK,RENEW
154962,197571,FOR,DNK,GUE_NGL
154962,197573,FOR,DNK,GREEN_EFA
154962,199941,FOR,DNK,SD
154962,239972,FOR,DNK,RENEW
154962,239973,FOR,DNK,RENEW
154966,28161,DID_NOT_VOTE,DNK,GREEN_EFA
154966,37312,FOR,DNK,SD
154966,96709,FOR,DNK,RENEW
154966,101585,FOR,DNK,SD
154966,124872,FOR,DNK,RENEW
154966,124875,AGAINST,DNK,ID
154966,197515,FOR,DNK,EPP
154966,197558,FOR,DNK,RENEW
154966,197567,FOR,DNK,RENEW
154966,197571,FOR,DNK,GUE_NGL
154966,197573,FOR,DNK,GREEN_EFA
154966,199941,FOR,DNK,SD
154966,239972,FOR,DNK,RENEW
154966,239973,FOR,DNK,RENEW
154970,28161,DID_NOT_VOTE,DNK,GREEN_EFA
154970,37312,FOR,DNK,SD
154970,96709,FOR,DNK,RENEW
154970,101585,FOR,DNK,SD
154970,124872,FOR,DNK,RENEW
154970,124875,AGAINST,DNK,ID
154970,197515,FOR,DNK,EPP
154970,197558,FOR,DNK,RENEW
154970,197567,FOR,DNK,RENEW
154970,197571,FOR,DNK,GUE_NGL
154970,197573,FOR,DNK,GREEN_EFA
154970,199941,FOR,DNK,SD
154970,239972,FOR,DNK,RENEW
154970,239973,FOR,DNK,RENEW
154974,28161,DID_NOT_VOTE,DNK,GREEN_EFA
154974,37312,FOR,DNK,SD
154974,96709,FOR,DNK,RENEW
154974,101585,FOR,DNK,SD
154974,124872,FOR,DNK,RENEW
154974,124875,AGAINST,DNK,ID
154974,197515,FOR,DNK,EPP
154974,197558,DID_NOT_VOTE,DNK,RENEW
154974,197567,FOR,DNK,RENEW
154974,197571,FOR,DNK,GUE_NGL
154974,197573,FOR,DNK,GREEN_EFA
154974,199941,FOR,DNK,SD
154974,239972,FOR,DNK,RENEW
154974,239973,FOR,DNK,RENEW
154978,28161,DID_NOT_VOTE,DNK,GREEN_EFA
154978,37312,FOR,DNK,SD
154978,96709,FOR,DNK,RENEW
154978,101585,FOR,DNK,SD
154978,124872,FOR,DNK,RENEW
154978,124875,AGAINST,DNK,ID
154978,197515,FOR,DNK,EPP
154978,197558,FOR,DNK,RENEW
154978,197567,FOR,DNK,RENEW
154978,197571,FOR,DNK,GUE_NGL
154978,197573,FOR,DNK,GREEN_EFA
154978,199941,FOR,DNK,SD
154978,239972,FOR,DNK,RENEW
154978,239973,FOR,DNK,RENEW
154982,28161,DID_NOT_VOTE,DNK,GREEN_EFA
154982,37312,FOR,DNK,SD
154982,96709,FOR,DNK,RENEW
154982,101585,FOR,DNK,SD
154982,124872,FOR,DNK,RENEW
154982,124875,AGAINST,DNK,ID
154982,197515,FOR,DNK,EPP
154982,197558,FOR,DNK,RENEW
154982,197567,FOR,DNK,RENEW
154982,197571,FOR,DNK,GUE_NGL
154982,197573,FOR,DNK,GREEN_EFA
154982,199941,FOR,DNK,SD
154982,239972,FOR,DNK,RENEW
154982,239973,FOR,DNK,RENEW
154986,28161,DID_NOT_VOTE,DNK,GREEN_EFA
154986,37312,FOR,DNK,SD
154986,96709,FOR,DNK,RENEW
154986,101585,FOR,DNK,SD
154986,124872,FOR,DNK,RENEW
154986,124875,AGAINST,DNK,ID
154986,197515,FOR,DNK,EPP
154986,197558,DID_NOT_VOTE,DNK,RENEW
154986,197567,FOR,DNK,RENEW
154986,197571,FOR,DNK,GUE_NGL
154986,197573,FOR,DNK,GREEN_EFA
154986,199941,FOR,DNK,SD
154986,239972,FOR,DNK,RENEW
154986,239973,FOR,DNK,RENEW
154990,28161,DID_NOT_VOTE,DNK,GREEN_EFA
154990,37312,FOR,DNK,SD
154990,96709,FOR,DNK,RENEW
154990,101585,FOR,DNK,SD
154990,124872,FOR,DNK,RENEW
154990,124875,AGAINST,DNK,ID
154990,197515,DID_NOT_VOTE,DNK,EPP
154990,197558,DID_NOT_VOTE,DNK,RENEW
154990,197567,FOR,DNK,RENEW
154990,197571,FOR,DNK,GUE_NGL
154990,197573,FOR,DNK,GREEN_EFA
154990,199941,FOR,DNK,SD
154990,239972,FOR,DNK,RENEW
154990,239973,FOR,DNK,RENEW
154994,28161,DID_NOT_VOTE,DNK,GREEN_EFA
154994,37312,FOR,DNK,SD
154994,96709,FOR,DNK,RENEW
154994,101585,FOR,DNK,SD
154994,124872,FOR,DNK,RENEW
154994,124875,AGAINST,DNK,ID
154994,197515,FOR,DNK,EPP
154994,197558,FOR,DNK,RENEW
154994,197567,FOR,DNK,RENEW
154994,197571,FOR,DNK,GUE_NGL
154994,197573,FOR,DNK,GREEN_EFA
154994,199941,FOR,DNK,SD
154994,239972,FOR,DNK,RENEW
154994,239973,FOR,DNK,RENEW
154998,28161,DID_NOT_VOTE,DNK,GREEN_EFA
154998,37312,FOR,DNK,SD
154998,96709,FOR,DNK,RENEW
154998,101585,FOR,DNK,SD
154998,124872,FOR,DNK,RENEW
154998,124875,AGAINST,DNK,ID
154998,197515,FOR,DNK,EPP
154998,197558,FOR,DNK,RENEW
154998,197567,FOR,DNK,RENEW
154998,197571,FOR,DNK,GUE_NGL
154998,197573,FOR,DNK,GREEN_EFA
154998,199941,FOR,DNK,SD
154998,239972,FOR,DNK,RENEW
154998,239973,FOR,DNK,RENEW
155003,28161,DID_NOT_VOTE,DNK,GREEN_EFA
155003,37312,FOR,DNK,SD
155003,96709,FOR,DNK,RENEW
155003,101585,FOR,DNK,SD
155003,124872,FOR,DNK,RENEW
155003,124875,AGAINST,DNK,ID
155003,197515,FOR,DNK,EPP
155003,197558,FOR,DNK,RENEW
155003,197567,FOR,DNK,RENEW
155003,197571,FOR,DNK,GUE_NGL
155003,197573,FOR,DNK,GREEN_EFA
155003,199941,FOR,DNK,SD
155003,239972,FOR,DNK,RENEW
155003,239973,FOR,DNK,RENEW
155009,28161,DID_NOT_VOTE,DNK,GREEN_EFA
155009,37312,FOR,DNK,SD
155009,96709,FOR,DNK,RENEW
155009,101585,FOR,DNK,SD
155009,124872,FOR,DNK,RENEW
155009,124875,AGAINST,DNK,ID
155009,197515,FOR,DNK,EPP
155009,197558,FOR,DNK,RENEW
155009,197567,FOR,DNK,RENEW
155009,197571,FOR,DNK,GUE_NGL
155009,197573,FOR,DNK,GREEN_EFA
155009,199941,FOR,DNK,SD
155009,239972,FOR,DNK,RENEW
155009,239973,FOR,DNK,RENEW
155028,28161,DID_NOT_VOTE,DNK,GREEN_EFA
155028,37312,FOR,DNK,SD
155028,96709,FOR,DNK,RENEW
155028,101585,FOR,DNK,SD
155028,124872,FOR,DNK,RENEW
155028,124875,AGAINST,DNK,ID
155028,197515,FOR,DNK,EPP
155028,197558,FOR,DNK,RENEW
155028,197567,FOR,DNK,RENEW
155028,197571,FOR,DNK,GUE_NGL
155028,197573,FOR,DNK,GREEN_EFA
155028,199941,FOR,DNK,SD
155028,239972,FOR,DNK,RENEW
155028,239973,FOR,DNK,RENEW
155029,28161,DID_NOT_VOTE,DNK,GREEN_EFA
155029,37312,FOR,DNK,SD
155029,96709,FOR,DNK,RENEW
155029,101585,FOR,DNK,SD
155029,124872,FOR,DNK,RENEW
155029,124875,FOR,DNK,ID
155029,197515,FOR,DNK,EPP
155029,197558,FOR,DNK,RENEW
155029,197567,FOR,DNK,RENEW
155029,197571,FOR,DNK,GUE_NGL
155029,197573,FOR,DNK,GREEN_EFA
155029,199941,FOR,DNK,SD
155029,239972,DID_NOT_VOTE,DNK,RENEW
155029,239973,FOR,DNK,RENEW
155030,28161,DID_NOT_VOTE,DNK,GREEN_EFA
155030,37312,FOR,DNK,SD
155030,96709,FOR,DNK,RENEW
155030,101585,FOR,DNK,SD
155030,124872,FOR,DNK,RENEW
155030,124875,FOR,DNK,ID
155030,197515,FOR,DNK,EPP
155030,197558,FOR,DNK,RENEW
155030,197567,FOR,DNK,RENEW
155030,197571,ABSTENTION,DNK,GUE_NGL
155030,197573,ABSTENTION,DNK,GREEN_EFA
155030,199941,FOR,DNK,SD
155030,239972,DID_NOT_VOTE,DNK,RENEW
155030,239973,FOR,DNK,RENEW
155042,28161,DID_NOT_VOTE,DNK,GREEN_EFA
155042,37312,FOR,DNK,SD
155042,96709,FOR,DNK,RENEW
155042,101585,FOR,DNK,SD
155042,124872,FOR,DNK,RENEW
155042,124875,AGAINST,DNK,ID
155042,197515,FOR,DNK,EPP
155042,197558,FOR,DNK,RENEW
155042,197567,FOR,DNK,RENEW
155042,197571,FOR,DNK,GUE_NGL
155042,197573,FOR,DNK,GREEN_EFA
155042,199941,FOR,DNK,SD
155042,239972,FOR,DNK,RENEW
155042,239973,FOR,DNK,RENEW
155050,28161,DID_NOT_VOTE,DNK,GREEN_EFA
155050,37312,FOR,DNK,SD
155050,96709,FOR,DNK,RENEW
155050,101585,FOR,DNK,SD
155050,124872,FOR,DNK,RENEW
155050,124875,FOR,DNK,ID
155050,197515,FOR,DNK,EPP
155050,197558,FOR,DNK,RENEW
155050,197567,FOR,DNK,RENEW
155050,197571,FOR,DNK,GUE_NGL
155050,197573,FOR,DNK,GREEN_EFA
155050,199941,FOR,DNK,SD
155050,239972,FOR,DNK,RENEW
155050,239973,FOR,DNK,RENEW
155056,28161,DID_NOT_VOTE,DNK,GREEN_EFA
155056,37312,FOR,DNK,SD
155056,96709,FOR,DNK,RENEW
155056,101585,FOR,DNK,SD
155056,124872,FOR,DNK,RENEW
155056,124875,AGAINST,DNK,ID
155056,197515,FOR,DNK,EPP
155056,197558,FOR,DNK,RENEW
155056,197567,FOR,DNK,RENEW
155056,197571,FOR,DNK,GUE_NGL
155056,197573,FOR,DNK,GREEN_EFA
155056,199941,FOR,DNK,SD
155056,239972,FOR,DNK,RENEW
155056,239973,FOR,DNK,RENEW
155090,28161,DID_NOT_VOTE,DNK,GREEN_EFA
155090,37312,FOR,DNK,SD
155090,96709,FOR,DNK,RENEW
155090,101585,FOR,DNK,SD
155090,124872,FOR,DNK,RENEW
155090,124875,AGAINST,DNK,ID
155090,197515,FOR,DNK,EPP
155090,197558,FOR,DNK,RENEW
155090,197567,FOR,DNK,RENEW
155090,197571,FOR,DNK,GUE_NGL
155090,197573,FOR,DNK,GREEN_EFA
155090,199941,FOR,DNK,SD
155090,239972,FOR,DNK,RENEW
155090,239973,FOR,DNK,RENEW
155091,28161,DID_NOT_VOTE,DNK,GREEN_EFA
155091,37312,FOR,DNK,SD
155091,96709,FOR,DNK,RENEW
155091,101585,FOR,DNK,SD
155091,124872,FOR,DNK,RENEW
155091,124875,AGAINST,DNK,ID
155091,197515,FOR,DNK,EPP
155091,197558,FOR,DNK,RENEW
155091,197567,FOR,DNK,RENEW
155091,197571,FOR,DNK,GUE_NGL
155091,197573,FOR,DNK,GREEN_EFA
155091,199941,FOR,DNK,SD
155091,239972,DID_NOT_VOTE,DNK,RENEW
155091,239973,FOR,DNK,RENEW
155140,28161,DID_NOT_VOTE,DNK,GREEN_EFA
155140,37312,FOR,DNK,SD
155140,96709,FOR,DNK,RENEW
155140,101585,FOR,DNK,SD
155140,124872,FOR,DNK,RENEW
155140,124875,AGAINST,DNK,ID
155140,197515,FOR,DNK,EPP
155140,197558,FOR,DNK,RENEW
155140,197567,FOR,DNK,RENEW
155140,197571,FOR,DNK,GUE_NGL
155140,197573,FOR,DNK,GREEN_EFA
155140,199941,FOR,DNK,SD
155140,239972,FOR,DNK,RENEW
155140,239973,FOR,DNK,RENEW
155274,28161,DID_NOT_VOTE,DNK,GREEN_EFA
155274,37312,FOR,DNK,SD
155274,96709,FOR,DNK,RENEW
155274,101585,FOR,DNK,SD
155274,124872,FOR,DNK,RENEW
155274,124875,AGAINST,DNK,ID
155274,197515,FOR,DNK,EPP
155274,197558,FOR,DNK,RENEW
155274,197567,FOR,DNK,RENEW
155274,197571,FOR,DNK,GUE_NGL
155274,197573,FOR,DNK,GREEN_EFA
155274,199941,FOR,DNK,SD
155274,239972,FOR,DNK,RENEW
155274,239973,FOR,DNK,RENEW
155275,28161,DID_NOT_VOTE,DNK,GREEN_EFA
155275,37312,FOR,DNK,SD
155275,96709,FOR,DNK,RENEW
155275,101585,FOR,DNK,SD
155275,124872,FOR,DNK,RENEW
155275,124875,AGAINST,DNK,ID
155275,197515,FOR,DNK,EPP
155275,197558,FOR,DNK,RENEW
155275,197567,FOR,DNK,RENEW
155275,197571,FOR,DNK,GUE_NGL
155275,197573,FOR,DNK,GREEN_EFA
155275,199941,FOR,DNK,SD
155275,239972,FOR,DNK,RENEW
155275,239973,FOR,DNK,RENEW
155277,28161,DID_NOT_VOTE,DNK,GREEN_EFA
155277,37312,FOR,DNK,SD
155277,96709,FOR,DNK,RENEW
155277,101585,FOR,DNK,SD
155277,124872,FOR,DNK,RENEW
155277,124875,AGAINST,DNK,ID
155277,197515,FOR,DNK,EPP
155277,197558,FOR,DNK,RENEW
155277,197567,FOR,DNK,RENEW
155277,197571,FOR,DNK,GUE_NGL
155277,197573,FOR,DNK,GREEN_EFA
155277,199941,FOR,DNK,SD
155277,239972,FOR,DNK,RENEW
155277,239973,FOR,DNK,RENEW
155278,28161,DID_NOT_VOTE,DNK,GREEN_EFA
155278,37312,FOR,DNK,SD
155278,96709,FOR,DNK,RENEW
155278,101585,FOR,DNK,SD
155278,124872,FOR,DNK,RENEW
155278,124875,AGAINST,DNK,ID
155278,197515,FOR,DNK,EPP
155278,197558,FOR,DNK,RENEW
155278,197567,FOR,DNK,RENEW
155278,197571,FOR,DNK,GUE_NGL
155278,197573,FOR,DNK,GREEN_EFA
155278,199941,FOR,DNK,SD
155278,239972,FOR,DNK,RENEW
155278,239973,FOR,DNK,RENEW
155280,28161,DID_NOT_VOTE,DNK,GREEN_EFA
155280,37312,FOR,DNK,SD
155280,96709,FOR,DNK,RENEW
155280,101585,FOR,DNK,SD
155280,124872,FOR,DNK,RENEW
155280,124875,AGAINST,DNK,ID
155280,197515,FOR,DNK,EPP
155280,197558,FOR,DNK,RENEW
155280,197567,FOR,DNK,RENEW
155280,197571,FOR,DNK,GUE_NGL
155280,197573,FOR,DNK,GREEN_EFA
155280,199941,FOR,DNK,SD
155280,239972,FOR,DNK,RENEW
155280,239973,FOR,DNK,RENEW
155281,28161,DID_NOT_VOTE,DNK,GREEN_EFA
155281,37312,FOR,DNK,SD
155281,96709,FOR,DNK,RENEW
155281,101585,FOR,DNK,SD
155281,124872,FOR,DNK,RENEW
155281,124875,FOR,DNK,ID
155281,197515,FOR,DNK,EPP
155281,197558,FOR,DNK,RENEW
155281,197567,FOR,DNK,RENEW
155281,197571,FOR,DNK,GUE_NGL
155281,197573,FOR,DNK,GREEN_EFA
155281,199941,FOR,DNK,SD
155281,239972,FOR,DNK,RENEW
155281,239973,FOR,DNK,RENEW
155285,28161,DID_NOT_VOTE,DNK,GREEN_EFA
155285,37312,FOR,DNK,SD
155285,96709,FOR,DNK,RENEW
155285,101585,FOR,DNK,SD
155285,124872,FOR,DNK,RENEW
155285,124875,FOR,DNK,ID
155285,197515,ABSTENTION,DNK,EPP
155285,197558,FOR,DNK,RENEW
155285,197567,FOR,DNK,RENEW
155285,197571,FOR,DNK,GUE_NGL
155285,197573,FOR,DNK,GREEN_EFA
155285,199941,FOR,DNK,SD
155285,239972,FOR,DNK,RENEW
155285,239973,FOR,DNK,RENEW
155287,28161,DID_NOT_VOTE,DNK,GREEN_EFA
155287,37312,FOR,DNK,SD
155287,96709,FOR,DNK,RENEW
155287,101585,FOR,DNK,SD
155287,124872,FOR,DNK,RENEW
155287,124875,AGAINST,DNK,ID
155287,197515,FOR,DNK,EPP
155287,197558,FOR,DNK,RENEW
155287,197567,FOR,DNK,RENEW
155287,197571,FOR,DNK,GUE_NGL
155287,197573,FOR,DNK,GREEN_EFA
155287,199941,FOR,DNK,SD
155287,239972,FOR,DNK,RENEW
155287,239973,FOR,DNK,RENEW
155373,28161,DID_NOT_VOTE,DNK,GREEN_EFA
155373,37312,FOR,DNK,SD
155373,96709,AGAINST,DNK,RENEW
155373,101585,FOR,DNK,SD
155373,124872,AGAINST,DNK,RENEW
155373,124875,AGAINST,DNK,ID
155373,197515,AGAINST,DNK,EPP
155373,197558,AGAINST,DNK,RENEW
155373,197567,FOR,DNK,RENEW
155373,197571,FOR,DNK,GUE_NGL
155373,197573,FOR,DNK,GREEN_EFA
155373,199941,FOR,DNK,SD
155373,239972,AGAINST,DNK,RENEW
155373,239973,AGAINST,DNK,RENEW
155389,28161,DID_NOT_VOTE,DNK,GREEN_EFA
155389,37312,ABSTENTION,DNK,SD
155389,96709,ABSTENTION,DNK,RENEW
155389,101585,ABSTENTION,DNK,SD
155389,124872,FOR,DNK,RENEW
155389,124875,ABSTENTION,DNK,ID
155389,197515,FOR,DNK,EPP
155389,197558,ABSTENTION,DNK,RENEW
155389,197567,FOR,DNK,RENEW
155389,197571,FOR,DNK,GUE_NGL
155389,197573,FOR,DNK,GREEN_EFA
155389,199941,ABSTENTION,DNK,SD
155389,239972,ABSTENTION,DNK,RENEW
155389,239973,ABSTENTION,DNK,RENEW
155446,28161,DID_NOT_VOTE,DNK,GREEN_EFA
155446,37312,ABSTENTION,DNK,SD
155446,96709,AGAINST,DNK,RENEW
155446,101585,ABSTENTION,DNK,SD
155446,124872,FOR,DNK,RENEW
155446,124875,AGAINST,DNK,ID
155446,197515,AGAINST,DNK,EPP
155446,197558,AGAINST,DNK,RENEW
155446,197567,FOR,DNK,RENEW
155446,197571,FOR,DNK,GUE_NGL
155446,197573,FOR,DNK,GREEN_EFA
155446,199941,ABSTENTION,DNK,SD
155446,239972,AGAINST,DNK,RENEW
155446,239973,AGAINST,DNK,RENEW
155448,28161,DID_NOT_VOTE,DNK,GREEN_EFA
155448,37312,FOR,DNK,SD
155448,96709,FOR,DNK,RENEW
155448,101585,FOR,DNK,SD
155448,124872,FOR,DNK,RENEW
155448,124875,ABSTENTION,DNK,ID
155448,197515,DID_NOT_VOTE,DNK,EPP
155448,197558,FOR,DNK,RENEW
155448,197567,FOR,DNK,RENEW
155448,197571,FOR,DNK,GUE_NGL
155448,197573,FOR,DNK,GREEN_EFA
155448,199941,FOR,DNK,SD
155448,239972,FOR,DNK,RENEW
155448,239973,FOR,DNK,RENEW
155449,28161,DID_NOT_VOTE,DNK,GREEN_EFA
155449,37312,FOR,DNK,SD
155449,96709,FOR,DNK,RENEW
155449,101585,FOR,DNK,SD
155449,124872,FOR,DNK,RENEW
155449,124875,ABSTENTION,DNK,ID
155449,197515,FOR,DNK,EPP
155449,197558,FOR,DNK,RENEW
155449,197567,FOR,DNK,RENEW
155449,197571,FOR,DNK,GUE_NGL
155449,197573,FOR,DNK,GREEN_EFA
155449,199941,FOR,DNK,SD
155449,239972,FOR,DNK,RENEW
155449,239973,FOR,DNK,RENEW
155450,28161,DID_NOT_VOTE,DNK,GREEN_EFA
155450,37312,FOR,DNK,SD
155450,96709,FOR,DNK,RENEW
155450,101585,FOR,DNK,SD
155450,124872,FOR,DNK,RENEW
155450,124875,ABSTENTION,DNK,ID
155450,197515,FOR,DNK,EPP
155450,197558,FOR,DNK,RENEW
155450,197567,FOR,DNK,RENEW
155450,197571,FOR,DNK,GUE_NGL
155450,197573,FOR,DNK,GREEN_EFA
155450,199941,FOR,DNK,SD
155450,239972,FOR,DNK,RENEW
155450,239973,FOR,DNK,RENEW
155525,28161,FOR,DNK,GREEN_EFA
155525,37312,FOR,DNK,SD
155525,96709,FOR,DNK,RENEW
155525,101585,FOR,DNK,SD
155525,124872,FOR,DNK,RENEW
155525,124875,ABSTENTION,DNK,ID
155525,197515,DID_NOT_VOTE,DNK,EPP
155525,197558,FOR,DNK,RENEW
155525,197567,FOR,DNK,RENEW
155525,197571,FOR,DNK,GUE_NGL
155525,197573,FOR,DNK,GREEN_EFA
155525,199941,FOR,DNK,SD
155525,239972,FOR,DNK,RENEW
155525,239973,FOR,DNK,RENEW
155526,28161,FOR,DNK,GREEN_EFA
155526,37312,FOR,DNK,SD
155526,96709,FOR,DNK,RENEW
155526,101585,FOR,DNK,SD
155526,124872,FOR,DNK,RENEW
155526,124875,AGAINST,DNK,ID
155526,197515,DID_NOT_VOTE,DNK,EPP
155526,197558,FOR,DNK,RENEW
155526,197567,FOR,DNK,RENEW
155526,197571,FOR,DNK,GUE_NGL
155526,197573,FOR,DNK,GREEN_EFA
155526,199941,FOR,DNK,SD
155526,239972,FOR,DNK,RENEW
155526,239973,FOR,DNK,RENEW
155527,28161,ABSTENTION,DNK,GREEN_EFA
155527,37312,FOR,DNK,SD
155527,96709,FOR,DNK,RENEW
155527,101585,FOR,DNK,SD
155527,124872,FOR,DNK,RENEW
155527,124875,AGAINST,DNK,ID
155527,197515,DID_NOT_VOTE,DNK,EPP
155527,197558,FOR,DNK,RENEW
155527,197567,FOR,DNK,RENEW
155527,197571,ABSTENTION,DNK,GUE_NGL
155527,197573,ABSTENTION,DNK,GREEN_EFA
155527,199941,FOR,DNK,SD
155527,239972,FOR,DNK,RENEW
155527,239973,FOR,DNK,RENEW
155528,28161,FOR,DNK,GREEN_EFA
155528,37312,FOR,DNK,SD
155528,96709,FOR,DNK,RENEW
155528,101585,FOR,DNK,SD
155528,124872,FOR,DNK,RENEW
155528,124875,ABSTENTION,DNK,ID
155528,197515,DID_NOT_VOTE,DNK,EPP
155528,197558,FOR,DNK,RENEW
155528,197567,FOR,DNK,RENEW
155528,197571,FOR,DNK,GUE_NGL
155528,197573,FOR,DNK,GREEN_EFA
155528,199941,FOR,DNK,SD
155528,239972,FOR,DNK,RENEW
155528,239973,FOR,DNK,RENEW
155533,28161,FOR,DNK,GREEN_EFA
155533,37312,FOR,DNK,SD
155533,96709,FOR,DNK,RENEW
155533,101585,FOR,DNK,SD
155533,124872,FOR,DNK,RENEW
155533,124875,FOR,DNK,ID
155533,197515,DID_NOT_VOTE,DNK,EPP
155533,197558,FOR,DNK,RENEW
155533,197567,FOR,DNK,RENEW
155533,197571,AGAINST,DNK,GUE_NGL
155533,197573,FOR,DNK,GREEN_EFA
155533,199941,FOR,DNK,SD
155533,239972,FOR,DNK,RENEW
155533,239973,FOR,DNK,RENEW
155541,28161,FOR,DNK,GREEN_EFA
155541,37312,FOR,DNK,SD
155541,96709,FOR,DNK,RENEW
155541,101585,FOR,DNK,SD
155541,124872,FOR,DNK,RENEW
155541,124875,FOR,DNK,ID
155541,197515,DID_NOT_VOTE,DNK,EPP
155541,197558,FOR,DNK,RENEW
155541,197567,FOR,DNK,RENEW
155541,197571,FOR,DNK,GUE_NGL
155541,197573,FOR,DNK,GREEN_EFA
155541,199941,FOR,DNK,SD
155541,239972,FOR,DNK,RENEW
155541,239973,FOR,DNK,RENEW
155542,28161,FOR,DNK,GREEN_EFA
155542,37312,FOR,DNK,SD
155542,96709,FOR,DNK,RENEW
155542,101585,FOR,DNK,SD
155542,124872,FOR,DNK,RENEW
155542,124875,ABSTENTION,DNK,ID
155542,197515,DID_NOT_VOTE,DNK,EPP
155542,197558,FOR,DNK,RENEW
155542,197567,FOR,DNK,RENEW
155542,197571,FOR,DNK,GUE_NGL
155542,197573,FOR,DNK,GREEN_EFA
155542,199941,FOR,DNK,SD
155542,239972,FOR,DNK,RENEW
155542,239973,FOR,DNK,RENEW
155571,28161,ABSTENTION,DNK,GREEN_EFA
155571,37312,FOR,DNK,SD
155571,96709,FOR,DNK,RENEW
155571,101585,FOR,DNK,SD
155571,124872,FOR,DNK,RENEW
155571,124875,ABSTENTION,DNK,ID
155571,197515,DID_NOT_VOTE,DNK,EPP
155571,197558,FOR,DNK,RENEW
155571,197567,FOR,DNK,RENEW
155571,197571,ABSTENTION,DNK,GUE_NGL
155571,197573,ABSTENTION,DNK,GREEN_EFA
155571,199941,FOR,DNK,SD
155571,239972,FOR,DNK,RENEW
155571,239973,FOR,DNK,RENEW
155649,28161,FOR,DNK,GREEN_EFA
155649,37312,FOR,DNK,SD
155649,96709,FOR,DNK,RENEW
155649,101585,FOR,DNK,SD
155649,124872,FOR,DNK,RENEW
155649,124875,ABSTENTION,DNK,ID
155649,197515,DID_NOT_VOTE,DNK,EPP
155649,197558,FOR,DNK,RENEW
155649,197567,FOR,DNK,RENEW
155649,197571,FOR,DNK,GUE_NGL
155649,197573,FOR,DNK,GREEN_EFA
155649,199941,FOR,DNK,SD
155649,239972,FOR,DNK,RENEW
155649,239973,FOR,DNK,RENEW
155811,28161,FOR,DNK,GREEN_EFA
155811,37312,FOR,DNK,SD
155811,96709,FOR,DNK,RENEW
155811,101585,FOR,DNK,SD
155811,124872,FOR,DNK,RENEW
155811,124875,AGAINST,DNK,ID
155811,197515,DID_NOT_VOTE,DNK,EPP
155811,197558,FOR,DNK,RENEW
155811,197567,FOR,DNK,RENEW
155811,197571,FOR,DNK,GUE_NGL
155811,197573,FOR,DNK,GREEN_EFA
155811,199941,FOR,DNK,SD
155811,239972,FOR,DNK,RENEW
155811,239973,FOR,DNK,RENEW
155830,28161,FOR,DNK,GREEN_EFA
155830,37312,FOR,DNK,SD
155830,96709,FOR,DNK,RENEW
155830,101585,FOR,DNK,SD
155830,124872,FOR,DNK,RENEW
155830,124875,ABSTENTION,DNK,ID
155830,197515,DID_NOT_VOTE,DNK,EPP
155830,197558,FOR,DNK,RENEW
155830,197567,FOR,DNK,RENEW
155830,197571,DID_NOT_VOTE,DNK,GUE_NGL
155830,197573,FOR,DNK,GREEN_EFA
155830,199941,FOR,DNK,SD
155830,239972,FOR,DNK,RENEW
155830,239973,FOR,DNK,RENEW
155871,28161,FOR,DNK,GREEN_EFA
155871,37312,FOR,DNK,SD
155871,96709,FOR,DNK,RENEW
155871,101585,FOR,DNK,SD
155871,124872,FOR,DNK,RENEW
155871,124875,AGAINST,DNK,ID
155871,197515,DID_NOT_VOTE,DNK,EPP
155871,197558,FOR,DNK,RENEW
155871,197567,FOR,DNK,RENEW
155871,197571,FOR,DNK,GUE_NGL
155871,197573,FOR,DNK,GREEN_EFA
155871,199941,FOR,DNK,SD
155871,239972,FOR,DNK,RENEW
155871,239973,FOR,DNK,RENEW
155881,28161,FOR,DNK,GREEN_EFA
155881,37312,FOR,DNK,SD
155881,96709,FOR,DNK,RENEW
155881,101585,FOR,DNK,SD
155881,124872,FOR,DNK,RENEW
155881,124875,AGAINST,DNK,ID
155881,197515,FOR,DNK,EPP
155881,197558,FOR,DNK,RENEW
155881,197567,FOR,DNK,RENEW
155881,197571,FOR,DNK,GUE_NGL
155881,197573,DID_NOT_VOTE,DNK,GREEN_EFA
155881,199941,FOR,DNK,SD
155881,239972,FOR,DNK,RENEW
155881,239973,FOR,DNK,RENEW
155882,28161,FOR,DNK,GREEN_EFA
155882,37312,FOR,DNK,SD
155882,96709,FOR,DNK,RENEW
155882,101585,FOR,DNK,SD
155882,124872,FOR,DNK,RENEW
155882,124875,FOR,DNK,ID
155882,197515,FOR,DNK,EPP
155882,197558,FOR,DNK,RENEW
155882,197567,FOR,DNK,RENEW
155882,197571,FOR,DNK,GUE_NGL
155882,197573,DID_NOT_VOTE,DNK,GREEN_EFA
155882,199941,FOR,DNK,SD
155882,239972,FOR,DNK,RENEW
155882,239973,FOR,DNK,RENEW
155884,28161,FOR,DNK,GREEN_EFA
155884,37312,FOR,DNK,SD
155884,96709,FOR,DNK,RENEW
155884,101585,FOR,DNK,SD
155884,124872,FOR,DNK,RENEW
155884,124875,ABSTENTION,DNK,ID
155884,197515,FOR,DNK,EPP
155884,197558,FOR,DNK,RENEW
155884,197567,FOR,DNK,RENEW
155884,197571,FOR,DNK,GUE_NGL
155884,197573,DID_NOT_VOTE,DNK,GREEN_EFA
155884,199941,FOR,DNK,SD
155884,239972,FOR,DNK,RENEW
155884,239973,FOR,DNK,RENEW
155885,28161,FOR,DNK,GREEN_EFA
155885,37312,FOR,DNK,SD
155885,96709,FOR,DNK,RENEW
155885,101585,FOR,DNK,SD
155885,124872,DID_NOT_VOTE,DNK,RENEW
155885,124875,AGAINST,DNK,ID
155885,197515,FOR,DNK,EPP
155885,197558,FOR,DNK,RENEW
155885,197567,FOR,DNK,RENEW
155885,197571,FOR,DNK,GUE_NGL
155885,197573,DID_NOT_VOTE,DNK,GREEN_EFA
155885,199941,FOR,DNK,SD
155885,239972,FOR,DNK,RENEW
155885,239973,FOR,DNK,RENEW
155886,28161,FOR,DNK,GREEN_EFA
155886,37312,FOR,DNK,SD
155886,96709,FOR,DNK,RENEW
155886,101585,FOR,DNK,SD
155886,124872,DID_NOT_VOTE,DNK,RENEW
155886,124875,AGAINST,DNK,ID
155886,197515,FOR,DNK,EPP
155886,197558,FOR,DNK,RENEW
155886,197567,FOR,DNK,RENEW
155886,197571,FOR,DNK,GUE_NGL
155886,197573,DID_NOT_VOTE,DNK,GREEN_EFA
155886,199941,FOR,DNK,SD
155886,239972,FOR,DNK,RENEW
155886,239973,FOR,DNK,RENEW
155887,28161,FOR,DNK,GREEN_EFA
155887,37312,FOR,DNK,SD
155887,96709,FOR,DNK,RENEW
155887,101585,FOR,DNK,SD
155887,124872,FOR,DNK,RENEW
155887,124875,ABSTENTION,DNK,ID
155887,197515,FOR,DNK,EPP
155887,197558,FOR,DNK,RENEW
155887,197567,FOR,DNK,RENEW
155887,197571,FOR,DNK,GUE_NGL
155887,197573,DID_NOT_VOTE,DNK,GREEN_EFA
155887,199941,FOR,DNK,SD
155887,239972,FOR,DNK,RENEW
155887,239973,FOR,DNK,RENEW
155893,28161,FOR,DNK,GREEN_EFA
155893,37312,FOR,DNK,SD
155893,96709,FOR,DNK,RENEW
155893,101585,FOR,DNK,SD
155893,124872,FOR,DNK,RENEW
155893,124875,ABSTENTION,DNK,ID
155893,197515,FOR,DNK,EPP
155893,197558,FOR,DNK,RENEW
155893,197567,FOR,DNK,RENEW
155893,197571,FOR,DNK,GUE_NGL
155893,197573,DID_NOT_VOTE,DNK,GREEN_EFA
155893,199941,FOR,DNK,SD
155893,239972,FOR,DNK,RENEW
155893,239973,FOR,DNK,RENEW
155895,28161,FOR,DNK,GREEN_EFA
155895,37312,FOR,DNK,SD
155895,96709,FOR,DNK,RENEW
155895,101585,FOR,DNK,SD
155895,124872,DID_NOT_VOTE,DNK,RENEW
155895,124875,ABSTENTION,DNK,ID
155895,197515,FOR,DNK,EPP
155895,197558,FOR,DNK,RENEW
155895,197567,FOR,DNK,RENEW
155895,197571,FOR,DNK,GUE_NGL
155895,197573,DID_NOT_VOTE,DNK,GREEN_EFA
155895,199941,FOR,DNK,SD
155895,239972,FOR,DNK,RENEW
155895,239973,FOR,DNK,RENEW
155896,28161,FOR,DNK,GREEN_EFA
155896,37312,FOR,DNK,SD
155896,96709,FOR,DNK,RENEW
155896,101585,FOR,DNK,SD
155896,124872,FOR,DNK,RENEW
155896,124875,ABSTENTION,DNK,ID
155896,197515,FOR,DNK,EPP
155896,197558,FOR,DNK,RENEW
155896,197567,FOR,DNK,RENEW
155896,197571,FOR,DNK,GUE_NGL
155896,197573,DID_NOT_VOTE,DNK,GREEN_EFA
155896,199941,FOR,DNK,SD
155896,239972,FOR,DNK,RENEW
155896,239973,FOR,DNK,RENEW
155915,28161,FOR,DNK,GREEN_EFA
155915,37312,FOR,DNK,SD
155915,96709,FOR,DNK,RENEW
155915,101585,FOR,DNK,SD
155915,124872,FOR,DNK,RENEW
155915,124875,AGAINST,DNK,ID
155915,197515,FOR,DNK,EPP
155915,197558,FOR,DNK,RENEW
155915,197567,FOR,DNK,RENEW
155915,197571,AGAINST,DNK,GUE_NGL
155915,197573,DID_NOT_VOTE,DNK,GREEN_EFA
155915,199941,FOR,DNK,SD
155915,239972,FOR,DNK,RENEW
155915,239973,FOR,DNK,RENEW
155916,28161,FOR,DNK,GREEN_EFA
155916,37312,FOR,DNK,SD
155916,96709,FOR,DNK,RENEW
155916,101585,FOR,DNK,SD
155916,124872,DID_NOT_VOTE,DNK,RENEW
155916,124875,AGAINST,DNK,ID
155916,197515,FOR,DNK,EPP
155916,197558,FOR,DNK,RENEW
155916,197567,FOR,DNK,RENEW
155916,197571,FOR,DNK,GUE_NGL
155916,197573,DID_NOT_VOTE,DNK,GREEN_EFA
155916,199941,FOR,DNK,SD
155916,239972,FOR,DNK,RENEW
155916,239973,FOR,DNK,RENEW
155918,28161,AGAINST,DNK,GREEN_EFA
155918,37312,FOR,DNK,SD
155918,96709,FOR,DNK,RENEW
155918,101585,FOR,DNK,SD
155918,124872,FOR,DNK,RENEW
155918,124875,ABSTENTION,DNK,ID
155918,197515,FOR,DNK,EPP
155918,197558,FOR,DNK,RENEW
155918,197567,FOR,DNK,RENEW
155918,197571,AGAINST,DNK,GUE_NGL
155918,197573,DID_NOT_VOTE,DNK,GREEN_EFA
155918,199941,FOR,DNK,SD
155918,239972,FOR,DNK,RENEW
155918,239973,FOR,DNK,RENEW
155919,28161,FOR,DNK,GREEN_EFA
155919,37312,FOR,DNK,SD
155919,96709,FOR,DNK,RENEW
155919,101585,FOR,DNK,SD
155919,124872,DID_NOT_VOTE,DNK,RENEW
155919,124875,AGAINST,DNK,ID
155919,197515,FOR,DNK,EPP
155919,197558,FOR,DNK,RENEW
155919,197567,FOR,DNK,RENEW
155919,197571,FOR,DNK,GUE_NGL
155919,197573,DID_NOT_VOTE,DNK,GREEN_EFA
155919,199941,FOR,DNK,SD
155919,239972,FOR,DNK,RENEW
155919,239973,FOR,DNK,RENEW
155920,28161,FOR,DNK,GREEN_EFA
155920,37312,FOR,DNK,SD
155920,96709,FOR,DNK,RENEW
155920,101585,FOR,DNK,SD
155920,124872,DID_NOT_VOTE,DNK,RENEW
155920,124875,FOR,DNK,ID
155920,197515,FOR,DNK,EPP
155920,197558,FOR,DNK,RENEW
155920,197567,FOR,DNK,RENEW
155920,197571,AGAINST,DNK,GUE_NGL
155920,197573,DID_NOT_VOTE,DNK,GREEN_EFA
155920,199941,FOR,DNK,SD
155920,239972,FOR,DNK,RENEW
155920,239973,FOR,DNK,RENEW
155926,28161,DID_NOT_VOTE,DNK,GREEN_EFA
155926,37312,FOR,DNK,SD
155926,96709,DID_NOT_VOTE,DNK,RENEW
155926,101585,FOR,DNK,SD
155926,124872,DID_NOT_VOTE,DNK,RENEW
155926,124875,DID_NOT_VOTE,DNK,ID
155926,197515,FOR,DNK,EPP
155926,197558,DID_NOT_VOTE,DNK,RENEW
155926,197567,FOR,DNK,RENEW
155926,197571,FOR,DNK,GUE_NGL
155926,197573,DID_NOT_VOTE,DNK,GREEN_EFA
155926,199941,DID_NOT_VOTE,DNK,SD
155926,239972,FOR,DNK,RENEW
155926,239973,DID_NOT_VOTE,DNK,RENEW
155928,28161,AGAINST,DNK,GREEN_EFA
155928,37312,FOR,DNK,SD
155928,96709,FOR,DNK,RENEW
155928,101585,FOR,DNK,SD
155928,124872,FOR,DNK,RENEW
155928,124875,ABSTENTION,DNK,ID
155928,197515,FOR,DNK,EPP
155928,197558,FOR,DNK,RENEW
155928,197567,FOR,DNK,RENEW
155928,197571,AGAINST,DNK,GUE_NGL
155928,197573,DID_NOT_VOTE,DNK,GREEN_EFA
155928,199941,FOR,DNK,SD
155928,239972,FOR,DNK,RENEW
155928,239973,FOR,DNK,RENEW
155937,28161,AGAINST,DNK,GREEN_EFA
155937,37312,ABSTENTION,DNK,SD
155937,96709,FOR,DNK,RENEW
155937,101585,ABSTENTION,DNK,SD
155937,124872,DID_NOT_VOTE,DNK,RENEW
155937,124875,FOR,DNK,ID
155937,197515,FOR,DNK,EPP
155937,197558,FOR,DNK,RENEW
155937,197567,AGAINST,DNK,RENEW
155937,197571,AGAINST,DNK,GUE_NGL
155937,197573,DID_NOT_VOTE,DNK,GREEN_EFA
155937,199941,ABSTENTION,DNK,SD
155937,239972,FOR,DNK,RENEW
155937,239973,FOR,DNK,RENEW
155946,28161,DID_NOT_VOTE,DNK,GREEN_EFA
155946,37312,ABSTENTION,DNK,SD
155946,96709,ABSTENTION,DNK,RENEW
155946,101585,ABSTENTION,DNK,SD
155946,124872,DID_NOT_VOTE,DNK,RENEW
155946,124875,AGAINST,DNK,ID
155946,197515,AGAINST,DNK,EPP
155946,197558,AGAINST,DNK,RENEW
155946,197567,FOR,DNK,RENEW
155946,197571,FOR,DNK,GUE_NGL
155946,197573,DID_NOT_VOTE,DNK,GREEN_EFA
155946,199941,ABSTENTION,DNK,SD
155946,239972,AGAINST,DNK,RENEW
155946,239973,ABSTENTION,DNK,RENEW
155947,28161,FOR,DNK,GREEN_EFA
155947,37312,FOR,DNK,SD
155947,96709,FOR,DNK,RENEW
155947,101585,FOR,DNK,SD
155947,124872,FOR,DNK,RENEW
155947,124875,FOR,DNK,ID
155947,197515,FOR,DNK,EPP
155947,197558,FOR,DNK,RENEW
155947,197567,FOR,DNK,RENEW
155947,197571,FOR,DNK,GUE_NGL
155947,197573,DID_NOT_VOTE,DNK,GREEN_EFA
155947,199941,FOR,DNK,SD
155947,239972,FOR,DNK,RENEW
155947,239973,FOR,DNK,RENEW
156022,28161,FOR,DNK,GREEN_EFA
156022,37312,FOR,DNK,SD
156022,96709,FOR,DNK,RENEW
156022,101585,FOR,DNK,SD
156022,124872,DID_NOT_VOTE,DNK,RENEW
156022,124875,AGAINST,DNK,ID
156022,197515,FOR,DNK,EPP
156022,197558,FOR,DNK,RENEW
156022,197567,FOR,DNK,RENEW
156022,197571,FOR,DNK,GUE_NGL
156022,197573,DID_NOT_VOTE,DNK,GREEN_EFA
156022,199941,FOR,DNK,SD
156022,239972,FOR,DNK,RENEW
156022,239973,FOR,DNK,RENEW
156122,28161,DID_NOT_VOTE,DNK,GREEN_EFA
156122,37312,FOR,DNK,SD
156122,96709,DID_NOT_VOTE,DNK,RENEW
156122,101585,FOR,DNK,SD
156122,124872,DID_NOT_VOTE,DNK,RENEW
156122,124875,DID_NOT_VOTE,DNK,ID
156122,197515,FOR,DNK,EPP
156122,197558,DID_NOT_VOTE,DNK,RENEW
156122,197567,FOR,DNK,RENEW
156122,197571,FOR,DNK,GUE_NGL
156122,197573,DID_NOT_VOTE,DNK,GREEN_EFA
156122,199941,DID_NOT_VOTE,DNK,SD
156122,239972,DID_NOT_VOTE,DNK,RENEW
156122,239973,DID_NOT_VOTE,DNK,RENEW
156258,28161,DID_NOT_VOTE,DNK,GREEN_EFA
156258,37312,FOR,DNK,SD
156258,96709,DID_NOT_VOTE,DNK,RENEW
156258,101585,FOR,DNK,SD
156258,124872,DID_NOT_VOTE,DNK,RENEW
156258,124875,DID_NOT_VOTE,DNK,ID
156258,197515,FOR,DNK,EPP
156258,197558,FOR,DNK,RENEW
156258,197567,FOR,DNK,RENEW
156258,197571,FOR,DNK,GUE_NGL
156258,197573,DID_NOT_VOTE,DNK,GREEN_EFA
156258,199941,DID_NOT_VOTE,DNK,SD
156258,239972,FOR,DNK,RENEW
156258,239973,DID_NOT_VOTE,DNK,RENEW
156372,28161,DID_NOT_VOTE,DNK,GREEN_EFA
156372,37312,ABSTENTION,DNK,SD
156372,96709,DID_NOT_VOTE,DNK,RENEW
156372,101585,ABSTENTION,DNK,SD
156372,124872,DID_NOT_VOTE,DNK,RENEW
156372,124875,DID_NOT_VOTE,DNK,ID
156372,197515,AGAINST,DNK,EPP
156372,197558,ABSTENTION,DNK,RENEW
156372,197567,FOR,DNK,RENEW
156372,197571,AGAINST,DNK,GUE_NGL
156372,197573,DID_NOT_VOTE,DNK,GREEN_EFA
156372,199941,DID_NOT_VOTE,DNK,SD
156372,239972,FOR,DNK,RENEW
156372,239973,FOR,DNK,RENEW
156425,28161,DID_NOT_VOTE,DNK,GREEN_EFA
156425,37312,FOR,DNK,SD
156425,96709,DID_NOT_VOTE,DNK,RENEW
156425,101585,FOR,DNK,SD
156425,124872,DID_NOT_VOTE,DNK,RENEW
156425,124875,DID_NOT_VOTE,DNK,ID
156425,197515,FOR,DNK,EPP
156425,197558,FOR,DNK,RENEW
156425,197567,FOR,DNK,RENEW
156425,197571,FOR,DNK,GUE_NGL
156425,197573,DID_NOT_VOTE,DNK,GREEN_EFA
156425,199941,DID_NOT_VOTE,DNK,SD
156425,239972,DID_NOT_VOTE,DNK,RENEW
156425,239973,FOR,DNK,RENEW
156426,28161,DID_NOT_VOTE,DNK,GREEN_EFA
156426,37312,FOR,DNK,SD
156426,96709,DID_NOT_VOTE,DNK,RENEW
156426,101585,FOR,DNK,SD
156426,124872,DID_NOT_VOTE,DNK,RENEW
156426,124875,DID_NOT_VOTE,DNK,ID
156426,197515,FOR,DNK,EPP
156426,197558,FOR,DNK,RENEW
156426,197567,FOR,DNK,RENEW
156426,197571,FOR,DNK,GUE_NGL
156426,197573,DID_NOT_VOTE,DNK,GREEN_EFA
156426,199941,DID_NOT_VOTE,DNK,SD
156426,239972,FOR,DNK,RENEW
156426,239973,DID_NOT_VOTE,DNK,RENEW
156427,28161,DID_NOT_VOTE,DNK,GREEN_EFA
156427,37312,FOR,DNK,SD
156427,96709,DID_NOT_VOTE,DNK,RENEW
156427,101585,FOR,DNK,SD
156427,124872,DID_NOT_VOTE,DNK,RENEW
156427,124875,DID_NOT_VOTE,DNK,ID
156427,197515,FOR,DNK,EPP
156427,197558,FOR,DNK,RENEW
156427,197567,FOR,DNK,RENEW
156427,197571,FOR,DNK,GUE_NGL
156427,197573,DID_NOT_VOTE,DNK,GREEN_EFA
156427,199941,DID_NOT_VOTE,DNK,SD
156427,239972,DID_NOT_VOTE,DNK,RENEW
156427,239973,FOR,DNK,RENEW
156428,28161,DID_NOT_VOTE,DNK,GREEN_EFA
156428,37312,FOR,DNK,SD
156428,96709,DID_NOT_VOTE,DNK,RENEW
156428,101585,FOR,DNK,SD
156428,124872,DID_NOT_VOTE,DNK,RENEW
156428,124875,DID_NOT_VOTE,DNK,ID
156428,197515,FOR,DNK,EPP
156428,197558,FOR,DNK,RENEW
156428,197567,FOR,DNK,RENEW
156428,197571,FOR,DNK,GUE_NGL
156428,197573,DID_NOT_VOTE,DNK,GREEN_EFA
156428,199941,DID_NOT_VOTE,DNK,SD
156428,239972,DID_NOT_VOTE,DNK,RENEW
156428,239973,FOR,DNK,RENEW
156440,28161,DID_NOT_VOTE,DNK,GREEN_EFA
156440,37312,FOR,DNK,SD
156440,96709,DID_NOT_VOTE,DNK,RENEW
156440,101585,FOR,DNK,SD
156440,124872,DID_NOT_VOTE,DNK,RENEW
156440,124875,DID_NOT_VOTE,DNK,ID
156440,197515,FOR,DNK,EPP
156440,197558,DID_NOT_VOTE,DNK,RENEW
156440,197567,FOR,DNK,RENEW
156440,197571,FOR,DNK,GUE_NGL
156440,197573,DID_NOT_VOTE,DNK,GREEN_EFA
156440,199941,DID_NOT_VOTE,DNK,SD
156440,239972,FOR,DNK,RENEW
156440,239973,DID_NOT_VOTE,DNK,RENEW
156453,28161,DID_NOT_VOTE,DNK,GREEN_EFA
156453,37312,ABSTENTION,DNK,SD
156453,96709,DID_NOT_VOTE,DNK,RENEW
156453,101585,ABSTENTION,DNK,SD
156453,124872,DID_NOT_VOTE,DNK,RENEW
156453,124875,DID_NOT_VOTE,DNK,ID
156453,197515,FOR,DNK,EPP
156453,197558,ABSTENTION,DNK,RENEW
156453,197567,FOR,DNK,RENEW
156453,197571,FOR,DNK,GUE_NGL
156453,197573,DID_NOT_VOTE,DNK,GREEN_EFA
156453,199941,DID_NOT_VOTE,DNK,SD
156453,239972,FOR,DNK,RENEW
156453,239973,FOR,DNK,RENEW
156569,28161,FOR,DNK,GREEN_EFA
156569,37312,FOR,DNK,SD
156569,96709,FOR,DNK,RENEW
156569,101585,FOR,DNK,SD
156569,124872,FOR,DNK,RENEW
156569,124875,FOR,DNK,ID
156569,197515,FOR,DNK,EPP
156569,197558,FOR,DNK,RENEW
156569,197567,FOR,DNK,RENEW
156569,197571,FOR,DNK,GUE_NGL
156569,197573,FOR,DNK,GREEN_EFA
156569,199941,FOR,DNK,SD
156569,239972,FOR,DNK,RENEW
156569,239973,FOR,DNK,RENEW
156605,28161,AGAINST,DNK,GREEN_EFA
156605,37312,FOR,DNK,SD
156605,96709,FOR,DNK,RENEW
156605,101585,FOR,DNK,SD
156605,124872,FOR,DNK,RENEW
156605,124875,FOR,DNK,ID
156605,197515,FOR,DNK,EPP
156605,197558,FOR,DNK,RENEW
156605,197567,FOR,DNK,RENEW
156605,197571,AGAINST,DNK,GUE_NGL
156605,197573,AGAINST,DNK,GREEN_EFA
156605,199941,FOR,DNK,SD
156605,239972,FOR,DNK,RENEW
156605,239973,FOR,DNK,RENEW
156612,28161,FOR,DNK,GREEN_EFA
156612,37312,FOR,DNK,SD
156612,96709,FOR,DNK,RENEW
156612,101585,FOR,DNK,SD
156612,124872,FOR,DNK,RENEW
156612,124875,ABSTENTION,DNK,ID
156612,197515,FOR,DNK,EPP
156612,197558,FOR,DNK,RENEW
156612,197567,FOR,DNK,RENEW
156612,197571,FOR,DNK,GUE_NGL
156612,197573,FOR,DNK,GREEN_EFA
156612,199941,FOR,DNK,SD
156612,239972,FOR,DNK,RENEW
156612,239973,FOR,DNK,RENEW
156709,28161,ABSTENTION,DNK,GREEN_EFA
156709,37312,FOR,DNK,SD
156709,96709,FOR,DNK,RENEW
156709,101585,FOR,DNK,SD
156709,124872,FOR,DNK,RENEW
156709,124875,ABSTENTION,DNK,ID
156709,197515,FOR,DNK,EPP
156709,197558,FOR,DNK,RENEW
156709,197567,FOR,DNK,RENEW
156709,197571,AGAINST,DNK,GUE_NGL
156709,197573,ABSTENTION,DNK,GREEN_EFA
156709,199941,FOR,DNK,SD
156709,239972,FOR,DNK,RENEW
156709,239973,FOR,DNK,RENEW
156746,28161,FOR,DNK,GREEN_EFA
156746,37312,AGAINST,DNK,SD
156746,96709,ABSTENTION,DNK,RENEW
156746,101585,AGAINST,DNK,SD
156746,124872,FOR,DNK,RENEW
156746,124875,AGAINST,DNK,ID
156746,197515,FOR,DNK,EPP
156746,197558,ABSTENTION,DNK,RENEW
156746,197567,FOR,DNK,RENEW
156746,197571,AGAINST,DNK,GUE_NGL
156746,197573,FOR,DNK,GREEN_EFA
156746,199941,AGAINST,DNK,SD
156746,239972,ABSTENTION,DNK,RENEW
156746,239973,FOR,DNK,RENEW
156748,28161,FOR,DNK,GREEN_EFA
156748,37312,FOR,DNK,SD
156748,96709,FOR,DNK,RENEW
156748,101585,FOR,DNK,SD
156748,124872,FOR,DNK,RENEW
156748,124875,ABSTENTION,DNK,ID
156748,197515,FOR,DNK,EPP
156748,197558,FOR,DNK,RENEW
156748,197567,FOR,DNK,RENEW
156748,197571,FOR,DNK,GUE_NGL
156748,197573,FOR,DNK,GREEN_EFA
156748,199941,FOR,DNK,SD
156748,239972,FOR,DNK,RENEW
156748,239973,FOR,DNK,RENEW
156749,28161,FOR,DNK,GREEN_EFA
156749,37312,FOR,DNK,SD
156749,96709,FOR,DNK,RENEW
156749,101585,FOR,DNK,SD
156749,124872,FOR,DNK,RENEW
156749,124875,ABSTENTION,DNK,ID
156749,197515,FOR,DNK,EPP
156749,197558,FOR,DNK,RENEW
156749,197567,FOR,DNK,RENEW
156749,197571,FOR,DNK,GUE_NGL
156749,197573,FOR,DNK,GREEN_EFA
156749,199941,FOR,DNK,SD
156749,239972,FOR,DNK,RENEW
156749,239973,FOR,DNK,RENEW
156750,28161,FOR,DNK,GREEN_EFA
156750,37312,FOR,DNK,SD
156750,96709,FOR,DNK,RENEW
156750,101585,FOR,DNK,SD
156750,124872,FOR,DNK,RENEW
156750,124875,ABSTENTION,DNK,ID
156750,197515,FOR,DNK,EPP
156750,197558,FOR,DNK,RENEW
156750,197567,FOR,DNK,RENEW
156750,197571,FOR,DNK,GUE_NGL
156750,197573,FOR,DNK,GREEN_EFA
156750,199941,FOR,DNK,SD
156750,239972,FOR,DNK,RENEW
156750,239973,FOR,DNK,RENEW
156754,28161,FOR,DNK,GREEN_EFA
156754,37312,FOR,DNK,SD
156754,96709,FOR,DNK,RENEW
156754,101585,FOR,DNK,SD
156754,124872,FOR,DNK,RENEW
156754,124875,AGAINST,DNK,ID
156754,197515,FOR,DNK,EPP
156754,197558,FOR,DNK,RENEW
156754,197567,FOR,DNK,RENEW
156754,197571,FOR,DNK,GUE_NGL
156754,197573,FOR,DNK,GREEN_EFA
156754,199941,FOR,DNK,SD
156754,239972,FOR,DNK,RENEW
156754,239973,FOR,DNK,RENEW
156755,28161,FOR,DNK,GREEN_EFA
156755,37312,FOR,DNK,SD
156755,96709,FOR,DNK,RENEW
156755,101585,FOR,DNK,SD
156755,124872,FOR,DNK,RENEW
156755,124875,ABSTENTION,DNK,ID
156755,197515,FOR,DNK,EPP
156755,197558,FOR,DNK,RENEW
156755,197567,FOR,DNK,RENEW
156755,197571,FOR,DNK,GUE_NGL
156755,197573,FOR,DNK,GREEN_EFA
156755,199941,FOR,DNK,SD
156755,239972,FOR,DNK,RENEW
156755,239973,FOR,DNK,RENEW
156757,28161,FOR,DNK,GREEN_EFA
156757,37312,FOR,DNK,SD
156757,96709,FOR,DNK,RENEW
156757,101585,FOR,DNK,SD
156757,124872,FOR,DNK,RENEW
156757,124875,ABSTENTION,DNK,ID
156757,197515,FOR,DNK,EPP
156757,197558,FOR,DNK,RENEW
156757,197567,FOR,DNK,RENEW
156757,197571,FOR,DNK,GUE_NGL
156757,197573,FOR,DNK,GREEN_EFA
156757,199941,FOR,DNK,SD
156757,239972,FOR,DNK,RENEW
156757,239973,FOR,DNK,RENEW
156771,28161,FOR,DNK,GREEN_EFA
156771,37312,FOR,DNK,SD
156771,96709,FOR,DNK,RENEW
156771,101585,FOR,DNK,SD
156771,124872,FOR,DNK,RENEW
156771,124875,AGAINST,DNK,ID
156771,197515,FOR,DNK,EPP
156771,197558,FOR,DNK,RENEW
156771,197567,FOR,DNK,RENEW
156771,197571,AGAINST,DNK,GUE_NGL
156771,197573,FOR,DNK,GREEN_EFA
156771,199941,FOR,DNK,SD
156771,239972,FOR,DNK,RENEW
156771,239973,FOR,DNK,RENEW
156773,28161,FOR,DNK,GREEN_EFA
156773,37312,FOR,DNK,SD
156773,96709,FOR,DNK,RENEW
156773,101585,FOR,DNK,SD
156773,124872,FOR,DNK,RENEW
156773,124875,FOR,DNK,ID
156773,197515,FOR,DNK,EPP
156773,197558,FOR,DNK,RENEW
156773,197567,FOR,DNK,RENEW
156773,197571,FOR,DNK,GUE_NGL
156773,197573,FOR,DNK,GREEN_EFA
156773,199941,DID_NOT_VOTE,DNK,SD
156773,239972,FOR,DNK,RENEW
156773,239973,FOR,DNK,RENEW
156775,28161,AGAINST,DNK,GREEN_EFA
156775,37312,AGAINST,DNK,SD
156775,96709,AGAINST,DNK,RENEW
156775,101585,AGAINST,DNK,SD
156775,124872,AGAINST,DNK,RENEW
156775,124875,AGAINST,DNK,ID
156775,197515,AGAINST,DNK,EPP
156775,197558,DID_NOT_VOTE,DNK,RENEW
156775,197567,AGAINST,DNK,RENEW
156775,197571,AGAINST,DNK,GUE_NGL
156775,197573,AGAINST,DNK,GREEN_EFA
156775,199941,AGAINST,DNK,SD
156775,239972,AGAINST,DNK,RENEW
156775,239973,AGAINST,DNK,RENEW
156776,28161,FOR,DNK,GREEN_EFA
156776,37312,FOR,DNK,SD
156776,96709,FOR,DNK,RENEW
156776,101585,FOR,DNK,SD
156776,124872,FOR,DNK,RENEW
156776,124875,AGAINST,DNK,ID
156776,197515,ABSTENTION,DNK,EPP
156776,197558,FOR,DNK,RENEW
156776,197567,FOR,DNK,RENEW
156776,197571,FOR,DNK,GUE_NGL
156776,197573,FOR,DNK,GREEN_EFA
156776,199941,FOR,DNK,SD
156776,239972,DID_NOT_VOTE,DNK,RENEW
156776,239973,FOR,DNK,RENEW
156827,28161,FOR,DNK,GREEN_EFA
156827,37312,FOR,DNK,SD
156827,96709,FOR,DNK,RENEW
156827,101585,FOR,DNK,SD
156827,124872,FOR,DNK,RENEW
156827,124875,ABSTENTION,DNK,ID
156827,197515,FOR,DNK,EPP
156827,197558,FOR,DNK,RENEW
156827,197567,FOR,DNK,RENEW
156827,197571,FOR,DNK,GUE_NGL
156827,197573,FOR,DNK,GREEN_EFA
156827,199941,FOR,DNK,SD
156827,239972,AGAINST,DNK,RENEW
156827,239973,FOR,DNK,RENEW
156836,28161,FOR,DNK,GREEN_EFA
156836,37312,FOR,DNK,SD
156836,96709,FOR,DNK,RENEW
156836,101585,FOR,DNK,SD
156836,124872,FOR,DNK,RENEW
156836,124875,AGAINST,DNK,ID
156836,197515,FOR,DNK,EPP
156836,197558,DID_NOT_VOTE,DNK,RENEW
156836,197567,FOR,DNK,RENEW
156836,197571,FOR,DNK,GUE_NGL
156836,197573,FOR,DNK,GREEN_EFA
156836,199941,FOR,DNK,SD
156836,239972,FOR,DNK,RENEW
156836,239973,FOR,DNK,RENEW
156843,28161,FOR,DNK,GREEN_EFA
156843,37312,FOR,DNK,SD
156843,96709,FOR,DNK,RENEW
156843,101585,FOR,DNK,SD
156843,124872,FOR,DNK,RENEW
156843,124875,FOR,DNK,ID
156843,197515,FOR,DNK,EPP
156843,197558,FOR,DNK,RENEW
156843,197567,FOR,DNK,RENEW
156843,197571,FOR,DNK,GUE_NGL
156843,197573,FOR,DNK,GREEN_EFA
156843,199941,FOR,DNK,SD
156843,239972,FOR,DNK,RENEW
156843,239973,FOR,DNK,RENEW
156844,28161,FOR,DNK,GREEN_EFA
156844,37312,FOR,DNK,SD
156844,96709,FOR,DNK,RENEW
156844,101585,FOR,DNK,SD
156844,124872,FOR,DNK,RENEW
156844,124875,FOR,DNK,ID
156844,197515,FOR,DNK,EPP
156844,197558,FOR,DNK,RENEW
156844,197567,FOR,DNK,RENEW
156844,197571,FOR,DNK,GUE_NGL
156844,197573,FOR,DNK,GREEN_EFA
156844,199941,FOR,DNK,SD
156844,239972,FOR,DNK,RENEW
156844,239973,DID_NOT_VOTE,DNK,RENEW
156846,28161,FOR,DNK,GREEN_EFA
156846,37312,FOR,DNK,SD
156846,96709,FOR,DNK,RENEW
156846,101585,FOR,DNK,SD
156846,124872,FOR,DNK,RENEW
156846,124875,FOR,DNK,ID
156846,197515,FOR,DNK,EPP
156846,197558,FOR,DNK,RENEW
156846,197567,FOR,DNK,RENEW
156846,197571,FOR,DNK,GUE_NGL
156846,197573,FOR,DNK,GREEN_EFA
156846,199941,FOR,DNK,SD
156846,239972,FOR,DNK,RENEW
156846,239973,FOR,DNK,RENEW
156848,28161,FOR,DNK,GREEN_EFA
156848,37312,FOR,DNK,SD
156848,96709,FOR,DNK,RENEW
156848,101585,FOR,DNK,SD
156848,124872,FOR,DNK,RENEW
156848,124875,FOR,DNK,ID
156848,197515,FOR,DNK,EPP
156848,197558,FOR,DNK,RENEW
156848,197567,FOR,DNK,RENEW
156848,197571,FOR,DNK,GUE_NGL
156848,197573,FOR,DNK,GREEN_EFA
156848,199941,FOR,DNK,SD
156848,239972,FOR,DNK,RENEW
156848,239973,FOR,DNK,RENEW
156849,28161,FOR,DNK,GREEN_EFA
156849,37312,FOR,DNK,SD
156849,96709,FOR,DNK,RENEW
156849,101585,FOR,DNK,SD
156849,124872,FOR,DNK,RENEW
156849,124875,AGAINST,DNK,ID
156849,197515,FOR,DNK,EPP
156849,197558,FOR,DNK,RENEW
156849,197567,FOR,DNK,RENEW
156849,197571,FOR,DNK,GUE_NGL
156849,197573,FOR,DNK,GREEN_EFA
156849,199941,FOR,DNK,SD
156849,239972,FOR,DNK,RENEW
156849,239973,FOR,DNK,RENEW
156864,28161,DID_NOT_VOTE,DNK,GREEN_EFA
156864,37312,DID_NOT_VOTE,DNK,SD
156864,96709,FOR,DNK,RENEW
156864,101585,FOR,DNK,SD
156864,124872,FOR,DNK,RENEW
156864,124875,AGAINST,DNK,ID
156864,197515,FOR,DNK,EPP
156864,197558,DID_NOT_VOTE,DNK,RENEW
156864,197567,FOR,DNK,RENEW
156864,197571,FOR,DNK,GUE_NGL
156864,197573,FOR,DNK,GREEN_EFA
156864,199941,FOR,DNK,SD
156864,239972,FOR,DNK,RENEW
156864,239973,FOR,DNK,RENEW
156893,28161,DID_NOT_VOTE,DNK,GREEN_EFA
156893,37312,DID_NOT_VOTE,DNK,SD
156893,96709,FOR,DNK,RENEW
156893,101585,FOR,DNK,SD
156893,124872,FOR,DNK,RENEW
156893,124875,AGAINST,DNK,ID
156893,197515,FOR,DNK,EPP
156893,197558,FOR,DNK,RENEW
156893,197567,FOR,DNK,RENEW
156893,197571,FOR,DNK,GUE_NGL
156893,197573,FOR,DNK,GREEN_EFA
156893,199941,FOR,DNK,SD
156893,239972,FOR,DNK,RENEW
156893,239973,FOR,DNK,RENEW
156936,28161,FOR,DNK,GREEN_EFA
156936,37312,FOR,DNK,SD
156936,96709,FOR,DNK,RENEW
156936,101585,FOR,DNK,SD
156936,124872,FOR,DNK,RENEW
156936,124875,AGAINST,DNK,ID
156936,197515,FOR,DNK,EPP
156936,197558,FOR,DNK,RENEW
156936,197567,FOR,DNK,RENEW
156936,197571,FOR,DNK,GUE_NGL
156936,197573,FOR,DNK,GREEN_EFA
156936,199941,FOR,DNK,SD
156936,239972,FOR,DNK,RENEW
156936,239973,FOR,DNK,RENEW
157047,28161,FOR,DNK,GREEN_EFA
157047,37312,DID_NOT_VOTE,DNK,SD
157047,96709,ABSTENTION,DNK,RENEW
157047,101585,FOR,DNK,SD
157047,124872,FOR,DNK,RENEW
157047,124875,AGAINST,DNK,ID
157047,197515,FOR,DNK,EPP
157047,197558,AGAINST,DNK,RENEW
157047,197567,FOR,DNK,RENEW
157047,197571,AGAINST,DNK,GUE_NGL
157047,197573,FOR,DNK,GREEN_EFA
157047,199941,FOR,DNK,SD
157047,239972,ABSTENTION,DNK,RENEW
157047,239973,ABSTENTION,DNK,RENEW
157064,28161,FOR,DNK,GREEN_EFA
157064,37312,FOR,DNK,SD
157064,96709,FOR,DNK,RENEW
157064,101585,FOR,DNK,SD
157064,124872,FOR,DNK,RENEW
157064,124875,FOR,DNK,ID
157064,197515,FOR,DNK,EPP
157064,197558,FOR,DNK,RENEW
157064,197567,FOR,DNK,RENEW
157064,197571,FOR,DNK,GUE_NGL
157064,197573,FOR,DNK,GREEN_EFA
157064,199941,FOR,DNK,SD
157064,239972,FOR,DNK,RENEW
157064,239973,FOR,DNK,RENEW
157066,28161,FOR,DNK,GREEN_EFA
157066,37312,FOR,DNK,SD
157066,96709,FOR,DNK,RENEW
157066,101585,FOR,DNK,SD
157066,124872,FOR,DNK,RENEW
157066,124875,FOR,DNK,ID
157066,197515,FOR,DNK,EPP
157066,197558,FOR,DNK,RENEW
157066,197567,FOR,DNK,RENEW
157066,197571,FOR,DNK,GUE_NGL
157066,197573,FOR,DNK,GREEN_EFA
157066,199941,FOR,DNK,SD
157066,239972,FOR,DNK,RENEW
157066,239973,FOR,DNK,RENEW
157227,28161,AGAINST,DNK,GREEN_EFA
157227,37312,FOR,DNK,SD
157227,96709,FOR,DNK,RENEW
157227,101585,FOR,DNK,SD
157227,124872,FOR,DNK,RENEW
157227,124875,AGAINST,DNK,ID
157227,197515,AGAINST,DNK,EPP
157227,197558,FOR,DNK,RENEW
157227,197567,FOR,DNK,RENEW
157227,197571,AGAINST,DNK,GUE_NGL
157227,197573,AGAINST,DNK,GREEN_EFA
157227,199941,FOR,DNK,SD
157227,239972,FOR,DNK,RENEW
157227,239973,FOR,DNK,RENEW
157420,28161,FOR,DNK,GREEN_EFA
157420,37312,FOR,DNK,SD
157420,96709,FOR,DNK,RENEW
157420,101585,FOR,DNK,SD
157420,124872,FOR,DNK,RENEW
157420,124875,AGAINST,DNK,ID
157420,197515,FOR,DNK,EPP
157420,197558,FOR,DNK,RENEW
157420,197567,FOR,DNK,RENEW
157420,197571,FOR,DNK,GUE_NGL
157420,197573,FOR,DNK,GREEN_EFA
157420,199941,FOR,DNK,SD
157420,239972,FOR,DNK,RENEW
157420,239973,FOR,DNK,RENEW
157428,28161,DID_NOT_VOTE,DNK,GREEN_EFA
157428,37312,DID_NOT_VOTE,DNK,SD
157428,96709,FOR,DNK,RENEW
157428,101585,FOR,DNK,SD
157428,124872,FOR,DNK,RENEW
157428,124875,AGAINST,DNK,ID
157428,197515,FOR,DNK,EPP
157428,197558,FOR,DNK,RENEW
157428,197567,FOR,DNK,RENEW
157428,197571,FOR,DNK,GUE_NGL
157428,197573,FOR,DNK,GREEN_EFA
157428,199941,FOR,DNK,SD
157428,239972,FOR,DNK,RENEW
157428,239973,FOR,DNK,RENEW
157491,28161,FOR,DNK,GREEN_EFA
157491,37312,FOR,DNK,SD
157491,96709,FOR,DNK,RENEW
157491,101585,FOR,DNK,SD
157491,124872,FOR,DNK,RENEW
157491,124875,AGAINST,DNK,ID
157491,197515,AGAINST,DNK,EPP
157491,197558,FOR,DNK,RENEW
157491,197567,FOR,DNK,RENEW
157491,197571,FOR,DNK,GUE_NGL
157491,197573,FOR,DNK,GREEN_EFA
157491,199941,FOR,DNK,SD
157491,239972,FOR,DNK,RENEW
157491,239973,FOR,DNK,RENEW
157493,28161,DID_NOT_VOTE,DNK,GREEN_EFA
157493,37312,FOR,DNK,SD
157493,96709,FOR,DNK,RENEW
157493,101585,FOR,DNK,SD
157493,124872,DID_NOT_VOTE,DNK,RENEW
157493,124875,ABSTENTION,DNK,ID
157493,197515,FOR,DNK,EPP
157493,197558,FOR,DNK,RENEW
157493,197567,FOR,DNK,RENEW
157493,197571,FOR,DNK,GUE_NGL
157493,197573,FOR,DNK,GREEN_EFA
157493,199941,FOR,DNK,SD
157493,239972,FOR,DNK,RENEW
157493,239973,FOR,DNK,RENEW
157502,28161,AGAINST,DNK,GREEN_EFA
157502,37312,FOR,DNK,SD
157502,96709,FOR,DNK,RENEW
157502,101585,FOR,DNK,SD
157502,124872,FOR,DNK,RENEW
157502,124875,ABSTENTION,DNK,ID
157502,197515,FOR,DNK,EPP
157502,197558,FOR,DNK,RENEW
157502,197567,FOR,DNK,RENEW
157502,197571,AGAINST,DNK,GUE_NGL
157502,197573,AGAINST,DNK,GREEN_EFA
157502,199941,FOR,DNK,SD
157502,239972,FOR,DNK,RENEW
157502,239973,FOR,DNK,RENEW
157513,28161,DID_NOT_VOTE,DNK,GREEN_EFA
157513,37312,FOR,DNK,SD
157513,96709,FOR,DNK,RENEW
157513,101585,FOR,DNK,SD
157513,124872,DID_NOT_VOTE,DNK,RENEW
157513,124875,FOR,DNK,ID
157513,197515,FOR,DNK,EPP
157513,197558,DID_NOT_VOTE,DNK,RENEW
157513,197567,FOR,DNK,RENEW
157513,197571,FOR,DNK,GUE_NGL
157513,197573,FOR,DNK,GREEN_EFA
157513,199941,FOR,DNK,SD
157513,239972,FOR,DNK,RENEW
157513,239973,FOR,DNK,RENEW
157621,28161,DID_NOT_VOTE,DNK,GREEN_EFA
157621,37312,FOR,DNK,SD
157621,96709,FOR,DNK,RENEW
157621,101585,FOR,DNK,SD
157621,124872,DID_NOT_VOTE,DNK,RENEW
157621,124875,ABSTENTION,DNK,ID
157621,197515,FOR,DNK,EPP
157621,197558,FOR,DNK,RENEW
157621,197567,FOR,DNK,RENEW
157621,197571,FOR,DNK,GUE_NGL
157621,197573,FOR,DNK,GREEN_EFA
157621,199941,FOR,DNK,SD
157621,239972,ABSTENTION,DNK,RENEW
157621,239973,FOR,DNK,RENEW
157622,28161,DID_NOT_VOTE,DNK,GREEN_EFA
157622,37312,DID_NOT_VOTE,DNK,SD
157622,96709,FOR,DNK,RENEW
157622,101585,FOR,DNK,SD
157622,124872,FOR,DNK,RENEW
157622,124875,AGAINST,DNK,ID
157622,197515,FOR,DNK,EPP
157622,197558,DID_NOT_VOTE,DNK,RENEW
157622,197567,FOR,DNK,RENEW
157622,197571,AGAINST,DNK,GUE_NGL
157622,197573,FOR,DNK,GREEN_EFA
157622,199941,FOR,DNK,SD
157622,239972,FOR,DNK,RENEW
157622,239973,FOR,DNK,RENEW
157623,28161,FOR,DNK,GREEN_EFA
157623,37312,FOR,DNK,SD
157623,96709,FOR,DNK,RENEW
157623,101585,FOR,DNK,SD
157623,124872,FOR,DNK,RENEW
157623,124875,AGAINST,DNK,ID
157623,197515,FOR,DNK,EPP
157623,197558,FOR,DNK,RENEW
157623,197567,FOR,DNK,RENEW
157623,197571,FOR,DNK,GUE_NGL
157623,197573,FOR,DNK,GREEN_EFA
157623,199941,FOR,DNK,SD
157623,239972,FOR,DNK,RENEW
157623,239973,FOR,DNK,RENEW
157685,28161,DID_NOT_VOTE,DNK,GREEN_EFA
157685,37312,FOR,DNK,SD
157685,96709,FOR,DNK,RENEW
157685,101585,FOR,DNK,SD
157685,124872,DID_NOT_VOTE,DNK,RENEW
157685,124875,ABSTENTION,DNK,ID
157685,197515,DID_NOT_VOTE,DNK,EPP
157685,197558,FOR,DNK,RENEW
157685,197567,FOR,DNK,RENEW
157685,197571,FOR,DNK,GUE_NGL
157685,197573,FOR,DNK,GREEN_EFA
157685,199941,FOR,DNK,SD
157685,239972,FOR,DNK,RENEW
157685,239973,FOR,DNK,RENEW
157699,28161,DID_NOT_VOTE,DNK,GREEN_EFA
157699,37312,FOR,DNK,SD
157699,96709,FOR,DNK,RENEW
157699,101585,FOR,DNK,SD
157699,124872,DID_NOT_VOTE,DNK,RENEW
157699,124875,ABSTENTION,DNK,ID
157699,197515,FOR,DNK,EPP
157699,197558,FOR,DNK,RENEW
157699,197567,FOR,DNK,RENEW
157699,197571,FOR,DNK,GUE_NGL
157699,197573,FOR,DNK,GREEN_EFA
157699,199941,FOR,DNK,SD
157699,239972,FOR,DNK,RENEW
157699,239973,FOR,DNK,RENEW
157785,28161,FOR,DNK,GREEN_EFA
157785,37312,FOR,DNK,SD
157785,96709,FOR,DNK,RENEW
157785,101585,FOR,DNK,SD
157785,124872,FOR,DNK,RENEW
157785,124875,FOR,DNK,ID
157785,197515,FOR,DNK,EPP
157785,197558,FOR,DNK,RENEW
157785,197567,FOR,DNK,RENEW
157785,197571,FOR,DNK,GUE_NGL
157785,197573,FOR,DNK,GREEN_EFA
157785,199941,DID_NOT_VOTE,DNK,SD
157785,239972,FOR,DNK,RENEW
157785,239973,FOR,DNK,RENEW
157788,28161,FOR,DNK,GREEN_EFA
157788,37312,FOR,DNK,SD
157788,96709,FOR,DNK,RENEW
157788,101585,FOR,DNK,SD
157788,124872,FOR,DNK,RENEW
157788,124875,AGAINST,DNK,ID
157788,197515,FOR,DNK,EPP
157788,197558,FOR,DNK,RENEW
157788,197567,FOR,DNK,RENEW
157788,197571,FOR,DNK,GUE_NGL
157788,197573,FOR,DNK,GREEN_EFA
157788,199941,DID_NOT_VOTE,DNK,SD
157788,239972,FOR,DNK,RENEW
157788,239973,FOR,DNK,RENEW
157790,28161,FOR,DNK,GREEN_EFA
157790,37312,FOR,DNK,SD
157790,96709,FOR,DNK,RENEW
157790,101585,FOR,DNK,SD
157790,124872,FOR,DNK,RENEW
157790,124875,FOR,DNK,ID
157790,197515,FOR,DNK,EPP
157790,197558,FOR,DNK,RENEW
157790,197567,FOR,DNK,RENEW
157790,197571,FOR,DNK,GUE_NGL
157790,197573,FOR,DNK,GREEN_EFA
157790,199941,DID_NOT_VOTE,DNK,SD
157790,239972,FOR,DNK,RENEW
157790,239973,FOR,DNK,RENEW
157792,28161,FOR,DNK,GREEN_EFA
157792,37312,FOR,DNK,SD
157792,96709,FOR,DNK,RENEW
157792,101585,FOR,DNK,SD
157792,124872,FOR,DNK,RENEW
157792,124875,FOR,DNK,ID
157792,197515,FOR,DNK,EPP
157792,197558,FOR,DNK,RENEW
157792,197567,FOR,DNK,RENEW
157792,197571,FOR,DNK,GUE_NGL
157792,197573,FOR,DNK,GREEN_EFA
157792,199941,DID_NOT_VOTE,DNK,SD
157792,239972,FOR,DNK,RENEW
157792,239973,FOR,DNK,RENEW
157794,28161,FOR,DNK,GREEN_EFA
157794,37312,FOR,DNK,SD
157794,96709,FOR,DNK,RENEW
157794,101585,FOR,DNK,SD
157794,124872,FOR,DNK,RENEW
157794,124875,FOR,DNK,ID
157794,197515,FOR,DNK,EPP
157794,197558,FOR,DNK,RENEW
157794,197567,FOR,DNK,RENEW
157794,197571,FOR,DNK,GUE_NGL
157794,197573,FOR,DNK,GREEN_EFA
157794,199941,DID_NOT_VOTE,DNK,SD
157794,239972,FOR,DNK,RENEW
157794,239973,FOR,DNK,RENEW
157797,28161,FOR,DNK,GREEN_EFA
157797,37312,FOR,DNK,SD
157797,96709,FOR,DNK,RENEW
157797,101585,FOR,DNK,SD
157797,124872,FOR,DNK,RENEW
157797,124875,AGAINST,DNK,ID
157797,197515,FOR,DNK,EPP
157797,197558,FOR,DNK,RENEW
157797,197567,FOR,DNK,RENEW
157797,197571,FOR,DNK,GUE_NGL
157797,197573,FOR,DNK,GREEN_EFA
157797,199941,DID_NOT_VOTE,DNK,SD
157797,239972,FOR,DNK,RENEW
157797,239973,FOR,DNK,RENEW
157800,28161,FOR,DNK,GREEN_EFA
157800,37312,FOR,DNK,SD
157800,96709,FOR,DNK,RENEW
157800,101585,FOR,DNK,SD
157800,124872,FOR,DNK,RENEW
157800,124875,AGAINST,DNK,ID
157800,197515,FOR,DNK,EPP
157800,197558,FOR,DNK,RENEW
157800,197567,FOR,DNK,RENEW
157800,197571,FOR,DNK,GUE_NGL
157800,197573,FOR,DNK,GREEN_EFA
157800,199941,DID_NOT_VOTE,DNK,SD
157800,239972,FOR,DNK,RENEW
157800,239973,FOR,DNK,RENEW
157811,28161,FOR,DNK,GREEN_EFA
157811,37312,FOR,DNK,SD
157811,96709,FOR,DNK,RENEW
157811,101585,FOR,DNK,SD
157811,124872,FOR,DNK,RENEW
157811,124875,FOR,DNK,ID
157811,197515,FOR,DNK,EPP
157811,197558,FOR,DNK,RENEW
157811,197567,FOR,DNK,RENEW
157811,197571,FOR,DNK,GUE_NGL
157811,197573,DID_NOT_VOTE,DNK,GREEN_EFA
157811,199941,DID_NOT_VOTE,DNK,SD
157811,239972,DID_NOT_VOTE,DNK,RENEW
157811,239973,FOR,DNK,RENEW
157814,28161,FOR,DNK,GREEN_EFA
157814,37312,FOR,DNK,SD
157814,96709,FOR,DNK,RENEW
157814,101585,FOR,DNK,SD
157814,124872,FOR,DNK,RENEW
157814,124875,AGAINST,DNK,ID
157814,197515,FOR,DNK,EPP
157814,197558,FOR,DNK,RENEW
157814,197567,FOR,DNK,RENEW
157814,197571,AGAINST,DNK,GUE_NGL
157814,197573,FOR,DNK,GREEN_EFA
157814,199941,DID_NOT_VOTE,DNK,SD
157814,239972,FOR,DNK,RENEW
157814,239973,FOR,DNK,RENEW
157816,28161,FOR,DNK,GREEN_EFA
157816,37312,AGAINST,DNK,SD
157816,96709,FOR,DNK,RENEW
157816,101585,AGAINST,DNK,SD
157816,124872,FOR,DNK,RENEW
157816,124875,FOR,DNK,ID
157816,197515,AGAINST,DNK,EPP
157816,197558,FOR,DNK,RENEW
157816,197567,FOR,DNK,RENEW
157816,197571,FOR,DNK,GUE_NGL
157816,197573,DID_NOT_VOTE,DNK,GREEN_EFA
157816,199941,DID_NOT_VOTE,DNK,SD
157816,239972,FOR,DNK,RENEW
157816,239973,AGAINST,DNK,RENEW
157817,28161,FOR,DNK,GREEN_EFA
157817,37312,FOR,DNK,SD
157817,96709,FOR,DNK,RENEW
157817,101585,FOR,DNK,SD
157817,124872,FOR,DNK,RENEW
157817,124875,AGAINST,DNK,ID
157817,197515,FOR,DNK,EPP
157817,197558,FOR,DNK,RENEW
157817,197567,FOR,DNK,RENEW
157817,197571,FOR,DNK,GUE_NGL
157817,197573,DID_NOT_VOTE,DNK,GREEN_EFA
157817,199941,DID_NOT_VOTE,DNK,SD
157817,239972,FOR,DNK,RENEW
157817,239973,FOR,DNK,RENEW
157818,28161,FOR,DNK,GREEN_EFA
157818,37312,ABSTENTION,DNK,SD
157818,96709,ABSTENTION,DNK,RENEW
157818,101585,ABSTENTION,DNK,SD
157818,124872,DID_NOT_VOTE,DNK,RENEW
157818,124875,AGAINST,DNK,ID
157818,197515,ABSTENTION,DNK,EPP
157818,197558,DID_NOT_VOTE,DNK,RENEW
157818,197567,FOR,DNK,RENEW
157818,197571,AGAINST,DNK,GUE_NGL
157818,197573,DID_NOT_VOTE,DNK,GREEN_EFA
157818,199941,DID_NOT_VOTE,DNK,SD
157818,239972,DID_NOT_VOTE,DNK,RENEW
157818,239973,AGAINST,DNK,RENEW
157824,28161,FOR,DNK,GREEN_EFA
157824,37312,FOR,DNK,SD
157824,96709,FOR,DNK,RENEW
157824,101585,FOR,DNK,SD
157824,124872,FOR,DNK,RENEW
157824,124875,ABSTENTION,DNK,ID
157824,197515,FOR,DNK,EPP
157824,197558,FOR,DNK,RENEW
157824,197567,FOR,DNK,RENEW
157824,197571,FOR,DNK,GUE_NGL
157824,197573,FOR,DNK,GREEN_EFA
157824,199941,DID_NOT_VOTE,DNK,SD
157824,239972,FOR,DNK,RENEW
157824,239973,FOR,DNK,RENEW
157830,28161,FOR,DNK,GREEN_EFA
157830,37312,FOR,DNK,SD
157830,96709,FOR,DNK,RENEW
157830,101585,FOR,DNK,SD
157830,124872,FOR,DNK,RENEW
157830,124875,AGAINST,DNK,ID
157830,197515,FOR,DNK,EPP
157830,197558,FOR,DNK,RENEW
157830,197567,FOR,DNK,RENEW
157830,197571,FOR,DNK,GUE_NGL
157830,197573,FOR,DNK,GREEN_EFA
157830,199941,DID_NOT_VOTE,DNK,SD
157830,239972,FOR,DNK,RENEW
157830,239973,FOR,DNK,RENEW
157832,28161,FOR,DNK,GREEN_EFA
157832,37312,FOR,DNK,SD
157832,96709,FOR,DNK,RENEW
157832,101585,FOR,DNK,SD
157832,124872,FOR,DNK,RENEW
157832,124875,FOR,DNK,ID
157832,197515,FOR,DNK,EPP
157832,197558,FOR,DNK,RENEW
157832,197567,FOR,DNK,RENEW
157832,197571,FOR,DNK,GUE_NGL
157832,197573,FOR,DNK,GREEN_EFA
157832,199941,DID_NOT_VOTE,DNK,SD
157832,239972,FOR,DNK,RENEW
157832,239973,FOR,DNK,RENEW
157833,28161,FOR,DNK,GREEN_EFA
157833,37312,FOR,DNK,SD
157833,96709,FOR,DNK,RENEW
157833,101585,FOR,DNK,SD
157833,124872,FOR,DNK,RENEW
157833,124875,ABSTENTION,DNK,ID
157833,197515,FOR,DNK,EPP
157833,197558,FOR,DNK,RENEW
157833,197567,FOR,DNK,RENEW
157833,197571,FOR,DNK,GUE_NGL
157833,197573,FOR,DNK,GREEN_EFA
157833,199941,DID_NOT_VOTE,DNK,SD
157833,239972,FOR,DNK,RENEW
157833,239973,FOR,DNK,RENEW
157860,28161,FOR,DNK,GREEN_EFA
157860,37312,FOR,DNK,SD
157860,96709,FOR,DNK,RENEW
157860,101585,FOR,DNK,SD
157860,124872,FOR,DNK,RENEW
157860,124875,AGAINST,DNK,ID
157860,197515,FOR,DNK,EPP
157860,197558,FOR,DNK,RENEW
157860,197567,FOR,DNK,RENEW
157860,197571,ABSTENTION,DNK,GUE_NGL
157860,197573,DID_NOT_VOTE,DNK,GREEN_EFA
157860,199941,DID_NOT_VOTE,DNK,SD
157860,239972,DID_NOT_VOTE,DNK,RENEW
157860,239973,FOR,DNK,RENEW
157861,28161,FOR,DNK,GREEN_EFA
157861,37312,FOR,DNK,SD
157861,96709,FOR,DNK,RENEW
157861,101585,FOR,DNK,SD
157861,124872,FOR,DNK,RENEW
157861,124875,FOR,DNK,ID
157861,197515,FOR,DNK,EPP
157861,197558,FOR,DNK,RENEW
157861,197567,FOR,DNK,RENEW
157861,197571,ABSTENTION,DNK,GUE_NGL
157861,197573,FOR,DNK,GREEN_EFA
157861,199941,DID_NOT_VOTE,DNK,SD
157861,239972,FOR,DNK,RENEW
157861,239973,FOR,DNK,RENEW
157953,28161,FOR,DNK,GREEN_EFA
157953,37312,FOR,DNK,SD
157953,96709,FOR,DNK,RENEW
157953,101585,AGAINST,DNK,SD
157953,124872,FOR,DNK,RENEW
157953,124875,ABSTENTION,DNK,ID
157953,197515,FOR,DNK,EPP
157953,197558,FOR,DNK,RENEW
157953,197567,FOR,DNK,RENEW
157953,197571,FOR,DNK,GUE_NGL
157953,197573,FOR,DNK,GREEN_EFA
157953,199941,DID_NOT_VOTE,DNK,SD
157953,239972,FOR,DNK,RENEW
157953,239973,FOR,DNK,RENEW
157975,28161,FOR,DNK,GREEN_EFA
157975,37312,AGAINST,DNK,SD
157975,96709,AGAINST,DNK,RENEW
157975,101585,AGAINST,DNK,SD
157975,124872,AGAINST,DNK,RENEW
157975,124875,AGAINST,DNK,ID
157975,197515,AGAINST,DNK,EPP
157975,197558,AGAINST,DNK,RENEW
157975,197567,AGAINST,DNK,RENEW
157975,197571,FOR,DNK,GUE_NGL
157975,197573,DID_NOT_VOTE,DNK,GREEN_EFA
157975,199941,DID_NOT_VOTE,DNK,SD
157975,239972,AGAINST,DNK,RENEW
157975,239973,AGAINST,DNK,RENEW
157977,28161,FOR,DNK,GREEN_EFA
157977,37312,FOR,DNK,SD
157977,96709,AGAINST,DNK,RENEW
157977,101585,FOR,DNK,SD
157977,124872,AGAINST,DNK,RENEW
157977,124875,FOR,DNK,ID
157977,197515,AGAINST,DNK,EPP
157977,197558,AGAINST,DNK,RENEW
157977,197567,FOR,DNK,RENEW
157977,197571,FOR,DNK,GUE_NGL
157977,197573,FOR,DNK,GREEN_EFA
157977,199941,DID_NOT_VOTE,DNK,SD
157977,239972,AGAINST,DNK,RENEW
157977,239973,AGAINST,DNK,RENEW
158050,28161,FOR,DNK,GREEN_EFA
158050,37312,FOR,DNK,SD
158050,96709,FOR,DNK,RENEW
158050,101585,FOR,DNK,SD
158050,124872,FOR,DNK,RENEW
158050,124875,ABSTENTION,DNK,ID
158050,197515,FOR,DNK,EPP
158050,197558,FOR,DNK,RENEW
158050,197567,FOR,DNK,RENEW
158050,197571,FOR,DNK,GUE_NGL
158050,197573,FOR,DNK,GREEN_EFA
158050,199941,DID_NOT_VOTE,DNK,SD
158050,239972,FOR,DNK,RENEW
158050,239973,FOR,DNK,RENEW
158114,28161,FOR,DNK,GREEN_EFA
158114,37312,FOR,DNK,SD
158114,96709,FOR,DNK,RENEW
158114,101585,FOR,DNK,SD
158114,124872,FOR,DNK,RENEW
158114,124875,FOR,DNK,ID
158114,197515,FOR,DNK,EPP
158114,197558,FOR,DNK,RENEW
158114,197567,FOR,DNK,RENEW
158114,197571,AGAINST,DNK,GUE_NGL
158114,197573,DID_NOT_VOTE,DNK,GREEN_EFA
158114,199941,DID_NOT_VOTE,DNK,SD
158114,239972,FOR,DNK,RENEW
158114,239973,FOR,DNK,RENEW
158116,28161,FOR,DNK,GREEN_EFA
158116,37312,FOR,DNK,SD
158116,96709,FOR,DNK,RENEW
158116,101585,FOR,DNK,SD
158116,124872,FOR,DNK,RENEW
158116,124875,AGAINST,DNK,ID
158116,197515,FOR,DNK,EPP
158116,197558,FOR,DNK,RENEW
158116,197567,FOR,DNK,RENEW
158116,197571,FOR,DNK,GUE_NGL
158116,197573,FOR,DNK,GREEN_EFA
158116,199941,DID_NOT_VOTE,DNK,SD
158116,239972,FOR,DNK,RENEW
158116,239973,FOR,DNK,RENEW
158165,28161,FOR,DNK,GREEN_EFA
158165,37312,FOR,DNK,SD
158165,96709,FOR,DNK,RENEW
158165,101585,FOR,DNK,SD
158165,124872,FOR,DNK,RENEW
158165,124875,AGAINST,DNK,ID
158165,197515,FOR,DNK,EPP
158165,197558,FOR,DNK,RENEW
158165,197567,FOR,DNK,RENEW
158165,197571,FOR,DNK,GUE_NGL
158165,197573,FOR,DNK,GREEN_EFA
158165,199941,DID_NOT_VOTE,DNK,SD
158165,239972,FOR,DNK,RENEW
158165,239973,FOR,DNK,RENEW
158371,28161,FOR,DNK,GREEN_EFA
158371,37312,FOR,DNK,SD
158371,96709,FOR,DNK,RENEW
158371,101585,FOR,DNK,SD
158371,124872,FOR,DNK,RENEW
158371,124875,ABSTENTION,DNK,ID
158371,197515,FOR,DNK,EPP
158371,197558,FOR,DNK,RENEW
158371,197567,FOR,DNK,RENEW
158371,197571,AGAINST,DNK,GUE_NGL
158371,197573,DID_NOT_VOTE,DNK,GREEN_EFA
158371,199941,DID_NOT_VOTE,DNK,SD
158371,239972,FOR,DNK,RENEW
158371,239973,FOR,DNK,RENEW
158406,28161,FOR,DNK,GREEN_EFA
158406,37312,FOR,DNK,SD
158406,96709,FOR,DNK,RENEW
158406,101585,FOR,DNK,SD
158406,124872,FOR,DNK,RENEW
158406,124875,ABSTENTION,DNK,ID
158406,197515,FOR,DNK,EPP
158406,197558,FOR,DNK,RENEW
158406,197567,FOR,DNK,RENEW
158406,197571,FOR,DNK,GUE_NGL
158406,197573,DID_NOT_VOTE,DNK,GREEN_EFA
158406,199941,DID_NOT_VOTE,DNK,SD
158406,239972,FOR,DNK,RENEW
158406,239973,FOR,DNK,RENEW
158469,28161,FOR,DNK,GREEN_EFA
158469,37312,FOR,DNK,SD
158469,96709,FOR,DNK,RENEW
158469,101585,FOR,DNK,SD
158469,124872,DID_NOT_VOTE,DNK,RENEW
158469,124875,ABSTENTION,DNK,ID
158469,197515,FOR,DNK,EPP
158469,197558,FOR,DNK,RENEW
158469,197567,FOR,DNK,RENEW
158469,197571,FOR,DNK,GUE_NGL
158469,197573,FOR,DNK,GREEN_EFA
158469,199941,FOR,DNK,SD
158469,239972,FOR,DNK,RENEW
158469,239973,FOR,DNK,RENEW
158470,28161,FOR,DNK,GREEN_EFA
158470,37312,FOR,DNK,SD
158470,96709,FOR,DNK,RENEW
158470,101585,FOR,DNK,SD
158470,124872,DID_NOT_VOTE,DNK,RENEW
158470,124875,ABSTENTION,DNK,ID
158470,197515,FOR,DNK,EPP
158470,197558,FOR,DNK,RENEW
158470,197567,FOR,DNK,RENEW
158470,197571,FOR,DNK,GUE_NGL
158470,197573,FOR,DNK,GREEN_EFA
158470,199941,FOR,DNK,SD
158470,239972,FOR,DNK,RENEW
158470,239973,FOR,DNK,RENEW
158471,28161,FOR,DNK,GREEN_EFA
158471,37312,FOR,DNK,SD
158471,96709,FOR,DNK,RENEW
158471,101585,FOR,DNK,SD
158471,124872,DID_NOT_VOTE,DNK,RENEW
158471,124875,AGAINST,DNK,ID
158471,197515,FOR,DNK,EPP
158471,197558,FOR,DNK,RENEW
158471,197567,FOR,DNK,RENEW
158471,197571,FOR,DNK,GUE_NGL
158471,197573,FOR,DNK,GREEN_EFA
158471,199941,DID_NOT_VOTE,DNK,SD
158471,239972,FOR,DNK,RENEW
158471,239973,FOR,DNK,RENEW
158473,28161,FOR,DNK,GREEN_EFA
158473,37312,FOR,DNK,SD
158473,96709,FOR,DNK,RENEW
158473,101585,FOR,DNK,SD
158473,124872,DID_NOT_VOTE,DNK,RENEW
158473,124875,ABSTENTION,DNK,ID
158473,197515,FOR,DNK,EPP
158473,197558,FOR,DNK,RENEW
158473,197567,FOR,DNK,RENEW
158473,197571,FOR,DNK,GUE_NGL
158473,197573,FOR,DNK,GREEN_EFA
158473,199941,DID_NOT_VOTE,DNK,SD
158473,239972,FOR,DNK,RENEW
158473,239973,FOR,DNK,RENEW
158475,28161,FOR,DNK,GREEN_EFA
158475,37312,FOR,DNK,SD
158475,96709,FOR,DNK,RENEW
158475,101585,FOR,DNK,SD
158475,124872,FOR,DNK,RENEW
158475,124875,FOR,DNK,ID
158475,197515,FOR,DNK,EPP
158475,197558,FOR,DNK,RENEW
158475,197567,FOR,DNK,RENEW
158475,197571,FOR,DNK,GUE_NGL
158475,197573,FOR,DNK,GREEN_EFA
158475,199941,FOR,DNK,SD
158475,239972,FOR,DNK,RENEW
158475,239973,FOR,DNK,RENEW
158477,28161,FOR,DNK,GREEN_EFA
158477,37312,FOR,DNK,SD
158477,96709,FOR,DNK,RENEW
158477,101585,FOR,DNK,SD
158477,124872,FOR,DNK,RENEW
158477,124875,ABSTENTION,DNK,ID
158477,197515,FOR,DNK,EPP
158477,197558,FOR,DNK,RENEW
158477,197567,FOR,DNK,RENEW
158477,197571,FOR,DNK,GUE_NGL
158477,197573,FOR,DNK,GREEN_EFA
158477,199941,FOR,DNK,SD
158477,239972,FOR,DNK,RENEW
158477,239973,FOR,DNK,RENEW
158479,28161,FOR,DNK,GREEN_EFA
158479,37312,FOR,DNK,SD
158479,96709,FOR,DNK,RENEW
158479,101585,FOR,DNK,SD
158479,124872,FOR,DNK,RENEW
158479,124875,FOR,DNK,ID
158479,197515,FOR,DNK,EPP
158479,197558,FOR,DNK,RENEW
158479,197567,FOR,DNK,RENEW
158479,197571,FOR,DNK,GUE_NGL
158479,197573,FOR,DNK,GREEN_EFA
158479,199941,FOR,DNK,SD
158479,239972,FOR,DNK,RENEW
158479,239973,FOR,DNK,RENEW
158482,28161,FOR,DNK,GREEN_EFA
158482,37312,FOR,DNK,SD
158482,96709,FOR,DNK,RENEW
158482,101585,FOR,DNK,SD
158482,124872,FOR,DNK,RENEW
158482,124875,AGAINST,DNK,ID
158482,197515,FOR,DNK,EPP
158482,197558,FOR,DNK,RENEW
158482,197567,FOR,DNK,RENEW
158482,197571,FOR,DNK,GUE_NGL
158482,197573,FOR,DNK,GREEN_EFA
158482,199941,FOR,DNK,SD
158482,239972,FOR,DNK,RENEW
158482,239973,FOR,DNK,RENEW
158504,28161,FOR,DNK,GREEN_EFA
158504,37312,ABSTENTION,DNK,SD
158504,96709,ABSTENTION,DNK,RENEW
158504,101585,ABSTENTION,DNK,SD
158504,124872,FOR,DNK,RENEW
158504,124875,AGAINST,DNK,ID
158504,197515,ABSTENTION,DNK,EPP
158504,197558,ABSTENTION,DNK,RENEW
158504,197567,FOR,DNK,RENEW
158504,197571,ABSTENTION,DNK,GUE_NGL
158504,197573,FOR,DNK,GREEN_EFA
158504,199941,ABSTENTION,DNK,SD
158504,239972,ABSTENTION,DNK,RENEW
158504,239973,FOR,DNK,RENEW
158554,28161,FOR,DNK,GREEN_EFA
158554,37312,FOR,DNK,SD
158554,96709,FOR,DNK,RENEW
158554,101585,FOR,DNK,SD
158554,124872,FOR,DNK,RENEW
158554,124875,AGAINST,DNK,ID
158554,197515,FOR,DNK,EPP
158554,197558,FOR,DNK,RENEW
158554,197567,FOR,DNK,RENEW
158554,197571,ABSTENTION,DNK,GUE_NGL
158554,197573,FOR,DNK,GREEN_EFA
158554,199941,FOR,DNK,SD
158554,239972,FOR,DNK,RENEW
158554,239973,FOR,DNK,RENEW
158584,28161,FOR,DNK,GREEN_EFA
158584,37312,FOR,DNK,SD
158584,96709,FOR,DNK,RENEW
158584,101585,FOR,DNK,SD
158584,124872,DID_NOT_VOTE,DNK,RENEW
158584,124875,AGAINST,DNK,ID
158584,197515,FOR,DNK,EPP
158584,197558,FOR,DNK,RENEW
158584,197567,FOR,DNK,RENEW
158584,197571,FOR,DNK,GUE_NGL
158584,197573,FOR,DNK,GREEN_EFA
158584,199941,FOR,DNK,SD
158584,239972,FOR,DNK,RENEW
158584,239973,FOR,DNK,RENEW
158587,28161,FOR,DNK,GREEN_EFA
158587,37312,FOR,DNK,SD
158587,96709,FOR,DNK,RENEW
158587,101585,FOR,DNK,SD
158587,124872,DID_NOT_VOTE,DNK,RENEW
158587,124875,AGAINST,DNK,ID
158587,197515,FOR,DNK,EPP
158587,197558,FOR,DNK,RENEW
158587,197567,FOR,DNK,RENEW
158587,197571,FOR,DNK,GUE_NGL
158587,197573,FOR,DNK,GREEN_EFA
158587,199941,FOR,DNK,SD
158587,239972,FOR,DNK,RENEW
158587,239973,FOR,DNK,RENEW
158621,28161,FOR,DNK,GREEN_EFA
158621,37312,FOR,DNK,SD
158621,96709,FOR,DNK,RENEW
158621,101585,FOR,DNK,SD
158621,124872,DID_NOT_VOTE,DNK,RENEW
158621,124875,AGAINST,DNK,ID
158621,197515,FOR,DNK,EPP
158621,197558,FOR,DNK,RENEW
158621,197567,FOR,DNK,RENEW
158621,197571,ABSTENTION,DNK,GUE_NGL
158621,197573,FOR,DNK,GREEN_EFA
158621,199941,DID_NOT_VOTE,DNK,SD
158621,239972,FOR,DNK,RENEW
158621,239973,FOR,DNK,RENEW
158757,28161,DID_NOT_VOTE,DNK,GREEN_EFA
158757,37312,FOR,DNK,SD
158757,96709,AGAINST,DNK,RENEW
158757,101585,FOR,DNK,SD
158757,124872,AGAINST,DNK,RENEW
158757,124875,AGAINST,DNK,ID
158757,197515,AGAINST,DNK,EPP
158757,197558,AGAINST,DNK,RENEW
158757,197567,FOR,DNK,RENEW
158757,197571,FOR,DNK,GUE_NGL
158757,197573,FOR,DNK,GREEN_EFA
158757,199941,FOR,DNK,SD
158757,239972,AGAINST,DNK,RENEW
158757,239973,AGAINST,DNK,RENEW
158758,28161,FOR,DNK,GREEN_EFA
158758,37312,FOR,DNK,SD
158758,96709,AGAINST,DNK,RENEW
158758,101585,FOR,DNK,SD
158758,124872,AGAINST,DNK,RENEW
158758,124875,AGAINST,DNK,ID
158758,197515,AGAINST,DNK,EPP
158758,197558,AGAINST,DNK,RENEW
158758,197567,FOR,DNK,RENEW
158758,197571,FOR,DNK,GUE_NGL
158758,197573,FOR,DNK,GREEN_EFA
158758,199941,FOR,DNK,SD
158758,239972,AGAINST,DNK,RENEW
158758,239973,AGAINST,DNK,RENEW
158805,28161,ABSTENTION,DNK,GREEN_EFA
158805,37312,FOR,DNK,SD
158805,96709,FOR,DNK,RENEW
158805,101585,FOR,DNK,SD
158805,124872,DID_NOT_VOTE,DNK,RENEW
158805,124875,AGAINST,DNK,ID
158805,197515,FOR,DNK,EPP
158805,197558,FOR,DNK,RENEW
158805,197567,FOR,DNK,RENEW
158805,197571,ABSTENTION,DNK,GUE_NGL
158805,197573,ABSTENTION,DNK,GREEN_EFA
158805,199941,DID_NOT_VOTE,DNK,SD
158805,239972,FOR,DNK,RENEW
158805,239973,FOR,DNK,RENEW
158878,28161,FOR,DNK,GREEN_EFA
158878,37312,FOR,DNK,SD
158878,96709,FOR,DNK,RENEW
158878,101585,FOR,DNK,SD
158878,124872,DID_NOT_VOTE,DNK,RENEW
158878,124875,AGAINST,DNK,ID
158878,197515,FOR,DNK,EPP
158878,197558,FOR,DNK,RENEW
158878,197567,FOR,DNK,RENEW
158878,197571,FOR,DNK,GUE_NGL
158878,197573,FOR,DNK,GREEN_EFA
158878,199941,DID_NOT_VOTE,DNK,SD
158878,239972,FOR,DNK,RENEW
158878,239973,FOR,DNK,RENEW
158937,28161,FOR,DNK,GREEN_EFA
158937,37312,FOR,DNK,SD
158937,96709,FOR,DNK,RENEW
158937,101585,FOR,DNK,SD
158937,124872,DID_NOT_VOTE,DNK,RENEW
158937,124875,ABSTENTION,DNK,ID
158937,197515,FOR,DNK,EPP
158937,197558,FOR,DNK,RENEW
158937,197567,FOR,DNK,RENEW
158937,197571,FOR,DNK,GUE_NGL
158937,197573,FOR,DNK,GREEN_EFA
158937,199941,DID_NOT_VOTE,DNK,SD
158937,239972,FOR,DNK,RENEW
158937,239973,FOR,DNK,RENEW
158941,28161,FOR,DNK,GREEN_EFA
158941,37312,FOR,DNK,SD
158941,96709,FOR,DNK,RENEW
158941,101585,FOR,DNK,SD
158941,124872,DID_NOT_VOTE,DNK,RENEW
158941,124875,ABSTENTION,DNK,ID
158941,197515,DID_NOT_VOTE,DNK,EPP
158941,197558,FOR,DNK,RENEW
158941,197567,FOR,DNK,RENEW
158941,197571,FOR,DNK,GUE_NGL
158941,197573,FOR,DNK,GREEN_EFA
158941,199941,DID_NOT_VOTE,DNK,SD
158941,239972,FOR,DNK,RENEW
158941,239973,FOR,DNK,RENEW
158946,28161,FOR,DNK,GREEN_EFA
158946,37312,FOR,DNK,SD
158946,96709,FOR,DNK,RENEW
158946,101585,FOR,DNK,SD
158946,124872,DID_NOT_VOTE,DNK,RENEW
158946,124875,AGAINST,DNK,ID
158946,197515,FOR,DNK,EPP
158946,197558,FOR,DNK,RENEW
158946,197567,FOR,DNK,RENEW
158946,197571,FOR,DNK,GUE_NGL
158946,197573,FOR,DNK,GREEN_EFA
158946,199941,DID_NOT_VOTE,DNK,SD
158946,239972,FOR,DNK,RENEW
158946,239973,FOR,DNK,RENEW
158947,28161,FOR,DNK,GREEN_EFA
158947,37312,FOR,DNK,SD
158947,96709,FOR,DNK,RENEW
158947,101585,FOR,DNK,SD
158947,124872,DID_NOT_VOTE,DNK,RENEW
158947,124875,AGAINST,DNK,ID
158947,197515,FOR,DNK,EPP
158947,197558,FOR,DNK,RENEW
158947,197567,FOR,DNK,RENEW
158947,197571,FOR,DNK,GUE_NGL
158947,197573,FOR,DNK,GREEN_EFA
158947,199941,DID_NOT_VOTE,DNK,SD
158947,239972,FOR,DNK,RENEW
158947,239973,FOR,DNK,RENEW
158961,28161,FOR,DNK,GREEN_EFA
158961,37312,FOR,DNK,SD
158961,96709,FOR,DNK,RENEW
158961,101585,FOR,DNK,SD
158961,124872,DID_NOT_VOTE,DNK,RENEW
158961,124875,ABSTENTION,DNK,ID
158961,197515,FOR,DNK,EPP
158961,197558,FOR,DNK,RENEW
158961,197567,FOR,DNK,RENEW
158961,197571,FOR,DNK,GUE_NGL
158961,197573,FOR,DNK,GREEN_EFA
158961,199941,DID_NOT_VOTE,DNK,SD
158961,239972,FOR,DNK,RENEW
158961,239973,FOR,DNK,RENEW
159002,28161,FOR,DNK,GREEN_EFA
159002,37312,FOR,DNK,SD
159002,96709,FOR,DNK,RENEW
159002,101585,FOR,DNK,SD
159002,124872,DID_NOT_VOTE,DNK,RENEW
159002,124875,AGAINST,DNK,ID
159002,197515,FOR,DNK,EPP
159002,197558,FOR,DNK,RENEW
159002,197567,FOR,DNK,RENEW
159002,197571,FOR,DNK,GUE_NGL
159002,197573,FOR,DNK,GREEN_EFA
159002,199941,FOR,DNK,SD
159002,239972,FOR,DNK,RENEW
159002,239973,DID_NOT_VOTE,DNK,RENEW
159004,28161,FOR,DNK,GREEN_EFA
159004,37312,FOR,DNK,SD
159004,96709,FOR,DNK,RENEW
159004,101585,FOR,DNK,SD
159004,124872,DID_NOT_VOTE,DNK,RENEW
159004,124875,AGAINST,DNK,ID
159004,197515,DID_NOT_VOTE,DNK,EPP
159004,197558,FOR,DNK,RENEW
159004,197567,FOR,DNK,RENEW
159004,197571,FOR,DNK,GUE_NGL
159004,197573,DID_NOT_VOTE,DNK,GREEN_EFA
159004,199941,FOR,DNK,SD
159004,239972,FOR,DNK,RENEW
159004,239973,DID_NOT_VOTE,DNK,RENEW
159006,28161,FOR,DNK,GREEN_EFA
159006,37312,FOR,DNK,SD
159006,96709,FOR,DNK,RENEW
159006,101585,FOR,DNK,SD
159006,124872,FOR,DNK,RENEW
159006,124875,FOR,DNK,ID
159006,197515,FOR,DNK,EPP
159006,197558,FOR,DNK,RENEW
159006,197567,FOR,DNK,RENEW
159006,197571,FOR,DNK,GUE_NGL
159006,197573,FOR,DNK,GREEN_EFA
159006,199941,FOR,DNK,SD
159006,239972,FOR,DNK,RENEW
159006,239973,DID_NOT_VOTE,DNK,RENEW
159009,28161,DID_NOT_VOTE,DNK,GREEN_EFA
159009,37312,ABSTENTION,DNK,SD
159009,96709,FOR,DNK,RENEW
159009,101585,ABSTENTION,DNK,SD
159009,124872,DID_NOT_VOTE,DNK,RENEW
159009,124875,DID_NOT_VOTE,DNK,ID
159009,197515,FOR,DNK,EPP
159009,197558,FOR,DNK,RENEW
159009,197567,FOR,DNK,RENEW
159009,197571,AGAINST,DNK,GUE_NGL
159009,197573,AGAINST,DNK,GREEN_EFA
159009,199941,ABSTENTION,DNK,SD
159009,239972,FOR,DNK,RENEW
159009,239973,DID_NOT_VOTE,DNK,RENEW
159010,28161,FOR,DNK,GREEN_EFA
159010,37312,FOR,DNK,SD
159010,96709,FOR,DNK,RENEW
159010,101585,FOR,DNK,SD
159010,124872,FOR,DNK,RENEW
159010,124875,ABSTENTION,DNK,ID
159010,197515,FOR,DNK,EPP
159010,197558,FOR,DNK,RENEW
159010,197567,FOR,DNK,RENEW
159010,197571,FOR,DNK,GUE_NGL
159010,197573,DID_NOT_VOTE,DNK,GREEN_EFA
159010,199941,FOR,DNK,SD
159010,239972,FOR,DNK,RENEW
159010,239973,DID_NOT_VOTE,DNK,RENEW
159011,28161,DID_NOT_VOTE,DNK,GREEN_EFA
159011,37312,DID_NOT_VOTE,DNK,SD
159011,96709,FOR,DNK,RENEW
159011,101585,FOR,DNK,SD
159011,124872,DID_NOT_VOTE,DNK,RENEW
159011,124875,DID_NOT_VOTE,DNK,ID
159011,197515,FOR,DNK,EPP
159011,197558,FOR,DNK,RENEW
159011,197567,FOR,DNK,RENEW
159011,197571,FOR,DNK,GUE_NGL
159011,197573,FOR,DNK,GREEN_EFA
159011,199941,FOR,DNK,SD
159011,239972,FOR,DNK,RENEW
159011,239973,DID_NOT_VOTE,DNK,RENEW
159015,28161,FOR,DNK,GREEN_EFA
159015,37312,FOR,DNK,SD
159015,96709,FOR,DNK,RENEW
159015,101585,FOR,DNK,SD
159015,124872,FOR,DNK,RENEW
159015,124875,AGAINST,DNK,ID
159015,197515,FOR,DNK,EPP
159015,197558,FOR,DNK,RENEW
159015,197567,FOR,DNK,RENEW
159015,197571,FOR,DNK,GUE_NGL
159015,197573,FOR,DNK,GREEN_EFA
159015,199941,FOR,DNK,SD
159015,239972,FOR,DNK,RENEW
159015,239973,DID_NOT_VOTE,DNK,RENEW
159016,28161,FOR,DNK,GREEN_EFA
159016,37312,FOR,DNK,SD
159016,96709,FOR,DNK,RENEW
159016,101585,FOR,DNK,SD
159016,124872,FOR,DNK,RENEW
159016,124875,FOR,DNK,ID
159016,197515,FOR,DNK,EPP
159016,197558,FOR,DNK,RENEW
159016,197567,FOR,DNK,RENEW
159016,197571,FOR,DNK,GUE_NGL
159016,197573,FOR,DNK,GREEN_EFA
159016,199941,FOR,DNK,SD
159016,239972,DID_NOT_VOTE,DNK,RENEW
159016,239973,DID_NOT_VOTE,DNK,RENEW
159017,28161,FOR,DNK,GREEN_EFA
159017,37312,FOR,DNK,SD
159017,96709,FOR,DNK,RENEW
159017,101585,FOR,DNK,SD
159017,124872,DID_NOT_VOTE,DNK,RENEW
159017,124875,AGAINST,DNK,ID
159017,197515,FOR,DNK,EPP
159017,197558,FOR,DNK,RENEW
159017,197567,FOR,DNK,RENEW
159017,197571,FOR,DNK,GUE_NGL
159017,197573,FOR,DNK,GREEN_EFA
159017,199941,FOR,DNK,SD
159017,239972,FOR,DNK,RENEW
159017,239973,DID_NOT_VOTE,DNK,RENEW
159025,28161,FOR,DNK,GREEN_EFA
159025,37312,FOR,DNK,SD
159025,96709,FOR,DNK,RENEW
159025,101585,FOR,DNK,SD
159025,124872,FOR,DNK,RENEW
159025,124875,ABSTENTION,DNK,ID
159025,197515,FOR,DNK,EPP
159025,197558,FOR,DNK,RENEW
159025,197567,FOR,DNK,RENEW
159025,197571,FOR,DNK,GUE_NGL
159025,197573,FOR,DNK,GREEN_EFA
159025,199941,FOR,DNK,SD
159025,239972,FOR,DNK,RENEW
159025,239973,DID_NOT_VOTE,DNK,RENEW
159047,28161,ABSTENTION,DNK,GREEN_EFA
159047,37312,ABSTENTION,DNK,SD
159047,96709,FOR,DNK,RENEW
159047,101585,ABSTENTION,DNK,SD
159047,124872,FOR,DNK,RENEW
159047,124875,ABSTENTION,DNK,ID
159047,197515,AGAINST,DNK,EPP
159047,197558,FOR,DNK,RENEW
159047,197567,FOR,DNK,RENEW
159047,197571,AGAINST,DNK,GUE_NGL
159047,197573,ABSTENTION,DNK,GREEN_EFA
159047,199941,FOR,DNK,SD
159047,239972,FOR,DNK,RENEW
159047,239973,DID_NOT_VOTE,DNK,RENEW
159068,28161,FOR,DNK,GREEN_EFA
159068,37312,FOR,DNK,SD
159068,96709,FOR,DNK,RENEW
159068,101585,FOR,DNK,SD
159068,124872,DID_NOT_VOTE,DNK,RENEW
159068,124875,AGAINST,DNK,ID
159068,197515,FOR,DNK,EPP
159068,197558,FOR,DNK,RENEW
159068,197567,FOR,DNK,RENEW
159068,197571,FOR,DNK,GUE_NGL
159068,197573,FOR,DNK,GREEN_EFA
159068,199941,FOR,DNK,SD
159068,239972,FOR,DNK,RENEW
159068,239973,DID_NOT_VOTE,DNK,RENEW
159201,28161,FOR,DNK,GREEN_EFA
159201,37312,AGAINST,DNK,SD
159201,96709,ABSTENTION,DNK,RENEW
159201,101585,AGAINST,DNK,SD
159201,124872,DID_NOT_VOTE,DNK,RENEW
159201,124875,AGAINST,DNK,ID
159201,197515,ABSTENTION,DNK,EPP
159201,197558,ABSTENTION,DNK,RENEW
159201,197567,FOR,DNK,RENEW
159201,197571,ABSTENTION,DNK,GUE_NGL
159201,197573,FOR,DNK,GREEN_EFA
159201,199941,AGAINST,DNK,SD
159201,239972,ABSTENTION,DNK,RENEW
159201,239973,DID_NOT_VOTE,DNK,RENEW
159232,28161,FOR,DNK,GREEN_EFA
159232,37312,FOR,DNK,SD
159232,96709,FOR,DNK,RENEW
159232,101585,FOR,DNK,SD
159232,124872,FOR,DNK,RENEW
159232,124875,AGAINST,DNK,ID
159232,197515,FOR,DNK,EPP
159232,197558,FOR,DNK,RENEW
159232,197567,FOR,DNK,RENEW
159232,197571,FOR,DNK,GUE_NGL
159232,197573,FOR,DNK,GREEN_EFA
159232,199941,FOR,DNK,SD
159232,239972,FOR,DNK,RENEW
159232,239973,DID_NOT_VOTE,DNK,RENEW
159432,28161,AGAINST,DNK,GREEN_EFA
159432,37312,AGAINST,DNK,SD
159432,96709,AGAINST,DNK,RENEW
159432,101585,AGAINST,DNK,SD
159432,124872,DID_NOT_VOTE,DNK,RENEW
159432,124875,FOR,DNK,ID
159432,197515,AGAINST,DNK,EPP
159432,197558,AGAINST,DNK,RENEW
159432,197567,AGAINST,DNK,RENEW
159432,197571,AGAINST,DNK,GUE_NGL
159432,197573,AGAINST,DNK,GREEN_EFA
159432,199941,AGAINST,DNK,SD
159432,239972,AGAINST,DNK,RENEW
159432,239973,DID_NOT_VOTE,DNK,RENEW
159433,28161,AGAINST,DNK,GREEN_EFA
159433,37312,AGAINST,DNK,SD
159433,96709,AGAINST,DNK,RENEW
159433,101585,AGAINST,DNK,SD
159433,124872,DID_NOT_VOTE,DNK,RENEW
159433,124875,FOR,DNK,ID
159433,197515,AGAINST,DNK,EPP
159433,197558,AGAINST,DNK,RENEW
159433,197567,AGAINST,DNK,RENEW
159433,197571,AGAINST,DNK,GUE_NGL
159433,197573,AGAINST,DNK,GREEN_EFA
159433,199941,AGAINST,DNK,SD
159433,239972,AGAINST,DNK,RENEW
159433,239973,DID_NOT_VOTE,DNK,RENEW
159664,28161,ABSTENTION,DNK,GREEN_EFA
159664,37312,FOR,DNK,SD
159664,96709,FOR,DNK,RENEW
159664,101585,FOR,DNK,SD
159664,124872,DID_NOT_VOTE,DNK,RENEW
159664,124875,ABSTENTION,DNK,ID
159664,197515,FOR,DNK,EPP
159664,197558,FOR,DNK,RENEW
159664,197567,FOR,DNK,RENEW
159664,197571,ABSTENTION,DNK,GUE_NGL
159664,197573,FOR,DNK,GREEN_EFA
159664,199941,FOR,DNK,SD
159664,239972,FOR,DNK,RENEW
159664,239973,DID_NOT_VOTE,DNK,RENEW
159684,28161,FOR,DNK,GREEN_EFA
159684,37312,FOR,DNK,SD
159684,96709,FOR,DNK,RENEW
159684,101585,FOR,DNK,SD
159684,124872,DID_NOT_VOTE,DNK,RENEW
159684,124875,DID_NOT_VOTE,DNK,ID
159684,197515,FOR,DNK,EPP
159684,197558,FOR,DNK,RENEW
159684,197567,FOR,DNK,RENEW
159684,197571,FOR,DNK,GUE_NGL
159684,197573,FOR,DNK,GREEN_EFA
159684,199941,FOR,DNK,SD
159684,239972,FOR,DNK,RENEW
159684,239973,DID_NOT_VOTE,DNK,RENEW
159741,28161,FOR,DNK,GREEN_EFA
159741,37312,FOR,DNK,SD
159741,96709,FOR,DNK,RENEW
159741,101585,FOR,DNK,SD
159741,124872,FOR,DNK,RENEW
159741,124875,ABSTENTION,DNK,ID
159741,197515,FOR,DNK,EPP
159741,197558,FOR,DNK,RENEW
159741,197567,FOR,DNK,RENEW
159741,197571,FOR,DNK,GUE_NGL
159741,197573,FOR,DNK,GREEN_EFA
159741,199941,FOR,DNK,SD
159741,239972,DID_NOT_VOTE,DNK,RENEW
159741,239973,FOR,DNK,RENEW
159742,28161,FOR,DNK,GREEN_EFA
159742,37312,FOR,DNK,SD
159742,96709,FOR,DNK,RENEW
159742,101585,FOR,DNK,SD
159742,124872,FOR,DNK,RENEW
159742,124875,AGAINST,DNK,ID
159742,197515,FOR,DNK,EPP
159742,197558,FOR,DNK,RENEW
159742,197567,FOR,DNK,RENEW
159742,197571,FOR,DNK,GUE_NGL
159742,197573,FOR,DNK,GREEN_EFA
159742,199941,FOR,DNK,SD
159742,239972,DID_NOT_VOTE,DNK,RENEW
159742,239973,FOR,DNK,RENEW
159743,28161,FOR,DNK,GREEN_EFA
159743,37312,FOR,DNK,SD
159743,96709,FOR,DNK,RENEW
159743,101585,FOR,DNK,SD
159743,124872,FOR,DNK,RENEW
159743,124875,FOR,DNK,ID
159743,197515,FOR,DNK,EPP
159743,197558,FOR,DNK,RENEW
159743,197567,FOR,DNK,RENEW
159743,197571,FOR,DNK,GUE_NGL
159743,197573,FOR,DNK,GREEN_EFA
159743,199941,FOR,DNK,SD
159743,239972,DID_NOT_VOTE,DNK,RENEW
159743,239973,FOR,DNK,RENEW
159746,28161,FOR,DNK,GREEN_EFA
159746,37312,FOR,DNK,SD
159746,96709,FOR,DNK,RENEW
159746,101585,FOR,DNK,SD
159746,124872,FOR,DNK,RENEW
159746,124875,AGAINST,DNK,ID
159746,197515,FOR,DNK,EPP
159746,197558,FOR,DNK,RENEW
159746,197567,FOR,DNK,RENEW
159746,197571,FOR,DNK,GUE_NGL
159746,197573,FOR,DNK,GREEN_EFA
159746,199941,FOR,DNK,SD
159746,239972,DID_NOT_VOTE,DNK,RENEW
159746,239973,FOR,DNK,RENEW
159748,28161,FOR,DNK,GREEN_EFA
159748,37312,FOR,DNK,SD
159748,96709,FOR,DNK,RENEW
159748,101585,FOR,DNK,SD
159748,124872,FOR,DNK,RENEW
159748,124875,FOR,DNK,ID
159748,197515,FOR,DNK,EPP
159748,197558,FOR,DNK,RENEW
159748,197567,FOR,DNK,RENEW
159748,197571,AGAINST,DNK,GUE_NGL
159748,197573,FOR,DNK,GREEN_EFA
159748,199941,FOR,DNK,SD
159748,239972,DID_NOT_VOTE,DNK,RENEW
159748,239973,FOR,DNK,RENEW
159750,28161,FOR,DNK,GREEN_EFA
159750,37312,FOR,DNK,SD
159750,96709,FOR,DNK,RENEW
159750,101585,FOR,DNK,SD
159750,124872,FOR,DNK,RENEW
159750,124875,AGAINST,DNK,ID
159750,197515,FOR,DNK,EPP
159750,197558,FOR,DNK,RENEW
159750,197567,FOR,DNK,RENEW
159750,197571,FOR,DNK,GUE_NGL
159750,197573,FOR,DNK,GREEN_EFA
159750,199941,FOR,DNK,SD
159750,239972,DID_NOT_VOTE,DNK,RENEW
159750,239973,FOR,DNK,RENEW
159752,28161,FOR,DNK,GREEN_EFA
159752,37312,FOR,DNK,SD
159752,96709,FOR,DNK,RENEW
159752,101585,FOR,DNK,SD
159752,124872,FOR,DNK,RENEW
159752,124875,ABSTENTION,DNK,ID
159752,197515,FOR,DNK,EPP
159752,197558,FOR,DNK,RENEW
159752,197567,FOR,DNK,RENEW
159752,197571,FOR,DNK,GUE_NGL
159752,197573,FOR,DNK,GREEN_EFA
159752,199941,FOR,DNK,SD
159752,239972,DID_NOT_VOTE,DNK,RENEW
159752,239973,FOR,DNK,RENEW
159767,28161,FOR,DNK,GREEN_EFA
159767,37312,FOR,DNK,SD
159767,96709,FOR,DNK,RENEW
159767,101585,FOR,DNK,SD
159767,124872,FOR,DNK,RENEW
159767,124875,AGAINST,DNK,ID
159767,197515,FOR,DNK,EPP
159767,197558,ABSTENTION,DNK,RENEW
159767,197567,FOR,DNK,RENEW
159767,197571,FOR,DNK,GUE_NGL
159767,197573,FOR,DNK,GREEN_EFA
159767,199941,FOR,DNK,SD
159767,239972,DID_NOT_VOTE,DNK,RENEW
159767,239973,FOR,DNK,RENEW
159770,28161,FOR,DNK,GREEN_EFA
159770,37312,FOR,DNK,SD
159770,96709,FOR,DNK,RENEW
159770,101585,FOR,DNK,SD
159770,124872,FOR,DNK,RENEW
159770,124875,AGAINST,DNK,ID
159770,197515,FOR,DNK,EPP
159770,197558,FOR,DNK,RENEW
159770,197567,FOR,DNK,RENEW
159770,197571,FOR,DNK,GUE_NGL
159770,197573,FOR,DNK,GREEN_EFA
159770,199941,FOR,DNK,SD
159770,239972,DID_NOT_VOTE,DNK,RENEW
159770,239973,FOR,DNK,RENEW
159771,28161,FOR,DNK,GREEN_EFA
159771,37312,FOR,DNK,SD
159771,96709,FOR,DNK,RENEW
159771,101585,FOR,DNK,SD
159771,124872,FOR,DNK,RENEW
159771,124875,AGAINST,DNK,ID
159771,197515,FOR,DNK,EPP
159771,197558,FOR,DNK,RENEW
159771,197567,FOR,DNK,RENEW
159771,197571,AGAINST,DNK,GUE_NGL
159771,197573,FOR,DNK,GREEN_EFA
159771,199941,FOR,DNK,SD
159771,239972,DID_NOT_VOTE,DNK,RENEW
159771,239973,FOR,DNK,RENEW
159781,28161,FOR,DNK,GREEN_EFA
159781,37312,FOR,DNK,SD
159781,96709,ABSTENTION,DNK,RENEW
159781,101585,FOR,DNK,SD
159781,124872,FOR,DNK,RENEW
159781,124875,AGAINST,DNK,ID
159781,197515,ABSTENTION,DNK,EPP
159781,197558,ABSTENTION,DNK,RENEW
159781,197567,FOR,DNK,RENEW
159781,197571,AGAINST,DNK,GUE_NGL
159781,197573,FOR,DNK,GREEN_EFA
159781,199941,FOR,DNK,SD
159781,239972,DID_NOT_VOTE,DNK,RENEW
159781,239973,FOR,DNK,RENEW
159869,28161,AGAINST,DNK,GREEN_EFA
159869,37312,AGAINST,DNK,SD
159869,96709,FOR,DNK,RENEW
159869,101585,AGAINST,DNK,SD
159869,124872,FOR,DNK,RENEW
159869,124875,AGAINST,DNK,ID
159869,197515,FOR,DNK,EPP
159869,197558,FOR,DNK,RENEW
159869,197567,ABSTENTION,DNK,RENEW
159869,197571,AGAINST,DNK,GUE_NGL
159869,197573,AGAINST,DNK,GREEN_EFA
159869,199941,FOR,DNK,SD
159869,239972,DID_NOT_VOTE,DNK,RENEW
159869,239973,FOR,DNK,RENEW
160061,28161,FOR,DNK,GREEN_EFA
160061,37312,FOR,DNK,SD
160061,96709,FOR,DNK,RENEW
160061,101585,FOR,DNK,SD
160061,124872,FOR,DNK,RENEW
160061,124875,FOR,DNK,ID
160061,197515,FOR,DNK,EPP
160061,197558,FOR,DNK,RENEW
160061,197567,FOR,DNK,RENEW
160061,197571,FOR,DNK,GUE_NGL
160061,197573,DID_NOT_VOTE,DNK,GREEN_EFA
160061,199941,FOR,DNK,SD
160061,239972,FOR,DNK,RENEW
160061,239973,FOR,DNK,RENEW
160062,28161,FOR,DNK,GREEN_EFA
160062,37312,FOR,DNK,SD
160062,96709,FOR,DNK,RENEW
160062,101585,FOR,DNK,SD
160062,124872,DID_NOT_VOTE,DNK,RENEW
160062,124875,ABSTENTION,DNK,ID
160062,197515,FOR,DNK,EPP
160062,197558,DID_NOT_VOTE,DNK,RENEW
160062,197567,FOR,DNK,RENEW
160062,197571,FOR,DNK,GUE_NGL
160062,197573,DID_NOT_VOTE,DNK,GREEN_EFA
160062,199941,FOR,DNK,SD
160062,239972,FOR,DNK,RENEW
160062,239973,FOR,DNK,RENEW
160063,28161,FOR,DNK,GREEN_EFA
160063,37312,AGAINST,DNK,SD
160063,96709,ABSTENTION,DNK,RENEW
160063,101585,AGAINST,DNK,SD
160063,124872,FOR,DNK,RENEW
160063,124875,AGAINST,DNK,ID
160063,197515,FOR,DNK,EPP
160063,197558,ABSTENTION,DNK,RENEW
160063,197567,FOR,DNK,RENEW
160063,197571,FOR,DNK,GUE_NGL
160063,197573,DID_NOT_VOTE,DNK,GREEN_EFA
160063,199941,AGAINST,DNK,SD
160063,239972,ABSTENTION,DNK,RENEW
160063,239973,FOR,DNK,RENEW
160064,28161,FOR,DNK,GREEN_EFA
160064,37312,FOR,DNK,SD
160064,96709,FOR,DNK,RENEW
160064,101585,FOR,DNK,SD
160064,124872,FOR,DNK,RENEW
160064,124875,FOR,DNK,ID
160064,197515,FOR,DNK,EPP
160064,197558,FOR,DNK,RENEW
160064,197567,FOR,DNK,RENEW
160064,197571,AGAINST,DNK,GUE_NGL
160064,197573,DID_NOT_VOTE,DNK,GREEN_EFA
160064,199941,FOR,DNK,SD
160064,239972,FOR,DNK,RENEW
160064,239973,FOR,DNK,RENEW
160065,28161,FOR,DNK,GREEN_EFA
160065,37312,FOR,DNK,SD
160065,96709,FOR,DNK,RENEW
160065,101585,FOR,DNK,SD
160065,124872,DID_NOT_VOTE,DNK,RENEW
160065,124875,AGAINST,DNK,ID
160065,197515,FOR,DNK,EPP
160065,197558,DID_NOT_VOTE,DNK,RENEW
160065,197567,FOR,DNK,RENEW
160065,197571,AGAINST,DNK,GUE_NGL
160065,197573,DID_NOT_VOTE,DNK,GREEN_EFA
160065,199941,FOR,DNK,SD
160065,239972,FOR,DNK,RENEW
160065,239973,FOR,DNK,RENEW
160066,28161,FOR,DNK,GREEN_EFA
160066,37312,FOR,DNK,SD
160066,96709,FOR,DNK,RENEW
160066,101585,FOR,DNK,SD
160066,124872,DID_NOT_VOTE,DNK,RENEW
160066,124875,AGAINST,DNK,ID
160066,197515,FOR,DNK,EPP
160066,197558,DID_NOT_VOTE,DNK,RENEW
160066,197567,FOR,DNK,RENEW
160066,197571,FOR,DNK,GUE_NGL
160066,197573,DID_NOT_VOTE,DNK,GREEN_EFA
160066,199941,FOR,DNK,SD
160066,239972,FOR,DNK,RENEW
160066,239973,FOR,DNK,RENEW
160067,28161,FOR,DNK,GREEN_EFA
160067,37312,FOR,DNK,SD
160067,96709,FOR,DNK,RENEW
160067,101585,FOR,DNK,SD
160067,124872,FOR,DNK,RENEW
160067,124875,FOR,DNK,ID
160067,197515,FOR,DNK,EPP
160067,197558,DID_NOT_VOTE,DNK,RENEW
160067,197567,FOR,DNK,RENEW
160067,197571,FOR,DNK,GUE_NGL
160067,197573,DID_NOT_VOTE,DNK,GREEN_EFA
160067,199941,FOR,DNK,SD
160067,239972,FOR,DNK,RENEW
160067,239973,FOR,DNK,RENEW
160068,28161,FOR,DNK,GREEN_EFA
160068,37312,FOR,DNK,SD
160068,96709,FOR,DNK,RENEW
160068,101585,FOR,DNK,SD
160068,124872,FOR,DNK,RENEW
160068,124875,ABSTENTION,DNK,ID
160068,197515,FOR,DNK,EPP
160068,197558,FOR,DNK,RENEW
160068,197567,FOR,DNK,RENEW
160068,197571,FOR,DNK,GUE_NGL
160068,197573,DID_NOT_VOTE,DNK,GREEN_EFA
160068,199941,FOR,DNK,SD
160068,239972,FOR,DNK,RENEW
160068,239973,FOR,DNK,RENEW
160069,28161,FOR,DNK,GREEN_EFA
160069,37312,FOR,DNK,SD
160069,96709,FOR,DNK,RENEW
160069,101585,FOR,DNK,SD
160069,124872,FOR,DNK,RENEW
160069,124875,FOR,DNK,ID
160069,197515,FOR,DNK,EPP
160069,197558,FOR,DNK,RENEW
160069,197567,FOR,DNK,RENEW
160069,197571,FOR,DNK,GUE_NGL
160069,197573,DID_NOT_VOTE,DNK,GREEN_EFA
160069,199941,FOR,DNK,SD
160069,239972,FOR,DNK,RENEW
160069,239973,FOR,DNK,RENEW
160070,28161,FOR,DNK,GREEN_EFA
160070,37312,FOR,DNK,SD
160070,96709,FOR,DNK,RENEW
160070,101585,FOR,DNK,SD
160070,124872,DID_NOT_VOTE,DNK,RENEW
160070,124875,ABSTENTION,DNK,ID
160070,197515,FOR,DNK,EPP
160070,197558,DID_NOT_VOTE,DNK,RENEW
160070,197567,FOR,DNK,RENEW
160070,197571,ABSTENTION,DNK,GUE_NGL
160070,197573,DID_NOT_VOTE,DNK,GREEN_EFA
160070,199941,FOR,DNK,SD
160070,239972,FOR,DNK,RENEW
160070,239973,FOR,DNK,RENEW
160076,28161,FOR,DNK,GREEN_EFA
160076,37312,FOR,DNK,SD
160076,96709,AGAINST,DNK,RENEW
160076,101585,FOR,DNK,SD
160076,124872,DID_NOT_VOTE,DNK,RENEW
160076,124875,AGAINST,DNK,ID
160076,197515,AGAINST,DNK,EPP
160076,197558,DID_NOT_VOTE,DNK,RENEW
160076,197567,FOR,DNK,RENEW
160076,197571,FOR,DNK,GUE_NGL
160076,197573,DID_NOT_VOTE,DNK,GREEN_EFA
160076,199941,FOR,DNK,SD
160076,239972,AGAINST,DNK,RENEW
160076,239973,ABSTENTION,DNK,RENEW
160078,28161,FOR,DNK,GREEN_EFA
160078,37312,FOR,DNK,SD
160078,96709,FOR,DNK,RENEW
160078,101585,FOR,DNK,SD
160078,124872,FOR,DNK,RENEW
160078,124875,FOR,DNK,ID
160078,197515,FOR,DNK,EPP
160078,197558,FOR,DNK,RENEW
160078,197567,FOR,DNK,RENEW
160078,197571,FOR,DNK,GUE_NGL
160078,197573,DID_NOT_VOTE,DNK,GREEN_EFA
160078,199941,FOR,DNK,SD
160078,239972,FOR,DNK,RENEW
160078,239973,FOR,DNK,RENEW
160083,28161,ABSTENTION,DNK,GREEN_EFA
160083,37312,FOR,DNK,SD
160083,96709,FOR,DNK,RENEW
160083,101585,FOR,DNK,SD
160083,124872,FOR,DNK,RENEW
160083,124875,FOR,DNK,ID
160083,197515,FOR,DNK,EPP
160083,197558,FOR,DNK,RENEW
160083,197567,ABSTENTION,DNK,RENEW
160083,197571,AGAINST,DNK,GUE_NGL
160083,197573,DID_NOT_VOTE,DNK,GREEN_EFA
160083,199941,FOR,DNK,SD
160083,239972,FOR,DNK,RENEW
160083,239973,DID_NOT_VOTE,DNK,RENEW
160105,28161,FOR,DNK,GREEN_EFA
160105,37312,FOR,DNK,SD
160105,96709,FOR,DNK,RENEW
160105,101585,FOR,DNK,SD
160105,124872,FOR,DNK,RENEW
160105,124875,AGAINST,DNK,ID
160105,197515,FOR,DNK,EPP
160105,197558,FOR,DNK,RENEW
160105,197567,FOR,DNK,RENEW
160105,197571,AGAINST,DNK,GUE_NGL
160105,197573,DID_NOT_VOTE,DNK,GREEN_EFA
160105,199941,FOR,DNK,SD
160105,239972,FOR,DNK,RENEW
160105,239973,FOR,DNK,RENEW
160107,28161,FOR,DNK,GREEN_EFA
160107,37312,FOR,DNK,SD
160107,96709,FOR,DNK,RENEW
160107,101585,FOR,DNK,SD
160107,124872,DID_NOT_VOTE,DNK,RENEW
160107,124875,FOR,DNK,ID
160107,197515,FOR,DNK,EPP
160107,197558,DID_NOT_VOTE,DNK,RENEW
160107,197567,FOR,DNK,RENEW
160107,197571,FOR,DNK,GUE_NGL
160107,197573,DID_NOT_VOTE,DNK,GREEN_EFA
160107,199941,FOR,DNK,SD
160107,239972,FOR,DNK,RENEW
160107,239973,FOR,DNK,RENEW
160109,28161,FOR,DNK,GREEN_EFA
160109,37312,FOR,DNK,SD
160109,96709,FOR,DNK,RENEW
160109,101585,FOR,DNK,SD
160109,124872,DID_NOT_VOTE,DNK,RENEW
160109,124875,FOR,DNK,ID
160109,197515,FOR,DNK,EPP
160109,197558,DID_NOT_VOTE,DNK,RENEW
160109,197567,FOR,DNK,RENEW
160109,197571,FOR,DNK,GUE_NGL
160109,197573,DID_NOT_VOTE,DNK,GREEN_EFA
160109,199941,FOR,DNK,SD
160109,239972,FOR,DNK,RENEW
160109,239973,FOR,DNK,RENEW
160111,28161,FOR,DNK,GREEN_EFA
160111,37312,FOR,DNK,SD
160111,96709,FOR,DNK,RENEW
160111,101585,FOR,DNK,SD
160111,124872,FOR,DNK,RENEW
160111,124875,ABSTENTION,DNK,ID
160111,197515,FOR,DNK,EPP
160111,197558,FOR,DNK,RENEW
160111,197567,FOR,DNK,RENEW
160111,197571,FOR,DNK,GUE_NGL
160111,197573,DID_NOT_VOTE,DNK,GREEN_EFA
160111,199941,FOR,DNK,SD
160111,239972,FOR,DNK,RENEW
160111,239973,FOR,DNK,RENEW
160117,28161,FOR,DNK,GREEN_EFA
160117,37312,FOR,DNK,SD
160117,96709,AGAINST,DNK,RENEW
160117,101585,FOR,DNK,SD
160117,124872,FOR,DNK,RENEW
160117,124875,AGAINST,DNK,ID
160117,197515,AGAINST,DNK,EPP
160117,197558,AGAINST,DNK,RENEW
160117,197567,FOR,DNK,RENEW
160117,197571,FOR,DNK,GUE_NGL
160117,197573,DID_NOT_VOTE,DNK,GREEN_EFA
160117,199941,FOR,DNK,SD
160117,239972,AGAINST,DNK,RENEW
160117,239973,FOR,DNK,RENEW
160129,28161,FOR,DNK,GREEN_EFA
160129,37312,FOR,DNK,SD
160129,96709,FOR,DNK,RENEW
160129,101585,FOR,DNK,SD
160129,124872,FOR,DNK,RENEW
160129,124875,FOR,DNK,ID
160129,197515,FOR,DNK,EPP
160129,197558,FOR,DNK,RENEW
160129,197567,FOR,DNK,RENEW
160129,197571,ABSTENTION,DNK,GUE_NGL
160129,197573,DID_NOT_VOTE,DNK,GREEN_EFA
160129,199941,FOR,DNK,SD
160129,239972,FOR,DNK,RENEW
160129,239973,FOR,DNK,RENEW
160132,28161,FOR,DNK,GREEN_EFA
160132,37312,FOR,DNK,SD
160132,96709,FOR,DNK,RENEW
160132,101585,FOR,DNK,SD
160132,124872,FOR,DNK,RENEW
160132,124875,AGAINST,DNK,ID
160132,197515,FOR,DNK,EPP
160132,197558,FOR,DNK,RENEW
160132,197567,FOR,DNK,RENEW
160132,197571,FOR,DNK,GUE_NGL
160132,197573,DID_NOT_VOTE,DNK,GREEN_EFA
160132,199941,FOR,DNK,SD
160132,239972,FOR,DNK,RENEW
160132,239973,FOR,DNK,RENEW
160134,28161,FOR,DNK,GREEN_EFA
160134,37312,FOR,DNK,SD
160134,96709,ABSTENTION,DNK,RENEW
160134,101585,FOR,DNK,SD
160134,124872,FOR,DNK,RENEW
160134,124875,AGAINST,DNK,ID
160134,197515,AGAINST,DNK,EPP
160134,197558,ABSTENTION,DNK,RENEW
160134,197567,FOR,DNK,RENEW
160134,197571,FOR,DNK,GUE_NGL
160134,197573,DID_NOT_VOTE,DNK,GREEN_EFA
160134,199941,FOR,DNK,SD
160134,239972,ABSTENTION,DNK,RENEW
160134,239973,FOR,DNK,RENEW
160139,28161,FOR,DNK,GREEN_EFA
160139,37312,FOR,DNK,SD
160139,96709,FOR,DNK,RENEW
160139,101585,FOR,DNK,SD
160139,124872,FOR,DNK,RENEW
160139,124875,FOR,DNK,ID
160139,197515,FOR,DNK,EPP
160139,197558,FOR,DNK,RENEW
160139,197567,FOR,DNK,RENEW
160139,197571,FOR,DNK,GUE_NGL
160139,197573,DID_NOT_VOTE,DNK,GREEN_EFA
160139,199941,FOR,DNK,SD
160139,239972,FOR,DNK,RENEW
160139,239973,FOR,DNK,RENEW
160141,28161,FOR,DNK,GREEN_EFA
160141,37312,FOR,DNK,SD
160141,96709,FOR,DNK,RENEW
160141,101585,FOR,DNK,SD
160141,124872,DID_NOT_VOTE,DNK,RENEW
160141,124875,AGAINST,DNK,ID
160141,197515,FOR,DNK,EPP
160141,197558,DID_NOT_VOTE,DNK,RENEW
160141,197567,AGAINST,DNK,RENEW
160141,197571,FOR,DNK,GUE_NGL
160141,197573,DID_NOT_VOTE,DNK,GREEN_EFA
160141,199941,FOR,DNK,SD
160141,239972,FOR,DNK,RENEW
160141,239973,FOR,DNK,RENEW
160143,28161,FOR,DNK,GREEN_EFA
160143,37312,FOR,DNK,SD
160143,96709,FOR,DNK,RENEW
160143,101585,FOR,DNK,SD
160143,124872,FOR,DNK,RENEW
160143,124875,AGAINST,DNK,ID
160143,197515,FOR,DNK,EPP
160143,197558,FOR,DNK,RENEW
160143,197567,FOR,DNK,RENEW
160143,197571,FOR,DNK,GUE_NGL
160143,197573,DID_NOT_VOTE,DNK,GREEN_EFA
160143,199941,FOR,DNK,SD
160143,239972,FOR,DNK,RENEW
160143,239973,FOR,DNK,RENEW
160195,28161,AGAINST,DNK,GREEN_EFA
160195,37312,FOR,DNK,SD
160195,96709,FOR,DNK,RENEW
160195,101585,FOR,DNK,SD
160195,124872,FOR,DNK,RENEW
160195,124875,ABSTENTION,DNK,ID
160195,197515,FOR,DNK,EPP
160195,197558,FOR,DNK,RENEW
160195,197567,FOR,DNK,RENEW
160195,197571,AGAINST,DNK,GUE_NGL
160195,197573,DID_NOT_VOTE,DNK,GREEN_EFA
160195,199941,FOR,DNK,SD
160195,239972,FOR,DNK,RENEW
160195,239973,FOR,DNK,RENEW
160246,28161,FOR,DNK,GREEN_EFA
160246,37312,FOR,DNK,SD
160246,96709,FOR,DNK,RENEW
160246,101585,FOR,DNK,SD
160246,124872,FOR,DNK,RENEW
160246,124875,ABSTENTION,DNK,ID
160246,197515,FOR,DNK,EPP
160246,197558,FOR,DNK,RENEW
160246,197567,FOR,DNK,RENEW
160246,197571,FOR,DNK,GUE_NGL
160246,197573,DID_NOT_VOTE,DNK,GREEN_EFA
160246,199941,FOR,DNK,SD
160246,239972,FOR,DNK,RENEW
160246,239973,FOR,DNK,RENEW
160262,28161,FOR,DNK,GREEN_EFA
160262,37312,AGAINST,DNK,SD
160262,96709,ABSTENTION,DNK,RENEW
160262,101585,AGAINST,DNK,SD
160262,124872,DID_NOT_VOTE,DNK,RENEW
160262,124875,ABSTENTION,DNK,ID
160262,197515,ABSTENTION,DNK,EPP
160262,197558,DID_NOT_VOTE,DNK,RENEW
160262,197567,FOR,DNK,RENEW
160262,197571,FOR,DNK,GUE_NGL
160262,197573,DID_NOT_VOTE,DNK,GREEN_EFA
160262,199941,AGAINST,DNK,SD
160262,239972,ABSTENTION,DNK,RENEW
160262,239973,FOR,DNK,RENEW
160265,28161,FOR,DNK,GREEN_EFA
160265,37312,FOR,DNK,SD
160265,96709,FOR,DNK,RENEW
160265,101585,FOR,DNK,SD
160265,124872,FOR,DNK,RENEW
160265,124875,AGAINST,DNK,ID
160265,197515,FOR,DNK,EPP
160265,197558,FOR,DNK,RENEW
160265,197567,FOR,DNK,RENEW
160265,197571,FOR,DNK,GUE_NGL
160265,197573,DID_NOT_VOTE,DNK,GREEN_EFA
160265,199941,FOR,DNK,SD
160265,239972,FOR,DNK,RENEW
160265,239973,FOR,DNK,RENEW
160292,28161,FOR,DNK,GREEN_EFA
160292,37312,FOR,DNK,SD
160292,96709,FOR,DNK,RENEW
160292,101585,FOR,DNK,SD
160292,124872,FOR,DNK,RENEW
160292,124875,AGAINST,DNK,ID
160292,197515,FOR,DNK,EPP
160292,197558,DID_NOT_VOTE,DNK,RENEW
160292,197567,FOR,DNK,RENEW
160292,197571,FOR,DNK,GUE_NGL
160292,197573,DID_NOT_VOTE,DNK,GREEN_EFA
160292,199941,FOR,DNK,SD
160292,239972,FOR,DNK,RENEW
160292,239973,FOR,DNK,RENEW
160487,28161,FOR,DNK,GREEN_EFA
160487,37312,AGAINST,DNK,SD
160487,96709,AGAINST,DNK,RENEW
160487,101585,AGAINST,DNK,SD
160487,124872,FOR,DNK,RENEW
160487,124875,AGAINST,DNK,ID
160487,197515,AGAINST,DNK,EPP
160487,197558,AGAINST,DNK,RENEW
160487,197567,FOR,DNK,RENEW
160487,197571,AGAINST,DNK,GUE_NGL
160487,197573,DID_NOT_VOTE,DNK,GREEN_EFA
160487,199941,AGAINST,DNK,SD
160487,239972,AGAINST,DNK,RENEW
160487,239973,AGAINST,DNK,RENEW
160802,28161,FOR,DNK,GREEN_EFA
160802,37312,FOR,DNK,SD
160802,96709,FOR,DNK,RENEW
160802,101585,FOR,DNK,SD
160802,124872,FOR,DNK,RENEW
160802,124875,FOR,DNK,ID
160802,197515,FOR,DNK,EPP
160802,197558,FOR,DNK,RENEW
160802,197567,FOR,DNK,RENEW
160802,197571,FOR,DNK,GUE_NGL
160802,197573,DID_NOT_VOTE,DNK,GREEN_EFA
160802,199941,FOR,DNK,SD
160802,239972,FOR,DNK,RENEW
160802,239973,FOR,DNK,RENEW
161196,28161,FOR,DNK,GREEN_EFA
161196,37312,FOR,DNK,SD
161196,96709,FOR,DNK,RENEW
161196,101585,FOR,DNK,SD
161196,124872,FOR,DNK,RENEW
161196,124875,FOR,DNK,ID
161196,197515,FOR,DNK,EPP
161196,197558,FOR,DNK,RENEW
161196,197567,FOR,DNK,RENEW
161196,197571,AGAINST,DNK,GUE_NGL
161196,197573,DID_NOT_VOTE,DNK,GREEN_EFA
161196,199941,FOR,DNK,SD
161196,239972,FOR,DNK,RENEW
161196,239973,FOR,DNK,RENEW
161197,28161,FOR,DNK,GREEN_EFA
161197,37312,FOR,DNK,SD
161197,96709,FOR,DNK,RENEW
161197,101585,FOR,DNK,SD
161197,124872,FOR,DNK,RENEW
161197,124875,AGAINST,DNK,ID
161197,197515,FOR,DNK,EPP
161197,197558,FOR,DNK,RENEW
161197,197567,FOR,DNK,RENEW
161197,197571,ABSTENTION,DNK,GUE_NGL
161197,197573,DID_NOT_VOTE,DNK,GREEN_EFA
161197,199941,FOR,DNK,SD
161197,239972,FOR,DNK,RENEW
161197,239973,FOR,DNK,RENEW
161198,28161,FOR,DNK,GREEN_EFA
161198,37312,FOR,DNK,SD
161198,96709,FOR,DNK,RENEW
161198,101585,FOR,DNK,SD
161198,124872,FOR,DNK,RENEW
161198,124875,AGAINST,DNK,ID
161198,197515,FOR,DNK,EPP
161198,197558,FOR,DNK,RENEW
161198,197567,FOR,DNK,RENEW
161198,197571,FOR,DNK,GUE_NGL
161198,197573,DID_NOT_VOTE,DNK,GREEN_EFA
161198,199941,FOR,DNK,SD
161198,239972,FOR,DNK,RENEW
161198,239973,FOR,DNK,RENEW
161201,28161,FOR,DNK,GREEN_EFA
161201,37312,FOR,DNK,SD
161201,96709,FOR,DNK,RENEW
161201,101585,FOR,DNK,SD
161201,124872,DID_NOT_VOTE,DNK,RENEW
161201,124875,AGAINST,DNK,ID
161201,197515,FOR,DNK,EPP
161201,197558,DID_NOT_VOTE,DNK,RENEW
161201,197567,FOR,DNK,RENEW
161201,197571,FOR,DNK,GUE_NGL
161201,197573,DID_NOT_VOTE,DNK,GREEN_EFA
161201,199941,FOR,DNK,SD
161201,239972,FOR,DNK,RENEW
161201,239973,FOR,DNK,RENEW
161383,28161,AGAINST,DNK,GREEN_EFA
161383,37312,FOR,DNK,SD
161383,96709,FOR,DNK,RENEW
161383,101585,FOR,DNK,SD
161383,124872,FOR,DNK,RENEW
161383,124875,FOR,DNK,ID
161383,197515,FOR,DNK,EPP
161383,197558,FOR,DNK,RENEW
161383,197567,FOR,DNK,RENEW
161383,197571,AGAINST,DNK,GUE_NGL
161383,197573,DID_NOT_VOTE,DNK,GREEN_EFA
161383,199941,FOR,DNK,SD
161383,239972,FOR,DNK,RENEW
161383,239973,FOR,DNK,RENEW
161384,28161,FOR,DNK,GREEN_EFA
161384,37312,FOR,DNK,SD
161384,96709,FOR,DNK,RENEW
161384,101585,FOR,DNK,SD
161384,124872,FOR,DNK,RENEW
161384,124875,FOR,DNK,ID
161384,197515,FOR,DNK,EPP
161384,197558,FOR,DNK,RENEW
161384,197567,FOR,DNK,RENEW
161384,197571,FOR,DNK,GUE_NGL
161384,197573,DID_NOT_VOTE,DNK,GREEN_EFA
161384,199941,FOR,DNK,SD
161384,239972,FOR,DNK,RENEW
161384,239973,FOR,DNK,RENEW
161821,28161,AGAINST,DNK,GREEN_EFA
161821,37312,AGAINST,DNK,SD
161821,96709,FOR,DNK,RENEW
161821,101585,AGAINST,DNK,SD
161821,124872,ABSTENTION,DNK,RENEW
161821,124875,AGAINST,DNK,ID
161821,197515,FOR,DNK,EPP
161821,197558,FOR,DNK,RENEW
161821,197567,AGAINST,DNK,RENEW
161821,197571,AGAINST,DNK,GUE_NGL
161821,197573,DID_NOT_VOTE,DNK,GREEN_EFA
161821,199941,AGAINST,DNK,SD
161821,239972,FOR,DNK,RENEW
161821,239973,ABSTENTION,DNK,RENEW
161863,28161,FOR,DNK,GREEN_EFA
161863,37312,FOR,DNK,SD
161863,96709,FOR,DNK,RENEW
161863,101585,FOR,DNK,SD
161863,124872,DID_NOT_VOTE,DNK,RENEW
161863,124875,ABSTENTION,DNK,ID
161863,197515,FOR,DNK,EPP
161863,197558,DID_NOT_VOTE,DNK,RENEW
161863,197567,FOR,DNK,RENEW
161863,197571,FOR,DNK,GUE_NGL
161863,197573,DID_NOT_VOTE,DNK,GREEN_EFA
161863,199941,FOR,DNK,SD
161863,239972,FOR,DNK,RENEW
161863,239973,FOR,DNK,RENEW
161866,28161,FOR,DNK,GREEN_EFA
161866,37312,FOR,DNK,SD
161866,96709,FOR,DNK,RENEW
161866,101585,FOR,DNK,SD
161866,124872,DID_NOT_VOTE,DNK,RENEW
161866,124875,ABSTENTION,DNK,ID
161866,197515,FOR,DNK,EPP
161866,197558,DID_NOT_VOTE,DNK,RENEW
161866,197567,FOR,DNK,RENEW
161866,197571,FOR,DNK,GUE_NGL
161866,197573,DID_NOT_VOTE,DNK,GREEN_EFA
161866,199941,FOR,DNK,SD
161866,239972,FOR,DNK,RENEW
161866,239973,FOR,DNK,RENEW
161873,28161,FOR,DNK,GREEN_EFA
161873,37312,FOR,DNK,SD
161873,96709,FOR,DNK,RENEW
161873,101585,FOR,DNK,SD
161873,124872,DID_NOT_VOTE,DNK,RENEW
161873,124875,ABSTENTION,DNK,ID
161873,197515,FOR,DNK,EPP
161873,197558,DID_NOT_VOTE,DNK,RENEW
161873,197567,FOR,DNK,RENEW
161873,197571,FOR,DNK,GUE_NGL
161873,197573,DID_NOT_VOTE,DNK,GREEN_EFA
161873,199941,FOR,DNK,SD
161873,239972,FOR,DNK,RENEW
161873,239973,FOR,DNK,RENEW
162142,28161,FOR,DNK,GREEN_EFA
162142,37312,FOR,DNK,SD
162142,96709,FOR,DNK,RENEW
162142,101585,FOR,DNK,SD
162142,124872,DID_NOT_VOTE,DNK,RENEW
162142,124875,FOR,DNK,ID
162142,197515,FOR,DNK,EPP
162142,197558,FOR,DNK,RENEW
162142,197567,FOR,DNK,RENEW
162142,197571,DID_NOT_VOTE,DNK,GUE_NGL
162142,197573,FOR,DNK,GREEN_EFA
162142,199941,FOR,DNK,SD
162142,239972,FOR,DNK,RENEW
162142,239973,FOR,DNK,RENEW
162145,28161,FOR,DNK,GREEN_EFA
162145,37312,AGAINST,DNK,SD
162145,96709,AGAINST,DNK,RENEW
162145,101585,DID_NOT_VOTE,DNK,SD
162145,124872,FOR,DNK,RENEW
162145,124875,AGAINST,DNK,ID
162145,197515,ABSTENTION,DNK,EPP
162145,197558,AGAINST,DNK,RENEW
162145,197567,FOR,DNK,RENEW
162145,197571,DID_NOT_VOTE,DNK,GUE_NGL
162145,197573,FOR,DNK,GREEN_EFA
162145,199941,AGAINST,DNK,SD
162145,239972,AGAINST,DNK,RENEW
162145,239973,AGAINST,DNK,RENEW
162146,28161,FOR,DNK,GREEN_EFA
162146,37312,FOR,DNK,SD
162146,96709,FOR,DNK,RENEW
162146,101585,FOR,DNK,SD
162146,124872,FOR,DNK,RENEW
162146,124875,AGAINST,DNK,ID
162146,197515,FOR,DNK,EPP
162146,197558,FOR,DNK,RENEW
162146,197567,FOR,DNK,RENEW
162146,197571,DID_NOT_VOTE,DNK,GUE_NGL
162146,197573,FOR,DNK,GREEN_EFA
162146,199941,FOR,DNK,SD
162146,239972,FOR,DNK,RENEW
162146,239973,FOR,DNK,RENEW
162153,28161,FOR,DNK,GREEN_EFA
162153,37312,FOR,DNK,SD
162153,96709,AGAINST,DNK,RENEW
162153,101585,FOR,DNK,SD
162153,124872,DID_NOT_VOTE,DNK,RENEW
162153,124875,AGAINST,DNK,ID
162153,197515,AGAINST,DNK,EPP
162153,197558,AGAINST,DNK,RENEW
162153,197567,FOR,DNK,RENEW
162153,197571,DID_NOT_VOTE,DNK,GUE_NGL
162153,197573,FOR,DNK,GREEN_EFA
162153,199941,FOR,DNK,SD
162153,239972,AGAINST,DNK,RENEW
162153,239973,AGAINST,DNK,RENEW
162154,28161,FOR,DNK,GREEN_EFA
162154,37312,FOR,DNK,SD
162154,96709,FOR,DNK,RENEW
162154,101585,DID_NOT_VOTE,DNK,SD
162154,124872,FOR,DNK,RENEW
162154,124875,ABSTENTION,DNK,ID
162154,197515,FOR,DNK,EPP
162154,197558,FOR,DNK,RENEW
162154,197567,FOR,DNK,RENEW
162154,197571,DID_NOT_VOTE,DNK,GUE_NGL
162154,197573,FOR,DNK,GREEN_EFA
162154,199941,FOR,DNK,SD
162154,239972,DID_NOT_VOTE,DNK,RENEW
162154,239973,FOR,DNK,RENEW
162155,28161,FOR,DNK,GREEN_EFA
162155,37312,AGAINST,DNK,SD
162155,96709,FOR,DNK,RENEW
162155,101585,AGAINST,DNK,SD
162155,124872,DID_NOT_VOTE,DNK,RENEW
162155,124875,AGAINST,DNK,ID
162155,197515,FOR,DNK,EPP
162155,197558,FOR,DNK,RENEW
162155,197567,FOR,DNK,RENEW
162155,197571,DID_NOT_VOTE,DNK,GUE_NGL
162155,197573,FOR,DNK,GREEN_EFA
162155,199941,AGAINST,DNK,SD
162155,239972,FOR,DNK,RENEW
162155,239973,FOR,DNK,RENEW
162156,28161,FOR,DNK,GREEN_EFA
162156,37312,FOR,DNK,SD
162156,96709,FOR,DNK,RENEW
162156,101585,FOR,DNK,SD
162156,124872,DID_NOT_VOTE,DNK,RENEW
162156,124875,FOR,DNK,ID
162156,197515,FOR,DNK,EPP
162156,197558,FOR,DNK,RENEW
162156,197567,FOR,DNK,RENEW
162156,197571,DID_NOT_VOTE,DNK,GUE_NGL
162156,197573,FOR,DNK,GREEN_EFA
162156,199941,FOR,DNK,SD
162156,239972,FOR,DNK,RENEW
162156,239973,FOR,DNK,RENEW
162157,28161,FOR,DNK,GREEN_EFA
162157,37312,FOR,DNK,SD
162157,96709,FOR,DNK,RENEW
162157,101585,FOR,DNK,SD
162157,124872,DID_NOT_VOTE,DNK,RENEW
162157,124875,FOR,DNK,ID
162157,197515,FOR,DNK,EPP
162157,197558,FOR,DNK,RENEW
162157,197567,FOR,DNK,RENEW
162157,197571,DID_NOT_VOTE,DNK,GUE_NGL
162157,197573,FOR,DNK,GREEN_EFA
162157,199941,FOR,DNK,SD
162157,239972,FOR,DNK,RENEW
162157,239973,FOR,DNK,RENEW
162158,28161,FOR,DNK,GREEN_EFA
162158,37312,FOR,DNK,SD
162158,96709,FOR,DNK,RENEW
162158,101585,FOR,DNK,SD
162158,124872,DID_NOT_VOTE,DNK,RENEW
162158,124875,AGAINST,DNK,ID
162158,197515,FOR,DNK,EPP
162158,197558,FOR,DNK,RENEW
162158,197567,FOR,DNK,RENEW
162158,197571,DID_NOT_VOTE,DNK,GUE_NGL
162158,197573,FOR,DNK,GREEN_EFA
162158,199941,FOR,DNK,SD
162158,239972,FOR,DNK,RENEW
162158,239973,FOR,DNK,RENEW
162160,28161,FOR,DNK,GREEN_EFA
162160,37312,FOR,DNK,SD
162160,96709,FOR,DNK,RENEW
162160,101585,FOR,DNK,SD
162160,124872,FOR,DNK,RENEW
162160,124875,ABSTENTION,DNK,ID
162160,197515,FOR,DNK,EPP
162160,197558,FOR,DNK,RENEW
162160,197567,FOR,DNK,RENEW
162160,197571,DID_NOT_VOTE,DNK,GUE_NGL
162160,197573,FOR,DNK,GREEN_EFA
162160,199941,FOR,DNK,SD
162160,239972,FOR,DNK,RENEW
162160,239973,FOR,DNK,RENEW
162183,28161,FOR,DNK,GREEN_EFA
162183,37312,FOR,DNK,SD
162183,96709,FOR,DNK,RENEW
162183,101585,FOR,DNK,SD
162183,124872,DID_NOT_VOTE,DNK,RENEW
162183,124875,AGAINST,DNK,ID
162183,197515,FOR,DNK,EPP
162183,197558,FOR,DNK,RENEW
162183,197567,FOR,DNK,RENEW
162183,197571,DID_NOT_VOTE,DNK,GUE_NGL
162183,197573,FOR,DNK,GREEN_EFA
162183,199941,FOR,DNK,SD
162183,239972,FOR,DNK,RENEW
162183,239973,FOR,DNK,RENEW
162190,28161,FOR,DNK,GREEN_EFA
162190,37312,AGAINST,DNK,SD
162190,96709,ABSTENTION,DNK,RENEW
162190,101585,AGAINST,DNK,SD
162190,124872,DID_NOT_VOTE,DNK,RENEW
162190,124875,AGAINST,DNK,ID
162190,197515,FOR,DNK,EPP
162190,197558,ABSTENTION,DNK,RENEW
162190,197567,FOR,DNK,RENEW
162190,197571,DID_NOT_VOTE,DNK,GUE_NGL
162190,197573,FOR,DNK,GREEN_EFA
162190,199941,AGAINST,DNK,SD
162190,239972,ABSTENTION,DNK,RENEW
162190,239973,ABSTENTION,DNK,RENEW
162192,28161,FOR,DNK,GREEN_EFA
162192,37312,FOR,DNK,SD
162192,96709,FOR,DNK,RENEW
162192,101585,FOR,DNK,SD
162192,124872,DID_NOT_VOTE,DNK,RENEW
162192,124875,AGAINST,DNK,ID
162192,197515,FOR,DNK,EPP
162192,197558,FOR,DNK,RENEW
162192,197567,FOR,DNK,RENEW
162192,197571,DID_NOT_VOTE,DNK,GUE_NGL
162192,197573,FOR,DNK,GREEN_EFA
162192,199941,FOR,DNK,SD
162192,239972,FOR,DNK,RENEW
162192,239973,FOR,DNK,RENEW
162202,28161,FOR,DNK,GREEN_EFA
162202,37312,FOR,DNK,SD
162202,96709,FOR,DNK,RENEW
162202,101585,FOR,DNK,SD
162202,124872,FOR,DNK,RENEW
162202,124875,AGAINST,DNK,ID
162202,197515,AGAINST,DNK,EPP
162202,197558,FOR,DNK,RENEW
162202,197567,FOR,DNK,RENEW
162202,197571,FOR,DNK,GUE_NGL
162202,197573,FOR,DNK,GREEN_EFA
162202,199941,FOR,DNK,SD
162202,239972,FOR,DNK,RENEW
162202,239973,FOR,DNK,RENEW
162204,28161,FOR,DNK,GREEN_EFA
162204,37312,FOR,DNK,SD
162204,96709,FOR,DNK,RENEW
162204,101585,AGAINST,DNK,SD
162204,124872,DID_NOT_VOTE,DNK,RENEW
162204,124875,AGAINST,DNK,ID
162204,197515,ABSTENTION,DNK,EPP
162204,197558,FOR,DNK,RENEW
162204,197567,FOR,DNK,RENEW
162204,197571,DID_NOT_VOTE,DNK,GUE_NGL
162204,197573,FOR,DNK,GREEN_EFA
162204,199941,FOR,DNK,SD
162204,239972,FOR,DNK,RENEW
162204,239973,ABSTENTION,DNK,RENEW
162205,28161,AGAINST,DNK,GREEN_EFA
162205,37312,AGAINST,DNK,SD
162205,96709,FOR,DNK,RENEW
162205,101585,AGAINST,DNK,SD
162205,124872,DID_NOT_VOTE,DNK,RENEW
162205,124875,FOR,DNK,ID
162205,197515,FOR,DNK,EPP
162205,197558,FOR,DNK,RENEW
162205,197567,FOR,DNK,RENEW
162205,197571,DID_NOT_VOTE,DNK,GUE_NGL
162205,197573,AGAINST,DNK,GREEN_EFA
162205,199941,AGAINST,DNK,SD
162205,239972,FOR,DNK,RENEW
162205,239973,FOR,DNK,RENEW
162206,28161,FOR,DNK,GREEN_EFA
162206,37312,FOR,DNK,SD
162206,96709,FOR,DNK,RENEW
162206,101585,FOR,DNK,SD
162206,124872,DID_NOT_VOTE,DNK,RENEW
162206,124875,AGAINST,DNK,ID
162206,197515,FOR,DNK,EPP
162206,197558,FOR,DNK,RENEW
162206,197567,FOR,DNK,RENEW
162206,197571,DID_NOT_VOTE,DNK,GUE_NGL
162206,197573,FOR,DNK,GREEN_EFA
162206,199941,FOR,DNK,SD
162206,239972,FOR,DNK,RENEW
162206,239973,FOR,DNK,RENEW
162214,28161,AGAINST,DNK,GREEN_EFA
162214,37312,AGAINST,DNK,SD
162214,96709,FOR,DNK,RENEW
162214,101585,DID_NOT_VOTE,DNK,SD
162214,124872,FOR,DNK,RENEW
162214,124875,ABSTENTION,DNK,ID
162214,197515,FOR,DNK,EPP
162214,197558,FOR,DNK,RENEW
162214,197567,FOR,DNK,RENEW
162214,197571,DID_NOT_VOTE,DNK,GUE_NGL
162214,197573,AGAINST,DNK,GREEN_EFA
162214,199941,FOR,DNK,SD
162214,239972,FOR,DNK,RENEW
162214,239973,FOR,DNK,RENEW
162253,28161,FOR,DNK,GREEN_EFA
162253,37312,FOR,DNK,SD
162253,96709,FOR,DNK,RENEW
162253,101585,DID_NOT_VOTE,DNK,SD
162253,124872,FOR,DNK,RENEW
162253,124875,ABSTENTION,DNK,ID
162253,197515,FOR,DNK,EPP
162253,197558,FOR,DNK,RENEW
162253,197567,FOR,DNK,RENEW
162253,197571,DID_NOT_VOTE,DNK,GUE_NGL
162253,197573,FOR,DNK,GREEN_EFA
162253,199941,FOR,DNK,SD
162253,239972,FOR,DNK,RENEW
162253,239973,FOR,DNK,RENEW
162254,28161,FOR,DNK,GREEN_EFA
162254,37312,FOR,DNK,SD
162254,96709,FOR,DNK,RENEW
162254,101585,FOR,DNK,SD
162254,124872,DID_NOT_VOTE,DNK,RENEW
162254,124875,AGAINST,DNK,ID
162254,197515,ABSTENTION,DNK,EPP
162254,197558,FOR,DNK,RENEW
162254,197567,FOR,DNK,RENEW
162254,197571,DID_NOT_VOTE,DNK,GUE_NGL
162254,197573,FOR,DNK,GREEN_EFA
162254,199941,FOR,DNK,SD
162254,239972,FOR,DNK,RENEW
162254,239973,FOR,DNK,RENEW
162276,28161,FOR,DNK,GREEN_EFA
162276,37312,FOR,DNK,SD
162276,96709,FOR,DNK,RENEW
162276,101585,FOR,DNK,SD
162276,124872,FOR,DNK,RENEW
162276,124875,FOR,DNK,ID
162276,197515,FOR,DNK,EPP
162276,197558,FOR,DNK,RENEW
162276,197567,FOR,DNK,RENEW
162276,197571,DID_NOT_VOTE,DNK,GUE_NGL
162276,197573,FOR,DNK,GREEN_EFA
162276,199941,FOR,DNK,SD
162276,239972,FOR,DNK,RENEW
162276,239973,FOR,DNK,RENEW
162279,28161,FOR,DNK,GREEN_EFA
162279,37312,FOR,DNK,SD
162279,96709,FOR,DNK,RENEW
162279,101585,FOR,DNK,SD
162279,124872,DID_NOT_VOTE,DNK,RENEW
162279,124875,ABSTENTION,DNK,ID
162279,197515,FOR,DNK,EPP
162279,197558,FOR,DNK,RENEW
162279,197567,FOR,DNK,RENEW
162279,197571,DID_NOT_VOTE,DNK,GUE_NGL
162279,197573,FOR,DNK,GREEN_EFA
162279,199941,FOR,DNK,SD
162279,239972,FOR,DNK,RENEW
162279,239973,FOR,DNK,RENEW
162295,28161,AGAINST,DNK,GREEN_EFA
162295,37312,ABSTENTION,DNK,SD
162295,96709,FOR,DNK,RENEW
162295,101585,ABSTENTION,DNK,SD
162295,124872,DID_NOT_VOTE,DNK,RENEW
162295,124875,FOR,DNK,ID
162295,197515,FOR,DNK,EPP
162295,197558,FOR,DNK,RENEW
162295,197567,FOR,DNK,RENEW
162295,197571,DID_NOT_VOTE,DNK,GUE_NGL
162295,197573,AGAINST,DNK,GREEN_EFA
162295,199941,ABSTENTION,DNK,SD
162295,239972,FOR,DNK,RENEW
162295,239973,FOR,DNK,RENEW
162314,28161,FOR,DNK,GREEN_EFA
162314,37312,FOR,DNK,SD
162314,96709,FOR,DNK,RENEW
162314,101585,FOR,DNK,SD
162314,124872,DID_NOT_VOTE,DNK,RENEW
162314,124875,FOR,DNK,ID
162314,197515,ABSTENTION,DNK,EPP
162314,197558,FOR,DNK,RENEW
162314,197567,FOR,DNK,RENEW
162314,197571,DID_NOT_VOTE,DNK,GUE_NGL
162314,197573,DID_NOT_VOTE,DNK,GREEN_EFA
162314,199941,FOR,DNK,SD
162314,239972,FOR,DNK,RENEW
162314,239973,FOR,DNK,RENEW
162317,28161,FOR,DNK,GREEN_EFA
162317,37312,FOR,DNK,SD
162317,96709,ABSTENTION,DNK,RENEW
162317,101585,FOR,DNK,SD
162317,124872,FOR,DNK,RENEW
162317,124875,AGAINST,DNK,ID
162317,197515,AGAINST,DNK,EPP
162317,197558,ABSTENTION,DNK,RENEW
162317,197567,FOR,DNK,RENEW
162317,197571,DID_NOT_VOTE,DNK,GUE_NGL
162317,197573,FOR,DNK,GREEN_EFA
162317,199941,FOR,DNK,SD
162317,239972,ABSTENTION,DNK,RENEW
162317,239973,FOR,DNK,RENEW
162318,28161,FOR,DNK,GREEN_EFA
162318,37312,FOR,DNK,SD
162318,96709,FOR,DNK,RENEW
162318,101585,FOR,DNK,SD
162318,124872,FOR,DNK,RENEW
162318,124875,ABSTENTION,DNK,ID
162318,197515,FOR,DNK,EPP
162318,197558,FOR,DNK,RENEW
162318,197567,FOR,DNK,RENEW
162318,197571,DID_NOT_VOTE,DNK,GUE_NGL
162318,197573,FOR,DNK,GREEN_EFA
162318,199941,FOR,DNK,SD
162318,239972,FOR,DNK,RENEW
162318,239973,FOR,DNK,RENEW
162319,28161,FOR,DNK,GREEN_EFA
162319,37312,FOR,DNK,SD
162319,96709,FOR,DNK,RENEW
162319,101585,FOR,DNK,SD
162319,124872,FOR,DNK,RENEW
162319,124875,AGAINST,DNK,ID
162319,197515,FOR,DNK,EPP
162319,197558,FOR,DNK,RENEW
162319,197567,FOR,DNK,RENEW
162319,197571,DID_NOT_VOTE,DNK,GUE_NGL
162319,197573,FOR,DNK,GREEN_EFA
162319,199941,FOR,DNK,SD
162319,239972,FOR,DNK,RENEW
162319,239973,FOR,DNK,RENEW
162352,28161,FOR,DNK,GREEN_EFA
162352,37312,FOR,DNK,SD
162352,96709,FOR,DNK,RENEW
162352,101585,DID_NOT_VOTE,DNK,SD
162352,124872,FOR,DNK,RENEW
162352,124875,ABSTENTION,DNK,ID
162352,197515,FOR,DNK,EPP
162352,197558,FOR,DNK,RENEW
162352,197567,FOR,DNK,RENEW
162352,197571,DID_NOT_VOTE,DNK,GUE_NGL
162352,197573,FOR,DNK,GREEN_EFA
162352,199941,FOR,DNK,SD
162352,239972,FOR,DNK,RENEW
162352,239973,FOR,DNK,RENEW
162511,28161,FOR,DNK,GREEN_EFA
162511,37312,FOR,DNK,SD
162511,96709,FOR,DNK,RENEW
162511,101585,DID_NOT_VOTE,DNK,SD
162511,124872,FOR,DNK,RENEW
162511,124875,AGAINST,DNK,ID
162511,197515,FOR,DNK,EPP
162511,197558,FOR,DNK,RENEW
162511,197567,FOR,DNK,RENEW
162511,197571,DID_NOT_VOTE,DNK,GUE_NGL
162511,197573,FOR,DNK,GREEN_EFA
162511,199941,FOR,DNK,SD
162511,239972,DID_NOT_VOTE,DNK,RENEW
162511,239973,FOR,DNK,RENEW
162675,28161,FOR,DNK,GREEN_EFA
162675,37312,FOR,DNK,SD
162675,96709,FOR,DNK,RENEW
162675,101585,DID_NOT_VOTE,DNK,SD
162675,124872,DID_NOT_VOTE,DNK,RENEW
162675,124875,FOR,DNK,ID
162675,197515,FOR,DNK,EPP
162675,197558,FOR,DNK,RENEW
162675,197567,FOR,DNK,RENEW
162675,197571,DID_NOT_VOTE,DNK,GUE_NGL
162675,197573,FOR,DNK,GREEN_EFA
162675,199941,FOR,DNK,SD
162675,239972,DID_NOT_VOTE,DNK,RENEW
162675,239973,FOR,DNK,RENEW
162714,28161,AGAINST,DNK,GREEN_EFA
162714,37312,AGAINST,DNK,SD
162714,96709,AGAINST,DNK,RENEW
162714,101585,AGAINST,DNK,SD
162714,124872,AGAINST,DNK,RENEW
162714,124875,FOR,DNK,ID
162714,197515,FOR,DNK,EPP
162714,197558,AGAINST,DNK,RENEW
162714,197567,AGAINST,DNK,RENEW
162714,197571,DID_NOT_VOTE,DNK,GUE_NGL
162714,197573,AGAINST,DNK,GREEN_EFA
162714,199941,AGAINST,DNK,SD
162714,239972,AGAINST,DNK,RENEW
162714,239973,AGAINST,DNK,RENEW
162715,28161,FOR,DNK,GREEN_EFA
162715,37312,DID_NOT_VOTE,DNK,SD
162715,96709,AGAINST,DNK,RENEW
162715,101585,DID_NOT_VOTE,DNK,SD
162715,124872,FOR,DNK,RENEW
162715,124875,AGAINST,DNK,ID
162715,197515,AGAINST,DNK,EPP
162715,197558,AGAINST,DNK,RENEW
162715,197567,FOR,DNK,RENEW
162715,197571,DID_NOT_VOTE,DNK,GUE_NGL
162715,197573,FOR,DNK,GREEN_EFA
162715,199941,FOR,DNK,SD
162715,239972,DID_NOT_VOTE,DNK,RENEW
162715,239973,FOR,DNK,RENEW
162716,28161,FOR,DNK,GREEN_EFA
162716,37312,DID_NOT_VOTE,DNK,SD
162716,96709,AGAINST,DNK,RENEW
162716,101585,DID_NOT_VOTE,DNK,SD
162716,124872,AGAINST,DNK,RENEW
162716,124875,FOR,DNK,ID
162716,197515,AGAINST,DNK,EPP
162716,197558,AGAINST,DNK,RENEW
162716,197567,FOR,DNK,RENEW
162716,197571,DID_NOT_VOTE,DNK,GUE_NGL
162716,197573,FOR,DNK,GREEN_EFA
162716,199941,FOR,DNK,SD
162716,239972,DID_NOT_VOTE,DNK,RENEW
162716,239973,AGAINST,DNK,RENEW
162728,28161,FOR,DNK,GREEN_EFA
162728,37312,DID_NOT_VOTE,DNK,SD
162728,96709,AGAINST,DNK,RENEW
162728,101585,DID_NOT_VOTE,DNK,SD
162728,124872,AGAINST,DNK,RENEW
162728,124875,FOR,DNK,ID
162728,197515,AGAINST,DNK,EPP
162728,197558,AGAINST,DNK,RENEW
162728,197567,FOR,DNK,RENEW
162728,197571,DID_NOT_VOTE,DNK,GUE_NGL
162728,197573,FOR,DNK,GREEN_EFA
162728,199941,FOR,DNK,SD
162728,239972,DID_NOT_VOTE,DNK,RENEW
162728,239973,AGAINST,DNK,RENEW
162729,28161,FOR,DNK,GREEN_EFA
162729,37312,DID_NOT_VOTE,DNK,SD
162729,96709,AGAINST,DNK,RENEW
162729,101585,DID_NOT_VOTE,DNK,SD
162729,124872,AGAINST,DNK,RENEW
162729,124875,FOR,DNK,ID
162729,197515,AGAINST,DNK,EPP
162729,197558,AGAINST,DNK,RENEW
162729,197567,FOR,DNK,RENEW
162729,197571,DID_NOT_VOTE,DNK,GUE_NGL
162729,197573,FOR,DNK,GREEN_EFA
162729,199941,FOR,DNK,SD
162729,239972,DID_NOT_VOTE,DNK,RENEW
162729,239973,AGAINST,DNK,RENEW
162797,28161,FOR,DNK,GREEN_EFA
162797,37312,FOR,DNK,SD
162797,96709,FOR,DNK,RENEW
162797,101585,DID_NOT_VOTE,DNK,SD
162797,124872,DID_NOT_VOTE,DNK,RENEW
162797,124875,AGAINST,DNK,ID
162797,197515,FOR,DNK,EPP
162797,197558,FOR,DNK,RENEW
162797,197567,FOR,DNK,RENEW
162797,197571,DID_NOT_VOTE,DNK,GUE_NGL
162797,197573,FOR,DNK,GREEN_EFA
162797,199941,FOR,DNK,SD
162797,239972,DID_NOT_VOTE,DNK,RENEW
162797,239973,FOR,DNK,RENEW
162848,28161,FOR,DNK,GREEN_EFA
162848,37312,FOR,DNK,SD
162848,96709,FOR,DNK,RENEW
162848,101585,DID_NOT_VOTE,DNK,SD
162848,124872,FOR,DNK,RENEW
162848,124875,AGAINST,DNK,ID
162848,197515,FOR,DNK,EPP
162848,197558,FOR,DNK,RENEW
162848,197567,FOR,DNK,RENEW
162848,197571,DID_NOT_VOTE,DNK,GUE_NGL
162848,197573,FOR,DNK,GREEN_EFA
162848,199941,FOR,DNK,SD
162848,239972,FOR,DNK,RENEW
162848,239973,FOR,DNK,RENEW
162914,28161,FOR,DNK,GREEN_EFA
162914,37312,FOR,DNK,SD
162914,96709,FOR,DNK,RENEW
162914,101585,DID_NOT_VOTE,DNK,SD
162914,124872,FOR,DNK,RENEW
162914,124875,ABSTENTION,DNK,ID
162914,197515,FOR,DNK,EPP
162914,197558,FOR,DNK,RENEW
162914,197567,FOR,DNK,RENEW
162914,197571,DID_NOT_VOTE,DNK,GUE_NGL
162914,197573,FOR,DNK,GREEN_EFA
162914,199941,FOR,DNK,SD
162914,239972,DID_NOT_VOTE,DNK,RENEW
162914,239973,FOR,DNK,RENEW
162915,28161,FOR,DNK,GREEN_EFA
162915,37312,DID_NOT_VOTE,DNK,SD
162915,96709,FOR,DNK,RENEW
162915,101585,DID_NOT_VOTE,DNK,SD
162915,124872,FOR,DNK,RENEW
162915,124875,ABSTENTION,DNK,ID
162915,197515,FOR,DNK,EPP
162915,197558,FOR,DNK,RENEW
162915,197567,FOR,DNK,RENEW
162915,197571,DID_NOT_VOTE,DNK,GUE_NGL
162915,197573,FOR,DNK,GREEN_EFA
162915,199941,FOR,DNK,SD
162915,239972,DID_NOT_VOTE,DNK,RENEW
162915,239973,FOR,DNK,RENEW
162917,28161,FOR,DNK,GREEN_EFA
162917,37312,FOR,DNK,SD
162917,96709,FOR,DNK,RENEW
162917,101585,DID_NOT_VOTE,DNK,SD
162917,124872,DID_NOT_VOTE,DNK,RENEW
162917,124875,ABSTENTION,DNK,ID
162917,197515,DID_NOT_VOTE,DNK,EPP
162917,197558,DID_NOT_VOTE,DNK,RENEW
162917,197567,FOR,DNK,RENEW
162917,197571,DID_NOT_VOTE,DNK,GUE_NGL
162917,197573,FOR,DNK,GREEN_EFA
162917,199941,FOR,DNK,SD
162917,239972,DID_NOT_VOTE,DNK,RENEW
162917,239973,FOR,DNK,RENEW
162922,28161,FOR,DNK,GREEN_EFA
162922,37312,FOR,DNK,SD
162922,96709,FOR,DNK,RENEW
162922,101585,DID_NOT_VOTE,DNK,SD
162922,124872,FOR,DNK,RENEW
162922,124875,ABSTENTION,DNK,ID
162922,197515,FOR,DNK,EPP
162922,197558,FOR,DNK,RENEW
162922,197567,FOR,DNK,RENEW
162922,197571,DID_NOT_VOTE,DNK,GUE_NGL
162922,197573,FOR,DNK,GREEN_EFA
162922,199941,FOR,DNK,SD
162922,239972,DID_NOT_VOTE,DNK,RENEW
162922,239973,FOR,DNK,RENEW
162968,28161,AGAINST,DNK,GREEN_EFA
162968,37312,FOR,DNK,SD
162968,96709,FOR,DNK,RENEW
162968,101585,FOR,DNK,SD
162968,124872,FOR,DNK,RENEW
162968,124875,ABSTENTION,DNK,ID
162968,197515,FOR,DNK,EPP
162968,197558,FOR,DNK,RENEW
162968,197567,AGAINST,DNK,RENEW
162968,197571,AGAINST,DNK,GUE_NGL
162968,197573,AGAINST,DNK,GREEN_EFA
162968,199941,FOR,DNK,SD
162968,239972,FOR,DNK,RENEW
162968,239973,FOR,DNK,RENEW
162972,28161,FOR,DNK,GREEN_EFA
162972,37312,ABSTENTION,DNK,SD
162972,96709,ABSTENTION,DNK,RENEW
162972,101585,ABSTENTION,DNK,SD
162972,124872,FOR,DNK,RENEW
162972,124875,AGAINST,DNK,ID
162972,197515,ABSTENTION,DNK,EPP
162972,197558,ABSTENTION,DNK,RENEW
162972,197567,FOR,DNK,RENEW
162972,197571,ABSTENTION,DNK,GUE_NGL
162972,197573,FOR,DNK,GREEN_EFA
162972,199941,ABSTENTION,DNK,SD
162972,239972,ABSTENTION,DNK,RENEW
162972,239973,FOR,DNK,RENEW
162974,28161,FOR,DNK,GREEN_EFA
162974,37312,FOR,DNK,SD
162974,96709,DID_NOT_VOTE,DNK,RENEW
162974,101585,FOR,DNK,SD
162974,124872,FOR,DNK,RENEW
162974,124875,ABSTENTION,DNK,ID
162974,197515,FOR,DNK,EPP
162974,197558,AGAINST,DNK,RENEW
162974,197567,FOR,DNK,RENEW
162974,197571,FOR,DNK,GUE_NGL
162974,197573,FOR,DNK,GREEN_EFA
162974,199941,FOR,DNK,SD
162974,239972,FOR,DNK,RENEW
162974,239973,FOR,DNK,RENEW
162976,28161,FOR,DNK,GREEN_EFA
162976,37312,FOR,DNK,SD
162976,96709,DID_NOT_VOTE,DNK,RENEW
162976,101585,FOR,DNK,SD
162976,124872,FOR,DNK,RENEW
162976,124875,ABSTENTION,DNK,ID
162976,197515,FOR,DNK,EPP
162976,197558,AGAINST,DNK,RENEW
162976,197567,FOR,DNK,RENEW
162976,197571,FOR,DNK,GUE_NGL
162976,197573,FOR,DNK,GREEN_EFA
162976,199941,FOR,DNK,SD
162976,239972,FOR,DNK,RENEW
162976,239973,FOR,DNK,RENEW
162983,28161,ABSTENTION,DNK,GREEN_EFA
162983,37312,FOR,DNK,SD
162983,96709,FOR,DNK,RENEW
162983,101585,FOR,DNK,SD
162983,124872,FOR,DNK,RENEW
162983,124875,AGAINST,DNK,ID
162983,197515,FOR,DNK,EPP
162983,197558,FOR,DNK,RENEW
162983,197567,FOR,DNK,RENEW
162983,197571,AGAINST,DNK,GUE_NGL
162983,197573,ABSTENTION,DNK,GREEN_EFA
162983,199941,FOR,DNK,SD
162983,239972,FOR,DNK,RENEW
162983,239973,FOR,DNK,RENEW
162984,28161,AGAINST,DNK,GREEN_EFA
162984,37312,FOR,DNK,SD
162984,96709,FOR,DNK,RENEW
162984,101585,FOR,DNK,SD
162984,124872,FOR,DNK,RENEW
162984,124875,AGAINST,DNK,ID
162984,197515,FOR,DNK,EPP
162984,197558,FOR,DNK,RENEW
162984,197567,FOR,DNK,RENEW
162984,197571,AGAINST,DNK,GUE_NGL
162984,197573,AGAINST,DNK,GREEN_EFA
162984,199941,FOR,DNK,SD
162984,239972,FOR,DNK,RENEW
162984,239973,FOR,DNK,RENEW
162985,28161,FOR,DNK,GREEN_EFA
162985,37312,FOR,DNK,SD
162985,96709,FOR,DNK,RENEW
162985,101585,FOR,DNK,SD
162985,124872,FOR,DNK,RENEW
162985,124875,AGAINST,DNK,ID
162985,197515,FOR,DNK,EPP
162985,197558,FOR,DNK,RENEW
162985,197567,FOR,DNK,RENEW
162985,197571,FOR,DNK,GUE_NGL
162985,197573,FOR,DNK,GREEN_EFA
162985,199941,FOR,DNK,SD
162985,239972,FOR,DNK,RENEW
162985,239973,FOR,DNK,RENEW
162986,28161,FOR,DNK,GREEN_EFA
162986,37312,FOR,DNK,SD
162986,96709,FOR,DNK,RENEW
162986,101585,FOR,DNK,SD
162986,124872,FOR,DNK,RENEW
162986,124875,AGAINST,DNK,ID
162986,197515,FOR,DNK,EPP
162986,197558,FOR,DNK,RENEW
162986,197567,FOR,DNK,RENEW
162986,197571,FOR,DNK,GUE_NGL
162986,197573,FOR,DNK,GREEN_EFA
162986,199941,FOR,DNK,SD
162986,239972,FOR,DNK,RENEW
162986,239973,FOR,DNK,RENEW
162987,28161,FOR,DNK,GREEN_EFA
162987,37312,FOR,DNK,SD
162987,96709,FOR,DNK,RENEW
162987,101585,FOR,DNK,SD
162987,124872,FOR,DNK,RENEW
162987,124875,FOR,DNK,ID
162987,197515,FOR,DNK,EPP
162987,197558,FOR,DNK,RENEW
162987,197567,FOR,DNK,RENEW
162987,197571,FOR,DNK,GUE_NGL
162987,197573,FOR,DNK,GREEN_EFA
162987,199941,FOR,DNK,SD
162987,239972,FOR,DNK,RENEW
162987,239973,FOR,DNK,RENEW
163001,28161,FOR,DNK,GREEN_EFA
163001,37312,AGAINST,DNK,SD
163001,96709,AGAINST,DNK,RENEW
163001,101585,AGAINST,DNK,SD
163001,124872,FOR,DNK,RENEW
163001,124875,AGAINST,DNK,ID
163001,197515,FOR,DNK,EPP
163001,197558,AGAINST,DNK,RENEW
163001,197567,FOR,DNK,RENEW
163001,197571,ABSTENTION,DNK,GUE_NGL
163001,197573,FOR,DNK,GREEN_EFA
163001,199941,AGAINST,DNK,SD
163001,239972,AGAINST,DNK,RENEW
163001,239973,FOR,DNK,RENEW
163021,28161,FOR,DNK,GREEN_EFA
163021,37312,FOR,DNK,SD
163021,96709,FOR,DNK,RENEW
163021,101585,FOR,DNK,SD
163021,124872,FOR,DNK,RENEW
163021,124875,AGAINST,DNK,ID
163021,197515,FOR,DNK,EPP
163021,197558,FOR,DNK,RENEW
163021,197567,FOR,DNK,RENEW
163021,197571,FOR,DNK,GUE_NGL
163021,197573,FOR,DNK,GREEN_EFA
163021,199941,FOR,DNK,SD
163021,239972,FOR,DNK,RENEW
163021,239973,FOR,DNK,RENEW
163025,28161,FOR,DNK,GREEN_EFA
163025,37312,FOR,DNK,SD
163025,96709,FOR,DNK,RENEW
163025,101585,FOR,DNK,SD
163025,124872,FOR,DNK,RENEW
163025,124875,AGAINST,DNK,ID
163025,197515,FOR,DNK,EPP
163025,197558,FOR,DNK,RENEW
163025,197567,FOR,DNK,RENEW
163025,197571,FOR,DNK,GUE_NGL
163025,197573,FOR,DNK,GREEN_EFA
163025,199941,FOR,DNK,SD
163025,239972,FOR,DNK,RENEW
163025,239973,FOR,DNK,RENEW
163029,28161,FOR,DNK,GREEN_EFA
163029,37312,FOR,DNK,SD
163029,96709,FOR,DNK,RENEW
163029,101585,FOR,DNK,SD
163029,124872,FOR,DNK,RENEW
163029,124875,ABSTENTION,DNK,ID
163029,197515,FOR,DNK,EPP
163029,197558,FOR,DNK,RENEW
163029,197567,FOR,DNK,RENEW
163029,197571,FOR,DNK,GUE_NGL
163029,197573,FOR,DNK,GREEN_EFA
163029,199941,FOR,DNK,SD
163029,239972,FOR,DNK,RENEW
163029,239973,FOR,DNK,RENEW
163032,28161,FOR,DNK,GREEN_EFA
163032,37312,FOR,DNK,SD
163032,96709,FOR,DNK,RENEW
163032,101585,FOR,DNK,SD
163032,124872,FOR,DNK,RENEW
163032,124875,AGAINST,DNK,ID
163032,197515,FOR,DNK,EPP
163032,197558,FOR,DNK,RENEW
163032,197567,FOR,DNK,RENEW
163032,197571,FOR,DNK,GUE_NGL
163032,197573,FOR,DNK,GREEN_EFA
163032,199941,FOR,DNK,SD
163032,239972,FOR,DNK,RENEW
163032,239973,FOR,DNK,RENEW
163038,28161,FOR,DNK,GREEN_EFA
163038,37312,FOR,DNK,SD
163038,96709,FOR,DNK,RENEW
163038,101585,FOR,DNK,SD
163038,124872,FOR,DNK,RENEW
163038,124875,AGAINST,DNK,ID
163038,197515,FOR,DNK,EPP
163038,197558,FOR,DNK,RENEW
163038,197567,FOR,DNK,RENEW
163038,197571,ABSTENTION,DNK,GUE_NGL
163038,197573,FOR,DNK,GREEN_EFA
163038,199941,FOR,DNK,SD
163038,239972,FOR,DNK,RENEW
163038,239973,FOR,DNK,RENEW
163040,28161,FOR,DNK,GREEN_EFA
163040,37312,FOR,DNK,SD
163040,96709,DID_NOT_VOTE,DNK,RENEW
163040,101585,FOR,DNK,SD
163040,124872,FOR,DNK,RENEW
163040,124875,AGAINST,DNK,ID
163040,197515,ABSTENTION,DNK,EPP
163040,197558,FOR,DNK,RENEW
163040,197567,FOR,DNK,RENEW
163040,197571,FOR,DNK,GUE_NGL
163040,197573,FOR,DNK,GREEN_EFA
163040,199941,FOR,DNK,SD
163040,239972,FOR,DNK,RENEW
163040,239973,FOR,DNK,RENEW
163041,28161,FOR,DNK,GREEN_EFA
163041,37312,FOR,DNK,SD
163041,96709,FOR,DNK,RENEW
163041,101585,FOR,DNK,SD
163041,124872,FOR,DNK,RENEW
163041,124875,ABSTENTION,DNK,ID
163041,197515,FOR,DNK,EPP
163041,197558,FOR,DNK,RENEW
163041,197567,FOR,DNK,RENEW
163041,197571,FOR,DNK,GUE_NGL
163041,197573,FOR,DNK,GREEN_EFA
163041,199941,FOR,DNK,SD
163041,239972,FOR,DNK,RENEW
163041,239973,FOR,DNK,RENEW
163044,28161,FOR,DNK,GREEN_EFA
163044,37312,FOR,DNK,SD
163044,96709,FOR,DNK,RENEW
163044,101585,FOR,DNK,SD
163044,124872,FOR,DNK,RENEW
163044,124875,ABSTENTION,DNK,ID
163044,197515,FOR,DNK,EPP
163044,197558,FOR,DNK,RENEW
163044,197567,FOR,DNK,RENEW
163044,197571,FOR,DNK,GUE_NGL
163044,197573,FOR,DNK,GREEN_EFA
163044,199941,FOR,DNK,SD
163044,239972,FOR,DNK,RENEW
163044,239973,FOR,DNK,RENEW
163051,28161,FOR,DNK,GREEN_EFA
163051,37312,FOR,DNK,SD
163051,96709,FOR,DNK,RENEW
163051,101585,FOR,DNK,SD
163051,124872,FOR,DNK,RENEW
163051,124875,FOR,DNK,ID
163051,197515,FOR,DNK,EPP
163051,197558,FOR,DNK,RENEW
163051,197567,FOR,DNK,RENEW
163051,197571,FOR,DNK,GUE_NGL
163051,197573,FOR,DNK,GREEN_EFA
163051,199941,FOR,DNK,SD
163051,239972,FOR,DNK,RENEW
163051,239973,FOR,DNK,RENEW
163052,28161,FOR,DNK,GREEN_EFA
163052,37312,FOR,DNK,SD
163052,96709,FOR,DNK,RENEW
163052,101585,FOR,DNK,SD
163052,124872,FOR,DNK,RENEW
163052,124875,FOR,DNK,ID
163052,197515,FOR,DNK,EPP
163052,197558,FOR,DNK,RENEW
163052,197567,FOR,DNK,RENEW
163052,197571,FOR,DNK,GUE_NGL
163052,197573,FOR,DNK,GREEN_EFA
163052,199941,FOR,DNK,SD
163052,239972,FOR,DNK,RENEW
163052,239973,FOR,DNK,RENEW
163053,28161,AGAINST,DNK,GREEN_EFA
163053,37312,FOR,DNK,SD
163053,96709,FOR,DNK,RENEW
163053,101585,FOR,DNK,SD
163053,124872,FOR,DNK,RENEW
163053,124875,ABSTENTION,DNK,ID
163053,197515,FOR,DNK,EPP
163053,197558,FOR,DNK,RENEW
163053,197567,FOR,DNK,RENEW
163053,197571,AGAINST,DNK,GUE_NGL
163053,197573,AGAINST,DNK,GREEN_EFA
163053,199941,FOR,DNK,SD
163053,239972,FOR,DNK,RENEW
163053,239973,FOR,DNK,RENEW
163054,28161,FOR,DNK,GREEN_EFA
163054,37312,FOR,DNK,SD
163054,96709,FOR,DNK,RENEW
163054,101585,FOR,DNK,SD
163054,124872,FOR,DNK,RENEW
163054,124875,FOR,DNK,ID
163054,197515,FOR,DNK,EPP
163054,197558,FOR,DNK,RENEW
163054,197567,FOR,DNK,RENEW
163054,197571,FOR,DNK,GUE_NGL
163054,197573,FOR,DNK,GREEN_EFA
163054,199941,FOR,DNK,SD
163054,239972,FOR,DNK,RENEW
163054,239973,FOR,DNK,RENEW
163055,28161,FOR,DNK,GREEN_EFA
163055,37312,FOR,DNK,SD
163055,96709,FOR,DNK,RENEW
163055,101585,FOR,DNK,SD
163055,124872,FOR,DNK,RENEW
163055,124875,FOR,DNK,ID
163055,197515,FOR,DNK,EPP
163055,197558,FOR,DNK,RENEW
163055,197567,FOR,DNK,RENEW
163055,197571,FOR,DNK,GUE_NGL
163055,197573,FOR,DNK,GREEN_EFA
163055,199941,FOR,DNK,SD
163055,239972,FOR,DNK,RENEW
163055,239973,FOR,DNK,RENEW
163056,28161,FOR,DNK,GREEN_EFA
163056,37312,FOR,DNK,SD
163056,96709,ABSTENTION,DNK,RENEW
163056,101585,FOR,DNK,SD
163056,124872,FOR,DNK,RENEW
163056,124875,ABSTENTION,DNK,ID
163056,197515,FOR,DNK,EPP
163056,197558,ABSTENTION,DNK,RENEW
163056,197567,FOR,DNK,RENEW
163056,197571,FOR,DNK,GUE_NGL
163056,197573,FOR,DNK,GREEN_EFA
163056,199941,FOR,DNK,SD
163056,239972,ABSTENTION,DNK,RENEW
163056,239973,FOR,DNK,RENEW
163057,28161,FOR,DNK,GREEN_EFA
163057,37312,FOR,DNK,SD
163057,96709,ABSTENTION,DNK,RENEW
163057,101585,FOR,DNK,SD
163057,124872,FOR,DNK,RENEW
163057,124875,AGAINST,DNK,ID
163057,197515,FOR,DNK,EPP
163057,197558,FOR,DNK,RENEW
163057,197567,FOR,DNK,RENEW
163057,197571,FOR,DNK,GUE_NGL
163057,197573,FOR,DNK,GREEN_EFA
163057,199941,FOR,DNK,SD
163057,239972,ABSTENTION,DNK,RENEW
163057,239973,FOR,DNK,RENEW
163059,28161,FOR,DNK,GREEN_EFA
163059,37312,FOR,DNK,SD
163059,96709,FOR,DNK,RENEW
163059,101585,FOR,DNK,SD
163059,124872,FOR,DNK,RENEW
163059,124875,AGAINST,DNK,ID
163059,197515,FOR,DNK,EPP
163059,197558,FOR,DNK,RENEW
163059,197567,FOR,DNK,RENEW
163059,197571,FOR,DNK,GUE_NGL
163059,197573,FOR,DNK,GREEN_EFA
163059,199941,FOR,DNK,SD
163059,239972,FOR,DNK,RENEW
163059,239973,FOR,DNK,RENEW
163060,28161,FOR,DNK,GREEN_EFA
163060,37312,FOR,DNK,SD
163060,96709,FOR,DNK,RENEW
163060,101585,FOR,DNK,SD
163060,124872,FOR,DNK,RENEW
163060,124875,ABSTENTION,DNK,ID
163060,197515,FOR,DNK,EPP
163060,197558,FOR,DNK,RENEW
163060,197567,FOR,DNK,RENEW
163060,197571,FOR,DNK,GUE_NGL
163060,197573,FOR,DNK,GREEN_EFA
163060,199941,FOR,DNK,SD
163060,239972,FOR,DNK,RENEW
163060,239973,FOR,DNK,RENEW
163061,28161,ABSTENTION,DNK,GREEN_EFA
163061,37312,FOR,DNK,SD
163061,96709,FOR,DNK,RENEW
163061,101585,FOR,DNK,SD
163061,124872,FOR,DNK,RENEW
163061,124875,FOR,DNK,ID
163061,197515,FOR,DNK,EPP
163061,197558,FOR,DNK,RENEW
163061,197567,ABSTENTION,DNK,RENEW
163061,197571,AGAINST,DNK,GUE_NGL
163061,197573,ABSTENTION,DNK,GREEN_EFA
163061,199941,FOR,DNK,SD
163061,239972,FOR,DNK,RENEW
163061,239973,FOR,DNK,RENEW
163070,28161,FOR,DNK,GREEN_EFA
163070,37312,FOR,DNK,SD
163070,96709,FOR,DNK,RENEW
163070,101585,FOR,DNK,SD
163070,124872,FOR,DNK,RENEW
163070,124875,ABSTENTION,DNK,ID
163070,197515,FOR,DNK,EPP
163070,197558,FOR,DNK,RENEW
163070,197567,FOR,DNK,RENEW
163070,197571,FOR,DNK,GUE_NGL
163070,197573,FOR,DNK,GREEN_EFA
163070,199941,FOR,DNK,SD
163070,239972,FOR,DNK,RENEW
163070,239973,FOR,DNK,RENEW
163072,28161,FOR,DNK,GREEN_EFA
163072,37312,FOR,DNK,SD
163072,96709,DID_NOT_VOTE,DNK,RENEW
163072,101585,FOR,DNK,SD
163072,124872,FOR,DNK,RENEW
163072,124875,ABSTENTION,DNK,ID
163072,197515,FOR,DNK,EPP
163072,197558,AGAINST,DNK,RENEW
163072,197567,FOR,DNK,RENEW
163072,197571,FOR,DNK,GUE_NGL
163072,197573,FOR,DNK,GREEN_EFA
163072,199941,FOR,DNK,SD
163072,239972,FOR,DNK,RENEW
163072,239973,FOR,DNK,RENEW
163074,28161,FOR,DNK,GREEN_EFA
163074,37312,FOR,DNK,SD
163074,96709,FOR,DNK,RENEW
163074,101585,FOR,DNK,SD
163074,124872,FOR,DNK,RENEW
163074,124875,ABSTENTION,DNK,ID
163074,197515,FOR,DNK,EPP
163074,197558,AGAINST,DNK,RENEW
163074,197567,FOR,DNK,RENEW
163074,197571,FOR,DNK,GUE_NGL
163074,197573,FOR,DNK,GREEN_EFA
163074,199941,FOR,DNK,SD
163074,239972,FOR,DNK,RENEW
163074,239973,FOR,DNK,RENEW
163075,28161,FOR,DNK,GREEN_EFA
163075,37312,FOR,DNK,SD
163075,96709,FOR,DNK,RENEW
163075,101585,DID_NOT_VOTE,DNK,SD
163075,124872,FOR,DNK,RENEW
163075,124875,AGAINST,DNK,ID
163075,197515,FOR,DNK,EPP
163075,197558,FOR,DNK,RENEW
163075,197567,FOR,DNK,RENEW
163075,197571,FOR,DNK,GUE_NGL
163075,197573,FOR,DNK,GREEN_EFA
163075,199941,FOR,DNK,SD
163075,239972,FOR,DNK,RENEW
163075,239973,FOR,DNK,RENEW
163076,28161,FOR,DNK,GREEN_EFA
163076,37312,ABSTENTION,DNK,SD
163076,96709,FOR,DNK,RENEW
163076,101585,ABSTENTION,DNK,SD
163076,124872,FOR,DNK,RENEW
163076,124875,AGAINST,DNK,ID
163076,197515,FOR,DNK,EPP
163076,197558,FOR,DNK,RENEW
163076,197567,FOR,DNK,RENEW
163076,197571,FOR,DNK,GUE_NGL
163076,197573,FOR,DNK,GREEN_EFA
163076,199941,ABSTENTION,DNK,SD
163076,239972,FOR,DNK,RENEW
163076,239973,FOR,DNK,RENEW
163077,28161,FOR,DNK,GREEN_EFA
163077,37312,ABSTENTION,DNK,SD
163077,96709,FOR,DNK,RENEW
163077,101585,ABSTENTION,DNK,SD
163077,124872,FOR,DNK,RENEW
163077,124875,AGAINST,DNK,ID
163077,197515,FOR,DNK,EPP
163077,197558,FOR,DNK,RENEW
163077,197567,FOR,DNK,RENEW
163077,197571,FOR,DNK,GUE_NGL
163077,197573,FOR,DNK,GREEN_EFA
163077,199941,ABSTENTION,DNK,SD
163077,239972,FOR,DNK,RENEW
163077,239973,FOR,DNK,RENEW
163078,28161,ABSTENTION,DNK,GREEN_EFA
163078,37312,FOR,DNK,SD
163078,96709,FOR,DNK,RENEW
163078,101585,FOR,DNK,SD
163078,124872,FOR,DNK,RENEW
163078,124875,FOR,DNK,ID
163078,197515,FOR,DNK,EPP
163078,197558,FOR,DNK,RENEW
163078,197567,FOR,DNK,RENEW
163078,197571,AGAINST,DNK,GUE_NGL
163078,197573,ABSTENTION,DNK,GREEN_EFA
163078,199941,FOR,DNK,SD
163078,239972,FOR,DNK,RENEW
163078,239973,FOR,DNK,RENEW
163093,28161,AGAINST,DNK,GREEN_EFA
163093,37312,FOR,DNK,SD
163093,96709,FOR,DNK,RENEW
163093,101585,FOR,DNK,SD
163093,124872,FOR,DNK,RENEW
163093,124875,FOR,DNK,ID
163093,197515,FOR,DNK,EPP
163093,197558,FOR,DNK,RENEW
163093,197567,AGAINST,DNK,RENEW
163093,197571,AGAINST,DNK,GUE_NGL
163093,197573,AGAINST,DNK,GREEN_EFA
163093,199941,FOR,DNK,SD
163093,239972,FOR,DNK,RENEW
163093,239973,FOR,DNK,RENEW
163095,28161,FOR,DNK,GREEN_EFA
163095,37312,FOR,DNK,SD
163095,96709,FOR,DNK,RENEW
163095,101585,FOR,DNK,SD
163095,124872,FOR,DNK,RENEW
163095,124875,ABSTENTION,DNK,ID
163095,197515,FOR,DNK,EPP
163095,197558,DID_NOT_VOTE,DNK,RENEW
163095,197567,FOR,DNK,RENEW
163095,197571,FOR,DNK,GUE_NGL
163095,197573,FOR,DNK,GREEN_EFA
163095,199941,FOR,DNK,SD
163095,239972,FOR,DNK,RENEW
163095,239973,FOR,DNK,RENEW
163098,28161,FOR,DNK,GREEN_EFA
163098,37312,FOR,DNK,SD
163098,96709,FOR,DNK,RENEW
163098,101585,FOR,DNK,SD
163098,124872,FOR,DNK,RENEW
163098,124875,AGAINST,DNK,ID
163098,197515,FOR,DNK,EPP
163098,197558,FOR,DNK,RENEW
163098,197567,FOR,DNK,RENEW
163098,197571,FOR,DNK,GUE_NGL
163098,197573,FOR,DNK,GREEN_EFA
163098,199941,FOR,DNK,SD
163098,239972,FOR,DNK,RENEW
163098,239973,FOR,DNK,RENEW
163099,28161,FOR,DNK,GREEN_EFA
163099,37312,FOR,DNK,SD
163099,96709,FOR,DNK,RENEW
163099,101585,FOR,DNK,SD
163099,124872,FOR,DNK,RENEW
163099,124875,AGAINST,DNK,ID
163099,197515,FOR,DNK,EPP
163099,197558,FOR,DNK,RENEW
163099,197567,FOR,DNK,RENEW
163099,197571,FOR,DNK,GUE_NGL
163099,197573,FOR,DNK,GREEN_EFA
163099,199941,FOR,DNK,SD
163099,239972,FOR,DNK,RENEW
163099,239973,FOR,DNK,RENEW
163109,28161,FOR,DNK,GREEN_EFA
163109,37312,FOR,DNK,SD
163109,96709,FOR,DNK,RENEW
163109,101585,FOR,DNK,SD
163109,124872,FOR,DNK,RENEW
163109,124875,AGAINST,DNK,ID
163109,197515,FOR,DNK,EPP
163109,197558,FOR,DNK,RENEW
163109,197567,FOR,DNK,RENEW
163109,197571,FOR,DNK,GUE_NGL
163109,197573,FOR,DNK,GREEN_EFA
163109,199941,FOR,DNK,SD
163109,239972,FOR,DNK,RENEW
163109,239973,FOR,DNK,RENEW
163115,28161,AGAINST,DNK,GREEN_EFA
163115,37312,FOR,DNK,SD
163115,96709,FOR,DNK,RENEW
163115,101585,FOR,DNK,SD
163115,124872,ABSTENTION,DNK,RENEW
163115,124875,ABSTENTION,DNK,ID
163115,197515,FOR,DNK,EPP
163115,197558,FOR,DNK,RENEW
163115,197567,AGAINST,DNK,RENEW
163115,197571,AGAINST,DNK,GUE_NGL
163115,197573,AGAINST,DNK,GREEN_EFA
163115,199941,FOR,DNK,SD
163115,239972,FOR,DNK,RENEW
163115,239973,FOR,DNK,RENEW
163120,28161,AGAINST,DNK,GREEN_EFA
163120,37312,ABSTENTION,DNK,SD
163120,96709,FOR,DNK,RENEW
163120,101585,ABSTENTION,DNK,SD
163120,124872,FOR,DNK,RENEW
163120,124875,AGAINST,DNK,ID
163120,197515,AGAINST,DNK,EPP
163120,197558,ABSTENTION,DNK,RENEW
163120,197567,FOR,DNK,RENEW
163120,197571,AGAINST,DNK,GUE_NGL
163120,197573,AGAINST,DNK,GREEN_EFA
163120,199941,ABSTENTION,DNK,SD
163120,239972,ABSTENTION,DNK,RENEW
163120,239973,FOR,DNK,RENEW
163150,28161,FOR,DNK,GREEN_EFA
163150,37312,FOR,DNK,SD
163150,96709,FOR,DNK,RENEW
163150,101585,FOR,DNK,SD
163150,124872,FOR,DNK,RENEW
163150,124875,DID_NOT_VOTE,DNK,ID
163150,197515,FOR,DNK,EPP
163150,197558,DID_NOT_VOTE,DNK,RENEW
163150,197567,FOR,DNK,RENEW
163150,197571,FOR,DNK,GUE_NGL
163150,197573,FOR,DNK,GREEN_EFA
163150,199941,FOR,DNK,SD
163150,239972,FOR,DNK,RENEW
163150,239973,FOR,DNK,RENEW
163299,28161,FOR,DNK,GREEN_EFA
163299,37312,FOR,DNK,SD
163299,96709,FOR,DNK,RENEW
163299,101585,FOR,DNK,SD
163299,124872,FOR,DNK,RENEW
163299,124875,FOR,DNK,ID
163299,197515,FOR,DNK,EPP
163299,197558,FOR,DNK,RENEW
163299,197567,FOR,DNK,RENEW
163299,197571,FOR,DNK,GUE_NGL
163299,197573,FOR,DNK,GREEN_EFA
163299,199941,FOR,DNK,SD
163299,239972,FOR,DNK,RENEW
163299,239973,FOR,DNK,RENEW
163314,28161,FOR,DNK,GREEN_EFA
163314,37312,FOR,DNK,SD
163314,96709,FOR,DNK,RENEW
163314,101585,FOR,DNK,SD
163314,124872,FOR,DNK,RENEW
163314,124875,ABSTENTION,DNK,ID
163314,197515,FOR,DNK,EPP
163314,197558,FOR,DNK,RENEW
163314,197567,FOR,DNK,RENEW
163314,197571,FOR,DNK,GUE_NGL
163314,197573,FOR,DNK,GREEN_EFA
163314,199941,FOR,DNK,SD
163314,239972,FOR,DNK,RENEW
163314,239973,FOR,DNK,RENEW
163315,28161,FOR,DNK,GREEN_EFA
163315,37312,FOR,DNK,SD
163315,96709,AGAINST,DNK,RENEW
163315,101585,FOR,DNK,SD
163315,124872,AGAINST,DNK,RENEW
163315,124875,FOR,DNK,ID
163315,197515,AGAINST,DNK,EPP
163315,197558,AGAINST,DNK,RENEW
163315,197567,FOR,DNK,RENEW
163315,197571,FOR,DNK,GUE_NGL
163315,197573,FOR,DNK,GREEN_EFA
163315,199941,FOR,DNK,SD
163315,239972,AGAINST,DNK,RENEW
163315,239973,FOR,DNK,RENEW
163614,28161,FOR,DNK,GREEN_EFA
163614,37312,FOR,DNK,SD
163614,96709,FOR,DNK,RENEW
163614,101585,FOR,DNK,SD
163614,124872,FOR,DNK,RENEW
163614,124875,ABSTENTION,DNK,ID
163614,197515,FOR,DNK,EPP
163614,197558,FOR,DNK,RENEW
163614,197567,FOR,DNK,RENEW
163614,197571,FOR,DNK,GUE_NGL
163614,197573,DID_NOT_VOTE,DNK,GREEN_EFA
163614,199941,FOR,DNK,SD
163614,239972,FOR,DNK,RENEW
163614,239973,FOR,DNK,RENEW
163628,28161,FOR,DNK,GREEN_EFA
163628,37312,FOR,DNK,SD
163628,96709,FOR,DNK,RENEW
163628,101585,FOR,DNK,SD
163628,124872,FOR,DNK,RENEW
163628,124875,DID_NOT_VOTE,DNK,ID
163628,197515,DID_NOT_VOTE,DNK,EPP
163628,197558,DID_NOT_VOTE,DNK,RENEW
163628,197567,FOR,DNK,RENEW
163628,197571,FOR,DNK,GUE_NGL
163628,197573,FOR,DNK,GREEN_EFA
163628,199941,FOR,DNK,SD
163628,239972,FOR,DNK,RENEW
163628,239973,FOR,DNK,RENEW
163742,28161,AGAINST,DNK,GREEN_EFA
163742,37312,FOR,DNK,SD
163742,96709,FOR,DNK,RENEW
163742,101585,FOR,DNK,SD
163742,124872,FOR,DNK,RENEW
163742,124875,FOR,DNK,ID
163742,197515,FOR,DNK,EPP
163742,197558,FOR,DNK,RENEW
163742,197567,AGAINST,DNK,RENEW
163742,197571,AGAINST,DNK,GUE_NGL
163742,197573,AGAINST,DNK,GREEN_EFA
163742,199941,FOR,DNK,SD
163742,239972,FOR,DNK,RENEW
163742,239973,FOR,DNK,RENEW
163744,28161,FOR,DNK,GREEN_EFA
163744,37312,FOR,DNK,SD
163744,96709,FOR,DNK,RENEW
163744,101585,FOR,DNK,SD
163744,124872,FOR,DNK,RENEW
163744,124875,ABSTENTION,DNK,ID
163744,197515,FOR,DNK,EPP
163744,197558,FOR,DNK,RENEW
163744,197567,FOR,DNK,RENEW
163744,197571,ABSTENTION,DNK,GUE_NGL
163744,197573,FOR,DNK,GREEN_EFA
163744,199941,FOR,DNK,SD
163744,239972,FOR,DNK,RENEW
163744,239973,FOR,DNK,RENEW
163746,28161,FOR,DNK,GREEN_EFA
163746,37312,FOR,DNK,SD
163746,96709,ABSTENTION,DNK,RENEW
163746,101585,FOR,DNK,SD
163746,124872,FOR,DNK,RENEW
163746,124875,AGAINST,DNK,ID
163746,197515,FOR,DNK,EPP
163746,197558,ABSTENTION,DNK,RENEW
163746,197567,FOR,DNK,RENEW
163746,197571,FOR,DNK,GUE_NGL
163746,197573,FOR,DNK,GREEN_EFA
163746,199941,FOR,DNK,SD
163746,239972,ABSTENTION,DNK,RENEW
163746,239973,FOR,DNK,RENEW
163748,28161,FOR,DNK,GREEN_EFA
163748,37312,FOR,DNK,SD
163748,96709,FOR,DNK,RENEW
163748,101585,FOR,DNK,SD
163748,124872,FOR,DNK,RENEW
163748,124875,ABSTENTION,DNK,ID
163748,197515,FOR,DNK,EPP
163748,197558,FOR,DNK,RENEW
163748,197567,FOR,DNK,RENEW
163748,197571,FOR,DNK,GUE_NGL
163748,197573,FOR,DNK,GREEN_EFA
163748,199941,FOR,DNK,SD
163748,239972,FOR,DNK,RENEW
163748,239973,FOR,DNK,RENEW
163750,28161,FOR,DNK,GREEN_EFA
163750,37312,FOR,DNK,SD
163750,96709,FOR,DNK,RENEW
163750,101585,FOR,DNK,SD
163750,124872,FOR,DNK,RENEW
163750,124875,AGAINST,DNK,ID
163750,197515,FOR,DNK,EPP
163750,197558,FOR,DNK,RENEW
163750,197567,FOR,DNK,RENEW
163750,197571,FOR,DNK,GUE_NGL
163750,197573,FOR,DNK,GREEN_EFA
163750,199941,FOR,DNK,SD
163750,239972,FOR,DNK,RENEW
163750,239973,FOR,DNK,RENEW
163752,28161,FOR,DNK,GREEN_EFA
163752,37312,FOR,DNK,SD
163752,96709,FOR,DNK,RENEW
163752,101585,FOR,DNK,SD
163752,124872,FOR,DNK,RENEW
163752,124875,AGAINST,DNK,ID
163752,197515,FOR,DNK,EPP
163752,197558,FOR,DNK,RENEW
163752,197567,FOR,DNK,RENEW
163752,197571,AGAINST,DNK,GUE_NGL
163752,197573,FOR,DNK,GREEN_EFA
163752,199941,FOR,DNK,SD
163752,239972,FOR,DNK,RENEW
163752,239973,FOR,DNK,RENEW
163753,28161,FOR,DNK,GREEN_EFA
163753,37312,FOR,DNK,SD
163753,96709,FOR,DNK,RENEW
163753,101585,FOR,DNK,SD
163753,124872,FOR,DNK,RENEW
163753,124875,FOR,DNK,ID
163753,197515,FOR,DNK,EPP
163753,197558,FOR,DNK,RENEW
163753,197567,FOR,DNK,RENEW
163753,197571,FOR,DNK,GUE_NGL
163753,197573,FOR,DNK,GREEN_EFA
163753,199941,FOR,DNK,SD
163753,239972,FOR,DNK,RENEW
163753,239973,FOR,DNK,RENEW
163765,28161,FOR,DNK,GREEN_EFA
163765,37312,ABSTENTION,DNK,SD
163765,96709,ABSTENTION,DNK,RENEW
163765,101585,ABSTENTION,DNK,SD
163765,124872,FOR,DNK,RENEW
163765,124875,AGAINST,DNK,ID
163765,197515,AGAINST,DNK,EPP
163765,197558,ABSTENTION,DNK,RENEW
163765,197567,FOR,DNK,RENEW
163765,197571,FOR,DNK,GUE_NGL
163765,197573,FOR,DNK,GREEN_EFA
163765,199941,ABSTENTION,DNK,SD
163765,239972,ABSTENTION,DNK,RENEW
163765,239973,ABSTENTION,DNK,RENEW
163767,28161,FOR,DNK,GREEN_EFA
163767,37312,FOR,DNK,SD
163767,96709,FOR,DNK,RENEW
163767,101585,FOR,DNK,SD
163767,124872,FOR,DNK,RENEW
163767,124875,AGAINST,DNK,ID
163767,197515,FOR,DNK,EPP
163767,197558,FOR,DNK,RENEW
163767,197567,FOR,DNK,RENEW
163767,197571,FOR,DNK,GUE_NGL
163767,197573,FOR,DNK,GREEN_EFA
163767,199941,FOR,DNK,SD
163767,239972,FOR,DNK,RENEW
163767,239973,FOR,DNK,RENEW
163769,28161,FOR,DNK,GREEN_EFA
163769,37312,FOR,DNK,SD
163769,96709,FOR,DNK,RENEW
163769,101585,FOR,DNK,SD
163769,124872,FOR,DNK,RENEW
163769,124875,FOR,DNK,ID
163769,197515,FOR,DNK,EPP
163769,197558,FOR,DNK,RENEW
163769,197567,FOR,DNK,RENEW
163769,197571,FOR,DNK,GUE_NGL
163769,197573,FOR,DNK,GREEN_EFA
163769,199941,FOR,DNK,SD
163769,239972,FOR,DNK,RENEW
163769,239973,FOR,DNK,RENEW
164047,28161,ABSTENTION,DNK,GREEN_EFA
164047,37312,FOR,DNK,SD
164047,96709,FOR,DNK,RENEW
164047,101585,FOR,DNK,SD
164047,124872,FOR,DNK,RENEW
164047,124875,ABSTENTION,DNK,ID
164047,197515,FOR,DNK,EPP
164047,197558,FOR,DNK,RENEW
164047,197567,FOR,DNK,RENEW
164047,197571,AGAINST,DNK,GUE_NGL
164047,197573,ABSTENTION,DNK,GREEN_EFA
164047,199941,FOR,DNK,SD
164047,239972,FOR,DNK,RENEW
164047,239973,FOR,DNK,RENEW
164065,28161,FOR,DNK,GREEN_EFA
164065,37312,FOR,DNK,SD
164065,96709,FOR,DNK,RENEW
164065,101585,FOR,DNK,SD
164065,124872,FOR,DNK,RENEW
164065,124875,ABSTENTION,DNK,ID
164065,197515,FOR,DNK,EPP
164065,197558,FOR,DNK,RENEW
164065,197567,FOR,DNK,RENEW
164065,197571,AGAINST,DNK,GUE_NGL
164065,197573,FOR,DNK,GREEN_EFA
164065,199941,FOR,DNK,SD
164065,239972,FOR,DNK,RENEW
164065,239973,FOR,DNK,RENEW
164215,28161,FOR,DNK,GREEN_EFA
164215,37312,FOR,DNK,SD
164215,96709,FOR,DNK,RENEW
164215,101585,FOR,DNK,SD
164215,124872,FOR,DNK,RENEW
164215,124875,ABSTENTION,DNK,ID
164215,197515,FOR,DNK,EPP
164215,197558,FOR,DNK,RENEW
164215,197567,FOR,DNK,RENEW
164215,197571,FOR,DNK,GUE_NGL
164215,197573,FOR,DNK,GREEN_EFA
164215,199941,FOR,DNK,SD
164215,239972,FOR,DNK,RENEW
164215,239973,FOR,DNK,RENEW
164216,28161,AGAINST,DNK,GREEN_EFA
164216,37312,FOR,DNK,SD
164216,96709,FOR,DNK,RENEW
164216,101585,FOR,DNK,SD
164216,124872,FOR,DNK,RENEW
164216,124875,FOR,DNK,ID
164216,197515,FOR,DNK,EPP
164216,197558,FOR,DNK,RENEW
164216,197567,AGAINST,DNK,RENEW
164216,197571,AGAINST,DNK,GUE_NGL
164216,197573,ABSTENTION,DNK,GREEN_EFA
164216,199941,FOR,DNK,SD
164216,239972,FOR,DNK,RENEW
164216,239973,FOR,DNK,RENEW
164218,28161,FOR,DNK,GREEN_EFA
164218,37312,FOR,DNK,SD
164218,96709,FOR,DNK,RENEW
164218,101585,FOR,DNK,SD
164218,124872,FOR,DNK,RENEW
164218,124875,DID_NOT_VOTE,DNK,ID
164218,197515,FOR,DNK,EPP
164218,197558,FOR,DNK,RENEW
164218,197567,FOR,DNK,RENEW
164218,197571,FOR,DNK,GUE_NGL
164218,197573,FOR,DNK,GREEN_EFA
164218,199941,FOR,DNK,SD
164218,239972,FOR,DNK,RENEW
164218,239973,FOR,DNK,RENEW
164220,28161,FOR,DNK,GREEN_EFA
164220,37312,FOR,DNK,SD
164220,96709,FOR,DNK,RENEW
164220,101585,FOR,DNK,SD
164220,124872,FOR,DNK,RENEW
164220,124875,DID_NOT_VOTE,DNK,ID
164220,197515,FOR,DNK,EPP
164220,197558,FOR,DNK,RENEW
164220,197567,FOR,DNK,RENEW
164220,197571,FOR,DNK,GUE_NGL
164220,197573,FOR,DNK,GREEN_EFA
164220,199941,FOR,DNK,SD
164220,239972,FOR,DNK,RENEW
164220,239973,FOR,DNK,RENEW
164378,28161,FOR,DNK,GREEN_EFA
164378,37312,FOR,DNK,SD
164378,96709,FOR,DNK,RENEW
164378,101585,FOR,DNK,SD
164378,124872,FOR,DNK,RENEW
164378,124875,ABSTENTION,DNK,ID
164378,197515,FOR,DNK,EPP
164378,197558,FOR,DNK,RENEW
164378,197567,FOR,DNK,RENEW
164378,197571,FOR,DNK,GUE_NGL
164378,197573,DID_NOT_VOTE,DNK,GREEN_EFA
164378,199941,FOR,DNK,SD
164378,239972,DID_NOT_VOTE,DNK,RENEW
164378,239973,FOR,DNK,RENEW
164381,28161,FOR,DNK,GREEN_EFA
164381,37312,FOR,DNK,SD
164381,96709,FOR,DNK,RENEW
164381,101585,FOR,DNK,SD
164381,124872,DID_NOT_VOTE,DNK,RENEW
164381,124875,ABSTENTION,DNK,ID
164381,197515,FOR,DNK,EPP
164381,197558,FOR,DNK,RENEW
164381,197567,FOR,DNK,RENEW
164381,197571,FOR,DNK,GUE_NGL
164381,197573,DID_NOT_VOTE,DNK,GREEN_EFA
164381,199941,FOR,DNK,SD
164381,239972,FOR,DNK,RENEW
164381,239973,FOR,DNK,RENEW
164395,28161,FOR,DNK,GREEN_EFA
164395,37312,FOR,DNK,SD
164395,96709,FOR,DNK,RENEW
164395,101585,DID_NOT_VOTE,DNK,SD
164395,124872,FOR,DNK,RENEW
164395,124875,AGAINST,DNK,ID
164395,197515,FOR,DNK,EPP
164395,197558,FOR,DNK,RENEW
164395,197567,FOR,DNK,RENEW
164395,197571,FOR,DNK,GUE_NGL
164395,197573,FOR,DNK,GREEN_EFA
164395,199941,FOR,DNK,SD
164395,239972,AGAINST,DNK,RENEW
164395,239973,FOR,DNK,RENEW
164439,28161,FOR,DNK,GREEN_EFA
164439,37312,FOR,DNK,SD
164439,96709,FOR,DNK,RENEW
164439,101585,FOR,DNK,SD
164439,124872,DID_NOT_VOTE,DNK,RENEW
164439,124875,ABSTENTION,DNK,ID
164439,197515,FOR,DNK,EPP
164439,197558,FOR,DNK,RENEW
164439,197567,FOR,DNK,RENEW
164439,197571,FOR,DNK,GUE_NGL
164439,197573,FOR,DNK,GREEN_EFA
164439,199941,FOR,DNK,SD
164439,239972,FOR,DNK,RENEW
164439,239973,FOR,DNK,RENEW
164462,28161,FOR,DNK,GREEN_EFA
164462,37312,FOR,DNK,SD
164462,96709,FOR,DNK,RENEW
164462,101585,FOR,DNK,SD
164462,124872,FOR,DNK,RENEW
164462,124875,AGAINST,DNK,ID
164462,197515,FOR,DNK,EPP
164462,197558,DID_NOT_VOTE,DNK,RENEW
164462,197567,FOR,DNK,RENEW
164462,197571,FOR,DNK,GUE_NGL
164462,197573,FOR,DNK,GREEN_EFA
164462,199941,FOR,DNK,SD
164462,239972,FOR,DNK,RENEW
164462,239973,FOR,DNK,RENEW
164464,28161,FOR,DNK,GREEN_EFA
164464,37312,FOR,DNK,SD
164464,96709,FOR,DNK,RENEW
164464,101585,FOR,DNK,SD
164464,124872,FOR,DNK,RENEW
164464,124875,AGAINST,DNK,ID
164464,197515,FOR,DNK,EPP
164464,197558,DID_NOT_VOTE,DNK,RENEW
164464,197567,FOR,DNK,RENEW
164464,197571,FOR,DNK,GUE_NGL
164464,197573,FOR,DNK,GREEN_EFA
164464,199941,FOR,DNK,SD
164464,239972,FOR,DNK,RENEW
164464,239973,FOR,DNK,RENEW
164466,28161,FOR,DNK,GREEN_EFA
164466,37312,FOR,DNK,SD
164466,96709,FOR,DNK,RENEW
164466,101585,FOR,DNK,SD
164466,124872,FOR,DNK,RENEW
164466,124875,FOR,DNK,ID
164466,197515,FOR,DNK,EPP
164466,197558,DID_NOT_VOTE,DNK,RENEW
164466,197567,FOR,DNK,RENEW
164466,197571,FOR,DNK,GUE_NGL
164466,197573,FOR,DNK,GREEN_EFA
164466,199941,FOR,DNK,SD
164466,239972,FOR,DNK,RENEW
164466,239973,FOR,DNK,RENEW
164468,28161,ABSTENTION,DNK,GREEN_EFA
164468,37312,FOR,DNK,SD
164468,96709,FOR,DNK,RENEW
164468,101585,FOR,DNK,SD
164468,124872,FOR,DNK,RENEW
164468,124875,ABSTENTION,DNK,ID
164468,197515,FOR,DNK,EPP
164468,197558,DID_NOT_VOTE,DNK,RENEW
164468,197567,FOR,DNK,RENEW
164468,197571,AGAINST,DNK,GUE_NGL
164468,197573,ABSTENTION,DNK,GREEN_EFA
164468,199941,FOR,DNK,SD
164468,239972,FOR,DNK,RENEW
164468,239973,FOR,DNK,RENEW
164486,28161,AGAINST,DNK,GREEN_EFA
164486,37312,FOR,DNK,SD
164486,96709,AGAINST,DNK,RENEW
164486,101585,FOR,DNK,SD
164486,124872,FOR,DNK,RENEW
164486,124875,AGAINST,DNK,ID
164486,197515,FOR,DNK,EPP
164486,197558,DID_NOT_VOTE,DNK,RENEW
164486,197567,FOR,DNK,RENEW
164486,197571,AGAINST,DNK,GUE_NGL
164486,197573,AGAINST,DNK,GREEN_EFA
164486,199941,FOR,DNK,SD
164486,239972,FOR,DNK,RENEW
164486,239973,FOR,DNK,RENEW
164487,28161,FOR,DNK,GREEN_EFA
164487,37312,FOR,DNK,SD
164487,96709,FOR,DNK,RENEW
164487,101585,FOR,DNK,SD
164487,124872,FOR,DNK,RENEW
164487,124875,FOR,DNK,ID
164487,197515,FOR,DNK,EPP
164487,197558,DID_NOT_VOTE,DNK,RENEW
164487,197567,FOR,DNK,RENEW
164487,197571,FOR,DNK,GUE_NGL
164487,197573,FOR,DNK,GREEN_EFA
164487,199941,FOR,DNK,SD
164487,239972,FOR,DNK,RENEW
164487,239973,FOR,DNK,RENEW
164489,28161,FOR,DNK,GREEN_EFA
164489,37312,FOR,DNK,SD
164489,96709,FOR,DNK,RENEW
164489,101585,FOR,DNK,SD
164489,124872,FOR,DNK,RENEW
164489,124875,ABSTENTION,DNK,ID
164489,197515,FOR,DNK,EPP
164489,197558,DID_NOT_VOTE,DNK,RENEW
164489,197567,FOR,DNK,RENEW
164489,197571,AGAINST,DNK,GUE_NGL
164489,197573,FOR,DNK,GREEN_EFA
164489,199941,FOR,DNK,SD
164489,239972,FOR,DNK,RENEW
164489,239973,FOR,DNK,RENEW
164491,28161,FOR,DNK,GREEN_EFA
164491,37312,FOR,DNK,SD
164491,96709,FOR,DNK,RENEW
164491,101585,FOR,DNK,SD
164491,124872,FOR,DNK,RENEW
164491,124875,FOR,DNK,ID
164491,197515,FOR,DNK,EPP
164491,197558,DID_NOT_VOTE,DNK,RENEW
164491,197567,FOR,DNK,RENEW
164491,197571,FOR,DNK,GUE_NGL
164491,197573,FOR,DNK,GREEN_EFA
164491,199941,FOR,DNK,SD
164491,239972,FOR,DNK,RENEW
164491,239973,FOR,DNK,RENEW
164493,28161,FOR,DNK,GREEN_EFA
164493,37312,FOR,DNK,SD
164493,96709,FOR,DNK,RENEW
164493,101585,FOR,DNK,SD
164493,124872,FOR,DNK,RENEW
164493,124875,ABSTENTION,DNK,ID
164493,197515,FOR,DNK,EPP
164493,197558,DID_NOT_VOTE,DNK,RENEW
164493,197567,FOR,DNK,RENEW
164493,197571,FOR,DNK,GUE_NGL
164493,197573,FOR,DNK,GREEN_EFA
164493,199941,FOR,DNK,SD
164493,239972,FOR,DNK,RENEW
164493,239973,FOR,DNK,RENEW
164499,28161,FOR,DNK,GREEN_EFA
164499,37312,FOR,DNK,SD
164499,96709,FOR,DNK,RENEW
164499,101585,FOR,DNK,SD
164499,124872,FOR,DNK,RENEW
164499,124875,AGAINST,DNK,ID
164499,197515,FOR,DNK,EPP
164499,197558,DID_NOT_VOTE,DNK,RENEW
164499,197567,FOR,DNK,RENEW
164499,197571,FOR,DNK,GUE_NGL
164499,197573,FOR,DNK,GREEN_EFA
164499,199941,FOR,DNK,SD
164499,239972,ABSTENTION,DNK,RENEW
164499,239973,FOR,DNK,RENEW
164515,28161,FOR,DNK,GREEN_EFA
164515,37312,FOR,DNK,SD
164515,96709,FOR,DNK,RENEW
164515,101585,FOR,DNK,SD
164515,124872,FOR,DNK,RENEW
164515,124875,AGAINST,DNK,ID
164515,197515,FOR,DNK,EPP
164515,197558,DID_NOT_VOTE,DNK,RENEW
164515,197567,FOR,DNK,RENEW
164515,197571,FOR,DNK,GUE_NGL
164515,197573,FOR,DNK,GREEN_EFA
164515,199941,FOR,DNK,SD
164515,239972,FOR,DNK,RENEW
164515,239973,FOR,DNK,RENEW
164524,28161,FOR,DNK,GREEN_EFA
164524,37312,DID_NOT_VOTE,DNK,SD
164524,96709,FOR,DNK,RENEW
164524,101585,FOR,DNK,SD
164524,124872,FOR,DNK,RENEW
164524,124875,AGAINST,DNK,ID
164524,197515,DID_NOT_VOTE,DNK,EPP
164524,197558,DID_NOT_VOTE,DNK,RENEW
164524,197567,FOR,DNK,RENEW
164524,197571,FOR,DNK,GUE_NGL
164524,197573,FOR,DNK,GREEN_EFA
164524,199941,FOR,DNK,SD
164524,239972,FOR,DNK,RENEW
164524,239973,FOR,DNK,RENEW
164530,28161,FOR,DNK,GREEN_EFA
164530,37312,FOR,DNK,SD
164530,96709,FOR,DNK,RENEW
164530,101585,FOR,DNK,SD
164530,124872,FOR,DNK,RENEW
164530,124875,FOR,DNK,ID
164530,197515,FOR,DNK,EPP
164530,197558,DID_NOT_VOTE,DNK,RENEW
164530,197567,FOR,DNK,RENEW
164530,197571,AGAINST,DNK,GUE_NGL
164530,197573,FOR,DNK,GREEN_EFA
164530,199941,FOR,DNK,SD
164530,239972,FOR,DNK,RENEW
164530,239973,FOR,DNK,RENEW
164532,28161,ABSTENTION,DNK,GREEN_EFA
164532,37312,FOR,DNK,SD
164532,96709,FOR,DNK,RENEW
164532,101585,FOR,DNK,SD
164532,124872,FOR,DNK,RENEW
164532,124875,FOR,DNK,ID
164532,197515,FOR,DNK,EPP
164532,197558,DID_NOT_VOTE,DNK,RENEW
164532,197567,FOR,DNK,RENEW
164532,197571,AGAINST,DNK,GUE_NGL
164532,197573,ABSTENTION,DNK,GREEN_EFA
164532,199941,FOR,DNK,SD
164532,239972,FOR,DNK,RENEW
164532,239973,FOR,DNK,RENEW
164536,28161,FOR,DNK,GREEN_EFA
164536,37312,FOR,DNK,SD
164536,96709,FOR,DNK,RENEW
164536,101585,FOR,DNK,SD
164536,124872,FOR,DNK,RENEW
164536,124875,ABSTENTION,DNK,ID
164536,197515,FOR,DNK,EPP
164536,197558,DID_NOT_VOTE,DNK,RENEW
164536,197567,FOR,DNK,RENEW
164536,197571,FOR,DNK,GUE_NGL
164536,197573,FOR,DNK,GREEN_EFA
164536,199941,FOR,DNK,SD
164536,239972,FOR,DNK,RENEW
164536,239973,FOR,DNK,RENEW
164555,28161,FOR,DNK,GREEN_EFA
164555,37312,DID_NOT_VOTE,DNK,SD
164555,96709,FOR,DNK,RENEW
164555,101585,FOR,DNK,SD
164555,124872,FOR,DNK,RENEW
164555,124875,AGAINST,DNK,ID
164555,197515,DID_NOT_VOTE,DNK,EPP
164555,197558,DID_NOT_VOTE,DNK,RENEW
164555,197567,FOR,DNK,RENEW
164555,197571,FOR,DNK,GUE_NGL
164555,197573,FOR,DNK,GREEN_EFA
164555,199941,FOR,DNK,SD
164555,239972,FOR,DNK,RENEW
164555,239973,FOR,DNK,RENEW
164578,28161,AGAINST,DNK,GREEN_EFA
164578,37312,FOR,DNK,SD
164578,96709,FOR,DNK,RENEW
164578,101585,FOR,DNK,SD
164578,124872,FOR,DNK,RENEW
164578,124875,AGAINST,DNK,ID
164578,197515,AGAINST,DNK,EPP
164578,197558,DID_NOT_VOTE,DNK,RENEW
164578,197567,ABSTENTION,DNK,RENEW
164578,197571,AGAINST,DNK,GUE_NGL
164578,197573,AGAINST,DNK,GREEN_EFA
164578,199941,FOR,DNK,SD
164578,239972,FOR,DNK,RENEW
164578,239973,FOR,DNK,RENEW
164580,28161,FOR,DNK,GREEN_EFA
164580,37312,DID_NOT_VOTE,DNK,SD
164580,96709,FOR,DNK,RENEW
164580,101585,FOR,DNK,SD
164580,124872,DID_NOT_VOTE,DNK,RENEW
164580,124875,ABSTENTION,DNK,ID
164580,197515,DID_NOT_VOTE,DNK,EPP
164580,197558,DID_NOT_VOTE,DNK,RENEW
164580,197567,FOR,DNK,RENEW
164580,197571,FOR,DNK,GUE_NGL
164580,197573,FOR,DNK,GREEN_EFA
164580,199941,FOR,DNK,SD
164580,239972,DID_NOT_VOTE,DNK,RENEW
164580,239973,FOR,DNK,RENEW
164581,28161,FOR,DNK,GREEN_EFA
164581,37312,DID_NOT_VOTE,DNK,SD
164581,96709,FOR,DNK,RENEW
164581,101585,FOR,DNK,SD
164581,124872,DID_NOT_VOTE,DNK,RENEW
164581,124875,ABSTENTION,DNK,ID
164581,197515,DID_NOT_VOTE,DNK,EPP
164581,197558,DID_NOT_VOTE,DNK,RENEW
164581,197567,FOR,DNK,RENEW
164581,197571,ABSTENTION,DNK,GUE_NGL
164581,197573,FOR,DNK,GREEN_EFA
164581,199941,FOR,DNK,SD
164581,239972,DID_NOT_VOTE,DNK,RENEW
164581,239973,FOR,DNK,RENEW
164582,28161,FOR,DNK,GREEN_EFA
164582,37312,DID_NOT_VOTE,DNK,SD
164582,96709,ABSTENTION,DNK,RENEW
164582,101585,ABSTENTION,DNK,SD
164582,124872,DID_NOT_VOTE,DNK,RENEW
164582,124875,AGAINST,DNK,ID
164582,197515,DID_NOT_VOTE,DNK,EPP
164582,197558,DID_NOT_VOTE,DNK,RENEW
164582,197567,FOR,DNK,RENEW
164582,197571,ABSTENTION,DNK,GUE_NGL
164582,197573,FOR,DNK,GREEN_EFA
164582,199941,ABSTENTION,DNK,SD
164582,239972,DID_NOT_VOTE,DNK,RENEW
164582,239973,FOR,DNK,RENEW
164584,28161,FOR,DNK,GREEN_EFA
164584,37312,DID_NOT_VOTE,DNK,SD
164584,96709,FOR,DNK,RENEW
164584,101585,FOR,DNK,SD
164584,124872,DID_NOT_VOTE,DNK,RENEW
164584,124875,FOR,DNK,ID
164584,197515,DID_NOT_VOTE,DNK,EPP
164584,197558,DID_NOT_VOTE,DNK,RENEW
164584,197567,DID_NOT_VOTE,DNK,RENEW
164584,197571,FOR,DNK,GUE_NGL
164584,197573,FOR,DNK,GREEN_EFA
164584,199941,FOR,DNK,SD
164584,239972,DID_NOT_VOTE,DNK,RENEW
164584,239973,FOR,DNK,RENEW
164600,28161,ABSTENTION,DNK,GREEN_EFA
164600,37312,FOR,DNK,SD
164600,96709,FOR,DNK,RENEW
164600,101585,FOR,DNK,SD
164600,124872,FOR,DNK,RENEW
164600,124875,FOR,DNK,ID
164600,197515,FOR,DNK,EPP
164600,197558,DID_NOT_VOTE,DNK,RENEW
164600,197567,FOR,DNK,RENEW
164600,197571,AGAINST,DNK,GUE_NGL
164600,197573,ABSTENTION,DNK,GREEN_EFA
164600,199941,FOR,DNK,SD
164600,239972,FOR,DNK,RENEW
164600,239973,FOR,DNK,RENEW
164601,28161,FOR,DNK,GREEN_EFA
164601,37312,FOR,DNK,SD
164601,96709,FOR,DNK,RENEW
164601,101585,FOR,DNK,SD
164601,124872,FOR,DNK,RENEW
164601,124875,FOR,DNK,ID
164601,197515,FOR,DNK,EPP
164601,197558,DID_NOT_VOTE,DNK,RENEW
164601,197567,FOR,DNK,RENEW
164601,197571,FOR,DNK,GUE_NGL
164601,197573,FOR,DNK,GREEN_EFA
164601,199941,FOR,DNK,SD
164601,239972,FOR,DNK,RENEW
164601,239973,FOR,DNK,RENEW
164605,28161,ABSTENTION,DNK,GREEN_EFA
164605,37312,FOR,DNK,SD
164605,96709,FOR,DNK,RENEW
164605,101585,FOR,DNK,SD
164605,124872,FOR,DNK,RENEW
164605,124875,FOR,DNK,ID
164605,197515,FOR,DNK,EPP
164605,197558,DID_NOT_VOTE,DNK,RENEW
164605,197567,FOR,DNK,RENEW
164605,197571,AGAINST,DNK,GUE_NGL
164605,197573,ABSTENTION,DNK,GREEN_EFA
164605,199941,FOR,DNK,SD
164605,239972,FOR,DNK,RENEW
164605,239973,FOR,DNK,RENEW
164612,28161,ABSTENTION,DNK,GREEN_EFA
164612,37312,FOR,DNK,SD
164612,96709,FOR,DNK,RENEW
164612,101585,FOR,DNK,SD
164612,124872,FOR,DNK,RENEW
164612,124875,FOR,DNK,ID
164612,197515,FOR,DNK,EPP
164612,197558,DID_NOT_VOTE,DNK,RENEW
164612,197567,FOR,DNK,RENEW
164612,197571,AGAINST,DNK,GUE_NGL
164612,197573,ABSTENTION,DNK,GREEN_EFA
164612,199941,FOR,DNK,SD
164612,239972,FOR,DNK,RENEW
164612,239973,FOR,DNK,RENEW
164659,28161,FOR,DNK,GREEN_EFA
164659,37312,DID_NOT_VOTE,DNK,SD
164659,96709,ABSTENTION,DNK,RENEW
164659,101585,FOR,DNK,SD
164659,124872,FOR,DNK,RENEW
164659,124875,AGAINST,DNK,ID
164659,197515,DID_NOT_VOTE,DNK,EPP
164659,197558,DID_NOT_VOTE,DNK,RENEW
164659,197567,FOR,DNK,RENEW
164659,197571,FOR,DNK,GUE_NGL
164659,197573,FOR,DNK,GREEN_EFA
164659,199941,FOR,DNK,SD
164659,239972,ABSTENTION,DNK,RENEW
164659,239973,FOR,DNK,RENEW
164705,28161,ABSTENTION,DNK,GREEN_EFA
164705,37312,FOR,DNK,SD
164705,96709,FOR,DNK,RENEW
164705,101585,FOR,DNK,SD
164705,124872,FOR,DNK,RENEW
164705,124875,FOR,DNK,ID
164705,197515,FOR,DNK,EPP
164705,197558,DID_NOT_VOTE,DNK,RENEW
164705,197567,FOR,DNK,RENEW
164705,197571,AGAINST,DNK,GUE_NGL
164705,197573,ABSTENTION,DNK,GREEN_EFA
164705,199941,FOR,DNK,SD
164705,239972,FOR,DNK,RENEW
164705,239973,FOR,DNK,RENEW
164794,28161,FOR,DNK,GREEN_EFA
164794,37312,DID_NOT_VOTE,DNK,SD
164794,96709,FOR,DNK,RENEW
164794,101585,FOR,DNK,SD
164794,124872,FOR,DNK,RENEW
164794,124875,AGAINST,DNK,ID
164794,197515,DID_NOT_VOTE,DNK,EPP
164794,197558,DID_NOT_VOTE,DNK,RENEW
164794,197567,FOR,DNK,RENEW
164794,197571,AGAINST,DNK,GUE_NGL
164794,197573,FOR,DNK,GREEN_EFA
164794,199941,FOR,DNK,SD
164794,239972,FOR,DNK,RENEW
164794,239973,FOR,DNK,RENEW
164795,28161,FOR,DNK,GREEN_EFA
164795,37312,DID_NOT_VOTE,DNK,SD
164795,96709,FOR,DNK,RENEW
164795,101585,FOR,DNK,SD
164795,124872,DID_NOT_VOTE,DNK,RENEW
164795,124875,AGAINST,DNK,ID
164795,197515,DID_NOT_VOTE,DNK,EPP
164795,197558,DID_NOT_VOTE,DNK,RENEW
164795,197567,DID_NOT_VOTE,DNK,RENEW
164795,197571,AGAINST,DNK,GUE_NGL
164795,197573,ABSTENTION,DNK,GREEN_EFA
164795,199941,FOR,DNK,SD
164795,239972,DID_NOT_VOTE,DNK,RENEW
164795,239973,FOR,DNK,RENEW
164796,28161,AGAINST,DNK,GREEN_EFA
164796,37312,DID_NOT_VOTE,DNK,SD
164796,96709,FOR,DNK,RENEW
164796,101585,FOR,DNK,SD
164796,124872,DID_NOT_VOTE,DNK,RENEW
164796,124875,FOR,DNK,ID
164796,197515,DID_NOT_VOTE,DNK,EPP
164796,197558,DID_NOT_VOTE,DNK,RENEW
164796,197567,DID_NOT_VOTE,DNK,RENEW
164796,197571,AGAINST,DNK,GUE_NGL
164796,197573,DID_NOT_VOTE,DNK,GREEN_EFA
164796,199941,FOR,DNK,SD
164796,239972,DID_NOT_VOTE,DNK,RENEW
164796,239973,FOR,DNK,RENEW
164797,28161,ABSTENTION,DNK,GREEN_EFA
164797,37312,DID_NOT_VOTE,DNK,SD
164797,96709,FOR,DNK,RENEW
164797,101585,FOR,DNK,SD
164797,124872,DID_NOT_VOTE,DNK,RENEW
164797,124875,ABSTENTION,DNK,ID
164797,197515,DID_NOT_VOTE,DNK,EPP
164797,197558,DID_NOT_VOTE,DNK,RENEW
164797,197567,DID_NOT_VOTE,DNK,RENEW
164797,197571,AGAINST,DNK,GUE_NGL
164797,197573,ABSTENTION,DNK,GREEN_EFA
164797,199941,FOR,DNK,SD
164797,239972,DID_NOT_VOTE,DNK,RENEW
164797,239973,FOR,DNK,RENEW
164815,28161,FOR,DNK,GREEN_EFA
164815,37312,FOR,DNK,SD
164815,96709,FOR,DNK,RENEW
164815,101585,FOR,DNK,SD
164815,124872,FOR,DNK,RENEW
164815,124875,ABSTENTION,DNK,ID
164815,197515,FOR,DNK,EPP
164815,197558,DID_NOT_VOTE,DNK,RENEW
164815,197567,AGAINST,DNK,RENEW
164815,197571,ABSTENTION,DNK,GUE_NGL
164815,197573,FOR,DNK,GREEN_EFA
164815,199941,FOR,DNK,SD
164815,239972,FOR,DNK,RENEW
164815,239973,FOR,DNK,RENEW
164839,28161,FOR,DNK,GREEN_EFA
164839,37312,DID_NOT_VOTE,DNK,SD
164839,96709,FOR,DNK,RENEW
164839,101585,FOR,DNK,SD
164839,124872,FOR,DNK,RENEW
164839,124875,ABSTENTION,DNK,ID
164839,197515,DID_NOT_VOTE,DNK,EPP
164839,197558,DID_NOT_VOTE,DNK,RENEW
164839,197567,FOR,DNK,RENEW
164839,197571,FOR,DNK,GUE_NGL
164839,197573,FOR,DNK,GREEN_EFA
164839,199941,FOR,DNK,SD
164839,239972,FOR,DNK,RENEW
164839,239973,FOR,DNK,RENEW
164958,28161,FOR,DNK,GREEN_EFA
164958,37312,FOR,DNK,SD
164958,96709,ABSTENTION,DNK,RENEW
164958,101585,FOR,DNK,SD
164958,124872,FOR,DNK,RENEW
164958,124875,AGAINST,DNK,ID
164958,197515,DID_NOT_VOTE,DNK,EPP
164958,197558,DID_NOT_VOTE,DNK,RENEW
164958,197567,FOR,DNK,RENEW
164958,197571,ABSTENTION,DNK,GUE_NGL
164958,197573,FOR,DNK,GREEN_EFA
164958,199941,FOR,DNK,SD
164958,239972,ABSTENTION,DNK,RENEW
164958,239973,ABSTENTION,DNK,RENEW
164961,28161,FOR,DNK,GREEN_EFA
164961,37312,DID_NOT_VOTE,DNK,SD
164961,96709,FOR,DNK,RENEW
164961,101585,FOR,DNK,SD
164961,124872,DID_NOT_VOTE,DNK,RENEW
164961,124875,FOR,DNK,ID
164961,197515,DID_NOT_VOTE,DNK,EPP
164961,197558,DID_NOT_VOTE,DNK,RENEW
164961,197567,DID_NOT_VOTE,DNK,RENEW
164961,197571,AGAINST,DNK,GUE_NGL
164961,197573,ABSTENTION,DNK,GREEN_EFA
164961,199941,FOR,DNK,SD
164961,239972,DID_NOT_VOTE,DNK,RENEW
164961,239973,FOR,DNK,RENEW
165088,28161,FOR,DNK,GREEN_EFA
165088,37312,FOR,DNK,SD
165088,96709,FOR,DNK,RENEW
165088,101585,FOR,DNK,SD
165088,124872,FOR,DNK,RENEW
165088,124875,AGAINST,DNK,ID
165088,197515,AGAINST,DNK,EPP
165088,197558,DID_NOT_VOTE,DNK,RENEW
165088,197567,FOR,DNK,RENEW
165088,197571,ABSTENTION,DNK,GUE_NGL
165088,197573,FOR,DNK,GREEN_EFA
165088,199941,FOR,DNK,SD
165088,239972,FOR,DNK,RENEW
165088,239973,FOR,DNK,RENEW
165167,28161,FOR,DNK,GREEN_EFA
165167,37312,FOR,DNK,SD
165167,96709,ABSTENTION,DNK,RENEW
165167,101585,FOR,DNK,SD
165167,124872,FOR,DNK,RENEW
165167,124875,ABSTENTION,DNK,ID
165167,197515,FOR,DNK,EPP
165167,197558,DID_NOT_VOTE,DNK,RENEW
165167,197567,AGAINST,DNK,RENEW
165167,197571,FOR,DNK,GUE_NGL
165167,197573,FOR,DNK,GREEN_EFA
165167,199941,FOR,DNK,SD
165167,239972,ABSTENTION,DNK,RENEW
165167,239973,FOR,DNK,RENEW
165216,28161,FOR,DNK,GREEN_EFA
165216,37312,ABSTENTION,DNK,SD
165216,96709,FOR,DNK,RENEW
165216,101585,ABSTENTION,DNK,SD
165216,124872,FOR,DNK,RENEW
165216,124875,ABSTENTION,DNK,ID
165216,197515,FOR,DNK,EPP
165216,197558,DID_NOT_VOTE,DNK,RENEW
165216,197567,FOR,DNK,RENEW
165216,197571,ABSTENTION,DNK,GUE_NGL
165216,197573,FOR,DNK,GREEN_EFA
165216,199941,ABSTENTION,DNK,SD
165216,239972,FOR,DNK,RENEW
165216,239973,FOR,DNK,RENEW
165939,28161,FOR,DNK,GREEN_EFA
165939,37312,DID_NOT_VOTE,DNK,SD
165939,96709,FOR,DNK,RENEW
165939,101585,FOR,DNK,SD
165939,124872,DID_NOT_VOTE,DNK,RENEW
165939,124875,ABSTENTION,DNK,ID
165939,197515,DID_NOT_VOTE,DNK,EPP
165939,197558,DID_NOT_VOTE,DNK,RENEW
165939,197567,FOR,DNK,RENEW
165939,197571,FOR,DNK,GUE_NGL
165939,197573,FOR,DNK,GREEN_EFA
165939,199941,FOR,DNK,SD
165939,239972,DID_NOT_VOTE,DNK,RENEW
165939,239973,FOR,DNK,RENEW
165965,28161,FOR,DNK,GREEN_EFA
165965,37312,DID_NOT_VOTE,DNK,SD
165965,96709,FOR,DNK,RENEW
165965,101585,FOR,DNK,SD
165965,124872,DID_NOT_VOTE,DNK,RENEW
165965,124875,ABSTENTION,DNK,ID
165965,197515,DID_NOT_VOTE,DNK,EPP
165965,197558,DID_NOT_VOTE,DNK,RENEW
165965,197567,FOR,DNK,RENEW
165965,197571,FOR,DNK,GUE_NGL
165965,197573,FOR,DNK,GREEN_EFA
165965,199941,FOR,DNK,SD
165965,239972,DID_NOT_VOTE,DNK,RENEW
165965,239973,FOR,DNK,RENEW
165987,28161,AGAINST,DNK,GREEN_EFA
165987,37312,DID_NOT_VOTE,DNK,SD
165987,96709,FOR,DNK,RENEW
165987,101585,FOR,DNK,SD
165987,124872,DID_NOT_VOTE,DNK,RENEW
165987,124875,ABSTENTION,DNK,ID
165987,197515,DID_NOT_VOTE,DNK,EPP
165987,197558,DID_NOT_VOTE,DNK,RENEW
165987,197567,FOR,DNK,RENEW
165987,197571,AGAINST,DNK,GUE_NGL
165987,197573,DID_NOT_VOTE,DNK,GREEN_EFA
165987,199941,FOR,DNK,SD
165987,239972,DID_NOT_VOTE,DNK,RENEW
165987,239973,FOR,DNK,RENEW
165988,28161,ABSTENTION,DNK,GREEN_EFA
165988,37312,DID_NOT_VOTE,DNK,SD
165988,96709,FOR,DNK,RENEW
165988,101585,FOR,DNK,SD
165988,124872,DID_NOT_VOTE,DNK,RENEW
165988,124875,AGAINST,DNK,ID
165988,197515,DID_NOT_VOTE,DNK,EPP
165988,197558,DID_NOT_VOTE,DNK,RENEW
165988,197567,FOR,DNK,RENEW
165988,197571,AGAINST,DNK,GUE_NGL
165988,197573,ABSTENTION,DNK,GREEN_EFA
165988,199941,FOR,DNK,SD
165988,239972,DID_NOT_VOTE,DNK,RENEW
165988,239973,FOR,DNK,RENEW
165993,28161,FOR,DNK,GREEN_EFA
165993,37312,DID_NOT_VOTE,DNK,SD
165993,96709,FOR,DNK,RENEW
165993,101585,FOR,DNK,SD
165993,124872,DID_NOT_VOTE,DNK,RENEW
165993,124875,AGAINST,DNK,ID
165993,197515,DID_NOT_VOTE,DNK,EPP
165993,197558,DID_NOT_VOTE,DNK,RENEW
165993,197567,FOR,DNK,RENEW
165993,197571,ABSTENTION,DNK,GUE_NGL
165993,197573,AGAINST,DNK,GREEN_EFA
165993,199941,FOR,DNK,SD
165993,239972,DID_NOT_VOTE,DNK,RENEW
165993,239973,FOR,DNK,RENEW
166019,28161,FOR,DNK,GREEN_EFA
166019,37312,FOR,DNK,SD
166019,96709,FOR,DNK,RENEW
166019,101585,FOR,DNK,SD
166019,124872,DID_NOT_VOTE,DNK,RENEW
166019,124875,AGAINST,DNK,ID
166019,197515,FOR,DNK,EPP
166019,197558,DID_NOT_VOTE,DNK,RENEW
166019,197567,FOR,DNK,RENEW
166019,197571,AGAINST,DNK,GUE_NGL
166019,197573,DID_NOT_VOTE,DNK,GREEN_EFA
166019,199941,FOR,DNK,SD
166019,239972,FOR,DNK,RENEW
166019,239973,FOR,DNK,RENEW
166023,28161,FOR,DNK,GREEN_EFA
166023,37312,FOR,DNK,SD
166023,96709,FOR,DNK,RENEW
166023,101585,FOR,DNK,SD
166023,124872,DID_NOT_VOTE,DNK,RENEW
166023,124875,AGAINST,DNK,ID
166023,197515,FOR,DNK,EPP
166023,197558,DID_NOT_VOTE,DNK,RENEW
166023,197567,FOR,DNK,RENEW
166023,197571,FOR,DNK,GUE_NGL
166023,197573,DID_NOT_VOTE,DNK,GREEN_EFA
166023,199941,FOR,DNK,SD
166023,239972,FOR,DNK,RENEW
166023,239973,FOR,DNK,RENEW
166034,28161,AGAINST,DNK,GREEN_EFA
166034,37312,ABSTENTION,DNK,SD
166034,96709,FOR,DNK,RENEW
166034,101585,ABSTENTION,DNK,SD
166034,124872,DID_NOT_VOTE,DNK,RENEW
166034,124875,FOR,DNK,ID
166034,197515,FOR,DNK,EPP
166034,197558,DID_NOT_VOTE,DNK,RENEW
166034,197567,FOR,DNK,RENEW
166034,197571,AGAINST,DNK,GUE_NGL
166034,197573,DID_NOT_VOTE,DNK,GREEN_EFA
166034,199941,ABSTENTION,DNK,SD
166034,239972,FOR,DNK,RENEW
166034,239973,FOR,DNK,RENEW
166038,28161,FOR,DNK,GREEN_EFA
166038,37312,FOR,DNK,SD
166038,96709,FOR,DNK,RENEW
166038,101585,FOR,DNK,SD
166038,124872,FOR,DNK,RENEW
166038,124875,AGAINST,DNK,ID
166038,197515,FOR,DNK,EPP
166038,197558,DID_NOT_VOTE,DNK,RENEW
166038,197567,FOR,DNK,RENEW
166038,197571,FOR,DNK,GUE_NGL
166038,197573,DID_NOT_VOTE,DNK,GREEN_EFA
166038,199941,FOR,DNK,SD
166038,239972,FOR,DNK,RENEW
166038,239973,DID_NOT_VOTE,DNK,RENEW
166040,28161,FOR,DNK,GREEN_EFA
166040,37312,FOR,DNK,SD
166040,96709,FOR,DNK,RENEW
166040,101585,FOR,DNK,SD
166040,124872,FOR,DNK,RENEW
166040,124875,ABSTENTION,DNK,ID
166040,197515,FOR,DNK,EPP
166040,197558,DID_NOT_VOTE,DNK,RENEW
166040,197567,FOR,DNK,RENEW
166040,197571,FOR,DNK,GUE_NGL
166040,197573,DID_NOT_VOTE,DNK,GREEN_EFA
166040,199941,FOR,DNK,SD
166040,239972,FOR,DNK,RENEW
166040,239973,DID_NOT_VOTE,DNK,RENEW
166049,28161,FOR,DNK,GREEN_EFA
166049,37312,FOR,DNK,SD
166049,96709,FOR,DNK,RENEW
166049,101585,FOR,DNK,SD
166049,124872,DID_NOT_VOTE,DNK,RENEW
166049,124875,ABSTENTION,DNK,ID
166049,197515,FOR,DNK,EPP
166049,197558,DID_NOT_VOTE,DNK,RENEW
166049,197567,FOR,DNK,RENEW
166049,197571,FOR,DNK,GUE_NGL
166049,197573,DID_NOT_VOTE,DNK,GREEN_EFA
166049,199941,FOR,DNK,SD
166049,239972,FOR,DNK,RENEW
166049,239973,FOR,DNK,RENEW
166051,28161,FOR,DNK,GREEN_EFA
166051,37312,FOR,DNK,SD
166051,96709,FOR,DNK,RENEW
166051,101585,FOR,DNK,SD
166051,124872,DID_NOT_VOTE,DNK,RENEW
166051,124875,FOR,DNK,ID
166051,197515,FOR,DNK,EPP
166051,197558,DID_NOT_VOTE,DNK,RENEW
166051,197567,FOR,DNK,RENEW
166051,197571,FOR,DNK,GUE_NGL
166051,197573,DID_NOT_VOTE,DNK,GREEN_EFA
166051,199941,FOR,DNK,SD
166051,239972,FOR,DNK,RENEW
166051,239973,FOR,DNK,RENEW
166053,28161,FOR,DNK,GREEN_EFA
166053,37312,FOR,DNK,SD
166053,96709,FOR,DNK,RENEW
166053,101585,FOR,DNK,SD
166053,124872,FOR,DNK,RENEW
166053,124875,FOR,DNK,ID
166053,197515,FOR,DNK,EPP
166053,197558,DID_NOT_VOTE,DNK,RENEW
166053,197567,FOR,DNK,RENEW
166053,197571,FOR,DNK,GUE_NGL
166053,197573,DID_NOT_VOTE,DNK,GREEN_EFA
166053,199941,FOR,DNK,SD
166053,239972,FOR,DNK,RENEW
166053,239973,DID_NOT_VOTE,DNK,RENEW
166073,28161,AGAINST,DNK,GREEN_EFA
166073,37312,FOR,DNK,SD
166073,96709,FOR,DNK,RENEW
166073,101585,FOR,DNK,SD
166073,124872,FOR,DNK,RENEW
166073,124875,AGAINST,DNK,ID
166073,197515,FOR,DNK,EPP
166073,197558,DID_NOT_VOTE,DNK,RENEW
166073,197567,AGAINST,DNK,RENEW
166073,197571,AGAINST,DNK,GUE_NGL
166073,197573,DID_NOT_VOTE,DNK,GREEN_EFA
166073,199941,FOR,DNK,SD
166073,239972,FOR,DNK,RENEW
166073,239973,DID_NOT_VOTE,DNK,RENEW
166077,28161,FOR,DNK,GREEN_EFA
166077,37312,FOR,DNK,SD
166077,96709,FOR,DNK,RENEW
166077,101585,FOR,DNK,SD
166077,124872,FOR,DNK,RENEW
166077,124875,ABSTENTION,DNK,ID
166077,197515,FOR,DNK,EPP
166077,197558,DID_NOT_VOTE,DNK,RENEW
166077,197567,FOR,DNK,RENEW
166077,197571,FOR,DNK,GUE_NGL
166077,197573,DID_NOT_VOTE,DNK,GREEN_EFA
166077,199941,FOR,DNK,SD
166077,239972,FOR,DNK,RENEW
166077,239973,DID_NOT_VOTE,DNK,RENEW
166079,28161,FOR,DNK,GREEN_EFA
166079,37312,FOR,DNK,SD
166079,96709,FOR,DNK,RENEW
166079,101585,FOR,DNK,SD
166079,124872,DID_NOT_VOTE,DNK,RENEW
166079,124875,FOR,DNK,ID
166079,197515,FOR,DNK,EPP
166079,197558,DID_NOT_VOTE,DNK,RENEW
166079,197567,FOR,DNK,RENEW
166079,197571,FOR,DNK,GUE_NGL
166079,197573,DID_NOT_VOTE,DNK,GREEN_EFA
166079,199941,FOR,DNK,SD
166079,239972,FOR,DNK,RENEW
166079,239973,FOR,DNK,RENEW
166081,28161,ABSTENTION,DNK,GREEN_EFA
166081,37312,FOR,DNK,SD
166081,96709,FOR,DNK,RENEW
166081,101585,FOR,DNK,SD
166081,124872,DID_NOT_VOTE,DNK,RENEW
166081,124875,FOR,DNK,ID
166081,197515,FOR,DNK,EPP
166081,197558,DID_NOT_VOTE,DNK,RENEW
166081,197567,FOR,DNK,RENEW
166081,197571,FOR,DNK,GUE_NGL
166081,197573,DID_NOT_VOTE,DNK,GREEN_EFA
166081,199941,FOR,DNK,SD
166081,239972,FOR,DNK,RENEW
166081,239973,FOR,DNK,RENEW
166082,28161,FOR,DNK,GREEN_EFA
166082,37312,FOR,DNK,SD
166082,96709,FOR,DNK,RENEW
166082,101585,FOR,DNK,SD
166082,124872,FOR,DNK,RENEW
166082,124875,ABSTENTION,DNK,ID
166082,197515,FOR,DNK,EPP
166082,197558,DID_NOT_VOTE,DNK,RENEW
166082,197567,FOR,DNK,RENEW
166082,197571,FOR,DNK,GUE_NGL
166082,197573,DID_NOT_VOTE,DNK,GREEN_EFA
166082,199941,FOR,DNK,SD
166082,239972,FOR,DNK,RENEW
166082,239973,DID_NOT_VOTE,DNK,RENEW
166083,28161,FOR,DNK,GREEN_EFA
166083,37312,FOR,DNK,SD
166083,96709,FOR,DNK,RENEW
166083,101585,FOR,DNK,SD
166083,124872,DID_NOT_VOTE,DNK,RENEW
166083,124875,FOR,DNK,ID
166083,197515,FOR,DNK,EPP
166083,197558,DID_NOT_VOTE,DNK,RENEW
166083,197567,FOR,DNK,RENEW
166083,197571,FOR,DNK,GUE_NGL
166083,197573,DID_NOT_VOTE,DNK,GREEN_EFA
166083,199941,FOR,DNK,SD
166083,239972,FOR,DNK,RENEW
166083,239973,FOR,DNK,RENEW
166085,28161,ABSTENTION,DNK,GREEN_EFA
166085,37312,FOR,DNK,SD
166085,96709,FOR,DNK,RENEW
166085,101585,FOR,DNK,SD
166085,124872,DID_NOT_VOTE,DNK,RENEW
166085,124875,FOR,DNK,ID
166085,197515,FOR,DNK,EPP
166085,197558,DID_NOT_VOTE,DNK,RENEW
166085,197567,FOR,DNK,RENEW
166085,197571,FOR,DNK,GUE_NGL
166085,197573,DID_NOT_VOTE,DNK,GREEN_EFA
166085,199941,FOR,DNK,SD
166085,239972,FOR,DNK,RENEW
166085,239973,FOR,DNK,RENEW
166086,28161,FOR,DNK,GREEN_EFA
166086,37312,FOR,DNK,SD
166086,96709,FOR,DNK,RENEW
166086,101585,FOR,DNK,SD
166086,124872,DID_NOT_VOTE,DNK,RENEW
166086,124875,FOR,DNK,ID
166086,197515,FOR,DNK,EPP
166086,197558,DID_NOT_VOTE,DNK,RENEW
166086,197567,FOR,DNK,RENEW
166086,197571,FOR,DNK,GUE_NGL
166086,197573,DID_NOT_VOTE,DNK,GREEN_EFA
166086,199941,FOR,DNK,SD
166086,239972,FOR,DNK,RENEW
166086,239973,FOR,DNK,RENEW
166087,28161,FOR,DNK,GREEN_EFA
166087,37312,ABSTENTION,DNK,SD
166087,96709,FOR,DNK,RENEW
166087,101585,ABSTENTION,DNK,SD
166087,124872,DID_NOT_VOTE,DNK,RENEW
166087,124875,AGAINST,DNK,ID
166087,197515,FOR,DNK,EPP
166087,197558,DID_NOT_VOTE,DNK,RENEW
166087,197567,FOR,DNK,RENEW
166087,197571,FOR,DNK,GUE_NGL
166087,197573,DID_NOT_VOTE,DNK,GREEN_EFA
166087,199941,DID_NOT_VOTE,DNK,SD
166087,239972,FOR,DNK,RENEW
166087,239973,FOR,DNK,RENEW
166089,28161,FOR,DNK,GREEN_EFA
166089,37312,FOR,DNK,SD
166089,96709,FOR,DNK,RENEW
166089,101585,FOR,DNK,SD
166089,124872,DID_NOT_VOTE,DNK,RENEW
166089,124875,FOR,DNK,ID
166089,197515,FOR,DNK,EPP
166089,197558,DID_NOT_VOTE,DNK,RENEW
166089,197567,FOR,DNK,RENEW
166089,197571,FOR,DNK,GUE_NGL
166089,197573,DID_NOT_VOTE,DNK,GREEN_EFA
166089,199941,FOR,DNK,SD
166089,239972,FOR,DNK,RENEW
166089,239973,FOR,DNK,RENEW
166131,28161,FOR,DNK,GREEN_EFA
166131,37312,ABSTENTION,DNK,SD
166131,96709,ABSTENTION,DNK,RENEW
166131,101585,ABSTENTION,DNK,SD
166131,124872,DID_NOT_VOTE,DNK,RENEW
166131,124875,AGAINST,DNK,ID
166131,197515,FOR,DNK,EPP
166131,197558,DID_NOT_VOTE,DNK,RENEW
166131,197567,FOR,DNK,RENEW
166131,197571,AGAINST,DNK,GUE_NGL
166131,197573,DID_NOT_VOTE,DNK,GREEN_EFA
166131,199941,ABSTENTION,DNK,SD
166131,239972,ABSTENTION,DNK,RENEW
166131,239973,ABSTENTION,DNK,RENEW
166133,28161,FOR,DNK,GREEN_EFA
166133,37312,FOR,DNK,SD
166133,96709,FOR,DNK,RENEW
166133,101585,FOR,DNK,SD
166133,124872,FOR,DNK,RENEW
166133,124875,AGAINST,DNK,ID
166133,197515,FOR,DNK,EPP
166133,197558,DID_NOT_VOTE,DNK,RENEW
166133,197567,FOR,DNK,RENEW
166133,197571,FOR,DNK,GUE_NGL
166133,197573,DID_NOT_VOTE,DNK,GREEN_EFA
166133,199941,FOR,DNK,SD
166133,239972,FOR,DNK,RENEW
166133,239973,DID_NOT_VOTE,DNK,RENEW
166145,28161,FOR,DNK,GREEN_EFA
166145,37312,ABSTENTION,DNK,SD
166145,96709,AGAINST,DNK,RENEW
166145,101585,ABSTENTION,DNK,SD
166145,124872,DID_NOT_VOTE,DNK,RENEW
166145,124875,AGAINST,DNK,ID
166145,197515,AGAINST,DNK,EPP
166145,197558,DID_NOT_VOTE,DNK,RENEW
166145,197567,FOR,DNK,RENEW
166145,197571,FOR,DNK,GUE_NGL
166145,197573,DID_NOT_VOTE,DNK,GREEN_EFA
166145,199941,ABSTENTION,DNK,SD
166145,239972,AGAINST,DNK,RENEW
166145,239973,AGAINST,DNK,RENEW
166146,28161,FOR,DNK,GREEN_EFA
166146,37312,FOR,DNK,SD
166146,96709,FOR,DNK,RENEW
166146,101585,FOR,DNK,SD
166146,124872,FOR,DNK,RENEW
166146,124875,FOR,DNK,ID
166146,197515,FOR,DNK,EPP
166146,197558,DID_NOT_VOTE,DNK,RENEW
166146,197567,FOR,DNK,RENEW
166146,197571,FOR,DNK,GUE_NGL
166146,197573,DID_NOT_VOTE,DNK,GREEN_EFA
166146,199941,FOR,DNK,SD
166146,239972,FOR,DNK,RENEW
166146,239973,DID_NOT_VOTE,DNK,RENEW
166171,28161,FOR,DNK,GREEN_EFA
166171,37312,FOR,DNK,SD
166171,96709,FOR,DNK,RENEW
166171,101585,FOR,DNK,SD
166171,124872,DID_NOT_VOTE,DNK,RENEW
166171,124875,FOR,DNK,ID
166171,197515,FOR,DNK,EPP
166171,197558,DID_NOT_VOTE,DNK,RENEW
166171,197567,FOR,DNK,RENEW
166171,197571,FOR,DNK,GUE_NGL
166171,197573,DID_NOT_VOTE,DNK,GREEN_EFA
166171,199941,FOR,DNK,SD
166171,239972,FOR,DNK,RENEW
166171,239973,FOR,DNK,RENEW
166172,28161,FOR,DNK,GREEN_EFA
166172,37312,ABSTENTION,DNK,SD
166172,96709,ABSTENTION,DNK,RENEW
166172,101585,ABSTENTION,DNK,SD
166172,124872,DID_NOT_VOTE,DNK,RENEW
166172,124875,AGAINST,DNK,ID
166172,197515,FOR,DNK,EPP
166172,197558,DID_NOT_VOTE,DNK,RENEW
166172,197567,FOR,DNK,RENEW
166172,197571,FOR,DNK,GUE_NGL
166172,197573,DID_NOT_VOTE,DNK,GREEN_EFA
166172,199941,ABSTENTION,DNK,SD
166172,239972,ABSTENTION,DNK,RENEW
166172,239973,FOR,DNK,RENEW
166175,28161,AGAINST,DNK,GREEN_EFA
166175,37312,AGAINST,DNK,SD
166175,96709,FOR,DNK,RENEW
166175,101585,AGAINST,DNK,SD
166175,124872,DID_NOT_VOTE,DNK,RENEW
166175,124875,AGAINST,DNK,ID
166175,197515,FOR,DNK,EPP
166175,197558,DID_NOT_VOTE,DNK,RENEW
166175,197567,AGAINST,DNK,RENEW
166175,197571,AGAINST,DNK,GUE_NGL
166175,197573,DID_NOT_VOTE,DNK,GREEN_EFA
166175,199941,AGAINST,DNK,SD
166175,239972,FOR,DNK,RENEW
166175,239973,FOR,DNK,RENEW
166177,28161,FOR,DNK,GREEN_EFA
166177,37312,FOR,DNK,SD
166177,96709,FOR,DNK,RENEW
166177,101585,FOR,DNK,SD
166177,124872,FOR,DNK,RENEW
166177,124875,FOR,DNK,ID
166177,197515,FOR,DNK,EPP
166177,197558,DID_NOT_VOTE,DNK,RENEW
166177,197567,FOR,DNK,RENEW
166177,197571,FOR,DNK,GUE_NGL
166177,197573,DID_NOT_VOTE,DNK,GREEN_EFA
166177,199941,FOR,DNK,SD
166177,239972,FOR,DNK,RENEW
166177,239973,DID_NOT_VOTE,DNK,RENEW
166183,28161,FOR,DNK,GREEN_EFA
166183,37312,FOR,DNK,SD
166183,96709,FOR,DNK,RENEW
166183,101585,FOR,DNK,SD
166183,124872,DID_NOT_VOTE,DNK,RENEW
166183,124875,AGAINST,DNK,ID
166183,197515,FOR,DNK,EPP
166183,197558,DID_NOT_VOTE,DNK,RENEW
166183,197567,ABSTENTION,DNK,RENEW
166183,197571,FOR,DNK,GUE_NGL
166183,197573,DID_NOT_VOTE,DNK,GREEN_EFA
166183,199941,FOR,DNK,SD
166183,239972,FOR,DNK,RENEW
166183,239973,FOR,DNK,RENEW
166202,28161,FOR,DNK,GREEN_EFA
166202,37312,AGAINST,DNK,SD
166202,96709,AGAINST,DNK,RENEW
166202,101585,AGAINST,DNK,SD
166202,124872,DID_NOT_VOTE,DNK,RENEW
166202,124875,AGAINST,DNK,ID
166202,197515,AGAINST,DNK,EPP
166202,197558,DID_NOT_VOTE,DNK,RENEW
166202,197567,FOR,DNK,RENEW
166202,197571,FOR,DNK,GUE_NGL
166202,197573,DID_NOT_VOTE,DNK,GREEN_EFA
166202,199941,AGAINST,DNK,SD
166202,239972,AGAINST,DNK,RENEW
166202,239973,AGAINST,DNK,RENEW
166226,28161,FOR,DNK,GREEN_EFA
166226,37312,FOR,DNK,SD
166226,96709,FOR,DNK,RENEW
166226,101585,FOR,DNK,SD
166226,124872,FOR,DNK,RENEW
166226,124875,AGAINST,DNK,ID
166226,197515,FOR,DNK,EPP
166226,197558,DID_NOT_VOTE,DNK,RENEW
166226,197567,FOR,DNK,RENEW
166226,197571,FOR,DNK,GUE_NGL
166226,197573,DID_NOT_VOTE,DNK,GREEN_EFA
166226,199941,FOR,DNK,SD
166226,239972,FOR,DNK,RENEW
166226,239973,DID_NOT_VOTE,DNK,RENEW
166227,28161,FOR,DNK,GREEN_EFA
166227,37312,FOR,DNK,SD
166227,96709,FOR,DNK,RENEW
166227,101585,FOR,DNK,SD
166227,124872,FOR,DNK,RENEW
166227,124875,ABSTENTION,DNK,ID
166227,197515,FOR,DNK,EPP
166227,197558,DID_NOT_VOTE,DNK,RENEW
166227,197567,FOR,DNK,RENEW
166227,197571,FOR,DNK,GUE_NGL
166227,197573,DID_NOT_VOTE,DNK,GREEN_EFA
166227,199941,FOR,DNK,SD
166227,239972,FOR,DNK,RENEW
166227,239973,DID_NOT_VOTE,DNK,RENEW
166228,28161,FOR,DNK,GREEN_EFA
166228,37312,FOR,DNK,SD
166228,96709,FOR,DNK,RENEW
166228,101585,FOR,DNK,SD
166228,124872,FOR,DNK,RENEW
166228,124875,ABSTENTION,DNK,ID
166228,197515,FOR,DNK,EPP
166228,197558,DID_NOT_VOTE,DNK,RENEW
166228,197567,FOR,DNK,RENEW
166228,197571,FOR,DNK,GUE_NGL
166228,197573,DID_NOT_VOTE,DNK,GREEN_EFA
166228,199941,FOR,DNK,SD
166228,239972,FOR,DNK,RENEW
166228,239973,DID_NOT_VOTE,DNK,RENEW
166241,28161,FOR,DNK,GREEN_EFA
166241,37312,FOR,DNK,SD
166241,96709,FOR,DNK,RENEW
166241,101585,FOR,DNK,SD
166241,124872,DID_NOT_VOTE,DNK,RENEW
166241,124875,AGAINST,DNK,ID
166241,197515,FOR,DNK,EPP
166241,197558,DID_NOT_VOTE,DNK,RENEW
166241,197567,FOR,DNK,RENEW
166241,197571,FOR,DNK,GUE_NGL
166241,197573,DID_NOT_VOTE,DNK,GREEN_EFA
166241,199941,FOR,DNK,SD
166241,239972,FOR,DNK,RENEW
166241,239973,FOR,DNK,RENEW
166242,28161,FOR,DNK,GREEN_EFA
166242,37312,FOR,DNK,SD
166242,96709,FOR,DNK,RENEW
166242,101585,FOR,DNK,SD
166242,124872,DID_NOT_VOTE,DNK,RENEW
166242,124875,ABSTENTION,DNK,ID
166242,197515,FOR,DNK,EPP
166242,197558,DID_NOT_VOTE,DNK,RENEW
166242,197567,FOR,DNK,RENEW
166242,197571,FOR,DNK,GUE_NGL
166242,197573,DID_NOT_VOTE,DNK,GREEN_EFA
166242,199941,FOR,DNK,SD
166242,239972,FOR,DNK,RENEW
166242,239973,FOR,DNK,RENEW
166243,28161,FOR,DNK,GREEN_EFA
166243,37312,FOR,DNK,SD
166243,96709,FOR,DNK,RENEW
166243,101585,FOR,DNK,SD
166243,124872,DID_NOT_VOTE,DNK,RENEW
166243,124875,FOR,DNK,ID
166243,197515,FOR,DNK,EPP
166243,197558,DID_NOT_VOTE,DNK,RENEW
166243,197567,FOR,DNK,RENEW
166243,197571,FOR,DNK,GUE_NGL
166243,197573,DID_NOT_VOTE,DNK,GREEN_EFA
166243,199941,FOR,DNK,SD
166243,239972,FOR,DNK,RENEW
166243,239973,FOR,DNK,RENEW
166249,28161,FOR,DNK,GREEN_EFA
166249,37312,FOR,DNK,SD
166249,96709,FOR,DNK,RENEW
166249,101585,FOR,DNK,SD
166249,124872,FOR,DNK,RENEW
166249,124875,AGAINST,DNK,ID
166249,197515,FOR,DNK,EPP
166249,197558,DID_NOT_VOTE,DNK,RENEW
166249,197567,FOR,DNK,RENEW
166249,197571,FOR,DNK,GUE_NGL
166249,197573,DID_NOT_VOTE,DNK,GREEN_EFA
166249,199941,FOR,DNK,SD
166249,239972,FOR,DNK,RENEW
166249,239973,DID_NOT_VOTE,DNK,RENEW
166258,28161,FOR,DNK,GREEN_EFA
166258,37312,FOR,DNK,SD
166258,96709,FOR,DNK,RENEW
166258,101585,FOR,DNK,SD
166258,124872,DID_NOT_VOTE,DNK,RENEW
166258,124875,FOR,DNK,ID
166258,197515,FOR,DNK,EPP
166258,197558,DID_NOT_VOTE,DNK,RENEW
166258,197567,FOR,DNK,RENEW
166258,197571,FOR,DNK,GUE_NGL
166258,197573,DID_NOT_VOTE,DNK,GREEN_EFA
166258,199941,FOR,DNK,SD
166258,239972,FOR,DNK,RENEW
166258,239973,FOR,DNK,RENEW
166259,28161,FOR,DNK,GREEN_EFA
166259,37312,FOR,DNK,SD
166259,96709,FOR,DNK,RENEW
166259,101585,FOR,DNK,SD
166259,124872,DID_NOT_VOTE,DNK,RENEW
166259,124875,FOR,DNK,ID
166259,197515,FOR,DNK,EPP
166259,197558,DID_NOT_VOTE,DNK,RENEW
166259,197567,FOR,DNK,RENEW
166259,197571,FOR,DNK,GUE_NGL
166259,197573,DID_NOT_VOTE,DNK,GREEN_EFA
166259,199941,FOR,DNK,SD
166259,239972,FOR,DNK,RENEW
166259,239973,FOR,DNK,RENEW
166260,28161,FOR,DNK,GREEN_EFA
166260,37312,FOR,DNK,SD
166260,96709,FOR,DNK,RENEW
166260,101585,FOR,DNK,SD
166260,124872,DID_NOT_VOTE,DNK,RENEW
166260,124875,AGAINST,DNK,ID
166260,197515,FOR,DNK,EPP
166260,197558,DID_NOT_VOTE,DNK,RENEW
166260,197567,FOR,DNK,RENEW
166260,197571,FOR,DNK,GUE_NGL
166260,197573,DID_NOT_VOTE,DNK,GREEN_EFA
166260,199941,FOR,DNK,SD
166260,239972,FOR,DNK,RENEW
166260,239973,FOR,DNK,RENEW
166261,28161,AGAINST,DNK,GREEN_EFA
166261,37312,FOR,DNK,SD
166261,96709,FOR,DNK,RENEW
166261,101585,FOR,DNK,SD
166261,124872,DID_NOT_VOTE,DNK,RENEW
166261,124875,FOR,DNK,ID
166261,197515,FOR,DNK,EPP
166261,197558,DID_NOT_VOTE,DNK,RENEW
166261,197567,ABSTENTION,DNK,RENEW
166261,197571,AGAINST,DNK,GUE_NGL
166261,197573,DID_NOT_VOTE,DNK,GREEN_EFA
166261,199941,FOR,DNK,SD
166261,239972,FOR,DNK,RENEW
166261,239973,FOR,DNK,RENEW
166262,28161,FOR,DNK,GREEN_EFA
166262,37312,FOR,DNK,SD
166262,96709,FOR,DNK,RENEW
166262,101585,FOR,DNK,SD
166262,124872,DID_NOT_VOTE,DNK,RENEW
166262,124875,AGAINST,DNK,ID
166262,197515,FOR,DNK,EPP
166262,197558,DID_NOT_VOTE,DNK,RENEW
166262,197567,FOR,DNK,RENEW
166262,197571,FOR,DNK,GUE_NGL
166262,197573,DID_NOT_VOTE,DNK,GREEN_EFA
166262,199941,FOR,DNK,SD
166262,239972,FOR,DNK,RENEW
166262,239973,FOR,DNK,RENEW
166299,28161,ABSTENTION,DNK,GREEN_EFA
166299,37312,FOR,DNK,SD
166299,96709,FOR,DNK,RENEW
166299,101585,FOR,DNK,SD
166299,124872,DID_NOT_VOTE,DNK,RENEW
166299,124875,FOR,DNK,ID
166299,197515,DID_NOT_VOTE,DNK,EPP
166299,197558,DID_NOT_VOTE,DNK,RENEW
166299,197567,FOR,DNK,RENEW
166299,197571,AGAINST,DNK,GUE_NGL
166299,197573,DID_NOT_VOTE,DNK,GREEN_EFA
166299,199941,FOR,DNK,SD
166299,239972,FOR,DNK,RENEW
166299,239973,FOR,DNK,RENEW
166335,28161,FOR,DNK,GREEN_EFA
166335,37312,FOR,DNK,SD
166335,96709,FOR,DNK,RENEW
166335,101585,FOR,DNK,SD
166335,124872,DID_NOT_VOTE,DNK,RENEW
166335,124875,ABSTENTION,DNK,ID
166335,197515,FOR,DNK,EPP
166335,197558,DID_NOT_VOTE,DNK,RENEW
166335,197567,FOR,DNK,RENEW
166335,197571,FOR,DNK,GUE_NGL
166335,197573,DID_NOT_VOTE,DNK,GREEN_EFA
166335,199941,FOR,DNK,SD
166335,239972,FOR,DNK,RENEW
166335,239973,FOR,DNK,RENEW
166379,28161,FOR,DNK,GREEN_EFA
166379,37312,AGAINST,DNK,SD
166379,96709,AGAINST,DNK,RENEW
166379,101585,AGAINST,DNK,SD
166379,124872,AGAINST,DNK,RENEW
166379,124875,AGAINST,DNK,ID
166379,197515,AGAINST,DNK,EPP
166379,197558,DID_NOT_VOTE,DNK,RENEW
166379,197567,FOR,DNK,RENEW
166379,197571,FOR,DNK,GUE_NGL
166379,197573,DID_NOT_VOTE,DNK,GREEN_EFA
166379,199941,AGAINST,DNK,SD
166379,239972,AGAINST,DNK,RENEW
166379,239973,DID_NOT_VOTE,DNK,RENEW
166551,28161,FOR,DNK,GREEN_EFA
166551,37312,FOR,DNK,SD
166551,96709,FOR,DNK,RENEW
166551,101585,FOR,DNK,SD
166551,124872,DID_NOT_VOTE,DNK,RENEW
166551,124875,AGAINST,DNK,ID
166551,197515,FOR,DNK,EPP
166551,197558,DID_NOT_VOTE,DNK,RENEW
166551,197567,FOR,DNK,RENEW
166551,197571,FOR,DNK,GUE_NGL
166551,197573,DID_NOT_VOTE,DNK,GREEN_EFA
166551,199941,FOR,DNK,SD
166551,239972,FOR,DNK,RENEW
166551,239973,FOR,DNK,RENEW
166566,28161,FOR,DNK,GREEN_EFA
166566,37312,FOR,DNK,SD
166566,96709,FOR,DNK,RENEW
166566,101585,FOR,DNK,SD
166566,124872,DID_NOT_VOTE,DNK,RENEW
166566,124875,ABSTENTION,DNK,ID
166566,197515,FOR,DNK,EPP
166566,197558,DID_NOT_VOTE,DNK,RENEW
166566,197567,FOR,DNK,RENEW
166566,197571,FOR,DNK,GUE_NGL
166566,197573,DID_NOT_VOTE,DNK,GREEN_EFA
166566,199941,FOR,DNK,SD
166566,239972,DID_NOT_VOTE,DNK,RENEW
166566,239973,FOR,DNK,RENEW
166609,28161,FOR,DNK,GREEN_EFA
166609,37312,FOR,DNK,SD
166609,96709,FOR,DNK,RENEW
166609,101585,FOR,DNK,SD
166609,124872,DID_NOT_VOTE,DNK,RENEW
166609,124875,FOR,DNK,ID
166609,197515,FOR,DNK,EPP
166609,197558,DID_NOT_VOTE,DNK,RENEW
166609,197567,FOR,DNK,RENEW
166609,197571,FOR,DNK,GUE_NGL
166609,197573,DID_NOT_VOTE,DNK,GREEN_EFA
166609,199941,DID_NOT_VOTE,DNK,SD
166609,239972,FOR,DNK,RENEW
166609,239973,FOR,DNK,RENEW
166653,28161,FOR,DNK,GREEN_EFA
166653,37312,FOR,DNK,SD
166653,96709,FOR,DNK,RENEW
166653,101585,FOR,DNK,SD
166653,124872,DID_NOT_VOTE,DNK,RENEW
166653,124875,AGAINST,DNK,ID
166653,197515,FOR,DNK,EPP
166653,197558,DID_NOT_VOTE,DNK,RENEW
166653,197567,FOR,DNK,RENEW
166653,197571,FOR,DNK,GUE_NGL
166653,197573,DID_NOT_VOTE,DNK,GREEN_EFA
166653,199941,FOR,DNK,SD
166653,239972,FOR,DNK,RENEW
166653,239973,FOR,DNK,RENEW
166706,28161,FOR,DNK,GREEN_EFA
166706,37312,FOR,DNK,SD
166706,96709,FOR,DNK,RENEW
166706,101585,FOR,DNK,SD
166706,124872,DID_NOT_VOTE,DNK,RENEW
166706,124875,ABSTENTION,DNK,ID
166706,197515,FOR,DNK,EPP
166706,197558,DID_NOT_VOTE,DNK,RENEW
166706,197567,FOR,DNK,RENEW
166706,197571,FOR,DNK,GUE_NGL
166706,197573,DID_NOT_VOTE,DNK,GREEN_EFA
166706,199941,FOR,DNK,SD
166706,239972,FOR,DNK,RENEW
166706,239973,FOR,DNK,RENEW
166745,28161,FOR,DNK,GREEN_EFA
166745,37312,FOR,DNK,SD
166745,96709,FOR,DNK,RENEW
166745,101585,FOR,DNK,SD
166745,124872,DID_NOT_VOTE,DNK,RENEW
166745,124875,ABSTENTION,DNK,ID
166745,197515,FOR,DNK,EPP
166745,197558,DID_NOT_VOTE,DNK,RENEW
166745,197567,FOR,DNK,RENEW
166745,197571,FOR,DNK,GUE_NGL
166745,197573,DID_NOT_VOTE,DNK,GREEN_EFA
166745,199941,FOR,DNK,SD
166745,239972,FOR,DNK,RENEW
166745,239973,FOR,DNK,RENEW
166777,28161,ABSTENTION,DNK,GREEN_EFA
166777,37312,FOR,DNK,SD
166777,96709,ABSTENTION,DNK,RENEW
166777,101585,FOR,DNK,SD
166777,124872,DID_NOT_VOTE,DNK,RENEW
166777,124875,AGAINST,DNK,ID
166777,197515,FOR,DNK,EPP
166777,197558,DID_NOT_VOTE,DNK,RENEW
166777,197567,FOR,DNK,RENEW
166777,197571,FOR,DNK,GUE_NGL
166777,197573,DID_NOT_VOTE,DNK,GREEN_EFA
166777,199941,FOR,DNK,SD
166777,239972,ABSTENTION,DNK,RENEW
166777,239973,FOR,DNK,RENEW
166802,28161,FOR,DNK,GREEN_EFA
166802,37312,FOR,DNK,SD
166802,96709,FOR,DNK,RENEW
166802,101585,FOR,DNK,SD
166802,124872,FOR,DNK,RENEW
166802,124875,ABSTENTION,DNK,ID
166802,197515,FOR,DNK,EPP
166802,197558,FOR,DNK,RENEW
166802,197567,FOR,DNK,RENEW
166802,197571,AGAINST,DNK,GUE_NGL
166802,197573,FOR,DNK,GREEN_EFA
166802,199941,FOR,DNK,SD
166802,239972,FOR,DNK,RENEW
166802,239973,FOR,DNK,RENEW
166804,28161,FOR,DNK,GREEN_EFA
166804,37312,FOR,DNK,SD
166804,96709,FOR,DNK,RENEW
166804,101585,FOR,DNK,SD
166804,124872,FOR,DNK,RENEW
166804,124875,AGAINST,DNK,ID
166804,197515,FOR,DNK,EPP
166804,197558,FOR,DNK,RENEW
166804,197567,FOR,DNK,RENEW
166804,197571,FOR,DNK,GUE_NGL
166804,197573,FOR,DNK,GREEN_EFA
166804,199941,DID_NOT_VOTE,DNK,SD
166804,239972,FOR,DNK,RENEW
166804,239973,FOR,DNK,RENEW
166842,28161,ABSTENTION,DNK,GREEN_EFA
166842,37312,FOR,DNK,SD
166842,96709,FOR,DNK,RENEW
166842,101585,FOR,DNK,SD
166842,124872,FOR,DNK,RENEW
166842,124875,ABSTENTION,DNK,ID
166842,197515,FOR,DNK,EPP
166842,197558,FOR,DNK,RENEW
166842,197567,FOR,DNK,RENEW
166842,197571,AGAINST,DNK,GUE_NGL
166842,197573,ABSTENTION,DNK,GREEN_EFA
166842,199941,DID_NOT_VOTE,DNK,SD
166842,239972,FOR,DNK,RENEW
166842,239973,FOR,DNK,RENEW
166844,28161,FOR,DNK,GREEN_EFA
166844,37312,FOR,DNK,SD
166844,96709,FOR,DNK,RENEW
166844,101585,FOR,DNK,SD
166844,124872,FOR,DNK,RENEW
166844,124875,AGAINST,DNK,ID
166844,197515,FOR,DNK,EPP
166844,197558,FOR,DNK,RENEW
166844,197567,FOR,DNK,RENEW
166844,197571,AGAINST,DNK,GUE_NGL
166844,197573,FOR,DNK,GREEN_EFA
166844,199941,DID_NOT_VOTE,DNK,SD
166844,239972,FOR,DNK,RENEW
166844,239973,FOR,DNK,RENEW
166848,28161,FOR,DNK,GREEN_EFA
166848,37312,FOR,DNK,SD
166848,96709,FOR,DNK,RENEW
166848,101585,FOR,DNK,SD
166848,124872,FOR,DNK,RENEW
166848,124875,AGAINST,DNK,ID
166848,197515,FOR,DNK,EPP
166848,197558,FOR,DNK,RENEW
166848,197567,FOR,DNK,RENEW
166848,197571,FOR,DNK,GUE_NGL
166848,197573,FOR,DNK,GREEN_EFA
166848,199941,DID_NOT_VOTE,DNK,SD
166848,239972,FOR,DNK,RENEW
166848,239973,FOR,DNK,RENEW
166850,28161,FOR,DNK,GREEN_EFA
166850,37312,FOR,DNK,SD
166850,96709,FOR,DNK,RENEW
166850,101585,FOR,DNK,SD
166850,124872,FOR,DNK,RENEW
166850,124875,ABSTENTION,DNK,ID
166850,197515,FOR,DNK,EPP
166850,197558,FOR,DNK,RENEW
166850,197567,FOR,DNK,RENEW
166850,197571,FOR,DNK,GUE_NGL
166850,197573,FOR,DNK,GREEN_EFA
166850,199941,DID_NOT_VOTE,DNK,SD
166850,239972,FOR,DNK,RENEW
166850,239973,FOR,DNK,RENEW
166852,28161,FOR,DNK,GREEN_EFA
166852,37312,FOR,DNK,SD
166852,96709,FOR,DNK,RENEW
166852,101585,FOR,DNK,SD
166852,124872,FOR,DNK,RENEW
166852,124875,AGAINST,DNK,ID
166852,197515,FOR,DNK,EPP
166852,197558,FOR,DNK,RENEW
166852,197567,FOR,DNK,RENEW
166852,197571,FOR,DNK,GUE_NGL
166852,197573,FOR,DNK,GREEN_EFA
166852,199941,DID_NOT_VOTE,DNK,SD
166852,239972,FOR,DNK,RENEW
166852,239973,FOR,DNK,RENEW
166854,28161,FOR,DNK,GREEN_EFA
166854,37312,FOR,DNK,SD
166854,96709,FOR,DNK,RENEW
166854,101585,FOR,DNK,SD
166854,124872,FOR,DNK,RENEW
166854,124875,ABSTENTION,DNK,ID
166854,197515,FOR,DNK,EPP
166854,197558,FOR,DNK,RENEW
166854,197567,FOR,DNK,RENEW
166854,197571,FOR,DNK,GUE_NGL
166854,197573,FOR,DNK,GREEN_EFA
166854,199941,DID_NOT_VOTE,DNK,SD
166854,239972,FOR,DNK,RENEW
166854,239973,FOR,DNK,RENEW
166856,28161,FOR,DNK,GREEN_EFA
166856,37312,FOR,DNK,SD
166856,96709,FOR,DNK,RENEW
166856,101585,FOR,DNK,SD
166856,124872,FOR,DNK,RENEW
166856,124875,FOR,DNK,ID
166856,197515,FOR,DNK,EPP
166856,197558,FOR,DNK,RENEW
166856,197567,FOR,DNK,RENEW
166856,197571,AGAINST,DNK,GUE_NGL
166856,197573,FOR,DNK,GREEN_EFA
166856,199941,DID_NOT_VOTE,DNK,SD
166856,239972,FOR,DNK,RENEW
166856,239973,FOR,DNK,RENEW
166858,28161,FOR,DNK,GREEN_EFA
166858,37312,FOR,DNK,SD
166858,96709,FOR,DNK,RENEW
166858,101585,FOR,DNK,SD
166858,124872,FOR,DNK,RENEW
166858,124875,FOR,DNK,ID
166858,197515,FOR,DNK,EPP
166858,197558,FOR,DNK,RENEW
166858,197567,FOR,DNK,RENEW
166858,197571,FOR,DNK,GUE_NGL
166858,197573,FOR,DNK,GREEN_EFA
166858,199941,DID_NOT_VOTE,DNK,SD
166858,239972,FOR,DNK,RENEW
166858,239973,FOR,DNK,RENEW
166860,28161,FOR,DNK,GREEN_EFA
166860,37312,FOR,DNK,SD
166860,96709,FOR,DNK,RENEW
166860,101585,FOR,DNK,SD
166860,124872,FOR,DNK,RENEW
166860,124875,AGAINST,DNK,ID
166860,197515,FOR,DNK,EPP
166860,197558,FOR,DNK,RENEW
166860,197567,FOR,DNK,RENEW
166860,197571,FOR,DNK,GUE_NGL
166860,197573,FOR,DNK,GREEN_EFA
166860,199941,DID_NOT_VOTE,DNK,SD
166860,239972,FOR,DNK,RENEW
166860,239973,FOR,DNK,RENEW
166862,28161,FOR,DNK,GREEN_EFA
166862,37312,FOR,DNK,SD
166862,96709,FOR,DNK,RENEW
166862,101585,FOR,DNK,SD
166862,124872,FOR,DNK,RENEW
166862,124875,AGAINST,DNK,ID
166862,197515,FOR,DNK,EPP
166862,197558,FOR,DNK,RENEW
166862,197567,FOR,DNK,RENEW
166862,197571,FOR,DNK,GUE_NGL
166862,197573,FOR,DNK,GREEN_EFA
166862,199941,DID_NOT_VOTE,DNK,SD
166862,239972,FOR,DNK,RENEW
166862,239973,FOR,DNK,RENEW
166864,28161,ABSTENTION,DNK,GREEN_EFA
166864,37312,FOR,DNK,SD
166864,96709,FOR,DNK,RENEW
166864,101585,FOR,DNK,SD
166864,124872,FOR,DNK,RENEW
166864,124875,AGAINST,DNK,ID
166864,197515,FOR,DNK,EPP
166864,197558,FOR,DNK,RENEW
166864,197567,FOR,DNK,RENEW
166864,197571,AGAINST,DNK,GUE_NGL
166864,197573,ABSTENTION,DNK,GREEN_EFA
166864,199941,DID_NOT_VOTE,DNK,SD
166864,239972,FOR,DNK,RENEW
166864,239973,FOR,DNK,RENEW
166879,28161,FOR,DNK,GREEN_EFA
166879,37312,FOR,DNK,SD
166879,96709,FOR,DNK,RENEW
166879,101585,FOR,DNK,SD
166879,124872,FOR,DNK,RENEW
166879,124875,ABSTENTION,DNK,ID
166879,197515,FOR,DNK,EPP
166879,197558,FOR,DNK,RENEW
166879,197567,FOR,DNK,RENEW
166879,197571,FOR,DNK,GUE_NGL
166879,197573,FOR,DNK,GREEN_EFA
166879,199941,DID_NOT_VOTE,DNK,SD
166879,239972,FOR,DNK,RENEW
166879,239973,FOR,DNK,RENEW
166887,28161,FOR,DNK,GREEN_EFA
166887,37312,FOR,DNK,SD
166887,96709,FOR,DNK,RENEW
166887,101585,FOR,DNK,SD
166887,124872,FOR,DNK,RENEW
166887,124875,AGAINST,DNK,ID
166887,197515,FOR,DNK,EPP
166887,197558,FOR,DNK,RENEW
166887,197567,FOR,DNK,RENEW
166887,197571,FOR,DNK,GUE_NGL
166887,197573,FOR,DNK,GREEN_EFA
166887,199941,DID_NOT_VOTE,DNK,SD
166887,239972,FOR,DNK,RENEW
166887,239973,FOR,DNK,RENEW
166904,28161,FOR,DNK,GREEN_EFA
166904,37312,FOR,DNK,SD
166904,96709,FOR,DNK,RENEW
166904,101585,FOR,DNK,SD
166904,124872,FOR,DNK,RENEW
166904,124875,AGAINST,DNK,ID
166904,197515,FOR,DNK,EPP
166904,197558,FOR,DNK,RENEW
166904,197567,FOR,DNK,RENEW
166904,197571,AGAINST,DNK,GUE_NGL
166904,197573,FOR,DNK,GREEN_EFA
166904,199941,FOR,DNK,SD
166904,239972,FOR,DNK,RENEW
166904,239973,FOR,DNK,RENEW
166921,28161,FOR,DNK,GREEN_EFA
166921,37312,FOR,DNK,SD
166921,96709,FOR,DNK,RENEW
166921,101585,FOR,DNK,SD
166921,124872,FOR,DNK,RENEW
166921,124875,FOR,DNK,ID
166921,197515,FOR,DNK,EPP
166921,197558,FOR,DNK,RENEW
166921,197567,FOR,DNK,RENEW
166921,197571,FOR,DNK,GUE_NGL
166921,197573,FOR,DNK,GREEN_EFA
166921,199941,DID_NOT_VOTE,DNK,SD
166921,239972,FOR,DNK,RENEW
166921,239973,FOR,DNK,RENEW
166922,28161,FOR,DNK,GREEN_EFA
166922,37312,FOR,DNK,SD
166922,96709,FOR,DNK,RENEW
166922,101585,FOR,DNK,SD
166922,124872,FOR,DNK,RENEW
166922,124875,AGAINST,DNK,ID
166922,197515,DID_NOT_VOTE,DNK,EPP
166922,197558,FOR,DNK,RENEW
166922,197567,FOR,DNK,RENEW
166922,197571,FOR,DNK,GUE_NGL
166922,197573,FOR,DNK,GREEN_EFA
166922,199941,DID_NOT_VOTE,DNK,SD
166922,239972,FOR,DNK,RENEW
166922,239973,FOR,DNK,RENEW
166924,28161,FOR,DNK,GREEN_EFA
166924,37312,FOR,DNK,SD
166924,96709,FOR,DNK,RENEW
166924,101585,FOR,DNK,SD
166924,124872,FOR,DNK,RENEW
166924,124875,ABSTENTION,DNK,ID
166924,197515,FOR,DNK,EPP
166924,197558,FOR,DNK,RENEW
166924,197567,FOR,DNK,RENEW
166924,197571,FOR,DNK,GUE_NGL
166924,197573,FOR,DNK,GREEN_EFA
166924,199941,DID_NOT_VOTE,DNK,SD
166924,239972,FOR,DNK,RENEW
166924,239973,FOR,DNK,RENEW
166925,28161,ABSTENTION,DNK,GREEN_EFA
166925,37312,FOR,DNK,SD
166925,96709,FOR,DNK,RENEW
166925,101585,FOR,DNK,SD
166925,124872,FOR,DNK,RENEW
166925,124875,AGAINST,DNK,ID
166925,197515,FOR,DNK,EPP
166925,197558,FOR,DNK,RENEW
166925,197567,FOR,DNK,RENEW
166925,197571,ABSTENTION,DNK,GUE_NGL
166925,197573,ABSTENTION,DNK,GREEN_EFA
166925,199941,DID_NOT_VOTE,DNK,SD
166925,239972,FOR,DNK,RENEW
166925,239973,FOR,DNK,RENEW
166929,28161,AGAINST,DNK,GREEN_EFA
166929,37312,FOR,DNK,SD
166929,96709,FOR,DNK,RENEW
166929,101585,FOR,DNK,SD
166929,124872,FOR,DNK,RENEW
166929,124875,FOR,DNK,ID
166929,197515,FOR,DNK,EPP
166929,197558,DID_NOT_VOTE,DNK,RENEW
166929,197567,FOR,DNK,RENEW
166929,197571,AGAINST,DNK,GUE_NGL
166929,197573,AGAINST,DNK,GREEN_EFA
166929,199941,FOR,DNK,SD
166929,239972,FOR,DNK,RENEW
166929,239973,FOR,DNK,RENEW
166934,28161,FOR,DNK,GREEN_EFA
166934,37312,FOR,DNK,SD
166934,96709,FOR,DNK,RENEW
166934,101585,FOR,DNK,SD
166934,124872,FOR,DNK,RENEW
166934,124875,AGAINST,DNK,ID
166934,197515,FOR,DNK,EPP
166934,197558,FOR,DNK,RENEW
166934,197567,FOR,DNK,RENEW
166934,197571,ABSTENTION,DNK,GUE_NGL
166934,197573,FOR,DNK,GREEN_EFA
166934,199941,DID_NOT_VOTE,DNK,SD
166934,239972,FOR,DNK,RENEW
166934,239973,FOR,DNK,RENEW
166936,28161,AGAINST,DNK,GREEN_EFA
166936,37312,FOR,DNK,SD
166936,96709,FOR,DNK,RENEW
166936,101585,FOR,DNK,SD
166936,124872,FOR,DNK,RENEW
166936,124875,AGAINST,DNK,ID
166936,197515,FOR,DNK,EPP
166936,197558,FOR,DNK,RENEW
166936,197567,FOR,DNK,RENEW
166936,197571,AGAINST,DNK,GUE_NGL
166936,197573,FOR,DNK,GREEN_EFA
166936,199941,FOR,DNK,SD
166936,239972,FOR,DNK,RENEW
166936,239973,FOR,DNK,RENEW
166939,28161,FOR,DNK,GREEN_EFA
166939,37312,FOR,DNK,SD
166939,96709,FOR,DNK,RENEW
166939,101585,FOR,DNK,SD
166939,124872,FOR,DNK,RENEW
166939,124875,AGAINST,DNK,ID
166939,197515,FOR,DNK,EPP
166939,197558,FOR,DNK,RENEW
166939,197567,FOR,DNK,RENEW
166939,197571,AGAINST,DNK,GUE_NGL
166939,197573,FOR,DNK,GREEN_EFA
166939,199941,DID_NOT_VOTE,DNK,SD
166939,239972,FOR,DNK,RENEW
166939,239973,FOR,DNK,RENEW
166959,28161,FOR,DNK,GREEN_EFA
166959,37312,FOR,DNK,SD
166959,96709,FOR,DNK,RENEW
166959,101585,FOR,DNK,SD
166959,124872,FOR,DNK,RENEW
166959,124875,AGAINST,DNK,ID
166959,197515,FOR,DNK,EPP
166959,197558,FOR,DNK,RENEW
166959,197567,FOR,DNK,RENEW
166959,197571,FOR,DNK,GUE_NGL
166959,197573,FOR,DNK,GREEN_EFA
166959,199941,DID_NOT_VOTE,DNK,SD
166959,239972,FOR,DNK,RENEW
166959,239973,FOR,DNK,RENEW
166961,28161,FOR,DNK,GREEN_EFA
166961,37312,FOR,DNK,SD
166961,96709,FOR,DNK,RENEW
166961,101585,FOR,DNK,SD
166961,124872,FOR,DNK,RENEW
166961,124875,FOR,DNK,ID
166961,197515,FOR,DNK,EPP
166961,197558,FOR,DNK,RENEW
166961,197567,FOR,DNK,RENEW
166961,197571,FOR,DNK,GUE_NGL
166961,197573,FOR,DNK,GREEN_EFA
166961,199941,DID_NOT_VOTE,DNK,SD
166961,239972,FOR,DNK,RENEW
166961,239973,FOR,DNK,RENEW
166975,28161,FOR,DNK,GREEN_EFA
166975,37312,FOR,DNK,SD
166975,96709,FOR,DNK,RENEW
166975,101585,FOR,DNK,SD
166975,124872,FOR,DNK,RENEW
166975,124875,ABSTENTION,DNK,ID
166975,197515,FOR,DNK,EPP
166975,197558,FOR,DNK,RENEW
166975,197567,FOR,DNK,RENEW
166975,197571,FOR,DNK,GUE_NGL
166975,197573,FOR,DNK,GREEN_EFA
166975,199941,DID_NOT_VOTE,DNK,SD
166975,239972,FOR,DNK,RENEW
166975,239973,FOR,DNK,RENEW
166979,28161,AGAINST,DNK,GREEN_EFA
166979,37312,FOR,DNK,SD
166979,96709,FOR,DNK,RENEW
166979,101585,FOR,DNK,SD
166979,124872,FOR,DNK,RENEW
166979,124875,AGAINST,DNK,ID
166979,197515,FOR,DNK,EPP
166979,197558,FOR,DNK,RENEW
166979,197567,ABSTENTION,DNK,RENEW
166979,197571,AGAINST,DNK,GUE_NGL
166979,197573,AGAINST,DNK,GREEN_EFA
166979,199941,FOR,DNK,SD
166979,239972,FOR,DNK,RENEW
166979,239973,FOR,DNK,RENEW
167003,28161,FOR,DNK,GREEN_EFA
167003,37312,FOR,DNK,SD
167003,96709,FOR,DNK,RENEW
167003,101585,FOR,DNK,SD
167003,124872,FOR,DNK,RENEW
167003,124875,ABSTENTION,DNK,ID
167003,197515,AGAINST,DNK,EPP
167003,197558,FOR,DNK,RENEW
167003,197567,FOR,DNK,RENEW
167003,197571,FOR,DNK,GUE_NGL
167003,197573,FOR,DNK,GREEN_EFA
167003,199941,DID_NOT_VOTE,DNK,SD
167003,239972,FOR,DNK,RENEW
167003,239973,FOR,DNK,RENEW
167007,28161,FOR,DNK,GREEN_EFA
167007,37312,FOR,DNK,SD
167007,96709,FOR,DNK,RENEW
167007,101585,FOR,DNK,SD
167007,124872,FOR,DNK,RENEW
167007,124875,AGAINST,DNK,ID
167007,197515,FOR,DNK,EPP
167007,197558,FOR,DNK,RENEW
167007,197567,FOR,DNK,RENEW
167007,197571,ABSTENTION,DNK,GUE_NGL
167007,197573,FOR,DNK,GREEN_EFA
167007,199941,FOR,DNK,SD
167007,239972,FOR,DNK,RENEW
167007,239973,FOR,DNK,RENEW
167031,28161,ABSTENTION,DNK,GREEN_EFA
167031,37312,FOR,DNK,SD
167031,96709,FOR,DNK,RENEW
167031,101585,FOR,DNK,SD
167031,124872,FOR,DNK,RENEW
167031,124875,FOR,DNK,ID
167031,197515,FOR,DNK,EPP
167031,197558,FOR,DNK,RENEW
167031,197567,FOR,DNK,RENEW
167031,197571,AGAINST,DNK,GUE_NGL
167031,197573,ABSTENTION,DNK,GREEN_EFA
167031,199941,DID_NOT_VOTE,DNK,SD
167031,239972,FOR,DNK,RENEW
167031,239973,FOR,DNK,RENEW
167033,28161,ABSTENTION,DNK,GREEN_EFA
167033,37312,FOR,DNK,SD
167033,96709,FOR,DNK,RENEW
167033,101585,FOR,DNK,SD
167033,124872,FOR,DNK,RENEW
167033,124875,FOR,DNK,ID
167033,197515,FOR,DNK,EPP
167033,197558,FOR,DNK,RENEW
167033,197567,FOR,DNK,RENEW
167033,197571,AGAINST,DNK,GUE_NGL
167033,197573,ABSTENTION,DNK,GREEN_EFA
167033,199941,DID_NOT_VOTE,DNK,SD
167033,239972,FOR,DNK,RENEW
167033,239973,FOR,DNK,RENEW
167034,28161,FOR,DNK,GREEN_EFA
167034,37312,FOR,DNK,SD
167034,96709,FOR,DNK,RENEW
167034,101585,FOR,DNK,SD
167034,124872,FOR,DNK,RENEW
167034,124875,FOR,DNK,ID
167034,197515,FOR,DNK,EPP
167034,197558,FOR,DNK,RENEW
167034,197567,FOR,DNK,RENEW
167034,197571,ABSTENTION,DNK,GUE_NGL
167034,197573,FOR,DNK,GREEN_EFA
167034,199941,DID_NOT_VOTE,DNK,SD
167034,239972,FOR,DNK,RENEW
167034,239973,FOR,DNK,RENEW
167076,28161,AGAINST,DNK,GREEN_EFA
167076,37312,FOR,DNK,SD
167076,96709,FOR,DNK,RENEW
167076,101585,FOR,DNK,SD
167076,124872,FOR,DNK,RENEW
167076,124875,FOR,DNK,ID
167076,197515,AGAINST,DNK,EPP
167076,197558,FOR,DNK,RENEW
167076,197567,FOR,DNK,RENEW
167076,197571,ABSTENTION,DNK,GUE_NGL
167076,197573,AGAINST,DNK,GREEN_EFA
167076,199941,FOR,DNK,SD
167076,239972,FOR,DNK,RENEW
167076,239973,FOR,DNK,RENEW
167080,28161,FOR,DNK,GREEN_EFA
167080,37312,FOR,DNK,SD
167080,96709,FOR,DNK,RENEW
167080,101585,FOR,DNK,SD
167080,124872,FOR,DNK,RENEW
167080,124875,AGAINST,DNK,ID
167080,197515,FOR,DNK,EPP
167080,197558,FOR,DNK,RENEW
167080,197567,FOR,DNK,RENEW
167080,197571,FOR,DNK,GUE_NGL
167080,197573,FOR,DNK,GREEN_EFA
167080,199941,DID_NOT_VOTE,DNK,SD
167080,239972,FOR,DNK,RENEW
167080,239973,FOR,DNK,RENEW
167084,28161,FOR,DNK,GREEN_EFA
167084,37312,FOR,DNK,SD
167084,96709,FOR,DNK,RENEW
167084,101585,FOR,DNK,SD
167084,124872,FOR,DNK,RENEW
167084,124875,AGAINST,DNK,ID
167084,197515,FOR,DNK,EPP
167084,197558,FOR,DNK,RENEW
167084,197567,FOR,DNK,RENEW
167084,197571,AGAINST,DNK,GUE_NGL
167084,197573,FOR,DNK,GREEN_EFA
167084,199941,DID_NOT_VOTE,DNK,SD
167084,239972,FOR,DNK,RENEW
167084,239973,FOR,DNK,RENEW
167088,28161,FOR,DNK,GREEN_EFA
167088,37312,FOR,DNK,SD
167088,96709,FOR,DNK,RENEW
167088,101585,FOR,DNK,SD
167088,124872,FOR,DNK,RENEW
167088,124875,AGAINST,DNK,ID
167088,197515,FOR,DNK,EPP
167088,197558,FOR,DNK,RENEW
167088,197567,FOR,DNK,RENEW
167088,197571,FOR,DNK,GUE_NGL
167088,197573,FOR,DNK,GREEN_EFA
167088,199941,DID_NOT_VOTE,DNK,SD
167088,239972,FOR,DNK,RENEW
167088,239973,FOR,DNK,RENEW
167092,28161,FOR,DNK,GREEN_EFA
167092,37312,FOR,DNK,SD
167092,96709,FOR,DNK,RENEW
167092,101585,FOR,DNK,SD
167092,124872,FOR,DNK,RENEW
167092,124875,AGAINST,DNK,ID
167092,197515,FOR,DNK,EPP
167092,197558,FOR,DNK,RENEW
167092,197567,FOR,DNK,RENEW
167092,197571,FOR,DNK,GUE_NGL
167092,197573,FOR,DNK,GREEN_EFA
167092,199941,DID_NOT_VOTE,DNK,SD
167092,239972,FOR,DNK,RENEW
167092,239973,FOR,DNK,RENEW
167096,28161,FOR,DNK,GREEN_EFA
167096,37312,FOR,DNK,SD
167096,96709,FOR,DNK,RENEW
167096,101585,FOR,DNK,SD
167096,124872,FOR,DNK,RENEW
167096,124875,AGAINST,DNK,ID
167096,197515,FOR,DNK,EPP
167096,197558,FOR,DNK,RENEW
167096,197567,FOR,DNK,RENEW
167096,197571,FOR,DNK,GUE_NGL
167096,197573,FOR,DNK,GREEN_EFA
167096,199941,DID_NOT_VOTE,DNK,SD
167096,239972,FOR,DNK,RENEW
167096,239973,FOR,DNK,RENEW
167100,28161,FOR,DNK,GREEN_EFA
167100,37312,FOR,DNK,SD
167100,96709,FOR,DNK,RENEW
167100,101585,FOR,DNK,SD
167100,124872,FOR,DNK,RENEW
167100,124875,AGAINST,DNK,ID
167100,197515,FOR,DNK,EPP
167100,197558,FOR,DNK,RENEW
167100,197567,FOR,DNK,RENEW
167100,197571,FOR,DNK,GUE_NGL
167100,197573,FOR,DNK,GREEN_EFA
167100,199941,DID_NOT_VOTE,DNK,SD
167100,239972,FOR,DNK,RENEW
167100,239973,FOR,DNK,RENEW
167105,28161,FOR,DNK,GREEN_EFA
167105,37312,FOR,DNK,SD
167105,96709,FOR,DNK,RENEW
167105,101585,FOR,DNK,SD
167105,124872,FOR,DNK,RENEW
167105,124875,AGAINST,DNK,ID
167105,197515,FOR,DNK,EPP
167105,197558,FOR,DNK,RENEW
167105,197567,FOR,DNK,RENEW
167105,197571,FOR,DNK,GUE_NGL
167105,197573,FOR,DNK,GREEN_EFA
167105,199941,DID_NOT_VOTE,DNK,SD
167105,239972,FOR,DNK,RENEW
167105,239973,FOR,DNK,RENEW
167109,28161,FOR,DNK,GREEN_EFA
167109,37312,FOR,DNK,SD
167109,96709,FOR,DNK,RENEW
167109,101585,FOR,DNK,SD
167109,124872,FOR,DNK,RENEW
167109,124875,AGAINST,DNK,ID
167109,197515,FOR,DNK,EPP
167109,197558,FOR,DNK,RENEW
167109,197567,FOR,DNK,RENEW
167109,197571,FOR,DNK,GUE_NGL
167109,197573,FOR,DNK,GREEN_EFA
167109,199941,DID_NOT_VOTE,DNK,SD
167109,239972,FOR,DNK,RENEW
167109,239973,FOR,DNK,RENEW
167113,28161,FOR,DNK,GREEN_EFA
167113,37312,FOR,DNK,SD
167113,96709,FOR,DNK,RENEW
167113,101585,FOR,DNK,SD
167113,124872,FOR,DNK,RENEW
167113,124875,AGAINST,DNK,ID
167113,197515,FOR,DNK,EPP
167113,197558,FOR,DNK,RENEW
167113,197567,FOR,DNK,RENEW
167113,197571,FOR,DNK,GUE_NGL
167113,197573,FOR,DNK,GREEN_EFA
167113,199941,DID_NOT_VOTE,DNK,SD
167113,239972,FOR,DNK,RENEW
167113,239973,FOR,DNK,RENEW
167117,28161,FOR,DNK,GREEN_EFA
167117,37312,FOR,DNK,SD
167117,96709,FOR,DNK,RENEW
167117,101585,FOR,DNK,SD
167117,124872,FOR,DNK,RENEW
167117,124875,AGAINST,DNK,ID
167117,197515,FOR,DNK,EPP
167117,197558,FOR,DNK,RENEW
167117,197567,FOR,DNK,RENEW
167117,197571,FOR,DNK,GUE_NGL
167117,197573,FOR,DNK,GREEN_EFA
167117,199941,DID_NOT_VOTE,DNK,SD
167117,239972,FOR,DNK,RENEW
167117,239973,FOR,DNK,RENEW
167121,28161,FOR,DNK,GREEN_EFA
167121,37312,FOR,DNK,SD
167121,96709,FOR,DNK,RENEW
167121,101585,FOR,DNK,SD
167121,124872,FOR,DNK,RENEW
167121,124875,AGAINST,DNK,ID
167121,197515,FOR,DNK,EPP
167121,197558,FOR,DNK,RENEW
167121,197567,FOR,DNK,RENEW
167121,197571,FOR,DNK,GUE_NGL
167121,197573,FOR,DNK,GREEN_EFA
167121,199941,DID_NOT_VOTE,DNK,SD
167121,239972,FOR,DNK,RENEW
167121,239973,FOR,DNK,RENEW
167126,28161,FOR,DNK,GREEN_EFA
167126,37312,FOR,DNK,SD
167126,96709,FOR,DNK,RENEW
167126,101585,FOR,DNK,SD
167126,124872,FOR,DNK,RENEW
167126,124875,FOR,DNK,ID
167126,197515,FOR,DNK,EPP
167126,197558,FOR,DNK,RENEW
167126,197567,FOR,DNK,RENEW
167126,197571,FOR,DNK,GUE_NGL
167126,197573,FOR,DNK,GREEN_EFA
167126,199941,DID_NOT_VOTE,DNK,SD
167126,239972,FOR,DNK,RENEW
167126,239973,FOR,DNK,RENEW
167130,28161,FOR,DNK,GREEN_EFA
167130,37312,FOR,DNK,SD
167130,96709,FOR,DNK,RENEW
167130,101585,FOR,DNK,SD
167130,124872,FOR,DNK,RENEW
167130,124875,AGAINST,DNK,ID
167130,197515,FOR,DNK,EPP
167130,197558,FOR,DNK,RENEW
167130,197567,FOR,DNK,RENEW
167130,197571,FOR,DNK,GUE_NGL
167130,197573,FOR,DNK,GREEN_EFA
167130,199941,DID_NOT_VOTE,DNK,SD
167130,239972,FOR,DNK,RENEW
167130,239973,FOR,DNK,RENEW
167134,28161,FOR,DNK,GREEN_EFA
167134,37312,FOR,DNK,SD
167134,96709,FOR,DNK,RENEW
167134,101585,FOR,DNK,SD
167134,124872,FOR,DNK,RENEW
167134,124875,AGAINST,DNK,ID
167134,197515,FOR,DNK,EPP
167134,197558,FOR,DNK,RENEW
167134,197567,FOR,DNK,RENEW
167134,197571,FOR,DNK,GUE_NGL
167134,197573,FOR,DNK,GREEN_EFA
167134,199941,DID_NOT_VOTE,DNK,SD
167134,239972,FOR,DNK,RENEW
167134,239973,FOR,DNK,RENEW
167138,28161,FOR,DNK,GREEN_EFA
167138,37312,FOR,DNK,SD
167138,96709,FOR,DNK,RENEW
167138,101585,FOR,DNK,SD
167138,124872,FOR,DNK,RENEW
167138,124875,AGAINST,DNK,ID
167138,197515,FOR,DNK,EPP
167138,197558,FOR,DNK,RENEW
167138,197567,FOR,DNK,RENEW
167138,197571,FOR,DNK,GUE_NGL
167138,197573,FOR,DNK,GREEN_EFA
167138,199941,DID_NOT_VOTE,DNK,SD
167138,239972,FOR,DNK,RENEW
167138,239973,FOR,DNK,RENEW
167144,28161,FOR,DNK,GREEN_EFA
167144,37312,FOR,DNK,SD
167144,96709,FOR,DNK,RENEW
167144,101585,FOR,DNK,SD
167144,124872,FOR,DNK,RENEW
167144,124875,FOR,DNK,ID
167144,197515,FOR,DNK,EPP
167144,197558,FOR,DNK,RENEW
167144,197567,FOR,DNK,RENEW
167144,197571,FOR,DNK,GUE_NGL
167144,197573,FOR,DNK,GREEN_EFA
167144,199941,DID_NOT_VOTE,DNK,SD
167144,239972,FOR,DNK,RENEW
167144,239973,FOR,DNK,RENEW
167148,28161,FOR,DNK,GREEN_EFA
167148,37312,FOR,DNK,SD
167148,96709,FOR,DNK,RENEW
167148,101585,FOR,DNK,SD
167148,124872,FOR,DNK,RENEW
167148,124875,AGAINST,DNK,ID
167148,197515,FOR,DNK,EPP
167148,197558,FOR,DNK,RENEW
167148,197567,FOR,DNK,RENEW
167148,197571,FOR,DNK,GUE_NGL
167148,197573,FOR,DNK,GREEN_EFA
167148,199941,DID_NOT_VOTE,DNK,SD
167148,239972,FOR,DNK,RENEW
167148,239973,FOR,DNK,RENEW
167152,28161,FOR,DNK,GREEN_EFA
167152,37312,FOR,DNK,SD
167152,96709,FOR,DNK,RENEW
167152,101585,FOR,DNK,SD
167152,124872,FOR,DNK,RENEW
167152,124875,AGAINST,DNK,ID
167152,197515,FOR,DNK,EPP
167152,197558,FOR,DNK,RENEW
167152,197567,FOR,DNK,RENEW
167152,197571,FOR,DNK,GUE_NGL
167152,197573,FOR,DNK,GREEN_EFA
167152,199941,DID_NOT_VOTE,DNK,SD
167152,239972,FOR,DNK,RENEW
167152,239973,FOR,DNK,RENEW
167156,28161,FOR,DNK,GREEN_EFA
167156,37312,FOR,DNK,SD
167156,96709,FOR,DNK,RENEW
167156,101585,FOR,DNK,SD
167156,124872,FOR,DNK,RENEW
167156,124875,AGAINST,DNK,ID
167156,197515,FOR,DNK,EPP
167156,197558,FOR,DNK,RENEW
167156,197567,FOR,DNK,RENEW
167156,197571,FOR,DNK,GUE_NGL
167156,197573,FOR,DNK,GREEN_EFA
167156,199941,DID_NOT_VOTE,DNK,SD
167156,239972,FOR,DNK,RENEW
167156,239973,FOR,DNK,RENEW
167160,28161,FOR,DNK,GREEN_EFA
167160,37312,FOR,DNK,SD
167160,96709,FOR,DNK,RENEW
167160,101585,FOR,DNK,SD
167160,124872,FOR,DNK,RENEW
167160,124875,AGAINST,DNK,ID
167160,197515,FOR,DNK,EPP
167160,197558,FOR,DNK,RENEW
167160,197567,FOR,DNK,RENEW
167160,197571,FOR,DNK,GUE_NGL
167160,197573,FOR,DNK,GREEN_EFA
167160,199941,DID_NOT_VOTE,DNK,SD
167160,239972,FOR,DNK,RENEW
167160,239973,FOR,DNK,RENEW
167164,28161,FOR,DNK,GREEN_EFA
167164,37312,FOR,DNK,SD
167164,96709,FOR,DNK,RENEW
167164,101585,FOR,DNK,SD
167164,124872,FOR,DNK,RENEW
167164,124875,AGAINST,DNK,ID
167164,197515,FOR,DNK,EPP
167164,197558,FOR,DNK,RENEW
167164,197567,FOR,DNK,RENEW
167164,197571,FOR,DNK,GUE_NGL
167164,197573,FOR,DNK,GREEN_EFA
167164,199941,DID_NOT_VOTE,DNK,SD
167164,239972,FOR,DNK,RENEW
167164,239973,FOR,DNK,RENEW
167168,28161,FOR,DNK,GREEN_EFA
167168,37312,FOR,DNK,SD
167168,96709,FOR,DNK,RENEW
167168,101585,FOR,DNK,SD
167168,124872,FOR,DNK,RENEW
167168,124875,AGAINST,DNK,ID
167168,197515,FOR,DNK,EPP
167168,197558,FOR,DNK,RENEW
167168,197567,FOR,DNK,RENEW
167168,197571,FOR,DNK,GUE_NGL
167168,197573,FOR,DNK,GREEN_EFA
167168,199941,DID_NOT_VOTE,DNK,SD
167168,239972,FOR,DNK,RENEW
167168,239973,FOR,DNK,RENEW
167176,28161,FOR,DNK,GREEN_EFA
167176,37312,FOR,DNK,SD
167176,96709,FOR,DNK,RENEW
167176,101585,FOR,DNK,SD
167176,124872,FOR,DNK,RENEW
167176,124875,AGAINST,DNK,ID
167176,197515,FOR,DNK,EPP
167176,197558,FOR,DNK,RENEW
167176,197567,FOR,DNK,RENEW
167176,197571,FOR,DNK,GUE_NGL
167176,197573,FOR,DNK,GREEN_EFA
167176,199941,DID_NOT_VOTE,DNK,SD
167176,239972,FOR,DNK,RENEW
167176,239973,FOR,DNK,RENEW
167180,28161,FOR,DNK,GREEN_EFA
167180,37312,FOR,DNK,SD
167180,96709,FOR,DNK,RENEW
167180,101585,FOR,DNK,SD
167180,124872,FOR,DNK,RENEW
167180,124875,AGAINST,DNK,ID
167180,197515,FOR,DNK,EPP
167180,197558,FOR,DNK,RENEW
167180,197567,FOR,DNK,RENEW
167180,197571,FOR,DNK,GUE_NGL
167180,197573,FOR,DNK,GREEN_EFA
167180,199941,DID_NOT_VOTE,DNK,SD
167180,239972,FOR,DNK,RENEW
167180,239973,FOR,DNK,RENEW
167184,28161,FOR,DNK,GREEN_EFA
167184,37312,FOR,DNK,SD
167184,96709,FOR,DNK,RENEW
167184,101585,FOR,DNK,SD
167184,124872,FOR,DNK,RENEW
167184,124875,AGAINST,DNK,ID
167184,197515,FOR,DNK,EPP
167184,197558,FOR,DNK,RENEW
167184,197567,FOR,DNK,RENEW
167184,197571,FOR,DNK,GUE_NGL
167184,197573,FOR,DNK,GREEN_EFA
167184,199941,DID_NOT_VOTE,DNK,SD
167184,239972,FOR,DNK,RENEW
167184,239973,FOR,DNK,RENEW
167188,28161,FOR,DNK,GREEN_EFA
167188,37312,FOR,DNK,SD
167188,96709,FOR,DNK,RENEW
167188,101585,FOR,DNK,SD
167188,124872,FOR,DNK,RENEW
167188,124875,AGAINST,DNK,ID
167188,197515,FOR,DNK,EPP
167188,197558,FOR,DNK,RENEW
167188,197567,FOR,DNK,RENEW
167188,197571,FOR,DNK,GUE_NGL
167188,197573,FOR,DNK,GREEN_EFA
167188,199941,DID_NOT_VOTE,DNK,SD
167188,239972,FOR,DNK,RENEW
167188,239973,FOR,DNK,RENEW
167193,28161,FOR,DNK,GREEN_EFA
167193,37312,FOR,DNK,SD
167193,96709,FOR,DNK,RENEW
167193,101585,FOR,DNK,SD
167193,124872,FOR,DNK,RENEW
167193,124875,FOR,DNK,ID
167193,197515,FOR,DNK,EPP
167193,197558,FOR,DNK,RENEW
167193,197567,FOR,DNK,RENEW
167193,197571,FOR,DNK,GUE_NGL
167193,197573,FOR,DNK,GREEN_EFA
167193,199941,DID_NOT_VOTE,DNK,SD
167193,239972,FOR,DNK,RENEW
167193,239973,FOR,DNK,RENEW
167199,28161,FOR,DNK,GREEN_EFA
167199,37312,FOR,DNK,SD
167199,96709,FOR,DNK,RENEW
167199,101585,FOR,DNK,SD
167199,124872,FOR,DNK,RENEW
167199,124875,AGAINST,DNK,ID
167199,197515,FOR,DNK,EPP
167199,197558,FOR,DNK,RENEW
167199,197567,FOR,DNK,RENEW
167199,197571,FOR,DNK,GUE_NGL
167199,197573,FOR,DNK,GREEN_EFA
167199,199941,DID_NOT_VOTE,DNK,SD
167199,239972,FOR,DNK,RENEW
167199,239973,FOR,DNK,RENEW
167203,28161,FOR,DNK,GREEN_EFA
167203,37312,FOR,DNK,SD
167203,96709,FOR,DNK,RENEW
167203,101585,FOR,DNK,SD
167203,124872,FOR,DNK,RENEW
167203,124875,AGAINST,DNK,ID
167203,197515,FOR,DNK,EPP
167203,197558,FOR,DNK,RENEW
167203,197567,FOR,DNK,RENEW
167203,197571,FOR,DNK,GUE_NGL
167203,197573,FOR,DNK,GREEN_EFA
167203,199941,DID_NOT_VOTE,DNK,SD
167203,239972,FOR,DNK,RENEW
167203,239973,FOR,DNK,RENEW
167209,28161,FOR,DNK,GREEN_EFA
167209,37312,FOR,DNK,SD
167209,96709,FOR,DNK,RENEW
167209,101585,FOR,DNK,SD
167209,124872,FOR,DNK,RENEW
167209,124875,AGAINST,DNK,ID
167209,197515,FOR,DNK,EPP
167209,197558,FOR,DNK,RENEW
167209,197567,FOR,DNK,RENEW
167209,197571,FOR,DNK,GUE_NGL
167209,197573,FOR,DNK,GREEN_EFA
167209,199941,DID_NOT_VOTE,DNK,SD
167209,239972,FOR,DNK,RENEW
167209,239973,FOR,DNK,RENEW
167213,28161,FOR,DNK,GREEN_EFA
167213,37312,FOR,DNK,SD
167213,96709,FOR,DNK,RENEW
167213,101585,FOR,DNK,SD
167213,124872,FOR,DNK,RENEW
167213,124875,AGAINST,DNK,ID
167213,197515,FOR,DNK,EPP
167213,197558,DID_NOT_VOTE,DNK,RENEW
167213,197567,FOR,DNK,RENEW
167213,197571,FOR,DNK,GUE_NGL
167213,197573,FOR,DNK,GREEN_EFA
167213,199941,DID_NOT_VOTE,DNK,SD
167213,239972,FOR,DNK,RENEW
167213,239973,FOR,DNK,RENEW
167217,28161,FOR,DNK,GREEN_EFA
167217,37312,FOR,DNK,SD
167217,96709,FOR,DNK,RENEW
167217,101585,FOR,DNK,SD
167217,124872,FOR,DNK,RENEW
167217,124875,AGAINST,DNK,ID
167217,197515,FOR,DNK,EPP
167217,197558,FOR,DNK,RENEW
167217,197567,FOR,DNK,RENEW
167217,197571,FOR,DNK,GUE_NGL
167217,197573,FOR,DNK,GREEN_EFA
167217,199941,DID_NOT_VOTE,DNK,SD
167217,239972,FOR,DNK,RENEW
167217,239973,FOR,DNK,RENEW
167225,28161,FOR,DNK,GREEN_EFA
167225,37312,FOR,DNK,SD
167225,96709,FOR,DNK,RENEW
167225,101585,FOR,DNK,SD
167225,124872,FOR,DNK,RENEW
167225,124875,AGAINST,DNK,ID
167225,197515,FOR,DNK,EPP
167225,197558,FOR,DNK,RENEW
167225,197567,FOR,DNK,RENEW
167225,197571,FOR,DNK,GUE_NGL
167225,197573,FOR,DNK,GREEN_EFA
167225,199941,DID_NOT_VOTE,DNK,SD
167225,239972,FOR,DNK,RENEW
167225,239973,FOR,DNK,RENEW
167227,28161,ABSTENTION,DNK,GREEN_EFA
167227,37312,FOR,DNK,SD
167227,96709,FOR,DNK,RENEW
167227,101585,FOR,DNK,SD
167227,124872,FOR,DNK,RENEW
167227,124875,AGAINST,DNK,ID
167227,197515,FOR,DNK,EPP
167227,197558,FOR,DNK,RENEW
167227,197567,FOR,DNK,RENEW
167227,197571,FOR,DNK,GUE_NGL
167227,197573,FOR,DNK,GREEN_EFA
167227,199941,DID_NOT_VOTE,DNK,SD
167227,239972,FOR,DNK,RENEW
167227,239973,FOR,DNK,RENEW
167231,28161,FOR,DNK,GREEN_EFA
167231,37312,FOR,DNK,SD
167231,96709,FOR,DNK,RENEW
167231,101585,FOR,DNK,SD
167231,124872,FOR,DNK,RENEW
167231,124875,AGAINST,DNK,ID
167231,197515,FOR,DNK,EPP
167231,197558,FOR,DNK,RENEW
167231,197567,FOR,DNK,RENEW
167231,197571,FOR,DNK,GUE_NGL
167231,197573,FOR,DNK,GREEN_EFA
167231,199941,DID_NOT_VOTE,DNK,SD
167231,239972,FOR,DNK,RENEW
167231,239973,FOR,DNK,RENEW
167246,28161,AGAINST,DNK,GREEN_EFA
167246,37312,FOR,DNK,SD
167246,96709,FOR,DNK,RENEW
167246,101585,FOR,DNK,SD
167246,124872,FOR,DNK,RENEW
167246,124875,AGAINST,DNK,ID
167246,197515,FOR,DNK,EPP
167246,197558,FOR,DNK,RENEW
167246,197567,FOR,DNK,RENEW
167246,197571,FOR,DNK,GUE_NGL
167246,197573,AGAINST,DNK,GREEN_EFA
167246,199941,DID_NOT_VOTE,DNK,SD
167246,239972,FOR,DNK,RENEW
167246,239973,FOR,DNK,RENEW
167250,28161,FOR,DNK,GREEN_EFA
167250,37312,FOR,DNK,SD
167250,96709,FOR,DNK,RENEW
167250,101585,FOR,DNK,SD
167250,124872,FOR,DNK,RENEW
167250,124875,AGAINST,DNK,ID
167250,197515,FOR,DNK,EPP
167250,197558,FOR,DNK,RENEW
167250,197567,FOR,DNK,RENEW
167250,197571,FOR,DNK,GUE_NGL
167250,197573,FOR,DNK,GREEN_EFA
167250,199941,DID_NOT_VOTE,DNK,SD
167250,239972,FOR,DNK,RENEW
167250,239973,FOR,DNK,RENEW
167258,28161,FOR,DNK,GREEN_EFA
167258,37312,FOR,DNK,SD
167258,96709,FOR,DNK,RENEW
167258,101585,FOR,DNK,SD
167258,124872,FOR,DNK,RENEW
167258,124875,AGAINST,DNK,ID
167258,197515,FOR,DNK,EPP
167258,197558,FOR,DNK,RENEW
167258,197567,FOR,DNK,RENEW
167258,197571,FOR,DNK,GUE_NGL
167258,197573,FOR,DNK,GREEN_EFA
167258,199941,DID_NOT_VOTE,DNK,SD
167258,239972,FOR,DNK,RENEW
167258,239973,FOR,DNK,RENEW
167262,28161,FOR,DNK,GREEN_EFA
167262,37312,FOR,DNK,SD
167262,96709,FOR,DNK,RENEW
167262,101585,FOR,DNK,SD
167262,124872,FOR,DNK,RENEW
167262,124875,AGAINST,DNK,ID
167262,197515,FOR,DNK,EPP
167262,197558,FOR,DNK,RENEW
167262,197567,FOR,DNK,RENEW
167262,197571,FOR,DNK,GUE_NGL
167262,197573,FOR,DNK,GREEN_EFA
167262,199941,DID_NOT_VOTE,DNK,SD
167262,239972,FOR,DNK,RENEW
167262,239973,FOR,DNK,RENEW
167270,28161,ABSTENTION,DNK,GREEN_EFA
167270,37312,FOR,DNK,SD
167270,96709,ABSTENTION,DNK,RENEW
167270,101585,FOR,DNK,SD
167270,124872,ABSTENTION,DNK,RENEW
167270,124875,AGAINST,DNK,ID
167270,197515,FOR,DNK,EPP
167270,197558,FOR,DNK,RENEW
167270,197567,ABSTENTION,DNK,RENEW
167270,197571,ABSTENTION,DNK,GUE_NGL
167270,197573,ABSTENTION,DNK,GREEN_EFA
167270,199941,DID_NOT_VOTE,DNK,SD
167270,239972,FOR,DNK,RENEW
167270,239973,ABSTENTION,DNK,RENEW
167274,28161,FOR,DNK,GREEN_EFA
167274,37312,FOR,DNK,SD
167274,96709,FOR,DNK,RENEW
167274,101585,FOR,DNK,SD
167274,124872,FOR,DNK,RENEW
167274,124875,AGAINST,DNK,ID
167274,197515,FOR,DNK,EPP
167274,197558,FOR,DNK,RENEW
167274,197567,FOR,DNK,RENEW
167274,197571,FOR,DNK,GUE_NGL
167274,197573,FOR,DNK,GREEN_EFA
167274,199941,DID_NOT_VOTE,DNK,SD
167274,239972,FOR,DNK,RENEW
167274,239973,FOR,DNK,RENEW
167278,28161,FOR,DNK,GREEN_EFA
167278,37312,FOR,DNK,SD
167278,96709,FOR,DNK,RENEW
167278,101585,FOR,DNK,SD
167278,124872,FOR,DNK,RENEW
167278,124875,AGAINST,DNK,ID
167278,197515,FOR,DNK,EPP
167278,197558,FOR,DNK,RENEW
167278,197567,FOR,DNK,RENEW
167278,197571,AGAINST,DNK,GUE_NGL
167278,197573,FOR,DNK,GREEN_EFA
167278,199941,DID_NOT_VOTE,DNK,SD
167278,239972,FOR,DNK,RENEW
167278,239973,FOR,DNK,RENEW
167282,28161,FOR,DNK,GREEN_EFA
167282,37312,FOR,DNK,SD
167282,96709,FOR,DNK,RENEW
167282,101585,FOR,DNK,SD
167282,124872,FOR,DNK,RENEW
167282,124875,AGAINST,DNK,ID
167282,197515,FOR,DNK,EPP
167282,197558,FOR,DNK,RENEW
167282,197567,FOR,DNK,RENEW
167282,197571,FOR,DNK,GUE_NGL
167282,197573,FOR,DNK,GREEN_EFA
167282,199941,DID_NOT_VOTE,DNK,SD
167282,239972,FOR,DNK,RENEW
167282,239973,FOR,DNK,RENEW
167286,28161,FOR,DNK,GREEN_EFA
167286,37312,FOR,DNK,SD
167286,96709,FOR,DNK,RENEW
167286,101585,FOR,DNK,SD
167286,124872,FOR,DNK,RENEW
167286,124875,AGAINST,DNK,ID
167286,197515,FOR,DNK,EPP
167286,197558,FOR,DNK,RENEW
167286,197567,FOR,DNK,RENEW
167286,197571,FOR,DNK,GUE_NGL
167286,197573,FOR,DNK,GREEN_EFA
167286,199941,DID_NOT_VOTE,DNK,SD
167286,239972,FOR,DNK,RENEW
167286,239973,FOR,DNK,RENEW
167290,28161,FOR,DNK,GREEN_EFA
167290,37312,FOR,DNK,SD
167290,96709,FOR,DNK,RENEW
167290,101585,FOR,DNK,SD
167290,124872,FOR,DNK,RENEW
167290,124875,AGAINST,DNK,ID
167290,197515,FOR,DNK,EPP
167290,197558,FOR,DNK,RENEW
167290,197567,FOR,DNK,RENEW
167290,197571,FOR,DNK,GUE_NGL
167290,197573,FOR,DNK,GREEN_EFA
167290,199941,DID_NOT_VOTE,DNK,SD
167290,239972,DID_NOT_VOTE,DNK,RENEW
167290,239973,FOR,DNK,RENEW
167294,28161,FOR,DNK,GREEN_EFA
167294,37312,FOR,DNK,SD
167294,96709,FOR,DNK,RENEW
167294,101585,FOR,DNK,SD
167294,124872,FOR,DNK,RENEW
167294,124875,AGAINST,DNK,ID
167294,197515,FOR,DNK,EPP
167294,197558,FOR,DNK,RENEW
167294,197567,FOR,DNK,RENEW
167294,197571,FOR,DNK,GUE_NGL
167294,197573,FOR,DNK,GREEN_EFA
167294,199941,DID_NOT_VOTE,DNK,SD
167294,239972,FOR,DNK,RENEW
167294,239973,FOR,DNK,RENEW
167298,28161,FOR,DNK,GREEN_EFA
167298,37312,FOR,DNK,SD
167298,96709,FOR,DNK,RENEW
167298,101585,FOR,DNK,SD
167298,124872,FOR,DNK,RENEW
167298,124875,AGAINST,DNK,ID
167298,197515,FOR,DNK,EPP
167298,197558,FOR,DNK,RENEW
167298,197567,FOR,DNK,RENEW
167298,197571,FOR,DNK,GUE_NGL
167298,197573,FOR,DNK,GREEN_EFA
167298,199941,DID_NOT_VOTE,DNK,SD
167298,239972,FOR,DNK,RENEW
167298,239973,FOR,DNK,RENEW
167302,28161,FOR,DNK,GREEN_EFA
167302,37312,FOR,DNK,SD
167302,96709,FOR,DNK,RENEW
167302,101585,FOR,DNK,SD
167302,124872,FOR,DNK,RENEW
167302,124875,AGAINST,DNK,ID
167302,197515,FOR,DNK,EPP
167302,197558,FOR,DNK,RENEW
167302,197567,FOR,DNK,RENEW
167302,197571,FOR,DNK,GUE_NGL
167302,197573,FOR,DNK,GREEN_EFA
167302,199941,DID_NOT_VOTE,DNK,SD
167302,239972,FOR,DNK,RENEW
167302,239973,FOR,DNK,RENEW
167306,28161,FOR,DNK,GREEN_EFA
167306,37312,FOR,DNK,SD
167306,96709,FOR,DNK,RENEW
167306,101585,FOR,DNK,SD
167306,124872,FOR,DNK,RENEW
167306,124875,FOR,DNK,ID
167306,197515,FOR,DNK,EPP
167306,197558,FOR,DNK,RENEW
167306,197567,FOR,DNK,RENEW
167306,197571,FOR,DNK,GUE_NGL
167306,197573,FOR,DNK,GREEN_EFA
167306,199941,DID_NOT_VOTE,DNK,SD
167306,239972,FOR,DNK,RENEW
167306,239973,FOR,DNK,RENEW
167310,28161,FOR,DNK,GREEN_EFA
167310,37312,FOR,DNK,SD
167310,96709,FOR,DNK,RENEW
167310,101585,FOR,DNK,SD
167310,124872,FOR,DNK,RENEW
167310,124875,AGAINST,DNK,ID
167310,197515,FOR,DNK,EPP
167310,197558,FOR,DNK,RENEW
167310,197567,FOR,DNK,RENEW
167310,197571,FOR,DNK,GUE_NGL
167310,197573,FOR,DNK,GREEN_EFA
167310,199941,DID_NOT_VOTE,DNK,SD
167310,239972,FOR,DNK,RENEW
167310,239973,FOR,DNK,RENEW
167326,28161,ABSTENTION,DNK,GREEN_EFA
167326,37312,FOR,DNK,SD
167326,96709,FOR,DNK,RENEW
167326,101585,DID_NOT_VOTE,DNK,SD
167326,124872,FOR,DNK,RENEW
167326,124875,AGAINST,DNK,ID
167326,197515,FOR,DNK,EPP
167326,197558,FOR,DNK,RENEW
167326,197567,FOR,DNK,RENEW
167326,197571,AGAINST,DNK,GUE_NGL
167326,197573,ABSTENTION,DNK,GREEN_EFA
167326,199941,DID_NOT_VOTE,DNK,SD
167326,239972,FOR,DNK,RENEW
167326,239973,FOR,DNK,RENEW
167328,28161,FOR,DNK,GREEN_EFA
167328,37312,FOR,DNK,SD
167328,96709,FOR,DNK,RENEW
167328,101585,FOR,DNK,SD
167328,124872,FOR,DNK,RENEW
167328,124875,ABSTENTION,DNK,ID
167328,197515,FOR,DNK,EPP
167328,197558,FOR,DNK,RENEW
167328,197567,FOR,DNK,RENEW
167328,197571,DID_NOT_VOTE,DNK,GUE_NGL
167328,197573,FOR,DNK,GREEN_EFA
167328,199941,DID_NOT_VOTE,DNK,SD
167328,239972,FOR,DNK,RENEW
167328,239973,FOR,DNK,RENEW
167334,28161,FOR,DNK,GREEN_EFA
167334,37312,FOR,DNK,SD
167334,96709,FOR,DNK,RENEW
167334,101585,FOR,DNK,SD
167334,124872,FOR,DNK,RENEW
167334,124875,FOR,DNK,ID
167334,197515,FOR,DNK,EPP
167334,197558,AGAINST,DNK,RENEW
167334,197567,FOR,DNK,RENEW
167334,197571,AGAINST,DNK,GUE_NGL
167334,197573,FOR,DNK,GREEN_EFA
167334,199941,DID_NOT_VOTE,DNK,SD
167334,239972,FOR,DNK,RENEW
167334,239973,FOR,DNK,RENEW
167343,28161,ABSTENTION,DNK,GREEN_EFA
167343,37312,FOR,DNK,SD
167343,96709,FOR,DNK,RENEW
167343,101585,FOR,DNK,SD
167343,124872,FOR,DNK,RENEW
167343,124875,FOR,DNK,ID
167343,197515,FOR,DNK,EPP
167343,197558,FOR,DNK,RENEW
167343,197567,FOR,DNK,RENEW
167343,197571,AGAINST,DNK,GUE_NGL
167343,197573,DID_NOT_VOTE,DNK,GREEN_EFA
167343,199941,DID_NOT_VOTE,DNK,SD
167343,239972,FOR,DNK,RENEW
167343,239973,FOR,DNK,RENEW
167350,28161,FOR,DNK,GREEN_EFA
167350,37312,FOR,DNK,SD
167350,96709,FOR,DNK,RENEW
167350,101585,FOR,DNK,SD
167350,124872,FOR,DNK,RENEW
167350,124875,AGAINST,DNK,ID
167350,197515,FOR,DNK,EPP
167350,197558,FOR,DNK,RENEW
167350,197567,FOR,DNK,RENEW
167350,197571,FOR,DNK,GUE_NGL
167350,197573,FOR,DNK,GREEN_EFA
167350,199941,DID_NOT_VOTE,DNK,SD
167350,239972,FOR,DNK,RENEW
167350,239973,FOR,DNK,RENEW
167351,28161,FOR,DNK,GREEN_EFA
167351,37312,FOR,DNK,SD
167351,96709,FOR,DNK,RENEW
167351,101585,FOR,DNK,SD
167351,124872,FOR,DNK,RENEW
167351,124875,ABSTENTION,DNK,ID
167351,197515,FOR,DNK,EPP
167351,197558,FOR,DNK,RENEW
167351,197567,FOR,DNK,RENEW
167351,197571,FOR,DNK,GUE_NGL
167351,197573,FOR,DNK,GREEN_EFA
167351,199941,DID_NOT_VOTE,DNK,SD
167351,239972,FOR,DNK,RENEW
167351,239973,FOR,DNK,RENEW
167357,28161,AGAINST,DNK,GREEN_EFA
167357,37312,FOR,DNK,SD
167357,96709,FOR,DNK,RENEW
167357,101585,FOR,DNK,SD
167357,124872,FOR,DNK,RENEW
167357,124875,AGAINST,DNK,ID
167357,197515,FOR,DNK,EPP
167357,197558,FOR,DNK,RENEW
167357,197567,FOR,DNK,RENEW
167357,197571,AGAINST,DNK,GUE_NGL
167357,197573,AGAINST,DNK,GREEN_EFA
167357,199941,FOR,DNK,SD
167357,239972,FOR,DNK,RENEW
167357,239973,FOR,DNK,RENEW
167405,28161,FOR,DNK,GREEN_EFA
167405,37312,FOR,DNK,SD
167405,96709,FOR,DNK,RENEW
167405,101585,FOR,DNK,SD
167405,124872,FOR,DNK,RENEW
167405,124875,FOR,DNK,ID
167405,197515,FOR,DNK,EPP
167405,197558,FOR,DNK,RENEW
167405,197567,FOR,DNK,RENEW
167405,197571,ABSTENTION,DNK,GUE_NGL
167405,197573,FOR,DNK,GREEN_EFA
167405,199941,DID_NOT_VOTE,DNK,SD
167405,239972,FOR,DNK,RENEW
167405,239973,FOR,DNK,RENEW
167411,28161,ABSTENTION,DNK,GREEN_EFA
167411,37312,FOR,DNK,SD
167411,96709,FOR,DNK,RENEW
167411,101585,FOR,DNK,SD
167411,124872,FOR,DNK,RENEW
167411,124875,FOR,DNK,ID
167411,197515,FOR,DNK,EPP
167411,197558,FOR,DNK,RENEW
167411,197567,FOR,DNK,RENEW
167411,197571,AGAINST,DNK,GUE_NGL
167411,197573,ABSTENTION,DNK,GREEN_EFA
167411,199941,DID_NOT_VOTE,DNK,SD
167411,239972,FOR,DNK,RENEW
167411,239973,FOR,DNK,RENEW
167417,28161,FOR,DNK,GREEN_EFA
167417,37312,FOR,DNK,SD
167417,96709,FOR,DNK,RENEW
167417,101585,FOR,DNK,SD
167417,124872,FOR,DNK,RENEW
167417,124875,FOR,DNK,ID
167417,197515,FOR,DNK,EPP
167417,197558,FOR,DNK,RENEW
167417,197567,FOR,DNK,RENEW
167417,197571,ABSTENTION,DNK,GUE_NGL
167417,197573,FOR,DNK,GREEN_EFA
167417,199941,DID_NOT_VOTE,DNK,SD
167417,239972,FOR,DNK,RENEW
167417,239973,FOR,DNK,RENEW
167486,28161,FOR,DNK,GREEN_EFA
167486,37312,FOR,DNK,SD
167486,96709,FOR,DNK,RENEW
167486,101585,FOR,DNK,SD
167486,124872,FOR,DNK,RENEW
167486,124875,AGAINST,DNK,ID
167486,197515,FOR,DNK,EPP
167486,197558,FOR,DNK,RENEW
167486,197567,FOR,DNK,RENEW
167486,197571,FOR,DNK,GUE_NGL
167486,197573,FOR,DNK,GREEN_EFA
167486,199941,DID_NOT_VOTE,DNK,SD
167486,239972,FOR,DNK,RENEW
167486,239973,FOR,DNK,RENEW
167527,28161,FOR,DNK,GREEN_EFA
167527,37312,FOR,DNK,SD
167527,96709,FOR,DNK,RENEW
167527,101585,FOR,DNK,SD
167527,124872,FOR,DNK,RENEW
167527,124875,AGAINST,DNK,ID
167527,197515,FOR,DNK,EPP
167527,197558,FOR,DNK,RENEW
167527,197567,FOR,DNK,RENEW
167527,197571,AGAINST,DNK,GUE_NGL
167527,197573,FOR,DNK,GREEN_EFA
167527,199941,DID_NOT_VOTE,DNK,SD
167527,239972,FOR,DNK,RENEW
167527,239973,FOR,DNK,RENEW
167531,28161,FOR,DNK,GREEN_EFA
167531,37312,FOR,DNK,SD
167531,96709,FOR,DNK,RENEW
167531,101585,FOR,DNK,SD
167531,124872,FOR,DNK,RENEW
167531,124875,AGAINST,DNK,ID
167531,197515,FOR,DNK,EPP
167531,197558,FOR,DNK,RENEW
167531,197567,FOR,DNK,RENEW
167531,197571,AGAINST,DNK,GUE_NGL
167531,197573,FOR,DNK,GREEN_EFA
167531,199941,FOR,DNK,SD
167531,239972,FOR,DNK,RENEW
167531,239973,FOR,DNK,RENEW
167628,28161,FOR,DNK,GREEN_EFA
167628,37312,FOR,DNK,SD
167628,96709,FOR,DNK,RENEW
167628,101585,FOR,DNK,SD
167628,124872,FOR,DNK,RENEW
167628,124875,AGAINST,DNK,ID
167628,197515,FOR,DNK,EPP
167628,197558,FOR,DNK,RENEW
167628,197567,FOR,DNK,RENEW
167628,197571,FOR,DNK,GUE_NGL
167628,197573,FOR,DNK,GREEN_EFA
167628,199941,DID_NOT_VOTE,DNK,SD
167628,239972,FOR,DNK,RENEW
167628,239973,FOR,DNK,RENEW
167632,28161,AGAINST,DNK,GREEN_EFA
167632,37312,FOR,DNK,SD
167632,96709,FOR,DNK,RENEW
167632,101585,FOR,DNK,SD
167632,124872,FOR,DNK,RENEW
167632,124875,AGAINST,DNK,ID
167632,197515,FOR,DNK,EPP
167632,197558,FOR,DNK,RENEW
167632,197567,FOR,DNK,RENEW
167632,197571,AGAINST,DNK,GUE_NGL
167632,197573,AGAINST,DNK,GREEN_EFA
167632,199941,FOR,DNK,SD
167632,239972,FOR,DNK,RENEW
167632,239973,FOR,DNK,RENEW
167680,28161,FOR,DNK,GREEN_EFA
167680,37312,FOR,DNK,SD
167680,96709,FOR,DNK,RENEW
167680,101585,FOR,DNK,SD
167680,124872,DID_NOT_VOTE,DNK,RENEW
167680,124875,AGAINST,DNK,ID
167680,197515,FOR,DNK,EPP
167680,197558,FOR,DNK,RENEW
167680,197567,FOR,DNK,RENEW
167680,197571,FOR,DNK,GUE_NGL
167680,197573,FOR,DNK,GREEN_EFA
167680,199941,DID_NOT_VOTE,DNK,SD
167680,239972,FOR,DNK,RENEW
167680,239973,FOR,DNK,RENEW
167683,28161,FOR,DNK,GREEN_EFA
167683,37312,FOR,DNK,SD
167683,96709,FOR,DNK,RENEW
167683,101585,FOR,DNK,SD
167683,124872,FOR,DNK,RENEW
167683,124875,AGAINST,DNK,ID
167683,197515,FOR,DNK,EPP
167683,197558,FOR,DNK,RENEW
167683,197567,FOR,DNK,RENEW
167683,197571,FOR,DNK,GUE_NGL
167683,197573,FOR,DNK,GREEN_EFA
167683,199941,FOR,DNK,SD
167683,239972,FOR,DNK,RENEW
167683,239973,FOR,DNK,RENEW
167712,28161,ABSTENTION,DNK,GREEN_EFA
167712,37312,FOR,DNK,SD
167712,96709,FOR,DNK,RENEW
167712,101585,FOR,DNK,SD
167712,124872,FOR,DNK,RENEW
167712,124875,AGAINST,DNK,ID
167712,197515,FOR,DNK,EPP
167712,197558,FOR,DNK,RENEW
167712,197567,AGAINST,DNK,RENEW
167712,197571,FOR,DNK,GUE_NGL
167712,197573,ABSTENTION,DNK,GREEN_EFA
167712,199941,DID_NOT_VOTE,DNK,SD
167712,239972,FOR,DNK,RENEW
167712,239973,FOR,DNK,RENEW
167902,28161,FOR,DNK,GREEN_EFA
167902,37312,FOR,DNK,SD
167902,96709,FOR,DNK,RENEW
167902,101585,FOR,DNK,SD
167902,124872,FOR,DNK,RENEW
167902,124875,FOR,DNK,ID
167902,197515,FOR,DNK,EPP
167902,197558,FOR,DNK,RENEW
167902,197567,FOR,DNK,RENEW
167902,197571,ABSTENTION,DNK,GUE_NGL
167902,197573,FOR,DNK,GREEN_EFA
167902,199941,DID_NOT_VOTE,DNK,SD
167902,239972,FOR,DNK,RENEW
167902,239973,FOR,DNK,RENEW
167979,28161,FOR,DNK,GREEN_EFA
167979,37312,FOR,DNK,SD
167979,96709,FOR,DNK,RENEW
167979,101585,FOR,DNK,SD
167979,124872,FOR,DNK,RENEW
167979,124875,AGAINST,DNK,ID
167979,197515,AGAINST,DNK,EPP
167979,197558,FOR,DNK,RENEW
167979,197567,FOR,DNK,RENEW
167979,197571,FOR,DNK,GUE_NGL
167979,197573,FOR,DNK,GREEN_EFA
167979,199941,FOR,DNK,SD
167979,239972,FOR,DNK,RENEW
167979,239973,FOR,DNK,RENEW
167981,28161,AGAINST,DNK,GREEN_EFA
167981,37312,FOR,DNK,SD
167981,96709,FOR,DNK,RENEW
167981,101585,FOR,DNK,SD
167981,124872,FOR,DNK,RENEW
167981,124875,AGAINST,DNK,ID
167981,197515,FOR,DNK,EPP
167981,197558,FOR,DNK,RENEW
167981,197567,FOR,DNK,RENEW
167981,197571,AGAINST,DNK,GUE_NGL
167981,197573,AGAINST,DNK,GREEN_EFA
167981,199941,DID_NOT_VOTE,DNK,SD
167981,239972,FOR,DNK,RENEW
167981,239973,FOR,DNK,RENEW
167997,28161,FOR,DNK,GREEN_EFA
167997,37312,FOR,DNK,SD
167997,96709,FOR,DNK,RENEW
167997,101585,FOR,DNK,SD
167997,124872,FOR,DNK,RENEW
167997,124875,AGAINST,DNK,ID
167997,197515,FOR,DNK,EPP
167997,197558,FOR,DNK,RENEW
167997,197567,AGAINST,DNK,RENEW
167997,197571,FOR,DNK,GUE_NGL
167997,197573,FOR,DNK,GREEN_EFA
167997,199941,DID_NOT_VOTE,DNK,SD
167997,239972,FOR,DNK,RENEW
167997,239973,FOR,DNK,RENEW
168002,28161,FOR,DNK,GREEN_EFA
168002,37312,FOR,DNK,SD
168002,96709,FOR,DNK,RENEW
168002,101585,FOR,DNK,SD
168002,124872,FOR,DNK,RENEW
168002,124875,AGAINST,DNK,ID
168002,197515,FOR,DNK,EPP
168002,197558,FOR,DNK,RENEW
168002,197567,FOR,DNK,RENEW
168002,197571,FOR,DNK,GUE_NGL
168002,197573,FOR,DNK,GREEN_EFA
168002,199941,DID_NOT_VOTE,DNK,SD
168002,239972,FOR,DNK,RENEW
168002,239973,FOR,DNK,RENEW
168005,28161,FOR,DNK,GREEN_EFA
168005,37312,FOR,DNK,SD
168005,96709,FOR,DNK,RENEW
168005,101585,FOR,DNK,SD
168005,124872,FOR,DNK,RENEW
168005,124875,FOR,DNK,ID
168005,197515,FOR,DNK,EPP
168005,197558,FOR,DNK,RENEW
168005,197567,FOR,DNK,RENEW
168005,197571,FOR,DNK,GUE_NGL
168005,197573,FOR,DNK,GREEN_EFA
168005,199941,DID_NOT_VOTE,DNK,SD
168005,239972,FOR,DNK,RENEW
168005,239973,FOR,DNK,RENEW
168014,28161,FOR,DNK,GREEN_EFA
168014,37312,FOR,DNK,SD
168014,96709,FOR,DNK,RENEW
168014,101585,FOR,DNK,SD
168014,124872,FOR,DNK,RENEW
168014,124875,AGAINST,DNK,ID
168014,197515,FOR,DNK,EPP
168014,197558,FOR,DNK,RENEW
168014,197567,FOR,DNK,RENEW
168014,197571,FOR,DNK,GUE_NGL
168014,197573,FOR,DNK,GREEN_EFA
168014,199941,DID_NOT_VOTE,DNK,SD
168014,239972,FOR,DNK,RENEW
168014,239973,FOR,DNK,RENEW
168015,28161,FOR,DNK,GREEN_EFA
168015,37312,FOR,DNK,SD
168015,96709,FOR,DNK,RENEW
168015,101585,FOR,DNK,SD
168015,124872,FOR,DNK,RENEW
168015,124875,AGAINST,DNK,ID
168015,197515,FOR,DNK,EPP
168015,197558,FOR,DNK,RENEW
168015,197567,FOR,DNK,RENEW
168015,197571,FOR,DNK,GUE_NGL
168015,197573,FOR,DNK,GREEN_EFA
168015,199941,DID_NOT_VOTE,DNK,SD
168015,239972,FOR,DNK,RENEW
168015,239973,FOR,DNK,RENEW
168016,28161,FOR,DNK,GREEN_EFA
168016,37312,FOR,DNK,SD
168016,96709,FOR,DNK,RENEW
168016,101585,FOR,DNK,SD
168016,124872,FOR,DNK,RENEW
168016,124875,AGAINST,DNK,ID
168016,197515,FOR,DNK,EPP
168016,197558,FOR,DNK,RENEW
168016,197567,FOR,DNK,RENEW
168016,197571,FOR,DNK,GUE_NGL
168016,197573,FOR,DNK,GREEN_EFA
168016,199941,DID_NOT_VOTE,DNK,SD
168016,239972,FOR,DNK,RENEW
168016,239973,FOR,DNK,RENEW
168054,28161,FOR,DNK,GREEN_EFA
168054,37312,FOR,DNK,SD
168054,96709,FOR,DNK,RENEW
168054,101585,FOR,DNK,SD
168054,124872,FOR,DNK,RENEW
168054,124875,AGAINST,DNK,ID
168054,197515,AGAINST,DNK,EPP
168054,197558,FOR,DNK,RENEW
168054,197567,FOR,DNK,RENEW
168054,197571,FOR,DNK,GUE_NGL
168054,197573,FOR,DNK,GREEN_EFA
168054,199941,DID_NOT_VOTE,DNK,SD
168054,239972,FOR,DNK,RENEW
168054,239973,FOR,DNK,RENEW
168071,28161,FOR,DNK,GREEN_EFA
168071,37312,FOR,DNK,SD
168071,96709,FOR,DNK,RENEW
168071,101585,FOR,DNK,SD
168071,124872,FOR,DNK,RENEW
168071,124875,AGAINST,DNK,ID
168071,197515,FOR,DNK,EPP
168071,197558,FOR,DNK,RENEW
168071,197567,FOR,DNK,RENEW
168071,197571,FOR,DNK,GUE_NGL
168071,197573,FOR,DNK,GREEN_EFA
168071,199941,DID_NOT_VOTE,DNK,SD
168071,239972,FOR,DNK,RENEW
168071,239973,FOR,DNK,RENEW
168074,28161,FOR,DNK,GREEN_EFA
168074,37312,FOR,DNK,SD
168074,96709,FOR,DNK,RENEW
168074,101585,FOR,DNK,SD
168074,124872,FOR,DNK,RENEW
168074,124875,AGAINST,DNK,ID
168074,197515,FOR,DNK,EPP
168074,197558,FOR,DNK,RENEW
168074,197567,FOR,DNK,RENEW
168074,197571,AGAINST,DNK,GUE_NGL
168074,197573,FOR,DNK,GREEN_EFA
168074,199941,DID_NOT_VOTE,DNK,SD
168074,239972,FOR,DNK,RENEW
168074,239973,FOR,DNK,RENEW
168122,28161,FOR,DNK,GREEN_EFA
168122,37312,FOR,DNK,SD
168122,96709,FOR,DNK,RENEW
168122,101585,FOR,DNK,SD
168122,124872,FOR,DNK,RENEW
168122,124875,AGAINST,DNK,ID
168122,197515,FOR,DNK,EPP
168122,197558,DID_NOT_VOTE,DNK,RENEW
168122,197567,FOR,DNK,RENEW
168122,197571,FOR,DNK,GUE_NGL
168122,197573,FOR,DNK,GREEN_EFA
168122,199941,DID_NOT_VOTE,DNK,SD
168122,239972,FOR,DNK,RENEW
168122,239973,FOR,DNK,RENEW
168154,28161,FOR,DNK,GREEN_EFA
168154,37312,FOR,DNK,SD
168154,96709,FOR,DNK,RENEW
168154,101585,FOR,DNK,SD
168154,124872,FOR,DNK,RENEW
168154,124875,AGAINST,DNK,ID
168154,197515,FOR,DNK,EPP
168154,197558,FOR,DNK,RENEW
168154,197567,FOR,DNK,RENEW
168154,197571,FOR,DNK,GUE_NGL
168154,197573,FOR,DNK,GREEN_EFA
168154,199941,DID_NOT_VOTE,DNK,SD
168154,239972,FOR,DNK,RENEW
168154,239973,FOR,DNK,RENEW
168229,28161,AGAINST,DNK,GREEN_EFA
168229,37312,AGAINST,DNK,SD
168229,96709,AGAINST,DNK,RENEW
168229,101585,AGAINST,DNK,SD
168229,124872,AGAINST,DNK,RENEW
168229,124875,AGAINST,DNK,ID
168229,197515,FOR,DNK,EPP
168229,197558,FOR,DNK,RENEW
168229,197567,AGAINST,DNK,RENEW
168229,197571,AGAINST,DNK,GUE_NGL
168229,197573,AGAINST,DNK,GREEN_EFA
168229,199941,DID_NOT_VOTE,DNK,SD
168229,239972,FOR,DNK,RENEW
168229,239973,FOR,DNK,RENEW
168262,28161,FOR,DNK,GREEN_EFA
168262,37312,FOR,DNK,SD
168262,96709,FOR,DNK,RENEW
168262,101585,FOR,DNK,SD
168262,124872,FOR,DNK,RENEW
168262,124875,AGAINST,DNK,ID
168262,197515,FOR,DNK,EPP
168262,197558,FOR,DNK,RENEW
168262,197567,FOR,DNK,RENEW
168262,197571,FOR,DNK,GUE_NGL
168262,197573,FOR,DNK,GREEN_EFA
168262,199941,FOR,DNK,SD
168262,239972,FOR,DNK,RENEW
168262,239973,FOR,DNK,RENEW
168264,28161,FOR,DNK,GREEN_EFA
168264,37312,FOR,DNK,SD
168264,96709,FOR,DNK,RENEW
168264,101585,DID_NOT_VOTE,DNK,SD
168264,124872,FOR,DNK,RENEW
168264,124875,AGAINST,DNK,ID
168264,197515,FOR,DNK,EPP
168264,197558,FOR,DNK,RENEW
168264,197567,FOR,DNK,RENEW
168264,197571,FOR,DNK,GUE_NGL
168264,197573,DID_NOT_VOTE,DNK,GREEN_EFA
168264,199941,FOR,DNK,SD
168264,239972,FOR,DNK,RENEW
168264,239973,DID_NOT_VOTE,DNK,RENEW
168266,28161,AGAINST,DNK,GREEN_EFA
168266,37312,FOR,DNK,SD
168266,96709,FOR,DNK,RENEW
168266,101585,DID_NOT_VOTE,DNK,SD
168266,124872,FOR,DNK,RENEW
168266,124875,FOR,DNK,ID
168266,197515,FOR,DNK,EPP
168266,197558,FOR,DNK,RENEW
168266,197567,FOR,DNK,RENEW
168266,197571,AGAINST,DNK,GUE_NGL
168266,197573,DID_NOT_VOTE,DNK,GREEN_EFA
168266,199941,FOR,DNK,SD
168266,239972,FOR,DNK,RENEW
168266,239973,DID_NOT_VOTE,DNK,RENEW
168268,28161,FOR,DNK,GREEN_EFA
168268,37312,FOR,DNK,SD
168268,96709,FOR,DNK,RENEW
168268,101585,FOR,DNK,SD
168268,124872,FOR,DNK,RENEW
168268,124875,AGAINST,DNK,ID
168268,197515,FOR,DNK,EPP
168268,197558,FOR,DNK,RENEW
168268,197567,FOR,DNK,RENEW
168268,197571,FOR,DNK,GUE_NGL
168268,197573,FOR,DNK,GREEN_EFA
168268,199941,FOR,DNK,SD
168268,239972,FOR,DNK,RENEW
168268,239973,FOR,DNK,RENEW
168270,28161,FOR,DNK,GREEN_EFA
168270,37312,FOR,DNK,SD
168270,96709,FOR,DNK,RENEW
168270,101585,FOR,DNK,SD
168270,124872,FOR,DNK,RENEW
168270,124875,FOR,DNK,ID
168270,197515,AGAINST,DNK,EPP
168270,197558,AGAINST,DNK,RENEW
168270,197567,FOR,DNK,RENEW
168270,197571,FOR,DNK,GUE_NGL
168270,197573,FOR,DNK,GREEN_EFA
168270,199941,FOR,DNK,SD
168270,239972,AGAINST,DNK,RENEW
168270,239973,FOR,DNK,RENEW
168272,28161,AGAINST,DNK,GREEN_EFA
168272,37312,FOR,DNK,SD
168272,96709,FOR,DNK,RENEW
168272,101585,FOR,DNK,SD
168272,124872,FOR,DNK,RENEW
168272,124875,AGAINST,DNK,ID
168272,197515,FOR,DNK,EPP
168272,197558,FOR,DNK,RENEW
168272,197567,AGAINST,DNK,RENEW
168272,197571,AGAINST,DNK,GUE_NGL
168272,197573,AGAINST,DNK,GREEN_EFA
168272,199941,DID_NOT_VOTE,DNK,SD
168272,239972,FOR,DNK,RENEW
168272,239973,FOR,DNK,RENEW
168274,28161,FOR,DNK,GREEN_EFA
168274,37312,FOR,DNK,SD
168274,96709,FOR,DNK,RENEW
168274,101585,FOR,DNK,SD
168274,124872,FOR,DNK,RENEW
168274,124875,ABSTENTION,DNK,ID
168274,197515,FOR,DNK,EPP
168274,197558,FOR,DNK,RENEW
168274,197567,FOR,DNK,RENEW
168274,197571,FOR,DNK,GUE_NGL
168274,197573,FOR,DNK,GREEN_EFA
168274,199941,FOR,DNK,SD
168274,239972,FOR,DNK,RENEW
168274,239973,FOR,DNK,RENEW
168276,28161,FOR,DNK,GREEN_EFA
168276,37312,FOR,DNK,SD
168276,96709,FOR,DNK,RENEW
168276,101585,DID_NOT_VOTE,DNK,SD
168276,124872,FOR,DNK,RENEW
168276,124875,ABSTENTION,DNK,ID
168276,197515,FOR,DNK,EPP
168276,197558,FOR,DNK,RENEW
168276,197567,FOR,DNK,RENEW
168276,197571,FOR,DNK,GUE_NGL
168276,197573,DID_NOT_VOTE,DNK,GREEN_EFA
168276,199941,FOR,DNK,SD
168276,239972,FOR,DNK,RENEW
168276,239973,DID_NOT_VOTE,DNK,RENEW
168278,28161,FOR,DNK,GREEN_EFA
168278,37312,FOR,DNK,SD
168278,96709,FOR,DNK,RENEW
168278,101585,DID_NOT_VOTE,DNK,SD
168278,124872,FOR,DNK,RENEW
168278,124875,AGAINST,DNK,ID
168278,197515,FOR,DNK,EPP
168278,197558,FOR,DNK,RENEW
168278,197567,FOR,DNK,RENEW
168278,197571,AGAINST,DNK,GUE_NGL
168278,197573,DID_NOT_VOTE,DNK,GREEN_EFA
168278,199941,FOR,DNK,SD
168278,239972,FOR,DNK,RENEW
168278,239973,DID_NOT_VOTE,DNK,RENEW
168282,28161,FOR,DNK,GREEN_EFA
168282,37312,FOR,DNK,SD
168282,96709,FOR,DNK,RENEW
168282,101585,DID_NOT_VOTE,DNK,SD
168282,124872,FOR,DNK,RENEW
168282,124875,DID_NOT_VOTE,DNK,ID
168282,197515,FOR,DNK,EPP
168282,197558,DID_NOT_VOTE,DNK,RENEW
168282,197567,FOR,DNK,RENEW
168282,197571,FOR,DNK,GUE_NGL
168282,197573,FOR,DNK,GREEN_EFA
168282,199941,FOR,DNK,SD
168282,239972,FOR,DNK,RENEW
168282,239973,FOR,DNK,RENEW
168286,28161,FOR,DNK,GREEN_EFA
168286,37312,FOR,DNK,SD
168286,96709,FOR,DNK,RENEW
168286,101585,DID_NOT_VOTE,DNK,SD
168286,124872,FOR,DNK,RENEW
168286,124875,FOR,DNK,ID
168286,197515,FOR,DNK,EPP
168286,197558,FOR,DNK,RENEW
168286,197567,FOR,DNK,RENEW
168286,197571,FOR,DNK,GUE_NGL
168286,197573,DID_NOT_VOTE,DNK,GREEN_EFA
168286,199941,FOR,DNK,SD
168286,239972,FOR,DNK,RENEW
168286,239973,DID_NOT_VOTE,DNK,RENEW
168292,28161,AGAINST,DNK,GREEN_EFA
168292,37312,FOR,DNK,SD
168292,96709,FOR,DNK,RENEW
168292,101585,FOR,DNK,SD
168292,124872,FOR,DNK,RENEW
168292,124875,AGAINST,DNK,ID
168292,197515,FOR,DNK,EPP
168292,197558,FOR,DNK,RENEW
168292,197567,FOR,DNK,RENEW
168292,197571,AGAINST,DNK,GUE_NGL
168292,197573,AGAINST,DNK,GREEN_EFA
168292,199941,FOR,DNK,SD
168292,239972,FOR,DNK,RENEW
168292,239973,FOR,DNK,RENEW
168295,28161,FOR,DNK,GREEN_EFA
168295,37312,FOR,DNK,SD
168295,96709,FOR,DNK,RENEW
168295,101585,FOR,DNK,SD
168295,124872,FOR,DNK,RENEW
168295,124875,FOR,DNK,ID
168295,197515,FOR,DNK,EPP
168295,197558,FOR,DNK,RENEW
168295,197567,FOR,DNK,RENEW
168295,197571,FOR,DNK,GUE_NGL
168295,197573,FOR,DNK,GREEN_EFA
168295,199941,FOR,DNK,SD
168295,239972,FOR,DNK,RENEW
168295,239973,FOR,DNK,RENEW
168297,28161,FOR,DNK,GREEN_EFA
168297,37312,FOR,DNK,SD
168297,96709,FOR,DNK,RENEW
168297,101585,DID_NOT_VOTE,DNK,SD
168297,124872,FOR,DNK,RENEW
168297,124875,AGAINST,DNK,ID
168297,197515,FOR,DNK,EPP
168297,197558,FOR,DNK,RENEW
168297,197567,FOR,DNK,RENEW
168297,197571,FOR,DNK,GUE_NGL
168297,197573,DID_NOT_VOTE,DNK,GREEN_EFA
168297,199941,FOR,DNK,SD
168297,239972,FOR,DNK,RENEW
168297,239973,DID_NOT_VOTE,DNK,RENEW
168299,28161,FOR,DNK,GREEN_EFA
168299,37312,ABSTENTION,DNK,SD
168299,96709,FOR,DNK,RENEW
168299,101585,ABSTENTION,DNK,SD
168299,124872,FOR,DNK,RENEW
168299,124875,ABSTENTION,DNK,ID
168299,197515,FOR,DNK,EPP
168299,197558,FOR,DNK,RENEW
168299,197567,FOR,DNK,RENEW
168299,197571,ABSTENTION,DNK,GUE_NGL
168299,197573,FOR,DNK,GREEN_EFA
168299,199941,ABSTENTION,DNK,SD
168299,239972,FOR,DNK,RENEW
168299,239973,FOR,DNK,RENEW
168301,28161,FOR,DNK,GREEN_EFA
168301,37312,FOR,DNK,SD
168301,96709,FOR,DNK,RENEW
168301,101585,FOR,DNK,SD
168301,124872,FOR,DNK,RENEW
168301,124875,AGAINST,DNK,ID
168301,197515,FOR,DNK,EPP
168301,197558,FOR,DNK,RENEW
168301,197567,FOR,DNK,RENEW
168301,197571,FOR,DNK,GUE_NGL
168301,197573,FOR,DNK,GREEN_EFA
168301,199941,FOR,DNK,SD
168301,239972,FOR,DNK,RENEW
168301,239973,FOR,DNK,RENEW
168305,28161,FOR,DNK,GREEN_EFA
168305,37312,FOR,DNK,SD
168305,96709,FOR,DNK,RENEW
168305,101585,FOR,DNK,SD
168305,124872,FOR,DNK,RENEW
168305,124875,AGAINST,DNK,ID
168305,197515,FOR,DNK,EPP
168305,197558,FOR,DNK,RENEW
168305,197567,FOR,DNK,RENEW
168305,197571,FOR,DNK,GUE_NGL
168305,197573,FOR,DNK,GREEN_EFA
168305,199941,FOR,DNK,SD
168305,239972,FOR,DNK,RENEW
168305,239973,FOR,DNK,RENEW
168307,28161,FOR,DNK,GREEN_EFA
168307,37312,FOR,DNK,SD
168307,96709,FOR,DNK,RENEW
168307,101585,FOR,DNK,SD
168307,124872,FOR,DNK,RENEW
168307,124875,AGAINST,DNK,ID
168307,197515,ABSTENTION,DNK,EPP
168307,197558,FOR,DNK,RENEW
168307,197567,FOR,DNK,RENEW
168307,197571,FOR,DNK,GUE_NGL
168307,197573,FOR,DNK,GREEN_EFA
168307,199941,FOR,DNK,SD
168307,239972,FOR,DNK,RENEW
168307,239973,FOR,DNK,RENEW
168309,28161,FOR,DNK,GREEN_EFA
168309,37312,FOR,DNK,SD
168309,96709,FOR,DNK,RENEW
168309,101585,FOR,DNK,SD
168309,124872,FOR,DNK,RENEW
168309,124875,AGAINST,DNK,ID
168309,197515,AGAINST,DNK,EPP
168309,197558,FOR,DNK,RENEW
168309,197567,FOR,DNK,RENEW
168309,197571,FOR,DNK,GUE_NGL
168309,197573,FOR,DNK,GREEN_EFA
168309,199941,FOR,DNK,SD
168309,239972,FOR,DNK,RENEW
168309,239973,FOR,DNK,RENEW
168311,28161,FOR,DNK,GREEN_EFA
168311,37312,ABSTENTION,DNK,SD
168311,96709,FOR,DNK,RENEW
168311,101585,ABSTENTION,DNK,SD
168311,124872,FOR,DNK,RENEW
168311,124875,AGAINST,DNK,ID
168311,197515,FOR,DNK,EPP
168311,197558,FOR,DNK,RENEW
168311,197567,FOR,DNK,RENEW
168311,197571,ABSTENTION,DNK,GUE_NGL
168311,197573,FOR,DNK,GREEN_EFA
168311,199941,ABSTENTION,DNK,SD
168311,239972,FOR,DNK,RENEW
168311,239973,FOR,DNK,RENEW
168320,28161,FOR,DNK,GREEN_EFA
168320,37312,FOR,DNK,SD
168320,96709,FOR,DNK,RENEW
168320,101585,DID_NOT_VOTE,DNK,SD
168320,124872,FOR,DNK,RENEW
168320,124875,AGAINST,DNK,ID
168320,197515,FOR,DNK,EPP
168320,197558,FOR,DNK,RENEW
168320,197567,FOR,DNK,RENEW
168320,197571,FOR,DNK,GUE_NGL
168320,197573,DID_NOT_VOTE,DNK,GREEN_EFA
168320,199941,FOR,DNK,SD
168320,239972,FOR,DNK,RENEW
168320,239973,DID_NOT_VOTE,DNK,RENEW
168321,28161,FOR,DNK,GREEN_EFA
168321,37312,FOR,DNK,SD
168321,96709,FOR,DNK,RENEW
168321,101585,DID_NOT_VOTE,DNK,SD
168321,124872,FOR,DNK,RENEW
168321,124875,AGAINST,DNK,ID
168321,197515,FOR,DNK,EPP
168321,197558,FOR,DNK,RENEW
168321,197567,FOR,DNK,RENEW
168321,197571,ABSTENTION,DNK,GUE_NGL
168321,197573,DID_NOT_VOTE,DNK,GREEN_EFA
168321,199941,FOR,DNK,SD
168321,239972,FOR,DNK,RENEW
168321,239973,DID_NOT_VOTE,DNK,RENEW
168324,28161,FOR,DNK,GREEN_EFA
168324,37312,FOR,DNK,SD
168324,96709,FOR,DNK,RENEW
168324,101585,FOR,DNK,SD
168324,124872,FOR,DNK,RENEW
168324,124875,FOR,DNK,ID
168324,197515,FOR,DNK,EPP
168324,197558,FOR,DNK,RENEW
168324,197567,FOR,DNK,RENEW
168324,197571,FOR,DNK,GUE_NGL
168324,197573,FOR,DNK,GREEN_EFA
168324,199941,FOR,DNK,SD
168324,239972,DID_NOT_VOTE,DNK,RENEW
168324,239973,FOR,DNK,RENEW
168326,28161,ABSTENTION,DNK,GREEN_EFA
168326,37312,FOR,DNK,SD
168326,96709,FOR,DNK,RENEW
168326,101585,DID_NOT_VOTE,DNK,SD
168326,124872,FOR,DNK,RENEW
168326,124875,FOR,DNK,ID
168326,197515,FOR,DNK,EPP
168326,197558,FOR,DNK,RENEW
168326,197567,ABSTENTION,DNK,RENEW
168326,197571,AGAINST,DNK,GUE_NGL
168326,197573,DID_NOT_VOTE,DNK,GREEN_EFA
168326,199941,FOR,DNK,SD
168326,239972,FOR,DNK,RENEW
168326,239973,DID_NOT_VOTE,DNK,RENEW
168328,28161,FOR,DNK,GREEN_EFA
168328,37312,FOR,DNK,SD
168328,96709,FOR,DNK,RENEW
168328,101585,FOR,DNK,SD
168328,124872,FOR,DNK,RENEW
168328,124875,FOR,DNK,ID
168328,197515,FOR,DNK,EPP
168328,197558,FOR,DNK,RENEW
168328,197567,FOR,DNK,RENEW
168328,197571,FOR,DNK,GUE_NGL
168328,197573,FOR,DNK,GREEN_EFA
168328,199941,FOR,DNK,SD
168328,239972,FOR,DNK,RENEW
168328,239973,FOR,DNK,RENEW
168330,28161,FOR,DNK,GREEN_EFA
168330,37312,FOR,DNK,SD
168330,96709,FOR,DNK,RENEW
168330,101585,FOR,DNK,SD
168330,124872,FOR,DNK,RENEW
168330,124875,AGAINST,DNK,ID
168330,197515,FOR,DNK,EPP
168330,197558,FOR,DNK,RENEW
168330,197567,FOR,DNK,RENEW
168330,197571,AGAINST,DNK,GUE_NGL
168330,197573,FOR,DNK,GREEN_EFA
168330,199941,FOR,DNK,SD
168330,239972,FOR,DNK,RENEW
168330,239973,FOR,DNK,RENEW
168332,28161,ABSTENTION,DNK,GREEN_EFA
168332,37312,FOR,DNK,SD
168332,96709,FOR,DNK,RENEW
168332,101585,FOR,DNK,SD
168332,124872,FOR,DNK,RENEW
168332,124875,AGAINST,DNK,ID
168332,197515,FOR,DNK,EPP
168332,197558,FOR,DNK,RENEW
168332,197567,FOR,DNK,RENEW
168332,197571,FOR,DNK,GUE_NGL
168332,197573,DID_NOT_VOTE,DNK,GREEN_EFA
168332,199941,FOR,DNK,SD
168332,239972,FOR,DNK,RENEW
168332,239973,FOR,DNK,RENEW
168334,28161,FOR,DNK,GREEN_EFA
168334,37312,FOR,DNK,SD
168334,96709,FOR,DNK,RENEW
168334,101585,DID_NOT_VOTE,DNK,SD
168334,124872,FOR,DNK,RENEW
168334,124875,FOR,DNK,ID
168334,197515,FOR,DNK,EPP
168334,197558,FOR,DNK,RENEW
168334,197567,FOR,DNK,RENEW
168334,197571,FOR,DNK,GUE_NGL
168334,197573,DID_NOT_VOTE,DNK,GREEN_EFA
168334,199941,FOR,DNK,SD
168334,239972,FOR,DNK,RENEW
168334,239973,DID_NOT_VOTE,DNK,RENEW
168336,28161,FOR,DNK,GREEN_EFA
168336,37312,FOR,DNK,SD
168336,96709,FOR,DNK,RENEW
168336,101585,DID_NOT_VOTE,DNK,SD
168336,124872,FOR,DNK,RENEW
168336,124875,ABSTENTION,DNK,ID
168336,197515,FOR,DNK,EPP
168336,197558,FOR,DNK,RENEW
168336,197567,FOR,DNK,RENEW
168336,197571,FOR,DNK,GUE_NGL
168336,197573,DID_NOT_VOTE,DNK,GREEN_EFA
168336,199941,FOR,DNK,SD
168336,239972,FOR,DNK,RENEW
168336,239973,DID_NOT_VOTE,DNK,RENEW
168337,28161,ABSTENTION,DNK,GREEN_EFA
168337,37312,FOR,DNK,SD
168337,96709,FOR,DNK,RENEW
168337,101585,FOR,DNK,SD
168337,124872,FOR,DNK,RENEW
168337,124875,ABSTENTION,DNK,ID
168337,197515,FOR,DNK,EPP
168337,197558,FOR,DNK,RENEW
168337,197567,FOR,DNK,RENEW
168337,197571,ABSTENTION,DNK,GUE_NGL
168337,197573,ABSTENTION,DNK,GREEN_EFA
168337,199941,FOR,DNK,SD
168337,239972,FOR,DNK,RENEW
168337,239973,FOR,DNK,RENEW
168338,28161,FOR,DNK,GREEN_EFA
168338,37312,FOR,DNK,SD
168338,96709,FOR,DNK,RENEW
168338,101585,FOR,DNK,SD
168338,124872,FOR,DNK,RENEW
168338,124875,AGAINST,DNK,ID
168338,197515,FOR,DNK,EPP
168338,197558,FOR,DNK,RENEW
168338,197567,FOR,DNK,RENEW
168338,197571,FOR,DNK,GUE_NGL
168338,197573,FOR,DNK,GREEN_EFA
168338,199941,FOR,DNK,SD
168338,239972,FOR,DNK,RENEW
168338,239973,FOR,DNK,RENEW
168342,28161,FOR,DNK,GREEN_EFA
168342,37312,FOR,DNK,SD
168342,96709,FOR,DNK,RENEW
168342,101585,DID_NOT_VOTE,DNK,SD
168342,124872,FOR,DNK,RENEW
168342,124875,ABSTENTION,DNK,ID
168342,197515,FOR,DNK,EPP
168342,197558,FOR,DNK,RENEW
168342,197567,FOR,DNK,RENEW
168342,197571,FOR,DNK,GUE_NGL
168342,197573,DID_NOT_VOTE,DNK,GREEN_EFA
168342,199941,FOR,DNK,SD
168342,239972,FOR,DNK,RENEW
168342,239973,DID_NOT_VOTE,DNK,RENEW
168348,28161,AGAINST,DNK,GREEN_EFA
168348,37312,FOR,DNK,SD
168348,96709,FOR,DNK,RENEW
168348,101585,DID_NOT_VOTE,DNK,SD
168348,124872,FOR,DNK,RENEW
168348,124875,FOR,DNK,ID
168348,197515,FOR,DNK,EPP
168348,197558,FOR,DNK,RENEW
168348,197567,FOR,DNK,RENEW
168348,197571,AGAINST,DNK,GUE_NGL
168348,197573,DID_NOT_VOTE,DNK,GREEN_EFA
168348,199941,FOR,DNK,SD
168348,239972,FOR,DNK,RENEW
168348,239973,DID_NOT_VOTE,DNK,RENEW
168350,28161,FOR,DNK,GREEN_EFA
168350,37312,ABSTENTION,DNK,SD
168350,96709,FOR,DNK,RENEW
168350,101585,DID_NOT_VOTE,DNK,SD
168350,124872,FOR,DNK,RENEW
168350,124875,FOR,DNK,ID
168350,197515,FOR,DNK,EPP
168350,197558,FOR,DNK,RENEW
168350,197567,FOR,DNK,RENEW
168350,197571,FOR,DNK,GUE_NGL
168350,197573,DID_NOT_VOTE,DNK,GREEN_EFA
168350,199941,FOR,DNK,SD
168350,239972,FOR,DNK,RENEW
168350,239973,DID_NOT_VOTE,DNK,RENEW
168352,28161,FOR,DNK,GREEN_EFA
168352,37312,ABSTENTION,DNK,SD
168352,96709,FOR,DNK,RENEW
168352,101585,ABSTENTION,DNK,SD
168352,124872,FOR,DNK,RENEW
168352,124875,AGAINST,DNK,ID
168352,197515,FOR,DNK,EPP
168352,197558,FOR,DNK,RENEW
168352,197567,FOR,DNK,RENEW
168352,197571,ABSTENTION,DNK,GUE_NGL
168352,197573,FOR,DNK,GREEN_EFA
168352,199941,ABSTENTION,DNK,SD
168352,239972,FOR,DNK,RENEW
168352,239973,FOR,DNK,RENEW
168353,28161,FOR,DNK,GREEN_EFA
168353,37312,FOR,DNK,SD
168353,96709,FOR,DNK,RENEW
168353,101585,FOR,DNK,SD
168353,124872,FOR,DNK,RENEW
168353,124875,AGAINST,DNK,ID
168353,197515,FOR,DNK,EPP
168353,197558,FOR,DNK,RENEW
168353,197567,FOR,DNK,RENEW
168353,197571,FOR,DNK,GUE_NGL
168353,197573,FOR,DNK,GREEN_EFA
168353,199941,FOR,DNK,SD
168353,239972,FOR,DNK,RENEW
168353,239973,FOR,DNK,RENEW
168354,28161,FOR,DNK,GREEN_EFA
168354,37312,FOR,DNK,SD
168354,96709,FOR,DNK,RENEW
168354,101585,FOR,DNK,SD
168354,124872,FOR,DNK,RENEW
168354,124875,AGAINST,DNK,ID
168354,197515,FOR,DNK,EPP
168354,197558,FOR,DNK,RENEW
168354,197567,FOR,DNK,RENEW
168354,197571,FOR,DNK,GUE_NGL
168354,197573,FOR,DNK,GREEN_EFA
168354,199941,FOR,DNK,SD
168354,239972,FOR,DNK,RENEW
168354,239973,FOR,DNK,RENEW
168389,28161,FOR,DNK,GREEN_EFA
168389,37312,FOR,DNK,SD
168389,96709,FOR,DNK,RENEW
168389,101585,FOR,DNK,SD
168389,124872,FOR,DNK,RENEW
168389,124875,AGAINST,DNK,ID
168389,197515,AGAINST,DNK,EPP
168389,197558,FOR,DNK,RENEW
168389,197567,FOR,DNK,RENEW
168389,197571,FOR,DNK,GUE_NGL
168389,197573,FOR,DNK,GREEN_EFA
168389,199941,FOR,DNK,SD
168389,239972,FOR,DNK,RENEW
168389,239973,FOR,DNK,RENEW
168422,28161,ABSTENTION,DNK,GREEN_EFA
168422,37312,FOR,DNK,SD
168422,96709,FOR,DNK,RENEW
168422,101585,DID_NOT_VOTE,DNK,SD
168422,124872,FOR,DNK,RENEW
168422,124875,DID_NOT_VOTE,DNK,ID
168422,197515,FOR,DNK,EPP
168422,197558,FOR,DNK,RENEW
168422,197567,FOR,DNK,RENEW
168422,197571,ABSTENTION,DNK,GUE_NGL
168422,197573,ABSTENTION,DNK,GREEN_EFA
168422,199941,FOR,DNK,SD
168422,239972,FOR,DNK,RENEW
168422,239973,FOR,DNK,RENEW
168424,28161,FOR,DNK,GREEN_EFA
168424,37312,FOR,DNK,SD
168424,96709,FOR,DNK,RENEW
168424,101585,FOR,DNK,SD
168424,124872,FOR,DNK,RENEW
168424,124875,FOR,DNK,ID
168424,197515,FOR,DNK,EPP
168424,197558,FOR,DNK,RENEW
168424,197567,FOR,DNK,RENEW
168424,197571,FOR,DNK,GUE_NGL
168424,197573,FOR,DNK,GREEN_EFA
168424,199941,FOR,DNK,SD
168424,239972,FOR,DNK,RENEW
168424,239973,FOR,DNK,RENEW
168426,28161,AGAINST,DNK,GREEN_EFA
168426,37312,FOR,DNK,SD
168426,96709,FOR,DNK,RENEW
168426,101585,FOR,DNK,SD
168426,124872,FOR,DNK,RENEW
168426,124875,AGAINST,DNK,ID
168426,197515,FOR,DNK,EPP
168426,197558,FOR,DNK,RENEW
168426,197567,FOR,DNK,RENEW
168426,197571,AGAINST,DNK,GUE_NGL
168426,197573,AGAINST,DNK,GREEN_EFA
168426,199941,FOR,DNK,SD
168426,239972,FOR,DNK,RENEW
168426,239973,FOR,DNK,RENEW
168428,28161,FOR,DNK,GREEN_EFA
168428,37312,FOR,DNK,SD
168428,96709,FOR,DNK,RENEW
168428,101585,DID_NOT_VOTE,DNK,SD
168428,124872,FOR,DNK,RENEW
168428,124875,ABSTENTION,DNK,ID
168428,197515,FOR,DNK,EPP
168428,197558,FOR,DNK,RENEW
168428,197567,FOR,DNK,RENEW
168428,197571,FOR,DNK,GUE_NGL
168428,197573,DID_NOT_VOTE,DNK,GREEN_EFA
168428,199941,FOR,DNK,SD
168428,239972,FOR,DNK,RENEW
168428,239973,DID_NOT_VOTE,DNK,RENEW
168432,28161,FOR,DNK,GREEN_EFA
168432,37312,FOR,DNK,SD
168432,96709,FOR,DNK,RENEW
168432,101585,FOR,DNK,SD
168432,124872,FOR,DNK,RENEW
168432,124875,FOR,DNK,ID
168432,197515,FOR,DNK,EPP
168432,197558,FOR,DNK,RENEW
168432,197567,FOR,DNK,RENEW
168432,197571,FOR,DNK,GUE_NGL
168432,197573,FOR,DNK,GREEN_EFA
168432,199941,FOR,DNK,SD
168432,239972,FOR,DNK,RENEW
168432,239973,FOR,DNK,RENEW
168434,28161,AGAINST,DNK,GREEN_EFA
168434,37312,FOR,DNK,SD
168434,96709,FOR,DNK,RENEW
168434,101585,FOR,DNK,SD
168434,124872,FOR,DNK,RENEW
168434,124875,AGAINST,DNK,ID
168434,197515,FOR,DNK,EPP
168434,197558,FOR,DNK,RENEW
168434,197567,FOR,DNK,RENEW
168434,197571,AGAINST,DNK,GUE_NGL
168434,197573,AGAINST,DNK,GREEN_EFA
168434,199941,FOR,DNK,SD
168434,239972,FOR,DNK,RENEW
168434,239973,FOR,DNK,RENEW
168440,28161,FOR,DNK,GREEN_EFA
168440,37312,FOR,DNK,SD
168440,96709,FOR,DNK,RENEW
168440,101585,FOR,DNK,SD
168440,124872,FOR,DNK,RENEW
168440,124875,ABSTENTION,DNK,ID
168440,197515,FOR,DNK,EPP
168440,197558,FOR,DNK,RENEW
168440,197567,FOR,DNK,RENEW
168440,197571,FOR,DNK,GUE_NGL
168440,197573,FOR,DNK,GREEN_EFA
168440,199941,FOR,DNK,SD
168440,239972,FOR,DNK,RENEW
168440,239973,FOR,DNK,RENEW
168442,28161,FOR,DNK,GREEN_EFA
168442,37312,FOR,DNK,SD
168442,96709,FOR,DNK,RENEW
168442,101585,FOR,DNK,SD
168442,124872,FOR,DNK,RENEW
168442,124875,ABSTENTION,DNK,ID
168442,197515,FOR,DNK,EPP
168442,197558,FOR,DNK,RENEW
168442,197567,FOR,DNK,RENEW
168442,197571,FOR,DNK,GUE_NGL
168442,197573,FOR,DNK,GREEN_EFA
168442,199941,FOR,DNK,SD
168442,239972,FOR,DNK,RENEW
168442,239973,FOR,DNK,RENEW
168444,28161,AGAINST,DNK,GREEN_EFA
168444,37312,ABSTENTION,DNK,SD
168444,96709,FOR,DNK,RENEW
168444,101585,ABSTENTION,DNK,SD
168444,124872,FOR,DNK,RENEW
168444,124875,AGAINST,DNK,ID
168444,197515,FOR,DNK,EPP
168444,197558,ABSTENTION,DNK,RENEW
168444,197567,FOR,DNK,RENEW
168444,197571,AGAINST,DNK,GUE_NGL
168444,197573,FOR,DNK,GREEN_EFA
168444,199941,ABSTENTION,DNK,SD
168444,239972,ABSTENTION,DNK,RENEW
168444,239973,FOR,DNK,RENEW
168446,28161,FOR,DNK,GREEN_EFA
168446,37312,FOR,DNK,SD
168446,96709,FOR,DNK,RENEW
168446,101585,DID_NOT_VOTE,DNK,SD
168446,124872,FOR,DNK,RENEW
168446,124875,FOR,DNK,ID
168446,197515,FOR,DNK,EPP
168446,197558,FOR,DNK,RENEW
168446,197567,FOR,DNK,RENEW
168446,197571,AGAINST,DNK,GUE_NGL
168446,197573,DID_NOT_VOTE,DNK,GREEN_EFA
168446,199941,FOR,DNK,SD
168446,239972,FOR,DNK,RENEW
168446,239973,DID_NOT_VOTE,DNK,RENEW
168448,28161,FOR,DNK,GREEN_EFA
168448,37312,FOR,DNK,SD
168448,96709,FOR,DNK,RENEW
168448,101585,FOR,DNK,SD
168448,124872,FOR,DNK,RENEW
168448,124875,ABSTENTION,DNK,ID
168448,197515,FOR,DNK,EPP
168448,197558,FOR,DNK,RENEW
168448,197567,FOR,DNK,RENEW
168448,197571,FOR,DNK,GUE_NGL
168448,197573,FOR,DNK,GREEN_EFA
168448,199941,FOR,DNK,SD
168448,239972,FOR,DNK,RENEW
168448,239973,FOR,DNK,RENEW
168450,28161,FOR,DNK,GREEN_EFA
168450,37312,FOR,DNK,SD
168450,96709,FOR,DNK,RENEW
168450,101585,DID_NOT_VOTE,DNK,SD
168450,124872,FOR,DNK,RENEW
168450,124875,FOR,DNK,ID
168450,197515,FOR,DNK,EPP
168450,197558,FOR,DNK,RENEW
168450,197567,FOR,DNK,RENEW
168450,197571,FOR,DNK,GUE_NGL
168450,197573,DID_NOT_VOTE,DNK,GREEN_EFA
168450,199941,FOR,DNK,SD
168450,239972,FOR,DNK,RENEW
168450,239973,DID_NOT_VOTE,DNK,RENEW
168452,28161,AGAINST,DNK,GREEN_EFA
168452,37312,FOR,DNK,SD
168452,96709,FOR,DNK,RENEW
168452,101585,DID_NOT_VOTE,DNK,SD
168452,124872,FOR,DNK,RENEW
168452,124875,FOR,DNK,ID
168452,197515,FOR,DNK,EPP
168452,197558,FOR,DNK,RENEW
168452,197567,AGAINST,DNK,RENEW
168452,197571,AGAINST,DNK,GUE_NGL
168452,197573,DID_NOT_VOTE,DNK,GREEN_EFA
168452,199941,ABSTENTION,DNK,SD
168452,239972,FOR,DNK,RENEW
168452,239973,DID_NOT_VOTE,DNK,RENEW
168454,28161,FOR,DNK,GREEN_EFA
168454,37312,FOR,DNK,SD
168454,96709,FOR,DNK,RENEW
168454,101585,DID_NOT_VOTE,DNK,SD
168454,124872,FOR,DNK,RENEW
168454,124875,AGAINST,DNK,ID
168454,197515,FOR,DNK,EPP
168454,197558,FOR,DNK,RENEW
168454,197567,FOR,DNK,RENEW
168454,197571,AGAINST,DNK,GUE_NGL
168454,197573,DID_NOT_VOTE,DNK,GREEN_EFA
168454,199941,FOR,DNK,SD
168454,239972,FOR,DNK,RENEW
168454,239973,DID_NOT_VOTE,DNK,RENEW
168456,28161,FOR,DNK,GREEN_EFA
168456,37312,FOR,DNK,SD
168456,96709,FOR,DNK,RENEW
168456,101585,DID_NOT_VOTE,DNK,SD
168456,124872,FOR,DNK,RENEW
168456,124875,AGAINST,DNK,ID
168456,197515,FOR,DNK,EPP
168456,197558,FOR,DNK,RENEW
168456,197567,FOR,DNK,RENEW
168456,197571,FOR,DNK,GUE_NGL
168456,197573,DID_NOT_VOTE,DNK,GREEN_EFA
168456,199941,FOR,DNK,SD
168456,239972,FOR,DNK,RENEW
168456,239973,DID_NOT_VOTE,DNK,RENEW
168458,28161,FOR,DNK,GREEN_EFA
168458,37312,FOR,DNK,SD
168458,96709,FOR,DNK,RENEW
168458,101585,FOR,DNK,SD
168458,124872,FOR,DNK,RENEW
168458,124875,AGAINST,DNK,ID
168458,197515,FOR,DNK,EPP
168458,197558,FOR,DNK,RENEW
168458,197567,FOR,DNK,RENEW
168458,197571,FOR,DNK,GUE_NGL
168458,197573,FOR,DNK,GREEN_EFA
168458,199941,FOR,DNK,SD
168458,239972,FOR,DNK,RENEW
168458,239973,FOR,DNK,RENEW
168463,28161,AGAINST,DNK,GREEN_EFA
168463,37312,FOR,DNK,SD
168463,96709,FOR,DNK,RENEW
168463,101585,FOR,DNK,SD
168463,124872,FOR,DNK,RENEW
168463,124875,AGAINST,DNK,ID
168463,197515,FOR,DNK,EPP
168463,197558,FOR,DNK,RENEW
168463,197567,FOR,DNK,RENEW
168463,197571,AGAINST,DNK,GUE_NGL
168463,197573,AGAINST,DNK,GREEN_EFA
168463,199941,FOR,DNK,SD
168463,239972,FOR,DNK,RENEW
168463,239973,FOR,DNK,RENEW
168469,28161,FOR,DNK,GREEN_EFA
168469,37312,FOR,DNK,SD
168469,96709,DID_NOT_VOTE,DNK,RENEW
168469,101585,DID_NOT_VOTE,DNK,SD
168469,124872,FOR,DNK,RENEW
168469,124875,AGAINST,DNK,ID
168469,197515,FOR,DNK,EPP
168469,197558,FOR,DNK,RENEW
168469,197567,FOR,DNK,RENEW
168469,197571,FOR,DNK,GUE_NGL
168469,197573,DID_NOT_VOTE,DNK,GREEN_EFA
168469,199941,FOR,DNK,SD
168469,239972,FOR,DNK,RENEW
168469,239973,DID_NOT_VOTE,DNK,RENEW
168470,28161,FOR,DNK,GREEN_EFA
168470,37312,FOR,DNK,SD
168470,96709,FOR,DNK,RENEW
168470,101585,FOR,DNK,SD
168470,124872,FOR,DNK,RENEW
168470,124875,AGAINST,DNK,ID
168470,197515,FOR,DNK,EPP
168470,197558,FOR,DNK,RENEW
168470,197567,FOR,DNK,RENEW
168470,197571,FOR,DNK,GUE_NGL
168470,197573,FOR,DNK,GREEN_EFA
168470,199941,FOR,DNK,SD
168470,239972,FOR,DNK,RENEW
168470,239973,FOR,DNK,RENEW
168478,28161,ABSTENTION,DNK,GREEN_EFA
168478,37312,FOR,DNK,SD
168478,96709,FOR,DNK,RENEW
168478,101585,FOR,DNK,SD
168478,124872,FOR,DNK,RENEW
168478,124875,FOR,DNK,ID
168478,197515,FOR,DNK,EPP
168478,197558,FOR,DNK,RENEW
168478,197567,FOR,DNK,RENEW
168478,197571,AGAINST,DNK,GUE_NGL
168478,197573,ABSTENTION,DNK,GREEN_EFA
168478,199941,FOR,DNK,SD
168478,239972,FOR,DNK,RENEW
168478,239973,FOR,DNK,RENEW
168481,28161,FOR,DNK,GREEN_EFA
168481,37312,FOR,DNK,SD
168481,96709,FOR,DNK,RENEW
168481,101585,FOR,DNK,SD
168481,124872,FOR,DNK,RENEW
168481,124875,AGAINST,DNK,ID
168481,197515,FOR,DNK,EPP
168481,197558,FOR,DNK,RENEW
168481,197567,FOR,DNK,RENEW
168481,197571,FOR,DNK,GUE_NGL
168481,197573,FOR,DNK,GREEN_EFA
168481,199941,FOR,DNK,SD
168481,239972,FOR,DNK,RENEW
168481,239973,FOR,DNK,RENEW
168483,28161,FOR,DNK,GREEN_EFA
168483,37312,FOR,DNK,SD
168483,96709,FOR,DNK,RENEW
168483,101585,DID_NOT_VOTE,DNK,SD
168483,124872,FOR,DNK,RENEW
168483,124875,FOR,DNK,ID
168483,197515,FOR,DNK,EPP
168483,197558,FOR,DNK,RENEW
168483,197567,FOR,DNK,RENEW
168483,197571,FOR,DNK,GUE_NGL
168483,197573,DID_NOT_VOTE,DNK,GREEN_EFA
168483,199941,FOR,DNK,SD
168483,239972,FOR,DNK,RENEW
168483,239973,DID_NOT_VOTE,DNK,RENEW
168485,28161,ABSTENTION,DNK,GREEN_EFA
168485,37312,FOR,DNK,SD
168485,96709,FOR,DNK,RENEW
168485,101585,DID_NOT_VOTE,DNK,SD
168485,124872,FOR,DNK,RENEW
168485,124875,FOR,DNK,ID
168485,197515,FOR,DNK,EPP
168485,197558,FOR,DNK,RENEW
168485,197567,FOR,DNK,RENEW
168485,197571,AGAINST,DNK,GUE_NGL
168485,197573,DID_NOT_VOTE,DNK,GREEN_EFA
168485,199941,FOR,DNK,SD
168485,239972,FOR,DNK,RENEW
168485,239973,DID_NOT_VOTE,DNK,RENEW
168486,28161,ABSTENTION,DNK,GREEN_EFA
168486,37312,FOR,DNK,SD
168486,96709,FOR,DNK,RENEW
168486,101585,FOR,DNK,SD
168486,124872,FOR,DNK,RENEW
168486,124875,ABSTENTION,DNK,ID
168486,197515,FOR,DNK,EPP
168486,197558,FOR,DNK,RENEW
168486,197567,FOR,DNK,RENEW
168486,197571,AGAINST,DNK,GUE_NGL
168486,197573,ABSTENTION,DNK,GREEN_EFA
168486,199941,FOR,DNK,SD
168486,239972,FOR,DNK,RENEW
168486,239973,FOR,DNK,RENEW
168493,28161,AGAINST,DNK,GREEN_EFA
168493,37312,FOR,DNK,SD
168493,96709,FOR,DNK,RENEW
168493,101585,FOR,DNK,SD
168493,124872,FOR,DNK,RENEW
168493,124875,AGAINST,DNK,ID
168493,197515,FOR,DNK,EPP
168493,197558,FOR,DNK,RENEW
168493,197567,FOR,DNK,RENEW
168493,197571,AGAINST,DNK,GUE_NGL
168493,197573,AGAINST,DNK,GREEN_EFA
168493,199941,FOR,DNK,SD
168493,239972,FOR,DNK,RENEW
168493,239973,FOR,DNK,RENEW
168504,28161,FOR,DNK,GREEN_EFA
168504,37312,FOR,DNK,SD
168504,96709,FOR,DNK,RENEW
168504,101585,FOR,DNK,SD
168504,124872,FOR,DNK,RENEW
168504,124875,AGAINST,DNK,ID
168504,197515,FOR,DNK,EPP
168504,197558,FOR,DNK,RENEW
168504,197567,FOR,DNK,RENEW
168504,197571,FOR,DNK,GUE_NGL
168504,197573,FOR,DNK,GREEN_EFA
168504,199941,FOR,DNK,SD
168504,239972,FOR,DNK,RENEW
168504,239973,FOR,DNK,RENEW
168558,28161,FOR,DNK,GREEN_EFA
168558,37312,FOR,DNK,SD
168558,96709,AGAINST,DNK,RENEW
168558,101585,DID_NOT_VOTE,DNK,SD
168558,124872,FOR,DNK,RENEW
168558,124875,DID_NOT_VOTE,DNK,ID
168558,197515,FOR,DNK,EPP
168558,197558,AGAINST,DNK,RENEW
168558,197567,FOR,DNK,RENEW
168558,197571,FOR,DNK,GUE_NGL
168558,197573,FOR,DNK,GREEN_EFA
168558,199941,FOR,DNK,SD
168558,239972,AGAINST,DNK,RENEW
168558,239973,FOR,DNK,RENEW
168559,28161,FOR,DNK,GREEN_EFA
168559,37312,FOR,DNK,SD
168559,96709,FOR,DNK,RENEW
168559,101585,DID_NOT_VOTE,DNK,SD
168559,124872,FOR,DNK,RENEW
168559,124875,ABSTENTION,DNK,ID
168559,197515,FOR,DNK,EPP
168559,197558,FOR,DNK,RENEW
168559,197567,FOR,DNK,RENEW
168559,197571,FOR,DNK,GUE_NGL
168559,197573,DID_NOT_VOTE,DNK,GREEN_EFA
168559,199941,FOR,DNK,SD
168559,239972,FOR,DNK,RENEW
168559,239973,DID_NOT_VOTE,DNK,RENEW
168569,28161,FOR,DNK,GREEN_EFA
168569,37312,FOR,DNK,SD
168569,96709,FOR,DNK,RENEW
168569,101585,FOR,DNK,SD
168569,124872,FOR,DNK,RENEW
168569,124875,AGAINST,DNK,ID
168569,197515,FOR,DNK,EPP
168569,197558,FOR,DNK,RENEW
168569,197567,FOR,DNK,RENEW
168569,197571,FOR,DNK,GUE_NGL
168569,197573,FOR,DNK,GREEN_EFA
168569,199941,FOR,DNK,SD
168569,239972,FOR,DNK,RENEW
168569,239973,FOR,DNK,RENEW
168573,28161,FOR,DNK,GREEN_EFA
168573,37312,FOR,DNK,SD
168573,96709,FOR,DNK,RENEW
168573,101585,FOR,DNK,SD
168573,124872,FOR,DNK,RENEW
168573,124875,ABSTENTION,DNK,ID
168573,197515,FOR,DNK,EPP
168573,197558,FOR,DNK,RENEW
168573,197567,FOR,DNK,RENEW
168573,197571,FOR,DNK,GUE_NGL
168573,197573,FOR,DNK,GREEN_EFA
168573,199941,FOR,DNK,SD
168573,239972,FOR,DNK,RENEW
168573,239973,FOR,DNK,RENEW
168580,28161,AGAINST,DNK,GREEN_EFA
168580,37312,FOR,DNK,SD
168580,96709,FOR,DNK,RENEW
168580,101585,FOR,DNK,SD
168580,124872,FOR,DNK,RENEW
168580,124875,AGAINST,DNK,ID
168580,197515,FOR,DNK,EPP
168580,197558,FOR,DNK,RENEW
168580,197567,AGAINST,DNK,RENEW
168580,197571,AGAINST,DNK,GUE_NGL
168580,197573,AGAINST,DNK,GREEN_EFA
168580,199941,FOR,DNK,SD
168580,239972,FOR,DNK,RENEW
168580,239973,FOR,DNK,RENEW
168586,28161,FOR,DNK,GREEN_EFA
168586,37312,FOR,DNK,SD
168586,96709,FOR,DNK,RENEW
168586,101585,FOR,DNK,SD
168586,124872,FOR,DNK,RENEW
168586,124875,AGAINST,DNK,ID
168586,197515,FOR,DNK,EPP
168586,197558,FOR,DNK,RENEW
168586,197567,FOR,DNK,RENEW
168586,197571,FOR,DNK,GUE_NGL
168586,197573,FOR,DNK,GREEN_EFA
168586,199941,FOR,DNK,SD
168586,239972,FOR,DNK,RENEW
168586,239973,FOR,DNK,RENEW
168589,28161,FOR,DNK,GREEN_EFA
168589,37312,FOR,DNK,SD
168589,96709,FOR,DNK,RENEW
168589,101585,FOR,DNK,SD
168589,124872,FOR,DNK,RENEW
168589,124875,AGAINST,DNK,ID
168589,197515,FOR,DNK,EPP
168589,197558,FOR,DNK,RENEW
168589,197567,FOR,DNK,RENEW
168589,197571,FOR,DNK,GUE_NGL
168589,197573,FOR,DNK,GREEN_EFA
168589,199941,FOR,DNK,SD
168589,239972,FOR,DNK,RENEW
168589,239973,FOR,DNK,RENEW
168630,28161,FOR,DNK,GREEN_EFA
168630,37312,FOR,DNK,SD
168630,96709,FOR,DNK,RENEW
168630,101585,FOR,DNK,SD
168630,124872,FOR,DNK,RENEW
168630,124875,AGAINST,DNK,ID
168630,197515,FOR,DNK,EPP
168630,197558,FOR,DNK,RENEW
168630,197567,FOR,DNK,RENEW
168630,197571,FOR,DNK,GUE_NGL
168630,197573,FOR,DNK,GREEN_EFA
168630,199941,FOR,DNK,SD
168630,239972,FOR,DNK,RENEW
168630,239973,FOR,DNK,RENEW
168631,28161,FOR,DNK,GREEN_EFA
168631,37312,FOR,DNK,SD
168631,96709,FOR,DNK,RENEW
168631,101585,FOR,DNK,SD
168631,124872,FOR,DNK,RENEW
168631,124875,AGAINST,DNK,ID
168631,197515,FOR,DNK,EPP
168631,197558,FOR,DNK,RENEW
168631,197567,FOR,DNK,RENEW
168631,197571,FOR,DNK,GUE_NGL
168631,197573,FOR,DNK,GREEN_EFA
168631,199941,FOR,DNK,SD
168631,239972,FOR,DNK,RENEW
168631,239973,FOR,DNK,RENEW
168681,28161,AGAINST,DNK,GREEN_EFA
168681,37312,AGAINST,DNK,SD
168681,96709,FOR,DNK,RENEW
168681,101585,DID_NOT_VOTE,DNK,SD
168681,124872,AGAINST,DNK,RENEW
168681,124875,FOR,DNK,ID
168681,197515,FOR,DNK,EPP
168681,197558,FOR,DNK,RENEW
168681,197567,AGAINST,DNK,RENEW
168681,197571,AGAINST,DNK,GUE_NGL
168681,197573,DID_NOT_VOTE,DNK,GREEN_EFA
168681,199941,AGAINST,DNK,SD
168681,239972,FOR,DNK,RENEW
168681,239973,DID_NOT_VOTE,DNK,RENEW
168696,28161,AGAINST,DNK,GREEN_EFA
168696,37312,AGAINST,DNK,SD
168696,96709,AGAINST,DNK,RENEW
168696,101585,AGAINST,DNK,SD
168696,124872,AGAINST,DNK,RENEW
168696,124875,FOR,DNK,ID
168696,197515,FOR,DNK,EPP
168696,197558,AGAINST,DNK,RENEW
168696,197567,AGAINST,DNK,RENEW
168696,197571,AGAINST,DNK,GUE_NGL
168696,197573,AGAINST,DNK,GREEN_EFA
168696,199941,AGAINST,DNK,SD
168696,239972,AGAINST,DNK,RENEW
168696,239973,AGAINST,DNK,RENEW
168697,28161,FOR,DNK,GREEN_EFA
168697,37312,FOR,DNK,SD
168697,96709,FOR,DNK,RENEW
168697,101585,FOR,DNK,SD
168697,124872,AGAINST,DNK,RENEW
168697,124875,AGAINST,DNK,ID
168697,197515,AGAINST,DNK,EPP
168697,197558,FOR,DNK,RENEW
168697,197567,FOR,DNK,RENEW
168697,197571,FOR,DNK,GUE_NGL
168697,197573,FOR,DNK,GREEN_EFA
168697,199941,FOR,DNK,SD
168697,239972,FOR,DNK,RENEW
168697,239973,FOR,DNK,RENEW
168724,28161,FOR,DNK,GREEN_EFA
168724,37312,FOR,DNK,SD
168724,96709,FOR,DNK,RENEW
168724,101585,FOR,DNK,SD
168724,124872,FOR,DNK,RENEW
168724,124875,ABSTENTION,DNK,ID
168724,197515,FOR,DNK,EPP
168724,197558,FOR,DNK,RENEW
168724,197567,FOR,DNK,RENEW
168724,197571,FOR,DNK,GUE_NGL
168724,197573,FOR,DNK,GREEN_EFA
168724,199941,FOR,DNK,SD
168724,239972,FOR,DNK,RENEW
168724,239973,FOR,DNK,RENEW
168778,28161,FOR,DNK,GREEN_EFA
168778,37312,FOR,DNK,SD
168778,96709,FOR,DNK,RENEW
168778,101585,FOR,DNK,SD
168778,124872,FOR,DNK,RENEW
168778,124875,AGAINST,DNK,ID
168778,197515,FOR,DNK,EPP
168778,197558,FOR,DNK,RENEW
168778,197567,FOR,DNK,RENEW
168778,197571,FOR,DNK,GUE_NGL
168778,197573,FOR,DNK,GREEN_EFA
168778,199941,FOR,DNK,SD
168778,239972,FOR,DNK,RENEW
168778,239973,FOR,DNK,RENEW
168785,28161,FOR,DNK,GREEN_EFA
168785,37312,FOR,DNK,SD
168785,96709,FOR,DNK,RENEW
168785,101585,FOR,DNK,SD
168785,124872,FOR,DNK,RENEW
168785,124875,AGAINST,DNK,ID
168785,197515,FOR,DNK,EPP
168785,197558,FOR,DNK,RENEW
168785,197567,FOR,DNK,RENEW
168785,197571,FOR,DNK,GUE_NGL
168785,197573,FOR,DNK,GREEN_EFA
168785,199941,FOR,DNK,SD
168785,239972,FOR,DNK,RENEW
168785,239973,FOR,DNK,RENEW
168799,28161,FOR,DNK,GREEN_EFA
168799,37312,FOR,DNK,SD
168799,96709,FOR,DNK,RENEW
168799,101585,FOR,DNK,SD
168799,124872,FOR,DNK,RENEW
168799,124875,AGAINST,DNK,ID
168799,197515,AGAINST,DNK,EPP
168799,197558,FOR,DNK,RENEW
168799,197567,FOR,DNK,RENEW
168799,197571,FOR,DNK,GUE_NGL
168799,197573,FOR,DNK,GREEN_EFA
168799,199941,FOR,DNK,SD
168799,239972,FOR,DNK,RENEW
168799,239973,FOR,DNK,RENEW
168833,28161,FOR,DNK,GREEN_EFA
168833,37312,FOR,DNK,SD
168833,96709,FOR,DNK,RENEW
168833,101585,DID_NOT_VOTE,DNK,SD
168833,124872,FOR,DNK,RENEW
168833,124875,AGAINST,DNK,ID
168833,197515,FOR,DNK,EPP
168833,197558,FOR,DNK,RENEW
168833,197567,FOR,DNK,RENEW
168833,197571,FOR,DNK,GUE_NGL
168833,197573,DID_NOT_VOTE,DNK,GREEN_EFA
168833,199941,FOR,DNK,SD
168833,239972,FOR,DNK,RENEW
168833,239973,DID_NOT_VOTE,DNK,RENEW
168862,28161,FOR,DNK,GREEN_EFA
168862,37312,FOR,DNK,SD
168862,96709,FOR,DNK,RENEW
168862,101585,DID_NOT_VOTE,DNK,SD
168862,124872,FOR,DNK,RENEW
168862,124875,AGAINST,DNK,ID
168862,197515,FOR,DNK,EPP
168862,197558,FOR,DNK,RENEW
168862,197567,FOR,DNK,RENEW
168862,197571,FOR,DNK,GUE_NGL
168862,197573,DID_NOT_VOTE,DNK,GREEN_EFA
168862,199941,FOR,DNK,SD
168862,239972,FOR,DNK,RENEW
168862,239973,DID_NOT_VOTE,DNK,RENEW
168863,28161,FOR,DNK,GREEN_EFA
168863,37312,FOR,DNK,SD
168863,96709,FOR,DNK,RENEW
168863,101585,FOR,DNK,SD
168863,124872,FOR,DNK,RENEW
168863,124875,FOR,DNK,ID
168863,197515,AGAINST,DNK,EPP
168863,197558,FOR,DNK,RENEW
168863,197567,FOR,DNK,RENEW
168863,197571,FOR,DNK,GUE_NGL
168863,197573,FOR,DNK,GREEN_EFA
168863,199941,FOR,DNK,SD
168863,239972,FOR,DNK,RENEW
168863,239973,FOR,DNK,RENEW
168984,28161,FOR,DNK,GREEN_EFA
168984,37312,FOR,DNK,SD
168984,96709,FOR,DNK,RENEW
168984,101585,DID_NOT_VOTE,DNK,SD
168984,124872,FOR,DNK,RENEW
168984,124875,AGAINST,DNK,ID
168984,197515,AGAINST,DNK,EPP
168984,197558,FOR,DNK,RENEW
168984,197567,FOR,DNK,RENEW
168984,197571,FOR,DNK,GUE_NGL
168984,197573,DID_NOT_VOTE,DNK,GREEN_EFA
168984,199941,FOR,DNK,SD
168984,239972,FOR,DNK,RENEW
168984,239973,DID_NOT_VOTE,DNK,RENEW
168997,28161,FOR,DNK,GREEN_EFA
168997,37312,FOR,DNK,SD
168997,96709,FOR,DNK,RENEW
168997,101585,DID_NOT_VOTE,DNK,SD
168997,124872,FOR,DNK,RENEW
168997,124875,FOR,DNK,ID
168997,197515,FOR,DNK,EPP
168997,197558,FOR,DNK,RENEW
168997,197567,FOR,DNK,RENEW
168997,197571,FOR,DNK,GUE_NGL
168997,197573,DID_NOT_VOTE,DNK,GREEN_EFA
168997,199941,FOR,DNK,SD
168997,239972,FOR,DNK,RENEW
168997,239973,DID_NOT_VOTE,DNK,RENEW
169085,28161,AGAINST,DNK,GREEN_EFA
169085,37312,ABSTENTION,DNK,SD
169085,96709,FOR,DNK,RENEW
169085,101585,DID_NOT_VOTE,DNK,SD
169085,124872,FOR,DNK,RENEW
169085,124875,AGAINST,DNK,ID
169085,197515,FOR,DNK,EPP
169085,197558,FOR,DNK,RENEW
169085,197567,FOR,DNK,RENEW
169085,197571,AGAINST,DNK,GUE_NGL
169085,197573,DID_NOT_VOTE,DNK,GREEN_EFA
169085,199941,ABSTENTION,DNK,SD
169085,239972,FOR,DNK,RENEW
169085,239973,DID_NOT_VOTE,DNK,RENEW
169153,28161,FOR,DNK,GREEN_EFA
169153,37312,FOR,DNK,SD
169153,96709,FOR,DNK,RENEW
169153,101585,DID_NOT_VOTE,DNK,SD
169153,124872,DID_NOT_VOTE,DNK,RENEW
169153,124875,FOR,DNK,ID
169153,197515,FOR,DNK,EPP
169153,197558,FOR,DNK,RENEW
169153,197567,FOR,DNK,RENEW
169153,197571,FOR,DNK,GUE_NGL
169153,197573,DID_NOT_VOTE,DNK,GREEN_EFA
169153,199941,FOR,DNK,SD
169153,239972,FOR,DNK,RENEW
169153,239973,DID_NOT_VOTE,DNK,RENEW
169157,28161,FOR,DNK,GREEN_EFA
169157,37312,FOR,DNK,SD
169157,96709,FOR,DNK,RENEW
169157,101585,DID_NOT_VOTE,DNK,SD
169157,124872,FOR,DNK,RENEW
169157,124875,ABSTENTION,DNK,ID
169157,197515,AGAINST,DNK,EPP
169157,197558,FOR,DNK,RENEW
169157,197567,FOR,DNK,RENEW
169157,197571,FOR,DNK,GUE_NGL
169157,197573,DID_NOT_VOTE,DNK,GREEN_EFA
169157,199941,FOR,DNK,SD
169157,239972,FOR,DNK,RENEW
169157,239973,DID_NOT_VOTE,DNK,RENEW
169182,28161,AGAINST,DNK,GREEN_EFA
169182,37312,DID_NOT_VOTE,DNK,SD
169182,96709,FOR,DNK,RENEW
169182,101585,DID_NOT_VOTE,DNK,SD
169182,124872,DID_NOT_VOTE,DNK,RENEW
169182,124875,DID_NOT_VOTE,DNK,ID
169182,197515,DID_NOT_VOTE,DNK,EPP
169182,197558,DID_NOT_VOTE,DNK,RENEW
169182,197567,FOR,DNK,RENEW
169182,197571,FOR,DNK,GUE_NGL
169182,197573,DID_NOT_VOTE,DNK,GREEN_EFA
169182,199941,DID_NOT_VOTE,DNK,SD
169182,239972,FOR,DNK,RENEW
169182,239973,DID_NOT_VOTE,DNK,RENEW
169187,28161,FOR,DNK,GREEN_EFA
169187,37312,DID_NOT_VOTE,DNK,SD
169187,96709,FOR,DNK,RENEW
169187,101585,DID_NOT_VOTE,DNK,SD
169187,124872,DID_NOT_VOTE,DNK,RENEW
169187,124875,DID_NOT_VOTE,DNK,ID
169187,197515,FOR,DNK,EPP
169187,197558,DID_NOT_VOTE,DNK,RENEW
169187,197567,FOR,DNK,RENEW
169187,197571,FOR,DNK,GUE_NGL
169187,197573,DID_NOT_VOTE,DNK,GREEN_EFA
169187,199941,DID_NOT_VOTE,DNK,SD
169187,239972,FOR,DNK,RENEW
169187,239973,DID_NOT_VOTE,DNK,RENEW
169197,28161,FOR,DNK,GREEN_EFA
169197,37312,FOR,DNK,SD
169197,96709,FOR,DNK,RENEW
169197,101585,DID_NOT_VOTE,DNK,SD
169197,124872,FOR,DNK,RENEW
169197,124875,FOR,DNK,ID
169197,197515,FOR,DNK,EPP
169197,197558,FOR,DNK,RENEW
169197,197567,FOR,DNK,RENEW
169197,197571,FOR,DNK,GUE_NGL
169197,197573,DID_NOT_VOTE,DNK,GREEN_EFA
169197,199941,FOR,DNK,SD
169197,239972,FOR,DNK,RENEW
169197,239973,DID_NOT_VOTE,DNK,RENEW
169252,28161,FOR,DNK,GREEN_EFA
169252,37312,DID_NOT_VOTE,DNK,SD
169252,96709,FOR,DNK,RENEW
169252,101585,DID_NOT_VOTE,DNK,SD
169252,124872,DID_NOT_VOTE,DNK,RENEW
169252,124875,DID_NOT_VOTE,DNK,ID
169252,197515,FOR,DNK,EPP
169252,197558,DID_NOT_VOTE,DNK,RENEW
169252,197567,FOR,DNK,RENEW
169252,197571,FOR,DNK,GUE_NGL
169252,197573,DID_NOT_VOTE,DNK,GREEN_EFA
169252,199941,DID_NOT_VOTE,DNK,SD
169252,239972,FOR,DNK,RENEW
169252,239973,DID_NOT_VOTE,DNK,RENEW
